parent_name,aliases,hq_country,frame_source,mnc_basis,global_tier,global_tier_basis,size_segment,listed_in_midsize_source,status,verified_entities
NVIDIA,NVIDIA,United States,companiesmarketcap.com ranks 1-1000 by market cap (fetched 2026-09-28),,y,Proxy: market-cap top 1500 (Forbes list not available),large,,qualified,2
Apple,Apple South Asia;Apple Singapore;Apple Asia;=Apple,United States,companiesmarketcap.com ranks 1-1000 by market cap (fetched 2026-09-28),,y,Proxy: market-cap top 1500 (Forbes list not available),large,,qualified,2
Alphabet,Alphabet;Google;YouTube;DeepMind,United States,companiesmarketcap.com ranks 1-1000 by market cap (fetched 2026-09-28),,y,Proxy: market-cap top 1500 (Forbes list not available),large,,qualified,18
Microsoft,Microsoft;LinkedIn;GitHub,United States,companiesmarketcap.com ranks 1-1000 by market cap (fetched 2026-09-28),,y,Proxy: market-cap top 1500 (Forbes list not available),large,,qualified,5
Amazon,=Amazon;Amazon Web Services;Twitch,United States,companiesmarketcap.com ranks 1-1000 by market cap (fetched 2026-09-28),,y,Proxy: market-cap top 1500 (Forbes list not available),large,,qualified,5
TSMC,TSMC;Taiwan Semiconductor,Taiwan,companiesmarketcap.com ranks 1-1000 by market cap (fetched 2026-09-28),,y,Proxy: market-cap top 1500 (Forbes list not available),large,,qualified,1
SpaceX,=SpaceX,United States,companiesmarketcap.com ranks 1-1000 by market cap (fetched 2026-09-28),,y,Proxy: market-cap top 1500 (Forbes list not available),large,,qualified,1
Meta Platforms,Meta Platforms;Facebook;WhatsApp;Instagram,United States,companiesmarketcap.com ranks 1-1000 by market cap (fetched 2026-09-28),,y,Proxy: market-cap top 1500 (Forbes list not available),large,,qualified,1
Broadcom,Broadcom;VMware,United States,companiesmarketcap.com ranks 1-1000 by market cap (fetched 2026-09-28),,y,Proxy: market-cap top 1500 (Forbes list not available),large,,qualified,1
Saudi Aramco,Saudi Aramco,Saudi Arabia,companiesmarketcap.com ranks 1-1000 by market cap (fetched 2026-09-28),,y,Proxy: market-cap top 1500 (Forbes list not available),large,,not found in ACRA,0
Tesla,=Tesla,United States,companiesmarketcap.com ranks 1-1000 by market cap (fetched 2026-09-28),,y,Proxy: market-cap top 1500 (Forbes list not available),large,,qualified,1
Samsung,Samsung Electronics;Samsung Asia;Samsung C&T;Samsung SDS;Samsung Engineering,South Korea,companiesmarketcap.com ranks 1-1000 by market cap (fetched 2026-09-28),,y,Proxy: market-cap top 1500 (Forbes list not available),large,,qualified,5
Micron Technology,Micron Technology;Micron,United States,companiesmarketcap.com ranks 1-1000 by market cap (fetched 2026-09-28),,y,Proxy: market-cap top 1500 (Forbes list not available),large,,qualified,8
Berkshire Hathaway,Berkshire Hathaway,United States,companiesmarketcap.com ranks 1-1000 by market cap (fetched 2026-09-28),,y,Proxy: market-cap top 1500 (Forbes list not available),large,,qualified,1
Eli Lilly,Eli Lilly,United States,companiesmarketcap.com ranks 1-1000 by market cap (fetched 2026-09-28),,y,Proxy: market-cap top 1500 (Forbes list not available),large,,qualified,1
AMD,AMD;Advanced Micro Devices,United States,companiesmarketcap.com ranks 1-1000 by market cap (fetched 2026-09-28),,y,Proxy: market-cap top 1500 (Forbes list not available),large,,qualified,6
SK Hynix,SK Hynix,South Korea,companiesmarketcap.com ranks 1-1000 by market cap (fetched 2026-09-28),,y,Proxy: market-cap top 1500 (Forbes list not available),large,,qualified,2
JPMorgan Chase,JPMorgan Chase;JPMorgan;J.P. Morgan;JP Morgan Chase,United States,companiesmarketcap.com ranks 1-1000 by market cap (fetched 2026-09-28),,y,Proxy: market-cap top 1500 (Forbes list not available),large,,qualified,8
Walmart,=Walmart,United States,companiesmarketcap.com ranks 1-1000 by market cap (fetched 2026-09-28),,y,Proxy: market-cap top 1500 (Forbes list not available),large,,review matches only,0
Visa,Visa Worldwide;Visa International,United States,companiesmarketcap.com ranks 1-1000 by market cap (fetched 2026-09-28),,y,Proxy: market-cap top 1500 (Forbes list not available),large,,qualified,3
ASML,ASML,Netherlands,companiesmarketcap.com ranks 1-1000 by market cap (fetched 2026-09-28),,y,Proxy: market-cap top 1500 (Forbes list not available),large,,qualified,1
Exxon Mobil,Exxon Mobil;ExxonMobil;Esso,United States,companiesmarketcap.com ranks 1-1000 by market cap (fetched 2026-09-28),,y,Proxy: market-cap top 1500 (Forbes list not available),large,,qualified,12
Johnson & Johnson,Johnson & Johnson;Janssen,United States,companiesmarketcap.com ranks 1-1000 by market cap (fetched 2026-09-28),,y,Proxy: market-cap top 1500 (Forbes list not available),large,,qualified,2
Intel,=Intel,United States,companiesmarketcap.com ranks 1-1000 by market cap (fetched 2026-09-28),,y,Proxy: market-cap top 1500 (Forbes list not available),large,,qualified,1
CXMT,=CXMT,China,companiesmarketcap.com ranks 1-1000 by market cap (fetched 2026-09-28),,y,Proxy: market-cap top 1500 (Forbes list not available),large,,not found in ACRA,0
Tencent,Tencent;WeChat,China,companiesmarketcap.com ranks 1-1000 by market cap (fetched 2026-09-28),,y,Proxy: market-cap top 1500 (Forbes list not available),large,,qualified,10
Mastercard,Mastercard,United States,companiesmarketcap.com ranks 1-1000 by market cap (fetched 2026-09-28),,y,Proxy: market-cap top 1500 (Forbes list not available),large,,qualified,7
AbbVie,AbbVie,United States,companiesmarketcap.com ranks 1-1000 by market cap (fetched 2026-09-28),,y,Proxy: market-cap top 1500 (Forbes list not available),large,,qualified,2
Palantir,=Palantir,United States,companiesmarketcap.com ranks 1-1000 by market cap (fetched 2026-09-28),,y,Proxy: market-cap top 1500 (Forbes list not available),large,,qualified,1
China Construction Bank,China Construction Bank;CCB,China,companiesmarketcap.com ranks 1-1000 by market cap (fetched 2026-09-28),,y,Proxy: market-cap top 1500 (Forbes list not available),large,,qualified,3
Cisco,Cisco;Splunk,United States,companiesmarketcap.com ranks 1-1000 by market cap (fetched 2026-09-28),,y,Proxy: market-cap top 1500 (Forbes list not available),large,,qualified,5
Oracle,=Oracle,United States,companiesmarketcap.com ranks 1-1000 by market cap (fetched 2026-09-28),,y,Proxy: market-cap top 1500 (Forbes list not available),large,,qualified,7
Costco,=Costco,United States,companiesmarketcap.com ranks 1-1000 by market cap (fetched 2026-09-28),,y,Proxy: market-cap top 1500 (Forbes list not available),large,,qualified,1
Chevron,Chevron,United States,companiesmarketcap.com ranks 1-1000 by market cap (fetched 2026-09-28),,y,Proxy: market-cap top 1500 (Forbes list not available),large,,qualified,22
Bank of America,Bank of America;BofA Securities;Merrill Lynch,United States,companiesmarketcap.com ranks 1-1000 by market cap (fetched 2026-09-28),,y,Proxy: market-cap top 1500 (Forbes list not available),large,,qualified,4
Lam Research,Lam Research,United States,companiesmarketcap.com ranks 1-1000 by market cap (fetched 2026-09-28),,y,Proxy: market-cap top 1500 (Forbes list not available),large,,qualified,1
Applied Materials,Applied Materials,United States,companiesmarketcap.com ranks 1-1000 by market cap (fetched 2026-09-28),,y,Proxy: market-cap top 1500 (Forbes list not available),large,,qualified,3
Coca-Cola,Coca-Cola,United States,companiesmarketcap.com ranks 1-1000 by market cap (fetched 2026-09-28),,y,Proxy: market-cap top 1500 (Forbes list not available),large,,qualified,6
Caterpillar,Caterpillar,United States,companiesmarketcap.com ranks 1-1000 by market cap (fetched 2026-09-28),,y,Proxy: market-cap top 1500 (Forbes list not available),large,,qualified,9
Merck,MSD;Merck Sharp & Dohme;MSD International,United States,companiesmarketcap.com ranks 1-1000 by market cap (fetched 2026-09-28),,y,Proxy: market-cap top 1500 (Forbes list not available),large,,qualified,6
Roche,Roche,Switzerland,companiesmarketcap.com ranks 1-1000 by market cap (fetched 2026-09-28),,y,Proxy: market-cap top 1500 (Forbes list not available),large,,qualified,5
Agricultural Bank of China,Agricultural Bank of China,China,companiesmarketcap.com ranks 1-1000 by market cap (fetched 2026-09-28),,y,Proxy: market-cap top 1500 (Forbes list not available),large,,qualified,1
Dell,=Dell,United States,companiesmarketcap.com ranks 1-1000 by market cap (fetched 2026-09-28),,y,Proxy: market-cap top 1500 (Forbes list not available),large,,qualified,2
ICBC,ICBC;Industrial and Commercial Bank of China,China,companiesmarketcap.com ranks 1-1000 by market cap (fetched 2026-09-28),,y,Proxy: market-cap top 1500 (Forbes list not available),large,,qualified,3
HSBC,HSBC;Hongkong and Shanghai Banking,United Kingdom,companiesmarketcap.com ranks 1-1000 by market cap (fetched 2026-09-28),,y,Proxy: market-cap top 1500 (Forbes list not available),large,,qualified,11
Procter & Gamble,Procter & Gamble;P&G,United States,companiesmarketcap.com ranks 1-1000 by market cap (fetched 2026-09-28),,y,Proxy: market-cap top 1500 (Forbes list not available),large,,qualified,11
General Electric,GE Aerospace;General Electric,United States,companiesmarketcap.com ranks 1-1000 by market cap (fetched 2026-09-28),,y,Proxy: market-cap top 1500 (Forbes list not available),large,,qualified,1
UnitedHealth,=UnitedHealth,United States,companiesmarketcap.com ranks 1-1000 by market cap (fetched 2026-09-28),,y,Proxy: market-cap top 1500 (Forbes list not available),large,,not found in ACRA,0
Arm Holdings,=Arm,United Kingdom,companiesmarketcap.com ranks 1-1000 by market cap (fetched 2026-09-28),,y,Proxy: market-cap top 1500 (Forbes list not available),large,,review matches only,0
Bank of China,Bank of China Limited;Bank of China Singapore;BOC Aviation,China,companiesmarketcap.com ranks 1-1000 by market cap (fetched 2026-09-28),,y,Proxy: market-cap top 1500 (Forbes list not available),large,,qualified,3
Morgan Stanley,Morgan Stanley,United States,companiesmarketcap.com ranks 1-1000 by market cap (fetched 2026-09-28),,y,Proxy: market-cap top 1500 (Forbes list not available),large,,qualified,7
Palo Alto Networks,Palo Alto Networks,United States,companiesmarketcap.com ranks 1-1000 by market cap (fetched 2026-09-28),,y,Proxy: market-cap top 1500 (Forbes list not available),large,,qualified,3
Philip Morris International,Philip Morris,United States,companiesmarketcap.com ranks 1-1000 by market cap (fetched 2026-09-28),,y,Proxy: market-cap top 1500 (Forbes list not available),large,,qualified,1
Netflix,Netflix,United States,companiesmarketcap.com ranks 1-1000 by market cap (fetched 2026-09-28),,y,Proxy: market-cap top 1500 (Forbes list not available),large,,qualified,2
Home Depot,Home Depot,United States,companiesmarketcap.com ranks 1-1000 by market cap (fetched 2026-09-28),,y,Proxy: market-cap top 1500 (Forbes list not available),large,,not found in ACRA,0
Royal Bank Of Canada,Royal Bank Of Canada;RBC,Canada,companiesmarketcap.com ranks 1-1000 by market cap (fetched 2026-09-28),,y,Proxy: market-cap top 1500 (Forbes list not available),large,,qualified,2
Novartis,Novartis;=Sandoz,Switzerland,companiesmarketcap.com ranks 1-1000 by market cap (fetched 2026-09-28),,y,Proxy: market-cap top 1500 (Forbes list not available),large,,qualified,3
Shell,Shell Eastern;Shell Singapore;Shell Energy;Shell International;Shell Chemicals,United Kingdom,companiesmarketcap.com ranks 1-1000 by market cap (fetched 2026-09-28),,y,Proxy: market-cap top 1500 (Forbes list not available),large,,qualified,5
Alibaba,Alibaba;Lazada;Alibaba Cloud;AliExpress,China,companiesmarketcap.com ranks 1-1000 by market cap (fetched 2026-09-28),,y,Proxy: market-cap top 1500 (Forbes list not available),large,,qualified,21
Goldman Sachs,Goldman Sachs,United States,companiesmarketcap.com ranks 1-1000 by market cap (fetched 2026-09-28),,y,Proxy: market-cap top 1500 (Forbes list not available),large,,qualified,16
MediaTek,=MediaTek,Taiwan,companiesmarketcap.com ranks 1-1000 by market cap (fetched 2026-09-28),,y,Proxy: market-cap top 1500 (Forbes list not available),large,,qualified,2
Mitsubishi UFJ Financial,MUFG;Mitsubishi UFJ,Japan,companiesmarketcap.com ranks 1-1000 by market cap (fetched 2026-09-28),,y,Proxy: market-cap top 1500 (Forbes list not available),large,,qualified,5
Arista Networks,Arista Networks,United States,companiesmarketcap.com ranks 1-1000 by market cap (fetched 2026-09-28),,y,Proxy: market-cap top 1500 (Forbes list not available),large,,qualified,1
Sandisk,=Sandisk,United States,companiesmarketcap.com ranks 1-1000 by market cap (fetched 2026-09-28),,y,Proxy: market-cap top 1500 (Forbes list not available),large,,review matches only,0
AstraZeneca,AstraZeneca,United Kingdom,companiesmarketcap.com ranks 1-1000 by market cap (fetched 2026-09-28),,y,Proxy: market-cap top 1500 (Forbes list not available),large,,qualified,2
CrowdStrike,CrowdStrike,United States,companiesmarketcap.com ranks 1-1000 by market cap (fetched 2026-09-28),,y,Proxy: market-cap top 1500 (Forbes list not available),large,,qualified,1
RTX,=RTX,United States,companiesmarketcap.com ranks 1-1000 by market cap (fetched 2026-09-28),,y,Proxy: market-cap top 1500 (Forbes list not available),large,,review matches only,0
GE Vernova,GE Vernova,United States,companiesmarketcap.com ranks 1-1000 by market cap (fetched 2026-09-28),,y,Proxy: market-cap top 1500 (Forbes list not available),large,,qualified,5
Texas Instruments,Texas Instruments,United States,companiesmarketcap.com ranks 1-1000 by market cap (fetched 2026-09-28),,y,Proxy: market-cap top 1500 (Forbes list not available),large,,qualified,2
Wells Fargo,Wells Fargo,United States,companiesmarketcap.com ranks 1-1000 by market cap (fetched 2026-09-28),,y,Proxy: market-cap top 1500 (Forbes list not available),large,,qualified,3
Thermo Fisher Scientific,Thermo Fisher Scientific;Thermo Fisher,United States,companiesmarketcap.com ranks 1-1000 by market cap (fetched 2026-09-28),,y,Proxy: market-cap top 1500 (Forbes list not available),large,,qualified,2
Siemens,Siemens Pte;Siemens Industry;Siemens Mobility;Siemens Singapore,Germany,companiesmarketcap.com ranks 1-1000 by market cap (fetched 2026-09-28),,y,Proxy: market-cap top 1500 (Forbes list not available),large,,qualified,5
KLA,=KLA;KLA Corporation;KLA-Tencor,United States,companiesmarketcap.com ranks 1-1000 by market cap (fetched 2026-09-28),,y,Proxy: market-cap top 1500 (Forbes list not available),large,,qualified,3
SAP,=SAP;SAP Asia;SAP Singapore;SAP Concur;=Concur,Germany,companiesmarketcap.com ranks 1-1000 by market cap (fetched 2026-09-28),,y,Proxy: market-cap top 1500 (Forbes list not available),large,,qualified,6
Nestlé,Nestle,Switzerland,companiesmarketcap.com ranks 1-1000 by market cap (fetched 2026-09-28),,y,Proxy: market-cap top 1500 (Forbes list not available),large,,qualified,3
L'Oréal,L'Oreal,France,companiesmarketcap.com ranks 1-1000 by market cap (fetched 2026-09-28),,y,Proxy: market-cap top 1500 (Forbes list not available),large,,qualified,2
Marvell Technology,Marvell Technology,United States,companiesmarketcap.com ranks 1-1000 by market cap (fetched 2026-09-28),,y,Proxy: market-cap top 1500 (Forbes list not available),large,,not found in ACRA,0
Kweichow Moutai,Kweichow Moutai,China,companiesmarketcap.com ranks 1-1000 by market cap (fetched 2026-09-28),,y,Proxy: market-cap top 1500 (Forbes list not available),large,,qualified,1
PetroChina,=PetroChina,China,companiesmarketcap.com ranks 1-1000 by market cap (fetched 2026-09-28),,y,Proxy: market-cap top 1500 (Forbes list not available),large,,qualified,1
SoftBank Group Corp.,=SoftBank,Japan,companiesmarketcap.com ranks 1-1000 by market cap (fetched 2026-09-28),,y,Proxy: market-cap top 1500 (Forbes list not available),large,,review matches only,0
Toyota,=Toyota;Toyota Motor;Toyota Motor Asia;Lexus;Toyota Material Handling,Japan,companiesmarketcap.com ranks 1-1000 by market cap (fetched 2026-09-28),,y,Proxy: market-cap top 1500 (Forbes list not available),large,,qualified,12
Citigroup,Citigroup;Citibank;Citicorp,United States,companiesmarketcap.com ranks 1-1000 by market cap (fetched 2026-09-28),,y,Proxy: market-cap top 1500 (Forbes list not available),large,,qualified,10
Amgen,Amgen,United States,companiesmarketcap.com ranks 1-1000 by market cap (fetched 2026-09-28),,y,Proxy: market-cap top 1500 (Forbes list not available),large,,qualified,5
LVMH,LVMH;Louis Vuitton;Sephora;Moet Hennessy;DFS Venture,France,companiesmarketcap.com ranks 1-1000 by market cap (fetched 2026-09-28),,y,Proxy: market-cap top 1500 (Forbes list not available),large,,qualified,12
International Holding Company,International Holding Company,UAE,companiesmarketcap.com ranks 1-1000 by market cap (fetched 2026-09-28),,y,Proxy: market-cap top 1500 (Forbes list not available),large,,review matches only,0
China Mobile,China Mobile,China,companiesmarketcap.com ranks 1-1000 by market cap (fetched 2026-09-28),,y,Proxy: market-cap top 1500 (Forbes list not available),large,,qualified,2
Linde,=Linde,United Kingdom,companiesmarketcap.com ranks 1-1000 by market cap (fetched 2026-09-28),,y,Proxy: market-cap top 1500 (Forbes list not available),large,,qualified,1
BHP Group,BHP,Australia,companiesmarketcap.com ranks 1-1000 by market cap (fetched 2026-09-28),,y,Proxy: market-cap top 1500 (Forbes list not available),large,,qualified,1
QUALCOMM,QUALCOMM,United States,companiesmarketcap.com ranks 1-1000 by market cap (fetched 2026-09-28),,y,Proxy: market-cap top 1500 (Forbes list not available),large,,qualified,4
IBM,IBM;International Business Machines;Red Hat,United States,companiesmarketcap.com ranks 1-1000 by market cap (fetched 2026-09-28),,y,Proxy: market-cap top 1500 (Forbes list not available),large,,qualified,6
Santander,Santander;Banco Santander,Spain,companiesmarketcap.com ranks 1-1000 by market cap (fetched 2026-09-28),,y,Proxy: market-cap top 1500 (Forbes list not available),large,,qualified,1
American Express,American Express,United States,companiesmarketcap.com ranks 1-1000 by market cap (fetched 2026-09-28),,y,Proxy: market-cap top 1500 (Forbes list not available),large,,qualified,2
Seagate Technology,Seagate Technology,Ireland,companiesmarketcap.com ranks 1-1000 by market cap (fetched 2026-09-28),,y,Proxy: market-cap top 1500 (Forbes list not available),large,,qualified,1
Amphenol,=Amphenol,United States,companiesmarketcap.com ranks 1-1000 by market cap (fetched 2026-09-28),,y,Proxy: market-cap top 1500 (Forbes list not available),large,,qualified,2
CATL,=CATL,China,companiesmarketcap.com ranks 1-1000 by market cap (fetched 2026-09-28),,y,Proxy: market-cap top 1500 (Forbes list not available),large,,qualified,1
TotalEnergies,TotalEnergies,France,companiesmarketcap.com ranks 1-1000 by market cap (fetched 2026-09-28),,y,Proxy: market-cap top 1500 (Forbes list not available),large,,qualified,25
Toronto Dominion Bank,Toronto Dominion Bank;Toronto-Dominion;TD Securities,Canada,companiesmarketcap.com ranks 1-1000 by market cap (fetched 2026-09-28),,y,Proxy: market-cap top 1500 (Forbes list not available),large,,qualified,3
Verizon,=Verizon,United States,companiesmarketcap.com ranks 1-1000 by market cap (fetched 2026-09-28),,y,Proxy: market-cap top 1500 (Forbes list not available),large,,qualified,2
Salesforce,Salesforce;Slack Technologies;Tableau;MuleSoft,United States,companiesmarketcap.com ranks 1-1000 by market cap (fetched 2026-09-28),,y,Proxy: market-cap top 1500 (Forbes list not available),large,,qualified,1
Analog Devices,Analog Devices,United States,companiesmarketcap.com ranks 1-1000 by market cap (fetched 2026-09-28),,y,Proxy: market-cap top 1500 (Forbes list not available),large,,qualified,1
Inditex,Inditex;=Zara,Spain,companiesmarketcap.com ranks 1-1000 by market cap (fetched 2026-09-28),,y,Proxy: market-cap top 1500 (Forbes list not available),large,,qualified,1
Gilead Sciences,Gilead Sciences,United States,companiesmarketcap.com ranks 1-1000 by market cap (fetched 2026-09-28),,y,Proxy: market-cap top 1500 (Forbes list not available),large,,qualified,1
Schneider Electric,Schneider Electric,France,companiesmarketcap.com ranks 1-1000 by market cap (fetched 2026-09-28),,y,Proxy: market-cap top 1500 (Forbes list not available),large,,qualified,9
Deere & Company,John Deere;Deere,United States,companiesmarketcap.com ranks 1-1000 by market cap (fetched 2026-09-28),,y,Proxy: market-cap top 1500 (Forbes list not available),large,,qualified,2
Shopify,=Shopify,Canada,companiesmarketcap.com ranks 1-1000 by market cap (fetched 2026-09-28),,y,Proxy: market-cap top 1500 (Forbes list not available),large,,qualified,1
Walt Disney,Walt Disney;Disney,United States,companiesmarketcap.com ranks 1-1000 by market cap (fetched 2026-09-28),,y,Proxy: market-cap top 1500 (Forbes list not available),large,,qualified,4
Allianz SE,Allianz;PIMCO,Germany,companiesmarketcap.com ranks 1-1000 by market cap (fetched 2026-09-28),,y,Proxy: market-cap top 1500 (Forbes list not available),large,,qualified,27
KIOXIA Holdings Corporation,=KIOXIA,Japan,companiesmarketcap.com ranks 1-1000 by market cap (fetched 2026-09-28),,y,Proxy: market-cap top 1500 (Forbes list not available),large,,qualified,1
Prosus,=Prosus,Netherlands,companiesmarketcap.com ranks 1-1000 by market cap (fetched 2026-09-28),,y,Proxy: market-cap top 1500 (Forbes list not available),large,,not found in ACRA,0
Commonwealth Bank,Commonwealth Bank;Commonwealth Bank of Australia,Australia,companiesmarketcap.com ranks 1-1000 by market cap (fetched 2026-09-28),,y,Proxy: market-cap top 1500 (Forbes list not available),large,,qualified,1
T-Mobile US,T-Mobile US,United States,companiesmarketcap.com ranks 1-1000 by market cap (fetched 2026-09-28),,y,Proxy: market-cap top 1500 (Forbes list not available),large,,not found in ACRA,0
BlackRock,BlackRock,United States,companiesmarketcap.com ranks 1-1000 by market cap (fetched 2026-09-28),,y,Proxy: market-cap top 1500 (Forbes list not available),large,,qualified,10
Pepsico,Pepsico;Pepsi-Cola,United States,companiesmarketcap.com ranks 1-1000 by market cap (fetched 2026-09-28),,y,Proxy: market-cap top 1500 (Forbes list not available),large,,qualified,4
Abbott Laboratories,Abbott Laboratories;Abbott,United States,companiesmarketcap.com ranks 1-1000 by market cap (fetched 2026-09-28),,y,Proxy: market-cap top 1500 (Forbes list not available),large,,qualified,9
ABB,ABB,Switzerland,companiesmarketcap.com ranks 1-1000 by market cap (fetched 2026-09-28),,y,Proxy: market-cap top 1500 (Forbes list not available),large,,qualified,1
DBS Group,DBS Bank;DBS Group;DBS Vickers;DBS Asia,Singapore,companiesmarketcap.com ranks 1-1000 by market cap (fetched 2026-09-28),Singapore-HQ group with operations outside Singapore (curated; verify),y,Proxy: market-cap top 1500 (Forbes list not available),large,,qualified,5
AT&T,=AT&T,United States,companiesmarketcap.com ranks 1-1000 by market cap (fetched 2026-09-28),,y,Proxy: market-cap top 1500 (Forbes list not available),large,,review matches only,0
Airbus,Airbus,Netherlands,companiesmarketcap.com ranks 1-1000 by market cap (fetched 2026-09-28),,y,Proxy: market-cap top 1500 (Forbes list not available),large,,qualified,3
Reliance Industries,Reliance Industries,India,companiesmarketcap.com ranks 1-1000 by market cap (fetched 2026-09-28),,y,Proxy: market-cap top 1500 (Forbes list not available),large,,not found in ACRA,0
Foxconn Industrial Internet,Foxconn Industrial Internet,China,companiesmarketcap.com ranks 1-1000 by market cap (fetched 2026-09-28),,y,Proxy: market-cap top 1500 (Forbes list not available),large,,not found in ACRA,0
Southern Copper,Southern Copper,United States,companiesmarketcap.com ranks 1-1000 by market cap (fetched 2026-09-28),,y,Proxy: market-cap top 1500 (Forbes list not available),large,,not found in ACRA,0
Novo Nordisk,Novo Nordisk,Denmark,companiesmarketcap.com ranks 1-1000 by market cap (fetched 2026-09-28),,y,Proxy: market-cap top 1500 (Forbes list not available),large,,qualified,2
Charles Schwab,Charles Schwab,United States,companiesmarketcap.com ranks 1-1000 by market cap (fetched 2026-09-28),,y,Proxy: market-cap top 1500 (Forbes list not available),large,,qualified,1
Eaton,=Eaton,Ireland,companiesmarketcap.com ranks 1-1000 by market cap (fetched 2026-09-28),,y,Proxy: market-cap top 1500 (Forbes list not available),large,,qualified,2
Sumitomo Mitsui Financial Group,SMBC;Sumitomo Mitsui Banking;Sumitomo Mitsui Finance,Japan,companiesmarketcap.com ranks 1-1000 by market cap (fetched 2026-09-28),,y,Proxy: market-cap top 1500 (Forbes list not available),large,,qualified,5
McDonald,=McDonald;McDonald's;McDonalds,United States,companiesmarketcap.com ranks 1-1000 by market cap (fetched 2026-09-28),,y,Proxy: market-cap top 1500 (Forbes list not available),large,,review matches only,0
Welltower,=Welltower,United States,companiesmarketcap.com ranks 1-1000 by market cap (fetched 2026-09-28),,y,Proxy: market-cap top 1500 (Forbes list not available),large,,not found in ACRA,0
Western Digital,Western Digital,United States,companiesmarketcap.com ranks 1-1000 by market cap (fetched 2026-09-28),,y,Proxy: market-cap top 1500 (Forbes list not available),large,,qualified,1
Tokyo Electron,Tokyo Electron,Japan,companiesmarketcap.com ranks 1-1000 by market cap (fetched 2026-09-28),,y,Proxy: market-cap top 1500 (Forbes list not available),large,,qualified,2
CM Bank,China Merchants Bank,China,companiesmarketcap.com ranks 1-1000 by market cap (fetched 2026-09-28),,y,Proxy: market-cap top 1500 (Forbes list not available),large,,qualified,1
Pfizer,Pfizer,United States,companiesmarketcap.com ranks 1-1000 by market cap (fetched 2026-09-28),,y,Proxy: market-cap top 1500 (Forbes list not available),large,,qualified,11
Union Pacific Corporation,Union Pacific,United States,companiesmarketcap.com ranks 1-1000 by market cap (fetched 2026-09-28),,y,Proxy: market-cap top 1500 (Forbes list not available),large,,qualified,1
Rolls-Royce Holdings,Rolls-Royce,United Kingdom,companiesmarketcap.com ranks 1-1000 by market cap (fetched 2026-09-28),,y,Proxy: market-cap top 1500 (Forbes list not available),large,,qualified,3
Hermès,=Hermes,France,companiesmarketcap.com ranks 1-1000 by market cap (fetched 2026-09-28),,y,Proxy: market-cap top 1500 (Forbes list not available),large,,qualified,10
Banco Bilbao Vizcaya Argentaria,Banco Bilbao Vizcaya Argentaria;BBVA;Banco Bilbao Vizcaya,Spain,companiesmarketcap.com ranks 1-1000 by market cap (fetched 2026-09-28),,y,Proxy: market-cap top 1500 (Forbes list not available),large,,qualified,1
Safran,=Safran,France,companiesmarketcap.com ranks 1-1000 by market cap (fetched 2026-09-28),,y,Proxy: market-cap top 1500 (Forbes list not available),large,,qualified,1
Nextera Energy,Nextera Energy,United States,companiesmarketcap.com ranks 1-1000 by market cap (fetched 2026-09-28),,y,Proxy: market-cap top 1500 (Forbes list not available),large,,not found in ACRA,0
Danaher,=Danaher,United States,companiesmarketcap.com ranks 1-1000 by market cap (fetched 2026-09-28),,y,Proxy: market-cap top 1500 (Forbes list not available),large,,not found in ACRA,0
Advantest,=Advantest,Japan,companiesmarketcap.com ranks 1-1000 by market cap (fetched 2026-09-28),,y,Proxy: market-cap top 1500 (Forbes list not available),large,,qualified,1
Boeing,Boeing,United States,companiesmarketcap.com ranks 1-1000 by market cap (fetched 2026-09-28),,y,Proxy: market-cap top 1500 (Forbes list not available),large,,qualified,5
Delta Electronics,Delta Electronics,Taiwan,companiesmarketcap.com ranks 1-1000 by market cap (fetched 2026-09-28),,y,Proxy: market-cap top 1500 (Forbes list not available),large,,qualified,1
Hitachi,Hitachi,Japan,companiesmarketcap.com ranks 1-1000 by market cap (fetched 2026-09-28),,y,Proxy: market-cap top 1500 (Forbes list not available),large,,qualified,22
China Life Insurance,China Life Insurance,China,companiesmarketcap.com ranks 1-1000 by market cap (fetched 2026-09-28),,y,Proxy: market-cap top 1500 (Forbes list not available),large,,qualified,1
China Shenhua Energy,China Shenhua Energy,China,companiesmarketcap.com ranks 1-1000 by market cap (fetched 2026-09-28),,y,Proxy: market-cap top 1500 (Forbes list not available),large,,not found in ACRA,0
Iberdrola,=Iberdrola,Spain,companiesmarketcap.com ranks 1-1000 by market cap (fetched 2026-09-28),,y,Proxy: market-cap top 1500 (Forbes list not available),large,,not found in ACRA,0
Rio Tinto,Rio Tinto,United Kingdom,companiesmarketcap.com ranks 1-1000 by market cap (fetched 2026-09-28),,y,Proxy: market-cap top 1500 (Forbes list not available),large,,qualified,8
Anheuser-Busch Inbev,Anheuser-Busch Inbev;Anheuser-Busch;AB InBev,Belgium,companiesmarketcap.com ranks 1-1000 by market cap (fetched 2026-09-28),,y,Proxy: market-cap top 1500 (Forbes list not available),large,,qualified,1
ConocoPhillips,=ConocoPhillips,United States,companiesmarketcap.com ranks 1-1000 by market cap (fetched 2026-09-28),,y,Proxy: market-cap top 1500 (Forbes list not available),large,,qualified,1
UBS,UBS;Credit Suisse,Switzerland,companiesmarketcap.com ranks 1-1000 by market cap (fetched 2026-09-28),,y,Proxy: market-cap top 1500 (Forbes list not available),large,,qualified,2
Interactive Brokers,Interactive Brokers,United States,companiesmarketcap.com ranks 1-1000 by market cap (fetched 2026-09-28),,y,Proxy: market-cap top 1500 (Forbes list not available),large,,qualified,1
Deutsche Telekom,Deutsche Telekom,Germany,companiesmarketcap.com ranks 1-1000 by market cap (fetched 2026-09-28),,y,Proxy: market-cap top 1500 (Forbes list not available),large,,qualified,2
Recruit,=Indeed;Glassdoor;Recruit Holdings,Japan,companiesmarketcap.com ranks 1-1000 by market cap (fetched 2026-09-28),,y,Proxy: market-cap top 1500 (Forbes list not available),large,,qualified,1
Intuitive Surgical,Intuitive Surgical,United States,companiesmarketcap.com ranks 1-1000 by market cap (fetched 2026-09-28),,y,Proxy: market-cap top 1500 (Forbes list not available),large,,qualified,1
CNOOC,=CNOOC,China,companiesmarketcap.com ranks 1-1000 by market cap (fetched 2026-09-28),,y,Proxy: market-cap top 1500 (Forbes list not available),large,,qualified,1
UniCredit,=UniCredit,Italy,companiesmarketcap.com ranks 1-1000 by market cap (fetched 2026-09-28),,y,Proxy: market-cap top 1500 (Forbes list not available),large,,review matches only,0
TJX Companies,=TJX,United States,companiesmarketcap.com ranks 1-1000 by market cap (fetched 2026-09-28),,y,Proxy: market-cap top 1500 (Forbes list not available),large,,review matches only,0
Ping An Insurance,Ping An Insurance;Ping An,China,companiesmarketcap.com ranks 1-1000 by market cap (fetched 2026-09-28),,y,Proxy: market-cap top 1500 (Forbes list not available),large,,qualified,5
Uber,Uber,United States,companiesmarketcap.com ranks 1-1000 by market cap (fetched 2026-09-28),,y,Proxy: market-cap top 1500 (Forbes list not available),large,,qualified,10
Blackstone Group,Blackstone,United States,companiesmarketcap.com ranks 1-1000 by market cap (fetched 2026-09-28),,y,Proxy: market-cap top 1500 (Forbes list not available),large,,qualified,35
Zhongji Innolight,Zhongji Innolight,China,companiesmarketcap.com ranks 1-1000 by market cap (fetched 2026-09-28),,y,Proxy: market-cap top 1500 (Forbes list not available),large,,not found in ACRA,0
ServiceNow,ServiceNow,United States,companiesmarketcap.com ranks 1-1000 by market cap (fetched 2026-09-28),,y,Proxy: market-cap top 1500 (Forbes list not available),large,,qualified,1
Siemens Energy,Siemens Energy,Germany,companiesmarketcap.com ranks 1-1000 by market cap (fetched 2026-09-28),,y,Proxy: market-cap top 1500 (Forbes list not available),large,,qualified,1
Sony,Sony,Japan,companiesmarketcap.com ranks 1-1000 by market cap (fetched 2026-09-28),,y,Proxy: market-cap top 1500 (Forbes list not available),large,,qualified,11
Corning,=Corning,United States,companiesmarketcap.com ranks 1-1000 by market cap (fetched 2026-09-28),,y,Proxy: market-cap top 1500 (Forbes list not available),large,,qualified,2
Unilever,Unilever,United Kingdom,companiesmarketcap.com ranks 1-1000 by market cap (fetched 2026-09-28),,y,Proxy: market-cap top 1500 (Forbes list not available),large,,qualified,3
Intesa Sanpaolo,Intesa Sanpaolo,Italy,companiesmarketcap.com ranks 1-1000 by market cap (fetched 2026-09-28),,y,Proxy: market-cap top 1500 (Forbes list not available),large,,qualified,1
Mizuho Financial Group,=Mizuho,Japan,companiesmarketcap.com ranks 1-1000 by market cap (fetched 2026-09-28),,y,Proxy: market-cap top 1500 (Forbes list not available),large,,qualified,2
Vertex Pharmaceuticals,Vertex Pharmaceuticals,United States,companiesmarketcap.com ranks 1-1000 by market cap (fetched 2026-09-28),,y,Proxy: market-cap top 1500 (Forbes list not available),large,,not found in ACRA,0
Fast Retailing,Fast Retailing;Uniqlo,Japan,companiesmarketcap.com ranks 1-1000 by market cap (fetched 2026-09-28),,y,Proxy: market-cap top 1500 (Forbes list not available),large,,qualified,2
Petrobras,=Petrobras,Brazil,companiesmarketcap.com ranks 1-1000 by market cap (fetched 2026-09-28),,y,Proxy: market-cap top 1500 (Forbes list not available),large,,qualified,1
Prologis,=Prologis,United States,companiesmarketcap.com ranks 1-1000 by market cap (fetched 2026-09-28),,y,Proxy: market-cap top 1500 (Forbes list not available),large,,qualified,2
Chubb,Chubb,Switzerland,companiesmarketcap.com ranks 1-1000 by market cap (fetched 2026-09-28),,y,Proxy: market-cap top 1500 (Forbes list not available),large,,qualified,4
Bristol-Myers Squibb,Bristol-Myers Squibb,United States,companiesmarketcap.com ranks 1-1000 by market cap (fetched 2026-09-28),,y,Proxy: market-cap top 1500 (Forbes list not available),large,,qualified,1
Newmont,=Newmont,United States,companiesmarketcap.com ranks 1-1000 by market cap (fetched 2026-09-28),,y,Proxy: market-cap top 1500 (Forbes list not available),large,,not found in ACRA,0
Fortinet,Fortinet,United States,companiesmarketcap.com ranks 1-1000 by market cap (fetched 2026-09-28),,y,Proxy: market-cap top 1500 (Forbes list not available),large,,qualified,1
Investor AB,Investor AB,Sweden,companiesmarketcap.com ranks 1-1000 by market cap (fetched 2026-09-28),,y,Proxy: market-cap top 1500 (Forbes list not available),large,,not found in ACRA,0
Cloudflare,Cloudflare,United States,companiesmarketcap.com ranks 1-1000 by market cap (fetched 2026-09-28),,y,Proxy: market-cap top 1500 (Forbes list not available),large,,qualified,1
BNP Paribas,BNP Paribas,France,companiesmarketcap.com ranks 1-1000 by market cap (fetched 2026-09-28),,y,Proxy: market-cap top 1500 (Forbes list not available),large,,qualified,6
Parker-Hannifin,=Parker-Hannifin,United States,companiesmarketcap.com ranks 1-1000 by market cap (fetched 2026-09-28),,y,Proxy: market-cap top 1500 (Forbes list not available),large,,qualified,1
Booking Holdings,Booking.com;Agoda;Priceline,United States,companiesmarketcap.com ranks 1-1000 by market cap (fetched 2026-09-28),,y,Proxy: market-cap top 1500 (Forbes list not available),large,,qualified,8
Capital One,Capital One,United States,companiesmarketcap.com ranks 1-1000 by market cap (fetched 2026-09-28),,y,Proxy: market-cap top 1500 (Forbes list not available),large,,qualified,2
Air Liquide,Air Liquide,France,companiesmarketcap.com ranks 1-1000 by market cap (fetched 2026-09-28),,y,Proxy: market-cap top 1500 (Forbes list not available),large,,qualified,4
Keyence,=Keyence,Japan,companiesmarketcap.com ranks 1-1000 by market cap (fetched 2026-09-28),,y,Proxy: market-cap top 1500 (Forbes list not available),large,,qualified,1
Compagnie Financière Richemont,Compagnie Financiere Richemont;Richemont;Cartier,Switzerland,companiesmarketcap.com ranks 1-1000 by market cap (fetched 2026-09-28),,y,Proxy: market-cap top 1500 (Forbes list not available),large,,qualified,3
Lockheed Martin,Lockheed Martin,United States,companiesmarketcap.com ranks 1-1000 by market cap (fetched 2026-09-28),,y,Proxy: market-cap top 1500 (Forbes list not available),large,,qualified,1
Bank of Montreal,Bank of Montreal;BMO,Canada,companiesmarketcap.com ranks 1-1000 by market cap (fetched 2026-09-28),,y,Proxy: market-cap top 1500 (Forbes list not available),large,,review matches only,0
British American Tobacco,British American Tobacco,United Kingdom,companiesmarketcap.com ranks 1-1000 by market cap (fetched 2026-09-28),,y,Proxy: market-cap top 1500 (Forbes list not available),large,,qualified,3
Progressive,Progressive Corporation,United States,companiesmarketcap.com ranks 1-1000 by market cap (fetched 2026-09-28),,y,Proxy: market-cap top 1500 (Forbes list not available),large,,not found in ACRA,0
S&P Global,S&P Global;Standard & Poor;Platts,United States,companiesmarketcap.com ranks 1-1000 by market cap (fetched 2026-09-28),,y,Proxy: market-cap top 1500 (Forbes list not available),large,,qualified,4
Snowflake,Snowflake,United States,companiesmarketcap.com ranks 1-1000 by market cap (fetched 2026-09-28),,y,Proxy: market-cap top 1500 (Forbes list not available),large,,qualified,6
HDFC Bank,HDFC Bank,India,companiesmarketcap.com ranks 1-1000 by market cap (fetched 2026-09-28),,y,Proxy: market-cap top 1500 (Forbes list not available),large,,qualified,1
Zijin Mining,Zijin Mining,China,companiesmarketcap.com ranks 1-1000 by market cap (fetched 2026-09-28),,y,Proxy: market-cap top 1500 (Forbes list not available),large,,qualified,1
Bharti Airtel,Bharti Airtel,India,companiesmarketcap.com ranks 1-1000 by market cap (fetched 2026-09-28),,y,Proxy: market-cap top 1500 (Forbes list not available),large,,not found in ACRA,0
ASE Group,=ASE,Taiwan,companiesmarketcap.com ranks 1-1000 by market cap (fetched 2026-09-28),,y,Proxy: market-cap top 1500 (Forbes list not available),large,,qualified,1
Altria Group,=Altria,United States,companiesmarketcap.com ranks 1-1000 by market cap (fetched 2026-09-28),,y,Proxy: market-cap top 1500 (Forbes list not available),large,,review matches only,0
CVS Health,CVS Health,United States,companiesmarketcap.com ranks 1-1000 by market cap (fetched 2026-09-28),,y,Proxy: market-cap top 1500 (Forbes list not available),large,,not found in ACRA,0
Scotiabank,Scotiabank;Bank of Nova Scotia,Canada,companiesmarketcap.com ranks 1-1000 by market cap (fetched 2026-09-28),,y,Proxy: market-cap top 1500 (Forbes list not available),large,,qualified,1
BP,BP Singapore;BP Asia;Castrol,United Kingdom,companiesmarketcap.com ranks 1-1000 by market cap (fetched 2026-09-28),,y,Proxy: market-cap top 1500 (Forbes list not available),large,,qualified,3
OCBC Bank,OCBC;Oversea-Chinese Banking;Bank of Singapore,Singapore,companiesmarketcap.com ranks 1-1000 by market cap (fetched 2026-09-28),Singapore-HQ group with operations outside Singapore (curated; verify),y,Proxy: market-cap top 1500 (Forbes list not available),large,,qualified,10
Medtronic,Medtronic,Ireland,companiesmarketcap.com ranks 1-1000 by market cap (fetched 2026-09-28),,y,Proxy: market-cap top 1500 (Forbes list not available),large,,qualified,3
Mitsubishi Corporation,Mitsubishi Corporation,Japan,companiesmarketcap.com ranks 1-1000 by market cap (fetched 2026-09-28),,y,Proxy: market-cap top 1500 (Forbes list not available),large,,qualified,2
Valero Energy,Valero Energy,United States,companiesmarketcap.com ranks 1-1000 by market cap (fetched 2026-09-28),,y,Proxy: market-cap top 1500 (Forbes list not available),large,,not found in ACRA,0
Foxconn,=Foxconn;Hon Hai Precision Industry,Taiwan,companiesmarketcap.com ranks 1-1000 by market cap (fetched 2026-09-28),,y,Proxy: market-cap top 1500 (Forbes list not available),large,,qualified,3
PDD Holdings,PDD;=Pinduoduo;Temu;Whaleco,China,companiesmarketcap.com ranks 1-1000 by market cap (fetched 2026-09-28),,y,Proxy: market-cap top 1500 (Forbes list not available),large,,qualified,2
Starbucks,Starbucks,United States,companiesmarketcap.com ranks 1-1000 by market cap (fetched 2026-09-28),,y,Proxy: market-cap top 1500 (Forbes list not available),large,,qualified,3
Accenture,Accenture,Ireland,companiesmarketcap.com ranks 1-1000 by market cap (fetched 2026-09-28),,y,Proxy: market-cap top 1500 (Forbes list not available),large,,qualified,3
Robinhood,=Robinhood,United States,companiesmarketcap.com ranks 1-1000 by market cap (fetched 2026-09-28),,y,Proxy: market-cap top 1500 (Forbes list not available),large,,qualified,2
Lowe's Companies,=Lowe's,United States,companiesmarketcap.com ranks 1-1000 by market cap (fetched 2026-09-28),,y,Proxy: market-cap top 1500 (Forbes list not available),large,,not found in ACRA,0
Spotify,Spotify,Sweden,companiesmarketcap.com ranks 1-1000 by market cap (fetched 2026-09-28),,y,Proxy: market-cap top 1500 (Forbes list not available),large,,qualified,1
AXA,AXA,France,companiesmarketcap.com ranks 1-1000 by market cap (fetched 2026-09-28),,y,Proxy: market-cap top 1500 (Forbes list not available),large,,qualified,1
Automatic Data Processing,Automatic Data Processing,United States,companiesmarketcap.com ranks 1-1000 by market cap (fetched 2026-09-28),,y,Proxy: market-cap top 1500 (Forbes list not available),large,,qualified,1
Zurich Insurance Group,Zurich Insurance;Zurich International,Switzerland,companiesmarketcap.com ranks 1-1000 by market cap (fetched 2026-09-28),,y,Proxy: market-cap top 1500 (Forbes list not available),large,,qualified,1
CaixaBank,=CaixaBank,Spain,companiesmarketcap.com ranks 1-1000 by market cap (fetched 2026-09-28),,y,Proxy: market-cap top 1500 (Forbes list not available),large,,not found in ACRA,0
Stryker Corporation,=Stryker,United States,companiesmarketcap.com ranks 1-1000 by market cap (fetched 2026-09-28),,y,Proxy: market-cap top 1500 (Forbes list not available),large,,qualified,1
Enbridge,=Enbridge,Canada,companiesmarketcap.com ranks 1-1000 by market cap (fetched 2026-09-28),,y,Proxy: market-cap top 1500 (Forbes list not available),large,,not found in ACRA,0
ING,ING Bank,Netherlands,companiesmarketcap.com ranks 1-1000 by market cap (fetched 2026-09-28),,y,Proxy: market-cap top 1500 (Forbes list not available),large,,qualified,1
AppLovin,=AppLovin,United States,companiesmarketcap.com ranks 1-1000 by market cap (fetched 2026-09-28),,y,Proxy: market-cap top 1500 (Forbes list not available),large,,qualified,1
Freeport-McMoRan,=Freeport-McMoRan,United States,companiesmarketcap.com ranks 1-1000 by market cap (fetched 2026-09-28),,y,Proxy: market-cap top 1500 (Forbes list not available),large,,not found in ACRA,0
China Yangtze Power,China Yangtze Power,China,companiesmarketcap.com ranks 1-1000 by market cap (fetched 2026-09-28),,y,Proxy: market-cap top 1500 (Forbes list not available),large,,not found in ACRA,0
CIBC,CIBC;Canadian Imperial Bank of Commerce,Canada,companiesmarketcap.com ranks 1-1000 by market cap (fetched 2026-09-28),,y,Proxy: market-cap top 1500 (Forbes list not available),large,,qualified,2
Cambricon Technologies,Cambricon Technologies,China,companiesmarketcap.com ranks 1-1000 by market cap (fetched 2026-09-28),,y,Proxy: market-cap top 1500 (Forbes list not available),large,,not found in ACRA,0
Phillips 66,Phillips 66,United States,companiesmarketcap.com ranks 1-1000 by market cap (fetched 2026-09-28),,y,Proxy: market-cap top 1500 (Forbes list not available),large,,qualified,1
BNY Mellon,BNY Mellon;Bank of New York Mellon,United States,companiesmarketcap.com ranks 1-1000 by market cap (fetched 2026-09-28),,y,Proxy: market-cap top 1500 (Forbes list not available),large,,qualified,3
McKesson,=McKesson,United States,companiesmarketcap.com ranks 1-1000 by market cap (fetched 2026-09-28),,y,Proxy: market-cap top 1500 (Forbes list not available),large,,qualified,1
Al Rajhi Bank,Al Rajhi Bank,Saudi Arabia,companiesmarketcap.com ranks 1-1000 by market cap (fetched 2026-09-28),,y,Proxy: market-cap top 1500 (Forbes list not available),large,,not found in ACRA,0
Enel,=Enel,Italy,companiesmarketcap.com ranks 1-1000 by market cap (fetched 2026-09-28),,y,Proxy: market-cap top 1500 (Forbes list not available),large,,review matches only,0
ICICI Bank,ICICI Bank,India,companiesmarketcap.com ranks 1-1000 by market cap (fetched 2026-09-28),,y,Proxy: market-cap top 1500 (Forbes list not available),large,,qualified,1
Equinor,=Equinor,Norway,companiesmarketcap.com ranks 1-1000 by market cap (fetched 2026-09-28),,y,Proxy: market-cap top 1500 (Forbes list not available),large,,qualified,1
Trane Technologies,Trane Technologies,Ireland,companiesmarketcap.com ranks 1-1000 by market cap (fetched 2026-09-28),,y,Proxy: market-cap top 1500 (Forbes list not available),large,,qualified,1
Bank of Communications,Bank of Communications,China,companiesmarketcap.com ranks 1-1000 by market cap (fetched 2026-09-28),,y,Proxy: market-cap top 1500 (Forbes list not available),large,,qualified,1
Equinix,=Equinix,United States,companiesmarketcap.com ranks 1-1000 by market cap (fetched 2026-09-28),,y,Proxy: market-cap top 1500 (Forbes list not available),large,,qualified,7
GSK plc,GSK;GlaxoSmithKline,United Kingdom,companiesmarketcap.com ranks 1-1000 by market cap (fetched 2026-09-28),,y,Proxy: market-cap top 1500 (Forbes list not available),large,,qualified,4
Grupo México,Grupo Mexico,Mexico,companiesmarketcap.com ranks 1-1000 by market cap (fetched 2026-09-28),,y,Proxy: market-cap top 1500 (Forbes list not available),large,,not found in ACRA,0
Sanofi,Sanofi,France,companiesmarketcap.com ranks 1-1000 by market cap (fetched 2026-09-28),,y,Proxy: market-cap top 1500 (Forbes list not available),large,,qualified,1
Agnico Eagle Mines,Agnico Eagle Mines,Canada,companiesmarketcap.com ranks 1-1000 by market cap (fetched 2026-09-28),,y,Proxy: market-cap top 1500 (Forbes list not available),large,,not found in ACRA,0
Itochu,=Itochu,Japan,companiesmarketcap.com ranks 1-1000 by market cap (fetched 2026-09-28),,y,Proxy: market-cap top 1500 (Forbes list not available),large,,qualified,1
Canadian Natural Resources,Canadian Natural Resources,Canada,companiesmarketcap.com ranks 1-1000 by market cap (fetched 2026-09-28),,y,Proxy: market-cap top 1500 (Forbes list not available),large,,not found in ACRA,0
Quanta Services,Quanta Services,United States,companiesmarketcap.com ranks 1-1000 by market cap (fetched 2026-09-28),,y,Proxy: market-cap top 1500 (Forbes list not available),large,,qualified,1
Vertiv Holdings,=Vertiv,United States,companiesmarketcap.com ranks 1-1000 by market cap (fetched 2026-09-28),,y,Proxy: market-cap top 1500 (Forbes list not available),large,,qualified,2
AIA,AIA Singapore;AIA Company;AIA Investment,Hong Kong,companiesmarketcap.com ranks 1-1000 by market cap (fetched 2026-09-28),,y,Proxy: market-cap top 1500 (Forbes list not available),large,,qualified,3
HCA Healthcare,HCA Healthcare,United States,companiesmarketcap.com ranks 1-1000 by market cap (fetched 2026-09-28),,y,Proxy: market-cap top 1500 (Forbes list not available),large,,not found in ACRA,0
Tokio Marine,Tokio Marine,Japan,companiesmarketcap.com ranks 1-1000 by market cap (fetched 2026-09-28),,y,Proxy: market-cap top 1500 (Forbes list not available),large,,qualified,6
Datadog,Datadog,United States,companiesmarketcap.com ranks 1-1000 by market cap (fetched 2026-09-28),,y,Proxy: market-cap top 1500 (Forbes list not available),large,,not found in ACRA,0
Sinopec,=Sinopec,China,companiesmarketcap.com ranks 1-1000 by market cap (fetched 2026-09-28),,y,Proxy: market-cap top 1500 (Forbes list not available),large,,qualified,2
Postal Savings Bank of China,Postal Savings Bank of China,China,companiesmarketcap.com ranks 1-1000 by market cap (fetched 2026-09-28),,y,Proxy: market-cap top 1500 (Forbes list not available),large,,not found in ACRA,0
Southern Company,Southern Company,United States,companiesmarketcap.com ranks 1-1000 by market cap (fetched 2026-09-28),,y,Proxy: market-cap top 1500 (Forbes list not available),large,,qualified,1
CME Group,=CME,United States,companiesmarketcap.com ranks 1-1000 by market cap (fetched 2026-09-28),,y,Proxy: market-cap top 1500 (Forbes list not available),large,,qualified,3
State Bank of India,State Bank of India,India,companiesmarketcap.com ranks 1-1000 by market cap (fetched 2026-09-28),,y,Proxy: market-cap top 1500 (Forbes list not available),large,,qualified,1
Airbnb,Airbnb,United States,companiesmarketcap.com ranks 1-1000 by market cap (fetched 2026-09-28),,y,Proxy: market-cap top 1500 (Forbes list not available),large,,qualified,2
Midea,=Midea,China,companiesmarketcap.com ranks 1-1000 by market cap (fetched 2026-09-28),,y,Proxy: market-cap top 1500 (Forbes list not available),large,,review matches only,0
Adobe,Adobe,United States,companiesmarketcap.com ranks 1-1000 by market cap (fetched 2026-09-28),,y,Proxy: market-cap top 1500 (Forbes list not available),large,,qualified,2
Constellation Energy,Constellation Energy,United States,companiesmarketcap.com ranks 1-1000 by market cap (fetched 2026-09-28),,y,Proxy: market-cap top 1500 (Forbes list not available),large,,not found in ACRA,0
Howmet Aerospace,Howmet Aerospace,United States,companiesmarketcap.com ranks 1-1000 by market cap (fetched 2026-09-28),,y,Proxy: market-cap top 1500 (Forbes list not available),large,,not found in ACRA,0
Murata Manufacturing,Murata Manufacturing,Japan,companiesmarketcap.com ranks 1-1000 by market cap (fetched 2026-09-28),,y,Proxy: market-cap top 1500 (Forbes list not available),large,,not found in ACRA,0
U.S. Bancorp,U.S. Bancorp,United States,companiesmarketcap.com ranks 1-1000 by market cap (fetched 2026-09-28),,y,Proxy: market-cap top 1500 (Forbes list not available),large,,not found in ACRA,0
Marriott International,Marriott,United States,companiesmarketcap.com ranks 1-1000 by market cap (fetched 2026-09-28),,y,Proxy: market-cap top 1500 (Forbes list not available),large,,qualified,2
Mitsui & Co,Mitsui & Co,Japan,companiesmarketcap.com ranks 1-1000 by market cap (fetched 2026-09-28),,y,Proxy: market-cap top 1500 (Forbes list not available),large,,qualified,6
General Dynamics,General Dynamics,United States,companiesmarketcap.com ranks 1-1000 by market cap (fetched 2026-09-28),,y,Proxy: market-cap top 1500 (Forbes list not available),large,,not found in ACRA,0
Johnson Controls,Johnson Controls,Ireland,companiesmarketcap.com ranks 1-1000 by market cap (fetched 2026-09-28),,y,Proxy: market-cap top 1500 (Forbes list not available),large,,qualified,2
NTT,NTT;Nippon Telegraph & Telephone;Nippon Telegraph;NTT Data,Japan,companiesmarketcap.com ranks 1-1000 by market cap (fetched 2026-09-28),,y,Proxy: market-cap top 1500 (Forbes list not available),large,,qualified,9
Eoptolink Technology,Eoptolink Technology,China,companiesmarketcap.com ranks 1-1000 by market cap (fetched 2026-09-28),,y,Proxy: market-cap top 1500 (Forbes list not available),large,,qualified,1
PNC Financial Services,=PNC,United States,companiesmarketcap.com ranks 1-1000 by market cap (fetched 2026-09-28),,y,Proxy: market-cap top 1500 (Forbes list not available),large,,qualified,1
Cadence Design Systems,Cadence Design Systems,United States,companiesmarketcap.com ranks 1-1000 by market cap (fetched 2026-09-28),,y,Proxy: market-cap top 1500 (Forbes list not available),large,,qualified,1
Itaú Unibanco,Itau Unibanco;Itau,Brazil,companiesmarketcap.com ranks 1-1000 by market cap (fetched 2026-09-28),,y,Proxy: market-cap top 1500 (Forbes list not available),large,,not found in ACRA,0
KKR & Co.,KKR,United States,companiesmarketcap.com ranks 1-1000 by market cap (fetched 2026-09-28),,y,Proxy: market-cap top 1500 (Forbes list not available),large,,qualified,2
MercadoLibre,=MercadoLibre,Argentina,companiesmarketcap.com ranks 1-1000 by market cap (fetched 2026-09-28),,y,Proxy: market-cap top 1500 (Forbes list not available),large,,not found in ACRA,0
Emerson,=Emerson;Emerson Electric;Emerson Process,United States,companiesmarketcap.com ranks 1-1000 by market cap (fetched 2026-09-28),,y,Proxy: market-cap top 1500 (Forbes list not available),large,,qualified,2
Duke Energy,Duke Energy,United States,companiesmarketcap.com ranks 1-1000 by market cap (fetched 2026-09-28),,y,Proxy: market-cap top 1500 (Forbes list not available),large,,not found in ACRA,0
Atlas Copco,Atlas Copco,Sweden,companiesmarketcap.com ranks 1-1000 by market cap (fetched 2026-09-28),,y,Proxy: market-cap top 1500 (Forbes list not available),large,,qualified,1
3M,3M Singapore;3M Asia;3M Technologies,United States,companiesmarketcap.com ranks 1-1000 by market cap (fetched 2026-09-28),,y,Proxy: market-cap top 1500 (Forbes list not available),large,,qualified,2
Xiaomi,Xiaomi,China,companiesmarketcap.com ranks 1-1000 by market cap (fetched 2026-09-28),,y,Proxy: market-cap top 1500 (Forbes list not available),large,,qualified,4
CSX Corporation,=CSX,United States,companiesmarketcap.com ranks 1-1000 by market cap (fetched 2026-09-28),,y,Proxy: market-cap top 1500 (Forbes list not available),large,,not found in ACRA,0
Intercontinental Exchange,Intercontinental Exchange,United States,companiesmarketcap.com ranks 1-1000 by market cap (fetched 2026-09-28),,y,Proxy: market-cap top 1500 (Forbes list not available),large,,not found in ACRA,0
Elevance Health,Elevance Health,United States,companiesmarketcap.com ranks 1-1000 by market cap (fetched 2026-09-28),,y,Proxy: market-cap top 1500 (Forbes list not available),large,,not found in ACRA,0
Glencore,Glencore,Switzerland,companiesmarketcap.com ranks 1-1000 by market cap (fetched 2026-09-28),,y,Proxy: market-cap top 1500 (Forbes list not available),large,,qualified,6
Dior,=Dior,France,companiesmarketcap.com ranks 1-1000 by market cap (fetched 2026-09-28),,y,Proxy: market-cap top 1500 (Forbes list not available),large,,review matches only,0
Bloom Energy,Bloom Energy,United States,companiesmarketcap.com ranks 1-1000 by market cap (fetched 2026-09-28),,y,Proxy: market-cap top 1500 (Forbes list not available),large,,qualified,1
Williams Companies,Williams Companies,United States,companiesmarketcap.com ranks 1-1000 by market cap (fetched 2026-09-28),,y,Proxy: market-cap top 1500 (Forbes list not available),large,,not found in ACRA,0
Lumentum,=Lumentum,United States,companiesmarketcap.com ranks 1-1000 by market cap (fetched 2026-09-28),,y,Proxy: market-cap top 1500 (Forbes list not available),large,,not found in ACRA,0
Monster Beverage,Monster Beverage,United States,companiesmarketcap.com ranks 1-1000 by market cap (fetched 2026-09-28),,y,Proxy: market-cap top 1500 (Forbes list not available),large,,not found in ACRA,0
Infineon,=Infineon,Germany,companiesmarketcap.com ranks 1-1000 by market cap (fetched 2026-09-28),,y,Proxy: market-cap top 1500 (Forbes list not available),large,,qualified,2
DoorDash,=DoorDash,United States,companiesmarketcap.com ranks 1-1000 by market cap (fetched 2026-09-28),,y,Proxy: market-cap top 1500 (Forbes list not available),large,,qualified,1
Hewlett Packard Enterprise,Hewlett Packard Enterprise;HPE;Aruba Networks,United States,companiesmarketcap.com ranks 1-1000 by market cap (fetched 2026-09-28),,y,Proxy: market-cap top 1500 (Forbes list not available),large,,qualified,2
Mitsubishi Heavy Industries,Mitsubishi Heavy Industries,Japan,companiesmarketcap.com ranks 1-1000 by market cap (fetched 2026-09-28),,y,Proxy: market-cap top 1500 (Forbes list not available),large,,qualified,2
Lloyds Banking Group,Lloyds Banking,United Kingdom,companiesmarketcap.com ranks 1-1000 by market cap (fetched 2026-09-28),,y,Proxy: market-cap top 1500 (Forbes list not available),large,,not found in ACRA,0
Barclays,Barclays,United Kingdom,companiesmarketcap.com ranks 1-1000 by market cap (fetched 2026-09-28),,y,Proxy: market-cap top 1500 (Forbes list not available),large,,qualified,3
National Australia Bank,National Australia Bank,Australia,companiesmarketcap.com ranks 1-1000 by market cap (fetched 2026-09-28),,y,Proxy: market-cap top 1500 (Forbes list not available),large,,qualified,1
Westpac Banking,Westpac Banking;Westpac,Australia,companiesmarketcap.com ranks 1-1000 by market cap (fetched 2026-09-28),,y,Proxy: market-cap top 1500 (Forbes list not available),large,,qualified,3
Waste Management,Waste Management,United States,companiesmarketcap.com ranks 1-1000 by market cap (fetched 2026-09-28),,y,Proxy: market-cap top 1500 (Forbes list not available),large,,qualified,1
Brookfield Corporation,Brookfield,Canada,companiesmarketcap.com ranks 1-1000 by market cap (fetched 2026-09-28),,y,Proxy: market-cap top 1500 (Forbes list not available),large,,qualified,18
Marsh & McLennan Companies,Marsh & McLennan;=Marsh;=Mercer;Oliver Wyman;Guy Carpenter,United States,companiesmarketcap.com ranks 1-1000 by market cap (fetched 2026-09-28),,y,Proxy: market-cap top 1500 (Forbes list not available),large,,qualified,7
Synopsys,=Synopsys,United States,companiesmarketcap.com ranks 1-1000 by market cap (fetched 2026-09-28),,y,Proxy: market-cap top 1500 (Forbes list not available),large,,qualified,1
TAQA,=TAQA,UAE,companiesmarketcap.com ranks 1-1000 by market cap (fetched 2026-09-28),,y,Proxy: market-cap top 1500 (Forbes list not available),large,,not found in ACRA,0
Moody's,Moody's,United States,companiesmarketcap.com ranks 1-1000 by market cap (fetched 2026-09-28),,y,Proxy: market-cap top 1500 (Forbes list not available),large,,qualified,4
Regeneron Pharmaceuticals,Regeneron Pharmaceuticals,United States,companiesmarketcap.com ranks 1-1000 by market cap (fetched 2026-09-28),,y,Proxy: market-cap top 1500 (Forbes list not available),large,,not found in ACRA,0
WuXi AppTec,WuXi AppTec,China,companiesmarketcap.com ranks 1-1000 by market cap (fetched 2026-09-28),,y,Proxy: market-cap top 1500 (Forbes list not available),large,,qualified,1
ANZ Bank,ANZ Bank;Australia and New Zealand Banking;ANZ,Australia,companiesmarketcap.com ranks 1-1000 by market cap (fetched 2026-09-28),,y,Proxy: market-cap top 1500 (Forbes list not available),large,,qualified,4
United Parcel Service,United Parcel Service;UPS,United States,companiesmarketcap.com ranks 1-1000 by market cap (fetched 2026-09-28),,y,Proxy: market-cap top 1500 (Forbes list not available),large,,qualified,4
Sherwin-Williams,=Sherwin-Williams,United States,companiesmarketcap.com ranks 1-1000 by market cap (fetched 2026-09-28),,y,Proxy: market-cap top 1500 (Forbes list not available),large,,not found in ACRA,0
Cintas,=Cintas,United States,companiesmarketcap.com ranks 1-1000 by market cap (fetched 2026-09-28),,y,Proxy: market-cap top 1500 (Forbes list not available),large,,not found in ACRA,0
Suncor Energy,Suncor Energy,Canada,companiesmarketcap.com ranks 1-1000 by market cap (fetched 2026-09-28),,y,Proxy: market-cap top 1500 (Forbes list not available),large,,not found in ACRA,0
Moderna,=Moderna,United States,companiesmarketcap.com ranks 1-1000 by market cap (fetched 2026-09-28),,y,Proxy: market-cap top 1500 (Forbes list not available),large,,review matches only,0
Enterprise Products,Enterprise Products,United States,companiesmarketcap.com ranks 1-1000 by market cap (fetched 2026-09-28),,y,Proxy: market-cap top 1500 (Forbes list not available),large,,qualified,1
American Tower,American Tower,United States,companiesmarketcap.com ranks 1-1000 by market cap (fetched 2026-09-28),,y,Proxy: market-cap top 1500 (Forbes list not available),large,,not found in ACRA,0
Tata Consultancy Services,Tata Consultancy,India,companiesmarketcap.com ranks 1-1000 by market cap (fetched 2026-09-28),,y,Proxy: market-cap top 1500 (Forbes list not available),large,,qualified,1
ENI,=ENI,Italy,companiesmarketcap.com ranks 1-1000 by market cap (fetched 2026-09-28),,y,Proxy: market-cap top 1500 (Forbes list not available),large,,qualified,1
Japan Tobacco,Japan Tobacco,Japan,companiesmarketcap.com ranks 1-1000 by market cap (fetched 2026-09-28),,y,Proxy: market-cap top 1500 (Forbes list not available),large,,not found in ACRA,0
Ecolab,=Ecolab,United States,companiesmarketcap.com ranks 1-1000 by market cap (fetched 2026-09-28),,y,Proxy: market-cap top 1500 (Forbes list not available),large,,qualified,1
Illinois Tool Works,Illinois Tool Works,United States,companiesmarketcap.com ranks 1-1000 by market cap (fetched 2026-09-28),,y,Proxy: market-cap top 1500 (Forbes list not available),large,,not found in ACRA,0
Simon Property Group,Simon Property,United States,companiesmarketcap.com ranks 1-1000 by market cap (fetched 2026-09-28),,y,Proxy: market-cap top 1500 (Forbes list not available),large,,not found in ACRA,0
Comcast,=Comcast,United States,companiesmarketcap.com ranks 1-1000 by market cap (fetched 2026-09-28),,y,Proxy: market-cap top 1500 (Forbes list not available),large,,qualified,1
Warner Bros. Discovery,Warner Bros. Discovery,United States,companiesmarketcap.com ranks 1-1000 by market cap (fetched 2026-09-28),,y,Proxy: market-cap top 1500 (Forbes list not available),large,,not found in ACRA,0
Mondelez International,Mondelez,United States,companiesmarketcap.com ranks 1-1000 by market cap (fetched 2026-09-28),,y,Proxy: market-cap top 1500 (Forbes list not available),large,,qualified,6
SLB,=SLB;=Schlumberger,United States,companiesmarketcap.com ranks 1-1000 by market cap (fetched 2026-09-28),,y,Proxy: market-cap top 1500 (Forbes list not available),large,,qualified,3
BAE Systems,BAE Systems,United Kingdom,companiesmarketcap.com ranks 1-1000 by market cap (fetched 2026-09-28),,y,Proxy: market-cap top 1500 (Forbes list not available),large,,qualified,4
CPKC,=CPKC;Canadian Pacific Kansas City,Canada,companiesmarketcap.com ranks 1-1000 by market cap (fetched 2026-09-28),,y,Proxy: market-cap top 1500 (Forbes list not available),large,,not found in ACRA,0
National Grid,National Grid,United Kingdom,companiesmarketcap.com ranks 1-1000 by market cap (fetched 2026-09-28),,y,Proxy: market-cap top 1500 (Forbes list not available),large,,not found in ACRA,0
Japan Post Bank,Japan Post Bank,Japan,companiesmarketcap.com ranks 1-1000 by market cap (fetched 2026-09-28),,y,Proxy: market-cap top 1500 (Forbes list not available),large,,not found in ACRA,0
The Travelers Companies,Travelers Companies,United States,companiesmarketcap.com ranks 1-1000 by market cap (fetched 2026-09-28),,y,Proxy: market-cap top 1500 (Forbes list not available),large,,not found in ACRA,0
Motorola Solutions,Motorola Solutions,United States,companiesmarketcap.com ranks 1-1000 by market cap (fetched 2026-09-28),,y,Proxy: market-cap top 1500 (Forbes list not available),large,,qualified,1
Ross Stores,Ross Stores,United States,companiesmarketcap.com ranks 1-1000 by market cap (fetched 2026-09-28),,y,Proxy: market-cap top 1500 (Forbes list not available),large,,not found in ACRA,0
EssilorLuxottica,=EssilorLuxottica,France,companiesmarketcap.com ranks 1-1000 by market cap (fetched 2026-09-28),,y,Proxy: market-cap top 1500 (Forbes list not available),large,,qualified,1
Generali,Generali,Italy,companiesmarketcap.com ranks 1-1000 by market cap (fetched 2026-09-28),,y,Proxy: market-cap top 1500 (Forbes list not available),large,,qualified,1
SoftBank Corp.,=SoftBank,Japan,companiesmarketcap.com ranks 1-1000 by market cap (fetched 2026-09-28),,y,Proxy: market-cap top 1500 (Forbes list not available),large,,review matches only,0
EOG Resources,EOG Resources,United States,companiesmarketcap.com ranks 1-1000 by market cap (fetched 2026-09-28),,y,Proxy: market-cap top 1500 (Forbes list not available),large,,not found in ACRA,0
General Motors,General Motors,United States,companiesmarketcap.com ranks 1-1000 by market cap (fetched 2026-09-28),,y,Proxy: market-cap top 1500 (Forbes list not available),large,,qualified,2
CITIC Bank,CITIC Bank,China,companiesmarketcap.com ranks 1-1000 by market cap (fetched 2026-09-28),,y,Proxy: market-cap top 1500 (Forbes list not available),large,,review matches only,0
NetEase,=NetEase,China,companiesmarketcap.com ranks 1-1000 by market cap (fetched 2026-09-28),,y,Proxy: market-cap top 1500 (Forbes list not available),large,,qualified,1
Intuit,=Intuit,United States,companiesmarketcap.com ranks 1-1000 by market cap (fetched 2026-09-28),,y,Proxy: market-cap top 1500 (Forbes list not available),large,,review matches only,0
NatWest Group,=NatWest,United Kingdom,companiesmarketcap.com ranks 1-1000 by market cap (fetched 2026-09-28),,y,Proxy: market-cap top 1500 (Forbes list not available),large,,qualified,2
Munich RE,Munich RE;Munchener Ruck;Munich Reinsurance,Germany,companiesmarketcap.com ranks 1-1000 by market cap (fetched 2026-09-28),,y,Proxy: market-cap top 1500 (Forbes list not available),large,,qualified,2
Canadian National Railway,Canadian National Railway,Canada,companiesmarketcap.com ranks 1-1000 by market cap (fetched 2026-09-28),,y,Proxy: market-cap top 1500 (Forbes list not available),large,,not found in ACRA,0
DHL Group,DHL;Deutsche Post,Germany,companiesmarketcap.com ranks 1-1000 by market cap (fetched 2026-09-28),,y,Proxy: market-cap top 1500 (Forbes list not available),large,,review matches only,0
Manulife Financial,Manulife,Canada,companiesmarketcap.com ranks 1-1000 by market cap (fetched 2026-09-28),,y,Proxy: market-cap top 1500 (Forbes list not available),large,,qualified,16
Northrop Grumman,Northrop Grumman,United States,companiesmarketcap.com ranks 1-1000 by market cap (fetched 2026-09-28),,y,Proxy: market-cap top 1500 (Forbes list not available),large,,qualified,1
Cummins,=Cummins,United States,companiesmarketcap.com ranks 1-1000 by market cap (fetched 2026-09-28),,y,Proxy: market-cap top 1500 (Forbes list not available),large,,qualified,2
Ferrari,=Ferrari,Italy,companiesmarketcap.com ranks 1-1000 by market cap (fetched 2026-09-28),,y,Proxy: market-cap top 1500 (Forbes list not available),large,,qualified,1
Carvana,=Carvana,United States,companiesmarketcap.com ranks 1-1000 by market cap (fetched 2026-09-28),,y,Proxy: market-cap top 1500 (Forbes list not available),large,,not found in ACRA,0
The Cigna Group,=Cigna,United States,companiesmarketcap.com ranks 1-1000 by market cap (fetched 2026-09-28),,y,Proxy: market-cap top 1500 (Forbes list not available),large,,review matches only,0
Apollo Global Management,Apollo Global Management;Apollo Global,United States,companiesmarketcap.com ranks 1-1000 by market cap (fetched 2026-09-28),,y,Proxy: market-cap top 1500 (Forbes list not available),large,,qualified,4
Target,Target Corporation,United States,companiesmarketcap.com ranks 1-1000 by market cap (fetched 2026-09-28),,y,Proxy: market-cap top 1500 (Forbes list not available),large,,not found in ACRA,0
KDDI,=KDDI,Japan,companiesmarketcap.com ranks 1-1000 by market cap (fetched 2026-09-28),,y,Proxy: market-cap top 1500 (Forbes list not available),large,,qualified,1
Brookfield Asset Management,Brookfield Asset Management;Brookfield Asset,Canada,companiesmarketcap.com ranks 1-1000 by market cap (fetched 2026-09-28),,y,Proxy: market-cap top 1500 (Forbes list not available),large,,not found in ACRA,0
Hilton Worldwide,Hilton Worldwide;=Hilton,United States,companiesmarketcap.com ranks 1-1000 by market cap (fetched 2026-09-28),,y,Proxy: market-cap top 1500 (Forbes list not available),large,,qualified,2
NAURA Technology Group,NAURA Technology,China,companiesmarketcap.com ranks 1-1000 by market cap (fetched 2026-09-28),,y,Proxy: market-cap top 1500 (Forbes list not available),large,,not found in ACRA,0
Barrick Gold,Barrick Gold,Canada,companiesmarketcap.com ranks 1-1000 by market cap (fetched 2026-09-28),,y,Proxy: market-cap top 1500 (Forbes list not available),large,,qualified,1
Sberbank,=Sberbank,Russia,companiesmarketcap.com ranks 1-1000 by market cap (fetched 2026-09-28),,y,Proxy: market-cap top 1500 (Forbes list not available),large,,not found in ACRA,0
Norfolk Southern,Norfolk Southern,United States,companiesmarketcap.com ranks 1-1000 by market cap (fetched 2026-09-28),,y,Proxy: market-cap top 1500 (Forbes list not available),large,,not found in ACRA,0
Vinci,=Vinci,France,companiesmarketcap.com ranks 1-1000 by market cap (fetched 2026-09-28),,y,Proxy: market-cap top 1500 (Forbes list not available),large,,qualified,1
O'Reilly Automotive,O'Reilly Automotive,United States,companiesmarketcap.com ranks 1-1000 by market cap (fetched 2026-09-28),,y,Proxy: market-cap top 1500 (Forbes list not available),large,,not found in ACRA,0
ADNOC Gas,ADNOC Gas,UAE,companiesmarketcap.com ranks 1-1000 by market cap (fetched 2026-09-28),,y,Proxy: market-cap top 1500 (Forbes list not available),large,,not found in ACRA,0
Energy Transfer LP,Energy Transfer,United States,companiesmarketcap.com ranks 1-1000 by market cap (fetched 2026-09-28),,y,Proxy: market-cap top 1500 (Forbes list not available),large,,qualified,1
Chugai Pharmaceutical,Chugai Pharmaceutical,Japan,companiesmarketcap.com ranks 1-1000 by market cap (fetched 2026-09-28),,y,Proxy: market-cap top 1500 (Forbes list not available),large,,not found in ACRA,0
SMIC,=SMIC,China,companiesmarketcap.com ranks 1-1000 by market cap (fetched 2026-09-28),,y,Proxy: market-cap top 1500 (Forbes list not available),large,,qualified,1
Nordea Bank,Nordea Bank,Finland,companiesmarketcap.com ranks 1-1000 by market cap (fetched 2026-09-28),,y,Proxy: market-cap top 1500 (Forbes list not available),large,,not found in ACRA,0
Deutsche Bank,Deutsche Bank,Germany,companiesmarketcap.com ranks 1-1000 by market cap (fetched 2026-09-28),,y,Proxy: market-cap top 1500 (Forbes list not available),large,,qualified,1
Colgate-Palmolive,Colgate-Palmolive,United States,companiesmarketcap.com ranks 1-1000 by market cap (fetched 2026-09-28),,y,Proxy: market-cap top 1500 (Forbes list not available),large,,qualified,3
Kinder Morgan,Kinder Morgan,United States,companiesmarketcap.com ranks 1-1000 by market cap (fetched 2026-09-28),,y,Proxy: market-cap top 1500 (Forbes list not available),large,,not found in ACRA,0
Hyundai,Hyundai Motor;Hyundai Engineering,South Korea,companiesmarketcap.com ranks 1-1000 by market cap (fetched 2026-09-28),,y,Proxy: market-cap top 1500 (Forbes list not available),large,,qualified,4
Mitsubishi Electric,Mitsubishi Electric,Japan,companiesmarketcap.com ranks 1-1000 by market cap (fetched 2026-09-28),,y,Proxy: market-cap top 1500 (Forbes list not available),large,,qualified,1
Panasonic,Panasonic,Japan,companiesmarketcap.com ranks 1-1000 by market cap (fetched 2026-09-28),,y,Proxy: market-cap top 1500 (Forbes list not available),large,,qualified,7
Shin-Etsu Chemical,Shin-Etsu Chemical,Japan,companiesmarketcap.com ranks 1-1000 by market cap (fetched 2026-09-28),,y,Proxy: market-cap top 1500 (Forbes list not available),large,,not found in ACRA,0
FedEx,FedEx;Federal Express,United States,companiesmarketcap.com ranks 1-1000 by market cap (fetched 2026-09-28),,y,Proxy: market-cap top 1500 (Forbes list not available),large,,qualified,5
ENGIE,=ENGIE,France,companiesmarketcap.com ranks 1-1000 by market cap (fetched 2026-09-28),,y,Proxy: market-cap top 1500 (Forbes list not available),large,,qualified,2
Digital Realty,Digital Realty,United States,companiesmarketcap.com ranks 1-1000 by market cap (fetched 2026-09-28),,y,Proxy: market-cap top 1500 (Forbes list not available),large,,qualified,1
Honeywell,Honeywell,United States,companiesmarketcap.com ranks 1-1000 by market cap (fetched 2026-09-28),,y,Proxy: market-cap top 1500 (Forbes list not available),large,,qualified,2
Monolithic Power Systems,Monolithic Power Systems,United States,companiesmarketcap.com ranks 1-1000 by market cap (fetched 2026-09-28),,y,Proxy: market-cap top 1500 (Forbes list not available),large,,qualified,1
Vingroup Company,=Vingroup,Vietnam,companiesmarketcap.com ranks 1-1000 by market cap (fetched 2026-09-28),,y,Proxy: market-cap top 1500 (Forbes list not available),large,,qualified,2
Merck KGaA,=Merck;EMD;MilliporeSigma,Germany,companiesmarketcap.com ranks 1-1000 by market cap (fetched 2026-09-28),,y,Proxy: market-cap top 1500 (Forbes list not available),large,,qualified,1
Volvo Group,=Volvo,Sweden,companiesmarketcap.com ranks 1-1000 by market cap (fetched 2026-09-28),,y,Proxy: market-cap top 1500 (Forbes list not available),large,,qualified,1
Standard Chartered,Standard Chartered,United Kingdom,companiesmarketcap.com ranks 1-1000 by market cap (fetched 2026-09-28),,y,Proxy: market-cap top 1500 (Forbes list not available),large,,qualified,8
America Movil,America Movil,Mexico,companiesmarketcap.com ranks 1-1000 by market cap (fetched 2026-09-28),,y,Proxy: market-cap top 1500 (Forbes list not available),large,,not found in ACRA,0
Nu Holdings,Nubank,Brazil,companiesmarketcap.com ranks 1-1000 by market cap (fetched 2026-09-28),,y,Proxy: market-cap top 1500 (Forbes list not available),large,,not found in ACRA,0
United Rentals,United Rentals,United States,companiesmarketcap.com ranks 1-1000 by market cap (fetched 2026-09-28),,y,Proxy: market-cap top 1500 (Forbes list not available),large,,not found in ACRA,0
Republic Services,Republic Services,United States,companiesmarketcap.com ranks 1-1000 by market cap (fetched 2026-09-28),,y,Proxy: market-cap top 1500 (Forbes list not available),large,,not found in ACRA,0
Royal Caribbean Group,Royal Caribbean,United States,companiesmarketcap.com ranks 1-1000 by market cap (fetched 2026-09-28),,y,Proxy: market-cap top 1500 (Forbes list not available),large,,qualified,1
Wheaton Precious Metals,Wheaton Precious Metals,Canada,companiesmarketcap.com ranks 1-1000 by market cap (fetched 2026-09-28),,y,Proxy: market-cap top 1500 (Forbes list not available),large,,not found in ACRA,0
Bajaj Finance,Bajaj Finance,India,companiesmarketcap.com ranks 1-1000 by market cap (fetched 2026-09-28),,y,Proxy: market-cap top 1500 (Forbes list not available),large,,not found in ACRA,0
Fubon Financial,=Fubon,Taiwan,companiesmarketcap.com ranks 1-1000 by market cap (fetched 2026-09-28),,y,Proxy: market-cap top 1500 (Forbes list not available),large,,review matches only,0
American Electric Power,American Electric Power,United States,companiesmarketcap.com ranks 1-1000 by market cap (fetched 2026-09-28),,y,Proxy: market-cap top 1500 (Forbes list not available),large,,not found in ACRA,0
Macquarie Group Limited,Macquarie,Australia,companiesmarketcap.com ranks 1-1000 by market cap (fetched 2026-09-28),,y,Proxy: market-cap top 1500 (Forbes list not available),large,,qualified,36
Boston Scientific,Boston Scientific,United States,companiesmarketcap.com ranks 1-1000 by market cap (fetched 2026-09-28),,y,Proxy: market-cap top 1500 (Forbes list not available),large,,qualified,1
The Saudi National Bank,Saudi National Bank,Saudi Arabia,companiesmarketcap.com ranks 1-1000 by market cap (fetched 2026-09-28),,y,Proxy: market-cap top 1500 (Forbes list not available),large,,qualified,1
TE Connectivity,TE Connectivity,Switzerland,companiesmarketcap.com ranks 1-1000 by market cap (fetched 2026-09-28),,y,Proxy: market-cap top 1500 (Forbes list not available),large,,qualified,1
Astera Labs,Astera Labs,United States,companiesmarketcap.com ranks 1-1000 by market cap (fetched 2026-09-28),,y,Proxy: market-cap top 1500 (Forbes list not available),large,,qualified,1
Ma'aden,=Ma'aden,Saudi Arabia,companiesmarketcap.com ranks 1-1000 by market cap (fetched 2026-09-28),,y,Proxy: market-cap top 1500 (Forbes list not available),large,,qualified,1
Strategy,MicroStrategy,United States,companiesmarketcap.com ranks 1-1000 by market cap (fetched 2026-09-28),,y,Proxy: market-cap top 1500 (Forbes list not available),large,,qualified,1
Crédit Agricole,Credit Agricole;CACIB,France,companiesmarketcap.com ranks 1-1000 by market cap (fetched 2026-09-28),,y,Proxy: market-cap top 1500 (Forbes list not available),large,,qualified,1
Air Products and Chemicals,Air Products and Chemicals,United States,companiesmarketcap.com ranks 1-1000 by market cap (fetched 2026-09-28),,y,Proxy: market-cap top 1500 (Forbes list not available),large,,not found in ACRA,0
Hong Kong Exchanges & Clearing,Hong Kong Exchanges & Clearing,Hong Kong,companiesmarketcap.com ranks 1-1000 by market cap (fetched 2026-09-28),,y,Proxy: market-cap top 1500 (Forbes list not available),large,,not found in ACRA,0
TransDigm Group,=TransDigm,United States,companiesmarketcap.com ranks 1-1000 by market cap (fetched 2026-09-28),,y,Proxy: market-cap top 1500 (Forbes list not available),large,,not found in ACRA,0
Teradyne,=Teradyne,United States,companiesmarketcap.com ranks 1-1000 by market cap (fetched 2026-09-28),,y,Proxy: market-cap top 1500 (Forbes list not available),large,,qualified,1
MetLife,=MetLife,United States,companiesmarketcap.com ranks 1-1000 by market cap (fetched 2026-09-28),,y,Proxy: market-cap top 1500 (Forbes list not available),large,,qualified,2
Keysight,=Keysight,United States,companiesmarketcap.com ranks 1-1000 by market cap (fetched 2026-09-28),,y,Proxy: market-cap top 1500 (Forbes list not available),large,,qualified,3
Unimicron,=Unimicron,Taiwan,companiesmarketcap.com ranks 1-1000 by market cap (fetched 2026-09-28),,y,Proxy: market-cap top 1500 (Forbes list not available),large,,not found in ACRA,0
TC Energy,TC Energy,Canada,companiesmarketcap.com ranks 1-1000 by market cap (fetched 2026-09-28),,y,Proxy: market-cap top 1500 (Forbes list not available),large,,qualified,1
CSL,=CSL,Australia,companiesmarketcap.com ranks 1-1000 by market cap (fetched 2026-09-28),,y,Proxy: market-cap top 1500 (Forbes list not available),large,,qualified,3
Imperial Oil,Imperial Oil,Canada,companiesmarketcap.com ranks 1-1000 by market cap (fetched 2026-09-28),,y,Proxy: market-cap top 1500 (Forbes list not available),large,,not found in ACRA,0
Sea Limited,Shopee;Garena;SeaMoney;Sea Group,Singapore,companiesmarketcap.com ranks 1-1000 by market cap (fetched 2026-09-28),Singapore-HQ group with operations outside Singapore (curated; verify),y,Proxy: market-cap top 1500 (Forbes list not available),large,,qualified,47
United Microelectronics,United Microelectronics,Taiwan,companiesmarketcap.com ranks 1-1000 by market cap (fetched 2026-09-28),,y,Proxy: market-cap top 1500 (Forbes list not available),large,,qualified,1
KBC,=KBC,Belgium,companiesmarketcap.com ranks 1-1000 by market cap (fetched 2026-09-28),,y,Proxy: market-cap top 1500 (Forbes list not available),large,,qualified,1
Takeda Pharmaceutical,Takeda Pharmaceutical;Takeda,Japan,companiesmarketcap.com ranks 1-1000 by market cap (fetched 2026-09-28),,y,Proxy: market-cap top 1500 (Forbes list not available),large,,qualified,4
CITIC Securities,CITIC Securities,China,companiesmarketcap.com ranks 1-1000 by market cap (fetched 2026-09-28),,y,Proxy: market-cap top 1500 (Forbes list not available),large,,not found in ACRA,0
First Abu Dhabi Bank,First Abu Dhabi Bank,UAE,companiesmarketcap.com ranks 1-1000 by market cap (fetched 2026-09-28),,y,Proxy: market-cap top 1500 (Forbes list not available),large,,qualified,1
NXP Semiconductors,NXP Semiconductors,Netherlands,companiesmarketcap.com ranks 1-1000 by market cap (fetched 2026-09-28),,y,Proxy: market-cap top 1500 (Forbes list not available),large,,qualified,1
Société Générale,Societe Generale,France,companiesmarketcap.com ranks 1-1000 by market cap (fetched 2026-09-28),,y,Proxy: market-cap top 1500 (Forbes list not available),large,,qualified,1
Argenx,=Argenx,Netherlands,companiesmarketcap.com ranks 1-1000 by market cap (fetched 2026-09-28),,y,Proxy: market-cap top 1500 (Forbes list not available),large,,not found in ACRA,0
Targa Resources,Targa Resources,United States,companiesmarketcap.com ranks 1-1000 by market cap (fetched 2026-09-28),,y,Proxy: market-cap top 1500 (Forbes list not available),large,,not found in ACRA,0
Natera,=Natera,United States,companiesmarketcap.com ranks 1-1000 by market cap (fetched 2026-09-28),,y,Proxy: market-cap top 1500 (Forbes list not available),large,,not found in ACRA,0
Nan Ya Plastics,Nan Ya Plastics,Taiwan,companiesmarketcap.com ranks 1-1000 by market cap (fetched 2026-09-28),,y,Proxy: market-cap top 1500 (Forbes list not available),large,,not found in ACRA,0
Nintendo,=Nintendo,Japan,companiesmarketcap.com ranks 1-1000 by market cap (fetched 2026-09-28),,y,Proxy: market-cap top 1500 (Forbes list not available),large,,qualified,1
Arthur J. Gallagher & Co.,Arthur J. Gallagher;Gallagher,United States,companiesmarketcap.com ranks 1-1000 by market cap (fetched 2026-09-28),,y,Proxy: market-cap top 1500 (Forbes list not available),large,,qualified,1
Great-West Lifeco,Great-West Lifeco,Canada,companiesmarketcap.com ranks 1-1000 by market cap (fetched 2026-09-28),,y,Proxy: market-cap top 1500 (Forbes list not available),large,,not found in ACRA,0
Aon,Aon,United Kingdom,companiesmarketcap.com ranks 1-1000 by market cap (fetched 2026-09-28),,y,Proxy: market-cap top 1500 (Forbes list not available),large,,qualified,2
Wesfarmers,=Wesfarmers,Australia,companiesmarketcap.com ranks 1-1000 by market cap (fetched 2026-09-28),,y,Proxy: market-cap top 1500 (Forbes list not available),large,,review matches only,0
Paccar,=Paccar,United States,companiesmarketcap.com ranks 1-1000 by market cap (fetched 2026-09-28),,y,Proxy: market-cap top 1500 (Forbes list not available),large,,not found in ACRA,0
Cencora,=Cencora,United States,companiesmarketcap.com ranks 1-1000 by market cap (fetched 2026-09-28),,y,Proxy: market-cap top 1500 (Forbes list not available),large,,qualified,1
W. W. Grainger,W. W. Grainger,United States,companiesmarketcap.com ranks 1-1000 by market cap (fetched 2026-09-28),,y,Proxy: market-cap top 1500 (Forbes list not available),large,,not found in ACRA,0
Deutsche Börse,Deutsche Borse;Deutsche Boerse;Eurex;Clearstream,Germany,companiesmarketcap.com ranks 1-1000 by market cap (fetched 2026-09-28),,y,Proxy: market-cap top 1500 (Forbes list not available),large,,qualified,5
Comfort Systems USA,Comfort Systems USA,United States,companiesmarketcap.com ranks 1-1000 by market cap (fetched 2026-09-28),,y,Proxy: market-cap top 1500 (Forbes list not available),large,,not found in ACRA,0
RELX,RELX;Elsevier;LexisNexis,United Kingdom,companiesmarketcap.com ranks 1-1000 by market cap (fetched 2026-09-28),,y,Proxy: market-cap top 1500 (Forbes list not available),large,,qualified,2
Truist Financial Corporation,=Truist,United States,companiesmarketcap.com ranks 1-1000 by market cap (fetched 2026-09-28),,y,Proxy: market-cap top 1500 (Forbes list not available),large,,not found in ACRA,0
Nokia,=Nokia,Finland,companiesmarketcap.com ranks 1-1000 by market cap (fetched 2026-09-28),,y,Proxy: market-cap top 1500 (Forbes list not available),large,,qualified,2
Coherent Corp.,=Coherent,United States,companiesmarketcap.com ranks 1-1000 by market cap (fetched 2026-09-28),,y,Proxy: market-cap top 1500 (Forbes list not available),large,,qualified,2
Vale,Vale International;Vale Singapore,Brazil,companiesmarketcap.com ranks 1-1000 by market cap (fetched 2026-09-28),,y,Proxy: market-cap top 1500 (Forbes list not available),large,,qualified,1
Fastenal,=Fastenal,United States,companiesmarketcap.com ranks 1-1000 by market cap (fetched 2026-09-28),,y,Proxy: market-cap top 1500 (Forbes list not available),large,,qualified,1
Saudi Telecom Company,Saudi Telecom,Saudi Arabia,companiesmarketcap.com ranks 1-1000 by market cap (fetched 2026-09-28),,y,Proxy: market-cap top 1500 (Forbes list not available),large,,not found in ACRA,0
MPLX,=MPLX,United States,companiesmarketcap.com ranks 1-1000 by market cap (fetched 2026-09-28),,y,Proxy: market-cap top 1500 (Forbes list not available),large,,not found in ACRA,0
Allstate,=Allstate,United States,companiesmarketcap.com ranks 1-1000 by market cap (fetched 2026-09-28),,y,Proxy: market-cap top 1500 (Forbes list not available),large,,qualified,1
Ametek,=Ametek,United States,companiesmarketcap.com ranks 1-1000 by market cap (fetched 2026-09-28),,y,Proxy: market-cap top 1500 (Forbes list not available),large,,qualified,1
National Bank of Canada,National Bank of Canada,Canada,companiesmarketcap.com ranks 1-1000 by market cap (fetched 2026-09-28),,y,Proxy: market-cap top 1500 (Forbes list not available),large,,not found in ACRA,0
Baker Hughes,Baker Hughes,United States,companiesmarketcap.com ranks 1-1000 by market cap (fetched 2026-09-28),,y,Proxy: market-cap top 1500 (Forbes list not available),large,,qualified,5
Anglo American,Anglo American,United Kingdom,companiesmarketcap.com ranks 1-1000 by market cap (fetched 2026-09-28),,y,Proxy: market-cap top 1500 (Forbes list not available),large,,qualified,5
Luxshare Precision,Luxshare Precision,China,companiesmarketcap.com ranks 1-1000 by market cap (fetched 2026-09-28),,y,Proxy: market-cap top 1500 (Forbes list not available),large,,qualified,1
Cenovus Energy,Cenovus Energy,Canada,companiesmarketcap.com ranks 1-1000 by market cap (fetched 2026-09-28),,y,Proxy: market-cap top 1500 (Forbes list not available),large,,not found in ACRA,0
Aflac,=Aflac,United States,companiesmarketcap.com ranks 1-1000 by market cap (fetched 2026-09-28),,y,Proxy: market-cap top 1500 (Forbes list not available),large,,not found in ACRA,0
Occidental Petroleum,Occidental Petroleum,United States,companiesmarketcap.com ranks 1-1000 by market cap (fetched 2026-09-28),,y,Proxy: market-cap top 1500 (Forbes list not available),large,,not found in ACRA,0
Garmin,=Garmin,Switzerland,companiesmarketcap.com ranks 1-1000 by market cap (fetched 2026-09-28),,y,Proxy: market-cap top 1500 (Forbes list not available),large,,qualified,1
Lenovo,Lenovo,Hong Kong,companiesmarketcap.com ranks 1-1000 by market cap (fetched 2026-09-28),,y,Proxy: market-cap top 1500 (Forbes list not available),large,,qualified,6
CRH,=CRH,Ireland,companiesmarketcap.com ranks 1-1000 by market cap (fetched 2026-09-28),,y,Proxy: market-cap top 1500 (Forbes list not available),large,,qualified,1
Nongfu Spring,Nongfu Spring,China,companiesmarketcap.com ranks 1-1000 by market cap (fetched 2026-09-28),,y,Proxy: market-cap top 1500 (Forbes list not available),large,,qualified,1
Industrial Bank,Industrial Bank Co,China,companiesmarketcap.com ranks 1-1000 by market cap (fetched 2026-09-28),,y,Proxy: market-cap top 1500 (Forbes list not available),large,,not found in ACRA,0
Nucor,=Nucor,United States,companiesmarketcap.com ranks 1-1000 by market cap (fetched 2026-09-28),,y,Proxy: market-cap top 1500 (Forbes list not available),large,,not found in ACRA,0
UOB,United Overseas Bank;UOB Asset;UOB Kay Hian;UOB Venture,Singapore,companiesmarketcap.com ranks 1-1000 by market cap (fetched 2026-09-28),Singapore-HQ group with operations outside Singapore (curated; verify),y,Proxy: market-cap top 1500 (Forbes list not available),large,,qualified,9
Bayer,Bayer,Germany,companiesmarketcap.com ranks 1-1000 by market cap (fetched 2026-09-28),,y,Proxy: market-cap top 1500 (Forbes list not available),large,,qualified,1
Oneok,=Oneok,United States,companiesmarketcap.com ranks 1-1000 by market cap (fetched 2026-09-28),,y,Proxy: market-cap top 1500 (Forbes list not available),large,,not found in ACRA,0
Delta Air Lines,Delta Air Lines,United States,companiesmarketcap.com ranks 1-1000 by market cap (fetched 2026-09-28),,y,Proxy: market-cap top 1500 (Forbes list not available),large,,qualified,1
Cheniere Energy,Cheniere Energy,United States,companiesmarketcap.com ranks 1-1000 by market cap (fetched 2026-09-28),,y,Proxy: market-cap top 1500 (Forbes list not available),large,,not found in ACRA,0
Singtel,Singapore Telecommunications;Singtel;NCS Pte;Trustwave,Singapore,companiesmarketcap.com ranks 1-1000 by market cap (fetched 2026-09-28),Singapore-HQ group with operations outside Singapore (curated; verify),y,Proxy: market-cap top 1500 (Forbes list not available),large,,qualified,40
Larsen & Toubro,Larsen & Toubro,India,companiesmarketcap.com ranks 1-1000 by market cap (fetched 2026-09-28),,y,Proxy: market-cap top 1500 (Forbes list not available),large,,not found in ACRA,0
Erste Group Bank,Erste Group Bank,Austria,companiesmarketcap.com ranks 1-1000 by market cap (fetched 2026-09-28),,y,Proxy: market-cap top 1500 (Forbes list not available),large,,not found in ACRA,0
BTG Pactual,BTG Pactual,Brazil,companiesmarketcap.com ranks 1-1000 by market cap (fetched 2026-09-28),,y,Proxy: market-cap top 1500 (Forbes list not available),large,,not found in ACRA,0
Sumitomo Corporation,Sumitomo Corporation,Japan,companiesmarketcap.com ranks 1-1000 by market cap (fetched 2026-09-28),,y,Proxy: market-cap top 1500 (Forbes list not available),large,,qualified,3
Public Storage,Public Storage,United States,companiesmarketcap.com ranks 1-1000 by market cap (fetched 2026-09-28),,y,Proxy: market-cap top 1500 (Forbes list not available),large,,not found in ACRA,0
Thales,=Thales,France,companiesmarketcap.com ranks 1-1000 by market cap (fetched 2026-09-28),,y,Proxy: market-cap top 1500 (Forbes list not available),large,,qualified,3
Dominion Energy,Dominion Energy,United States,companiesmarketcap.com ranks 1-1000 by market cap (fetched 2026-09-28),,y,Proxy: market-cap top 1500 (Forbes list not available),large,,not found in ACRA,0
ArcelorMittal,=ArcelorMittal,Luxembourg,companiesmarketcap.com ranks 1-1000 by market cap (fetched 2026-09-28),,y,Proxy: market-cap top 1500 (Forbes list not available),large,,qualified,1
Emirates NBD Bank PJSC,Emirates NBD Bank PJSC,UAE,companiesmarketcap.com ranks 1-1000 by market cap (fetched 2026-09-28),,y,Proxy: market-cap top 1500 (Forbes list not available),large,,not found in ACRA,0
Nike,=Nike,United States,companiesmarketcap.com ranks 1-1000 by market cap (fetched 2026-09-28),,y,Proxy: market-cap top 1500 (Forbes list not available),large,,qualified,1
The People's Insurance Company,People's Insurance;=PICC,China,companiesmarketcap.com ranks 1-1000 by market cap (fetched 2026-09-28),,y,Proxy: market-cap top 1500 (Forbes list not available),large,,not found in ACRA,0
RWE,=RWE,Germany,companiesmarketcap.com ranks 1-1000 by market cap (fetched 2026-09-28),,y,Proxy: market-cap top 1500 (Forbes list not available),large,,review matches only,0
Realty Income,Realty Income,United States,companiesmarketcap.com ranks 1-1000 by market cap (fetched 2026-09-28),,y,Proxy: market-cap top 1500 (Forbes list not available),large,,not found in ACRA,0
Corteva,=Corteva,United States,companiesmarketcap.com ranks 1-1000 by market cap (fetched 2026-09-28),,y,Proxy: market-cap top 1500 (Forbes list not available),large,,review matches only,0
Rheinmetall,=Rheinmetall,Germany,companiesmarketcap.com ranks 1-1000 by market cap (fetched 2026-09-28),,y,Proxy: market-cap top 1500 (Forbes list not available),large,,qualified,1
London Stock Exchange,London Stock Exchange;LSEG;Refinitiv,United Kingdom,companiesmarketcap.com ranks 1-1000 by market cap (fetched 2026-09-28),,y,Proxy: market-cap top 1500 (Forbes list not available),large,,qualified,2
Fujikura,=Fujikura,Japan,companiesmarketcap.com ranks 1-1000 by market cap (fetched 2026-09-28),,y,Proxy: market-cap top 1500 (Forbes list not available),large,,qualified,1
Nasdaq,=Nasdaq,United States,companiesmarketcap.com ranks 1-1000 by market cap (fetched 2026-09-28),,y,Proxy: market-cap top 1500 (Forbes list not available),large,,qualified,1
Diamondback Energy,Diamondback Energy,United States,companiesmarketcap.com ranks 1-1000 by market cap (fetched 2026-09-28),,y,Proxy: market-cap top 1500 (Forbes list not available),large,,not found in ACRA,0
China Telecom,China Telecom,China,companiesmarketcap.com ranks 1-1000 by market cap (fetched 2026-09-28),,y,Proxy: market-cap top 1500 (Forbes list not available),large,,qualified,3
Commerzbank,=Commerzbank,Germany,companiesmarketcap.com ranks 1-1000 by market cap (fetched 2026-09-28),,y,Proxy: market-cap top 1500 (Forbes list not available),large,,review matches only,0
Devon Energy,Devon Energy,United States,companiesmarketcap.com ranks 1-1000 by market cap (fetched 2026-09-28),,y,Proxy: market-cap top 1500 (Forbes list not available),large,,not found in ACRA,0
Coinbase,Coinbase,United States,companiesmarketcap.com ranks 1-1000 by market cap (fetched 2026-09-28),,y,Proxy: market-cap top 1500 (Forbes list not available),large,,qualified,4
Emirates Telecom,Emirates Telecom;Etisalat Group,UAE,companiesmarketcap.com ranks 1-1000 by market cap (fetched 2026-09-28),,y,Proxy: market-cap top 1500 (Forbes list not available),large,,not found in ACRA,0
Meituan,Meituan;=Keeta,China,companiesmarketcap.com ranks 1-1000 by market cap (fetched 2026-09-28),,y,Proxy: market-cap top 1500 (Forbes list not available),large,,qualified,2
Loblaw Companies,=Loblaw,Canada,companiesmarketcap.com ranks 1-1000 by market cap (fetched 2026-09-28),,y,Proxy: market-cap top 1500 (Forbes list not available),large,,not found in ACRA,0
E.ON,=E.ON,Germany,companiesmarketcap.com ranks 1-1000 by market cap (fetched 2026-09-28),,y,Proxy: market-cap top 1500 (Forbes list not available),large,,qualified,1
Cathay Financial Holding,Cathay United Bank;Cathay Life Insurance,Taiwan,companiesmarketcap.com ranks 1-1000 by market cap (fetched 2026-09-28),,y,Proxy: market-cap top 1500 (Forbes list not available),large,,qualified,1
Maersk,Maersk;Damco,Denmark,companiesmarketcap.com ranks 1-1000 by market cap (fetched 2026-09-28),,y,Proxy: market-cap top 1500 (Forbes list not available),large,,qualified,4
Cardinal Health,Cardinal Health,United States,companiesmarketcap.com ranks 1-1000 by market cap (fetched 2026-09-28),,y,Proxy: market-cap top 1500 (Forbes list not available),large,,qualified,2
Sempra,=Sempra,United States,companiesmarketcap.com ranks 1-1000 by market cap (fetched 2026-09-28),,y,Proxy: market-cap top 1500 (Forbes list not available),large,,review matches only,0
Alimentation Couche-Tard,Alimentation Couche-Tard,Canada,companiesmarketcap.com ranks 1-1000 by market cap (fetched 2026-09-28),,y,Proxy: market-cap top 1500 (Forbes list not available),large,,not found in ACRA,0
Ford,=Ford,United States,companiesmarketcap.com ranks 1-1000 by market cap (fetched 2026-09-28),,y,Proxy: market-cap top 1500 (Forbes list not available),large,,not found in ACRA,0
Ciena,=Ciena,United States,companiesmarketcap.com ranks 1-1000 by market cap (fetched 2026-09-28),,y,Proxy: market-cap top 1500 (Forbes list not available),large,,review matches only,0
Swiss Re,Swiss Re;Swiss Reinsurance,Switzerland,companiesmarketcap.com ranks 1-1000 by market cap (fetched 2026-09-28),,y,Proxy: market-cap top 1500 (Forbes list not available),large,,qualified,4
AngloGold Ashanti,AngloGold Ashanti,South Africa,companiesmarketcap.com ranks 1-1000 by market cap (fetched 2026-09-28),,y,Proxy: market-cap top 1500 (Forbes list not available),large,,not found in ACRA,0
Becton Dickinson,Becton Dickinson,United States,companiesmarketcap.com ranks 1-1000 by market cap (fetched 2026-09-28),,y,Proxy: market-cap top 1500 (Forbes list not available),large,,qualified,7
Compass Group,Compass Group,United Kingdom,companiesmarketcap.com ranks 1-1000 by market cap (fetched 2026-09-28),,y,Proxy: market-cap top 1500 (Forbes list not available),large,,qualified,3
Marubeni,=Marubeni,Japan,companiesmarketcap.com ranks 1-1000 by market cap (fetched 2026-09-28),,y,Proxy: market-cap top 1500 (Forbes list not available),large,,qualified,2
Hoya,=Hoya,Japan,companiesmarketcap.com ranks 1-1000 by market cap (fetched 2026-09-28),,y,Proxy: market-cap top 1500 (Forbes list not available),large,,qualified,2
State Street Corporation,State Street,United States,companiesmarketcap.com ranks 1-1000 by market cap (fetched 2026-09-28),,y,Proxy: market-cap top 1500 (Forbes list not available),large,,qualified,5
Edwards Lifesciences,Edwards Lifesciences,United States,companiesmarketcap.com ranks 1-1000 by market cap (fetched 2026-09-28),,y,Proxy: market-cap top 1500 (Forbes list not available),large,,qualified,3
Franco-Nevada,=Franco-Nevada,Canada,companiesmarketcap.com ranks 1-1000 by market cap (fetched 2026-09-28),,y,Proxy: market-cap top 1500 (Forbes list not available),large,,not found in ACRA,0
CITIC limited,=CITIC,China,companiesmarketcap.com ranks 1-1000 by market cap (fetched 2026-09-28),,y,Proxy: market-cap top 1500 (Forbes list not available),large,,qualified,1
BASF,BASF,Germany,companiesmarketcap.com ranks 1-1000 by market cap (fetched 2026-09-28),,y,Proxy: market-cap top 1500 (Forbes list not available),large,,qualified,3
Cerebras Systems,Cerebras Systems,United States,companiesmarketcap.com ranks 1-1000 by market cap (fetched 2026-09-28),,y,Proxy: market-cap top 1500 (Forbes list not available),large,,not found in ACRA,0
Endesa,=Endesa,Spain,companiesmarketcap.com ranks 1-1000 by market cap (fetched 2026-09-28),,y,Proxy: market-cap top 1500 (Forbes list not available),large,,not found in ACRA,0
Nanya Technology,Nanya Technology,Taiwan,companiesmarketcap.com ranks 1-1000 by market cap (fetched 2026-09-28),,y,Proxy: market-cap top 1500 (Forbes list not available),large,,not found in ACRA,0
Agilent Technologies,Agilent Technologies,United States,companiesmarketcap.com ranks 1-1000 by market cap (fetched 2026-09-28),,y,Proxy: market-cap top 1500 (Forbes list not available),large,,qualified,6
Diageo,Diageo,United Kingdom,companiesmarketcap.com ranks 1-1000 by market cap (fetched 2026-09-28),,y,Proxy: market-cap top 1500 (Forbes list not available),large,,qualified,1
Wabtec,=Wabtec,United States,companiesmarketcap.com ranks 1-1000 by market cap (fetched 2026-09-28),,y,Proxy: market-cap top 1500 (Forbes list not available),large,,review matches only,0
Lonza,=Lonza,Switzerland,companiesmarketcap.com ranks 1-1000 by market cap (fetched 2026-09-28),,y,Proxy: market-cap top 1500 (Forbes list not available),large,,qualified,1
DNB,=DNB,Norway,companiesmarketcap.com ranks 1-1000 by market cap (fetched 2026-09-28),,y,Proxy: market-cap top 1500 (Forbes list not available),large,,review matches only,0
Rockwell Automation,Rockwell Automation,United States,companiesmarketcap.com ranks 1-1000 by market cap (fetched 2026-09-28),,y,Proxy: market-cap top 1500 (Forbes list not available),large,,qualified,2
CoreWeave,=CoreWeave,United States,companiesmarketcap.com ranks 1-1000 by market cap (fetched 2026-09-28),,y,Proxy: market-cap top 1500 (Forbes list not available),large,,qualified,1
eBay,eBay,United States,companiesmarketcap.com ranks 1-1000 by market cap (fetched 2026-09-28),,y,Proxy: market-cap top 1500 (Forbes list not available),large,,qualified,2
Swire Pacific,Swire Pacific,Hong Kong,companiesmarketcap.com ranks 1-1000 by market cap (fetched 2026-09-28),,y,Proxy: market-cap top 1500 (Forbes list not available),large,,qualified,1
Humana,=Humana,United States,companiesmarketcap.com ranks 1-1000 by market cap (fetched 2026-09-28),,y,Proxy: market-cap top 1500 (Forbes list not available),large,,review matches only,0
Shengyi Technology,Shengyi Technology;=SYTECH,China,companiesmarketcap.com ranks 1-1000 by market cap (fetched 2026-09-28),,y,Proxy: market-cap top 1500 (Forbes list not available),large,,qualified,2
Samsung Biologics,Samsung Biologics,South Korea,companiesmarketcap.com ranks 1-1000 by market cap (fetched 2026-09-28),,y,Proxy: market-cap top 1500 (Forbes list not available),large,,not found in ACRA,0
Atlassian,Atlassian,Australia,companiesmarketcap.com ranks 1-1000 by market cap (fetched 2026-09-28),,y,Proxy: market-cap top 1500 (Forbes list not available),large,,qualified,1
Zijin Gold International Company Limited,Zijin Gold,Hong Kong,companiesmarketcap.com ranks 1-1000 by market cap (fetched 2026-09-28),,y,Proxy: market-cap top 1500 (Forbes list not available),large,,not found in ACRA,0
Antofagasta,=Antofagasta,United Kingdom,companiesmarketcap.com ranks 1-1000 by market cap (fetched 2026-09-28),,y,Proxy: market-cap top 1500 (Forbes list not available),large,,not found in ACRA,0
Rocket Lab,Rocket Lab,United States,companiesmarketcap.com ranks 1-1000 by market cap (fetched 2026-09-28),,y,Proxy: market-cap top 1500 (Forbes list not available),large,,review matches only,0
Fifth Third Bank,Fifth Third Bank,United States,companiesmarketcap.com ranks 1-1000 by market cap (fetched 2026-09-28),,y,Proxy: market-cap top 1500 (Forbes list not available),large,,not found in ACRA,0
Porsche,=Porsche,Germany,companiesmarketcap.com ranks 1-1000 by market cap (fetched 2026-09-28),,y,Proxy: market-cap top 1500 (Forbes list not available),large,,qualified,3
Entergy,=Entergy,United States,companiesmarketcap.com ranks 1-1000 by market cap (fetched 2026-09-28),,y,Proxy: market-cap top 1500 (Forbes list not available),large,,not found in ACRA,0
PayPal,PayPal,United States,companiesmarketcap.com ranks 1-1000 by market cap (fetched 2026-09-28),,y,Proxy: market-cap top 1500 (Forbes list not available),large,,qualified,4
Sandvik,=Sandvik,Sweden,companiesmarketcap.com ranks 1-1000 by market cap (fetched 2026-09-28),,y,Proxy: market-cap top 1500 (Forbes list not available),large,,qualified,1
ASM International,=ASM,Netherlands,companiesmarketcap.com ranks 1-1000 by market cap (fetched 2026-09-28),,y,Proxy: market-cap top 1500 (Forbes list not available),large,,qualified,9
PICC Property and Casualty Company Limited,PICC Property and Casualty,China,companiesmarketcap.com ranks 1-1000 by market cap (fetched 2026-09-28),,y,Proxy: market-cap top 1500 (Forbes list not available),large,,not found in ACRA,0
Swedbank,=Swedbank,Sweden,companiesmarketcap.com ranks 1-1000 by market cap (fetched 2026-09-28),,y,Proxy: market-cap top 1500 (Forbes list not available),large,,not found in ACRA,0
Medline,=Medline,United States,companiesmarketcap.com ranks 1-1000 by market cap (fetched 2026-09-28),,y,Proxy: market-cap top 1500 (Forbes list not available),large,,qualified,1
UCB,=UCB,Belgium,companiesmarketcap.com ranks 1-1000 by market cap (fetched 2026-09-28),,y,Proxy: market-cap top 1500 (Forbes list not available),large,,review matches only,0
Danske Bank,Danske Bank,Denmark,companiesmarketcap.com ranks 1-1000 by market cap (fetched 2026-09-28),,y,Proxy: market-cap top 1500 (Forbes list not available),large,,not found in ACRA,0
Kuwait Finance House,Kuwait Finance House,Kuwait,companiesmarketcap.com ranks 1-1000 by market cap (fetched 2026-09-28),,y,Proxy: market-cap top 1500 (Forbes list not available),large,,not found in ACRA,0
Vistra,Vistra Corp,United States,companiesmarketcap.com ranks 1-1000 by market cap (fetched 2026-09-28),,y,Proxy: market-cap top 1500 (Forbes list not available),large,,not found in ACRA,0
Carrier Global,Carrier Global,United States,companiesmarketcap.com ranks 1-1000 by market cap (fetched 2026-09-28),,y,Proxy: market-cap top 1500 (Forbes list not available),large,,not found in ACRA,0
AutoZone,=AutoZone,United States,companiesmarketcap.com ranks 1-1000 by market cap (fetched 2026-09-28),,y,Proxy: market-cap top 1500 (Forbes list not available),large,,review matches only,0
Hindustan Unilever,Hindustan Unilever,India,companiesmarketcap.com ranks 1-1000 by market cap (fetched 2026-09-28),,y,Proxy: market-cap top 1500 (Forbes list not available),large,,not found in ACRA,0
Skandinaviska Enskilda Banken,Skandinaviska Enskilda Banken,Sweden,companiesmarketcap.com ranks 1-1000 by market cap (fetched 2026-09-28),,y,Proxy: market-cap top 1500 (Forbes list not available),large,,qualified,1
STMicroelectronics,=STMicroelectronics,Switzerland,companiesmarketcap.com ranks 1-1000 by market cap (fetched 2026-09-28),,y,Proxy: market-cap top 1500 (Forbes list not available),large,,qualified,2
AMEC,=AMEC,China,companiesmarketcap.com ranks 1-1000 by market cap (fetched 2026-09-28),,y,Proxy: market-cap top 1500 (Forbes list not available),large,,review matches only,0
Sun Pharmaceutical,Sun Pharmaceutical,India,companiesmarketcap.com ranks 1-1000 by market cap (fetched 2026-09-28),,y,Proxy: market-cap top 1500 (Forbes list not available),large,,qualified,1
Celestica,=Celestica,Canada,companiesmarketcap.com ranks 1-1000 by market cap (fetched 2026-09-28),,y,Proxy: market-cap top 1500 (Forbes list not available),large,,qualified,1
MS&AD Insurance,MS&AD Insurance;Mitsui Sumitomo Insurance;Aioi Nissay Dowa;MS First Capital,Japan,companiesmarketcap.com ranks 1-1000 by market cap (fetched 2026-09-28),,y,Proxy: market-cap top 1500 (Forbes list not available),large,,qualified,2
Block,=Block;Afterpay,United States,companiesmarketcap.com ranks 1-1000 by market cap (fetched 2026-09-28),,y,Proxy: market-cap top 1500 (Forbes list not available),large,,qualified,6
Galderma Group,=Galderma,Switzerland,companiesmarketcap.com ranks 1-1000 by market cap (fetched 2026-09-28),,y,Proxy: market-cap top 1500 (Forbes list not available),large,,qualified,1
Teva Pharmaceutical Industries,Teva Pharmaceutical Industries,Israel,companiesmarketcap.com ranks 1-1000 by market cap (fetched 2026-09-28),,y,Proxy: market-cap top 1500 (Forbes list not available),large,,not found in ACRA,0
Workday,Workday,United States,companiesmarketcap.com ranks 1-1000 by market cap (fetched 2026-09-28),,y,Proxy: market-cap top 1500 (Forbes list not available),large,,qualified,1
Shanghai Pudong Development Bank,Shanghai Pudong Development Bank,China,companiesmarketcap.com ranks 1-1000 by market cap (fetched 2026-09-28),,y,Proxy: market-cap top 1500 (Forbes list not available),large,,qualified,1
Veeva Systems,Veeva Systems,United States,companiesmarketcap.com ranks 1-1000 by market cap (fetched 2026-09-28),,y,Proxy: market-cap top 1500 (Forbes list not available),large,,qualified,1
Rosneft,=Rosneft,Russia,companiesmarketcap.com ranks 1-1000 by market cap (fetched 2026-09-28),,y,Proxy: market-cap top 1500 (Forbes list not available),large,,qualified,1
ORLEN,=ORLEN,Poland,companiesmarketcap.com ranks 1-1000 by market cap (fetched 2026-09-28),,y,Proxy: market-cap top 1500 (Forbes list not available),large,,review matches only,0
Mercedes-Benz,=Mercedes-Benz,Germany,companiesmarketcap.com ranks 1-1000 by market cap (fetched 2026-09-28),,y,Proxy: market-cap top 1500 (Forbes list not available),large,,qualified,1
Walmex,=Walmex,Mexico,companiesmarketcap.com ranks 1-1000 by market cap (fetched 2026-09-28),,y,Proxy: market-cap top 1500 (Forbes list not available),large,,not found in ACRA,0
Heineken,Heineken;Asia Pacific Breweries,Netherlands,companiesmarketcap.com ranks 1-1000 by market cap (fetched 2026-09-28),,y,Proxy: market-cap top 1500 (Forbes list not available),large,,qualified,5
Holcim Group,=Holcim,Switzerland,companiesmarketcap.com ranks 1-1000 by market cap (fetched 2026-09-28),,y,Proxy: market-cap top 1500 (Forbes list not available),large,,qualified,2
Ambev,=Ambev,Brazil,companiesmarketcap.com ranks 1-1000 by market cap (fetched 2026-09-28),,y,Proxy: market-cap top 1500 (Forbes list not available),large,,not found in ACRA,0
Japan Post Holdings,Japan Post,Japan,companiesmarketcap.com ranks 1-1000 by market cap (fetched 2026-09-28),,y,Proxy: market-cap top 1500 (Forbes list not available),large,,not found in ACRA,0
Coca-Cola European Partners,Coca-Cola European Partners;Coca-Cola Europacific,United Kingdom,companiesmarketcap.com ranks 1-1000 by market cap (fetched 2026-09-28),,y,Proxy: market-cap top 1500 (Forbes list not available),large,,qualified,1
KB Financial Group,Kookmin Bank;KB Kookmin,South Korea,companiesmarketcap.com ranks 1-1000 by market cap (fetched 2026-09-28),,y,Proxy: market-cap top 1500 (Forbes list not available),large,,qualified,1
IQVIA,=IQVIA,United States,companiesmarketcap.com ranks 1-1000 by market cap (fetched 2026-09-28),,y,Proxy: market-cap top 1500 (Forbes list not available),large,,qualified,2
Titan Company,Titan Company,India,companiesmarketcap.com ranks 1-1000 by market cap (fetched 2026-09-28),,y,Proxy: market-cap top 1500 (Forbes list not available),large,,not found in ACRA,0
Sun Life Financial,Sun Life,Canada,companiesmarketcap.com ranks 1-1000 by market cap (fetched 2026-09-28),,y,Proxy: market-cap top 1500 (Forbes list not available),large,,qualified,4
Ventas,=Ventas,United States,companiesmarketcap.com ranks 1-1000 by market cap (fetched 2026-09-28),,y,Proxy: market-cap top 1500 (Forbes list not available),large,,review matches only,0
Dai-ichi Life Holdings,Dai-ichi Life,Japan,companiesmarketcap.com ranks 1-1000 by market cap (fetched 2026-09-28),,y,Proxy: market-cap top 1500 (Forbes list not available),large,,not found in ACRA,0
L3Harris Technologies,L3Harris Technologies,United States,companiesmarketcap.com ranks 1-1000 by market cap (fetched 2026-09-28),,y,Proxy: market-cap top 1500 (Forbes list not available),large,,not found in ACRA,0
Aena,=Aena,Spain,companiesmarketcap.com ranks 1-1000 by market cap (fetched 2026-09-28),,y,Proxy: market-cap top 1500 (Forbes list not available),large,,not found in ACRA,0
Danone,Danone,France,companiesmarketcap.com ranks 1-1000 by market cap (fetched 2026-09-28),,y,Proxy: market-cap top 1500 (Forbes list not available),large,,qualified,10
Guotai Junan Securities,Guotai Junan Securities,China,companiesmarketcap.com ranks 1-1000 by market cap (fetched 2026-09-28),,y,Proxy: market-cap top 1500 (Forbes list not available),large,,not found in ACRA,0
Jiangsu Hengrui Medicine,Jiangsu Hengrui Medicine,China,companiesmarketcap.com ranks 1-1000 by market cap (fetched 2026-09-28),,y,Proxy: market-cap top 1500 (Forbes list not available),large,,not found in ACRA,0
Revolution Medicines,Revolution Medicines,United States,companiesmarketcap.com ranks 1-1000 by market cap (fetched 2026-09-28),,y,Proxy: market-cap top 1500 (Forbes list not available),large,,not found in ACRA,0
Toyota Tsusho,Toyota Tsusho,Japan,companiesmarketcap.com ranks 1-1000 by market cap (fetched 2026-09-28),,y,Proxy: market-cap top 1500 (Forbes list not available),large,,qualified,7
Hikvision,=Hikvision,China,companiesmarketcap.com ranks 1-1000 by market cap (fetched 2026-09-28),,y,Proxy: market-cap top 1500 (Forbes list not available),large,,qualified,2
Lukoil,=Lukoil,Russia,companiesmarketcap.com ranks 1-1000 by market cap (fetched 2026-09-28),,y,Proxy: market-cap top 1500 (Forbes list not available),large,,not found in ACRA,0
DSV,=DSV,Denmark,companiesmarketcap.com ranks 1-1000 by market cap (fetched 2026-09-28),,y,Proxy: market-cap top 1500 (Forbes list not available),large,,review matches only,0
Autodesk,Autodesk,United States,companiesmarketcap.com ranks 1-1000 by market cap (fetched 2026-09-28),,y,Proxy: market-cap top 1500 (Forbes list not available),large,,qualified,1
China Pacific Insurance,China Pacific Insurance,China,companiesmarketcap.com ranks 1-1000 by market cap (fetched 2026-09-28),,y,Proxy: market-cap top 1500 (Forbes list not available),large,,not found in ACRA,0
Quanta Computer,Quanta Computer,Taiwan,companiesmarketcap.com ranks 1-1000 by market cap (fetched 2026-09-28),,y,Proxy: market-cap top 1500 (Forbes list not available),large,,not found in ACRA,0
Fujitsu,Fujitsu,Japan,companiesmarketcap.com ranks 1-1000 by market cap (fetched 2026-09-28),,y,Proxy: market-cap top 1500 (Forbes list not available),large,,qualified,3
Xcel Energy,Xcel Energy,United States,companiesmarketcap.com ranks 1-1000 by market cap (fetched 2026-09-28),,y,Proxy: market-cap top 1500 (Forbes list not available),large,,not found in ACRA,0
Ameriprise Financial,=Ameriprise,United States,companiesmarketcap.com ranks 1-1000 by market cap (fetched 2026-09-28),,y,Proxy: market-cap top 1500 (Forbes list not available),large,,review matches only,0
Sumitomo Electric Industries,Sumitomo Electric,Japan,companiesmarketcap.com ranks 1-1000 by market cap (fetched 2026-09-28),,y,Proxy: market-cap top 1500 (Forbes list not available),large,,qualified,5
Keurig Dr Pepper,Keurig Dr Pepper,United States,companiesmarketcap.com ranks 1-1000 by market cap (fetched 2026-09-28),,y,Proxy: market-cap top 1500 (Forbes list not available),large,,not found in ACRA,0
Banco Santander Brasil,Banco Santander Brasil,Brazil,companiesmarketcap.com ranks 1-1000 by market cap (fetched 2026-09-28),,y,Proxy: market-cap top 1500 (Forbes list not available),large,,not found in ACRA,0
HEICO,=HEICO,United States,companiesmarketcap.com ranks 1-1000 by market cap (fetched 2026-09-28),,y,Proxy: market-cap top 1500 (Forbes list not available),large,,not found in ACRA,0
Ferguson Enterprises,Ferguson Enterprises,United Kingdom,companiesmarketcap.com ranks 1-1000 by market cap (fetched 2026-09-28),,y,Proxy: market-cap top 1500 (Forbes list not available),large,,not found in ACRA,0
Constellation Software,Constellation Software,Canada,companiesmarketcap.com ranks 1-1000 by market cap (fetched 2026-09-28),,y,Proxy: market-cap top 1500 (Forbes list not available),large,,not found in ACRA,0
CTBC Financial Holding,=CTBC,Taiwan,companiesmarketcap.com ranks 1-1000 by market cap (fetched 2026-09-28),,y,Proxy: market-cap top 1500 (Forbes list not available),large,,review matches only,0
Thomson Reuters,Thomson Reuters;Reuters,Canada,companiesmarketcap.com ranks 1-1000 by market cap (fetched 2026-09-28),,y,Proxy: market-cap top 1500 (Forbes list not available),large,,qualified,2
FEMSA,=FEMSA,Mexico,companiesmarketcap.com ranks 1-1000 by market cap (fetched 2026-09-28),,y,Proxy: market-cap top 1500 (Forbes list not available),large,,review matches only,0
Orange,Orange Business;Orange Singapore,France,companiesmarketcap.com ranks 1-1000 by market cap (fetched 2026-09-28),,y,Proxy: market-cap top 1500 (Forbes list not available),large,,qualified,1
Honda,=Honda,Japan,companiesmarketcap.com ranks 1-1000 by market cap (fetched 2026-09-28),,y,Proxy: market-cap top 1500 (Forbes list not available),large,,qualified,1
China State Shipbuilding Corporation,China State Shipbuilding;=CSSC,China,companiesmarketcap.com ranks 1-1000 by market cap (fetched 2026-09-28),,y,Proxy: market-cap top 1500 (Forbes list not available),large,,qualified,1
Bank Central Asia,Bank Central Asia,Indonesia,companiesmarketcap.com ranks 1-1000 by market cap (fetched 2026-09-28),,y,Proxy: market-cap top 1500 (Forbes list not available),large,,not found in ACRA,0
Waters Corporation,Waters Corporation;Waters Asia,United States,companiesmarketcap.com ranks 1-1000 by market cap (fetched 2026-09-28),,y,Proxy: market-cap top 1500 (Forbes list not available),large,,not found in ACRA,0
Infosys,Infosys,India,companiesmarketcap.com ranks 1-1000 by market cap (fetched 2026-09-28),,y,Proxy: market-cap top 1500 (Forbes list not available),large,,qualified,6
Flex,Flextronics;Flex Ltd,Singapore,companiesmarketcap.com ranks 1-1000 by market cap (fetched 2026-09-28),Singapore-HQ group with operations outside Singapore (curated; verify),y,Proxy: market-cap top 1500 (Forbes list not available),large,,qualified,46
Twilio,Twilio,United States,companiesmarketcap.com ranks 1-1000 by market cap (fetched 2026-09-28),,y,Proxy: market-cap top 1500 (Forbes list not available),large,,qualified,1
Bombardier,=Bombardier,Canada,companiesmarketcap.com ranks 1-1000 by market cap (fetched 2026-09-28),,y,Proxy: market-cap top 1500 (Forbes list not available),large,,review matches only,0
Everpure,=Everpure,United States,companiesmarketcap.com ranks 1-1000 by market cap (fetched 2026-09-28),,y,Proxy: market-cap top 1500 (Forbes list not available),large,,qualified,1
Kotak Mahindra Bank,Kotak Mahindra Bank,India,companiesmarketcap.com ranks 1-1000 by market cap (fetched 2026-09-28),,y,Proxy: market-cap top 1500 (Forbes list not available),large,,not found in ACRA,0
Woodside Energy,Woodside Energy,Australia,companiesmarketcap.com ranks 1-1000 by market cap (fetched 2026-09-28),,y,Proxy: market-cap top 1500 (Forbes list not available),large,,qualified,7
Power Corporation of Canada,Power Corporation of Canada,Canada,companiesmarketcap.com ranks 1-1000 by market cap (fetched 2026-09-28),,y,Proxy: market-cap top 1500 (Forbes list not available),large,,not found in ACRA,0
Prysmian Group,=Prysmian,Italy,companiesmarketcap.com ranks 1-1000 by market cap (fetched 2026-09-28),,y,Proxy: market-cap top 1500 (Forbes list not available),large,,review matches only,0
Ibiden,=Ibiden,Japan,companiesmarketcap.com ranks 1-1000 by market cap (fetched 2026-09-28),,y,Proxy: market-cap top 1500 (Forbes list not available),large,,qualified,2
Exelon Corporation,=Exelon,United States,companiesmarketcap.com ranks 1-1000 by market cap (fetched 2026-09-28),,y,Proxy: market-cap top 1500 (Forbes list not available),large,,not found in ACRA,0
Banca Monte dei Paschi di Siena,Banca Monte dei Paschi di Siena,Italy,companiesmarketcap.com ranks 1-1000 by market cap (fetched 2026-09-28),,y,Proxy: market-cap top 1500 (Forbes list not available),large,,not found in ACRA,0
WEG,=WEG,Brazil,companiesmarketcap.com ranks 1-1000 by market cap (fetched 2026-09-28),,y,Proxy: market-cap top 1500 (Forbes list not available),large,,qualified,1
Prudential Financial,PGIM;Prudential Financial,United States,companiesmarketcap.com ranks 1-1000 by market cap (fetched 2026-09-28),,y,Proxy: market-cap top 1500 (Forbes list not available),large,,qualified,11
Reckitt Benckiser,Reckitt Benckiser;Reckitt,United Kingdom,companiesmarketcap.com ranks 1-1000 by market cap (fetched 2026-09-28),,y,Proxy: market-cap top 1500 (Forbes list not available),large,,qualified,1
Swisscom,=Swisscom,Switzerland,companiesmarketcap.com ranks 1-1000 by market cap (fetched 2026-09-28),,y,Proxy: market-cap top 1500 (Forbes list not available),large,,not found in ACRA,0
Volkswagen,=Volkswagen,Germany,companiesmarketcap.com ranks 1-1000 by market cap (fetched 2026-09-28),,y,Proxy: market-cap top 1500 (Forbes list not available),large,,qualified,1
CMOC,=CMOC,China,companiesmarketcap.com ranks 1-1000 by market cap (fetched 2026-09-28),,y,Proxy: market-cap top 1500 (Forbes list not available),large,,qualified,2
IDEXX Laboratories,IDEXX Laboratories,United States,companiesmarketcap.com ranks 1-1000 by market cap (fetched 2026-09-28),,y,Proxy: market-cap top 1500 (Forbes list not available),large,,qualified,1
BeOne Medicines,BeOne Medicines,United States,companiesmarketcap.com ranks 1-1000 by market cap (fetched 2026-09-28),,y,Proxy: market-cap top 1500 (Forbes list not available),large,,qualified,1
Adani Power,Adani Power,India,companiesmarketcap.com ranks 1-1000 by market cap (fetched 2026-09-28),,y,Proxy: market-cap top 1500 (Forbes list not available),large,,qualified,1
Illumina,=Illumina,United States,companiesmarketcap.com ranks 1-1000 by market cap (fetched 2026-09-28),,y,Proxy: market-cap top 1500 (Forbes list not available),large,,qualified,2
ORIX,=ORIX,Japan,companiesmarketcap.com ranks 1-1000 by market cap (fetched 2026-09-28),,y,Proxy: market-cap top 1500 (Forbes list not available),large,,qualified,1
Haleon,Haleon,United Kingdom,companiesmarketcap.com ranks 1-1000 by market cap (fetched 2026-09-28),,y,Proxy: market-cap top 1500 (Forbes list not available),large,,qualified,1
NEC Corp,=NEC;NEC Asia;NEC Corporation,Japan,companiesmarketcap.com ranks 1-1000 by market cap (fetched 2026-09-28),,y,Proxy: market-cap top 1500 (Forbes list not available),large,,qualified,3
PKO Bank Polski,PKO Bank Polski,Poland,companiesmarketcap.com ranks 1-1000 by market cap (fetched 2026-09-28),,y,Proxy: market-cap top 1500 (Forbes list not available),large,,not found in ACRA,0
ABN AMRO,ABN AMRO,Netherlands,companiesmarketcap.com ranks 1-1000 by market cap (fetched 2026-09-28),,y,Proxy: market-cap top 1500 (Forbes list not available),large,,qualified,2
Ares Management,Ares Management,United States,companiesmarketcap.com ranks 1-1000 by market cap (fetched 2026-09-28),,y,Proxy: market-cap top 1500 (Forbes list not available),large,,qualified,1
Renesas Electronics,Renesas Electronics,Japan,companiesmarketcap.com ranks 1-1000 by market cap (fetched 2026-09-28),,y,Proxy: market-cap top 1500 (Forbes list not available),large,,qualified,1
Wuliangye Yibin,Wuliangye Yibin,China,companiesmarketcap.com ranks 1-1000 by market cap (fetched 2026-09-28),,y,Proxy: market-cap top 1500 (Forbes list not available),large,,not found in ACRA,0
Legrand,=Legrand,France,companiesmarketcap.com ranks 1-1000 by market cap (fetched 2026-09-28),,y,Proxy: market-cap top 1500 (Forbes list not available),large,,review matches only,0
Jardine Matheson,Jardine Matheson,Hong Kong,companiesmarketcap.com ranks 1-1000 by market cap (fetched 2026-09-28),,y,Proxy: market-cap top 1500 (Forbes list not available),large,,qualified,2
GigaDevice Semiconductor,GigaDevice Semiconductor,China,companiesmarketcap.com ranks 1-1000 by market cap (fetched 2026-09-28),,y,Proxy: market-cap top 1500 (Forbes list not available),large,,qualified,1
MSCI,=MSCI,United States,companiesmarketcap.com ranks 1-1000 by market cap (fetched 2026-09-28),,y,Proxy: market-cap top 1500 (Forbes list not available),large,,qualified,1
QNB,=QNB;Qatar National Bank,Qatar,companiesmarketcap.com ranks 1-1000 by market cap (fetched 2026-09-28),,y,Proxy: market-cap top 1500 (Forbes list not available),large,,qualified,1
Ferrovial,=Ferrovial,Spain,companiesmarketcap.com ranks 1-1000 by market cap (fetched 2026-09-28),,y,Proxy: market-cap top 1500 (Forbes list not available),large,,not found in ACRA,0
Assa Abloy,Assa Abloy,Sweden,companiesmarketcap.com ranks 1-1000 by market cap (fetched 2026-09-28),,y,Proxy: market-cap top 1500 (Forbes list not available),large,,qualified,3
Live Nation,Live Nation,United States,companiesmarketcap.com ranks 1-1000 by market cap (fetched 2026-09-28),,y,Proxy: market-cap top 1500 (Forbes list not available),large,,qualified,3
Credo Technology,Credo Technology,United States,companiesmarketcap.com ranks 1-1000 by market cap (fetched 2026-09-28),,y,Proxy: market-cap top 1500 (Forbes list not available),large,,qualified,1
Axis Bank,Axis Bank,India,companiesmarketcap.com ranks 1-1000 by market cap (fetched 2026-09-28),,y,Proxy: market-cap top 1500 (Forbes list not available),large,,qualified,1
Chipotle Mexican Grill,Chipotle Mexican Grill,United States,companiesmarketcap.com ranks 1-1000 by market cap (fetched 2026-09-28),,y,Proxy: market-cap top 1500 (Forbes list not available),large,,not found in ACRA,0
Maruti Suzuki India,Maruti Suzuki India,India,companiesmarketcap.com ranks 1-1000 by market cap (fetched 2026-09-28),,y,Proxy: market-cap top 1500 (Forbes list not available),large,,not found in ACRA,0
D. R. Horton,D. R. Horton,United States,companiesmarketcap.com ranks 1-1000 by market cap (fetched 2026-09-28),,y,Proxy: market-cap top 1500 (Forbes list not available),large,,not found in ACRA,0
Sun Hung Kai Properties,Sun Hung Kai Properties,Hong Kong,companiesmarketcap.com ranks 1-1000 by market cap (fetched 2026-09-28),,y,Proxy: market-cap top 1500 (Forbes list not available),large,,not found in ACRA,0
NetApp,=NetApp,United States,companiesmarketcap.com ranks 1-1000 by market cap (fetched 2026-09-28),,y,Proxy: market-cap top 1500 (Forbes list not available),large,,qualified,1
Z.AI,=Z.AI,China,companiesmarketcap.com ranks 1-1000 by market cap (fetched 2026-09-28),,y,Proxy: market-cap top 1500 (Forbes list not available),large,,review matches only,0
SSE,=SSE,United Kingdom,companiesmarketcap.com ranks 1-1000 by market cap (fetched 2026-09-28),,y,Proxy: market-cap top 1500 (Forbes list not available),large,,qualified,1
Waste Connections,Waste Connections,United States,companiesmarketcap.com ranks 1-1000 by market cap (fetched 2026-09-28),,y,Proxy: market-cap top 1500 (Forbes list not available),large,,not found in ACRA,0
Archer Daniels Midland,Archer Daniels Midland;=ADM,United States,companiesmarketcap.com ranks 1-1000 by market cap (fetched 2026-09-28),,y,Proxy: market-cap top 1500 (Forbes list not available),large,,qualified,4
Tesco,=Tesco,United Kingdom,companiesmarketcap.com ranks 1-1000 by market cap (fetched 2026-09-28),,y,Proxy: market-cap top 1500 (Forbes list not available),large,,qualified,1
Samsung Life Insurance,Samsung Life Insurance,South Korea,companiesmarketcap.com ranks 1-1000 by market cap (fetched 2026-09-28),,y,Proxy: market-cap top 1500 (Forbes list not available),large,,not found in ACRA,0
CBRE Group,=CBRE,United States,companiesmarketcap.com ranks 1-1000 by market cap (fetched 2026-09-28),,y,Proxy: market-cap top 1500 (Forbes list not available),large,,qualified,3
Compagnie de Saint-Gobain,Compagnie de Saint-Gobain;Saint-Gobain,France,companiesmarketcap.com ranks 1-1000 by market cap (fetched 2026-09-28),,y,Proxy: market-cap top 1500 (Forbes list not available),large,,qualified,2
Sompo Holdings,Sompo,Japan,companiesmarketcap.com ranks 1-1000 by market cap (fetched 2026-09-28),,y,Proxy: market-cap top 1500 (Forbes list not available),large,,qualified,2
American International Group,AIG Asia;AIG Singapore;American International Group,United States,companiesmarketcap.com ranks 1-1000 by market cap (fetched 2026-09-28),,y,Proxy: market-cap top 1500 (Forbes list not available),large,,qualified,1
Hanwha Aerospace,Hanwha Aerospace,South Korea,companiesmarketcap.com ranks 1-1000 by market cap (fetched 2026-09-28),,y,Proxy: market-cap top 1500 (Forbes list not available),large,,not found in ACRA,0
Doosan Enerbility,Doosan Enerbility,South Korea,companiesmarketcap.com ranks 1-1000 by market cap (fetched 2026-09-28),,y,Proxy: market-cap top 1500 (Forbes list not available),large,,not found in ACRA,0
Vodafone,Vodafone,United Kingdom,companiesmarketcap.com ranks 1-1000 by market cap (fetched 2026-09-28),,y,Proxy: market-cap top 1500 (Forbes list not available),large,,qualified,1
Givaudan,=Givaudan,Switzerland,companiesmarketcap.com ranks 1-1000 by market cap (fetched 2026-09-28),,y,Proxy: market-cap top 1500 (Forbes list not available),large,,qualified,1
Cameco,=Cameco,Canada,companiesmarketcap.com ranks 1-1000 by market cap (fetched 2026-09-28),,y,Proxy: market-cap top 1500 (Forbes list not available),large,,not found in ACRA,0
Consolidated Edison,Consolidated Edison,United States,companiesmarketcap.com ranks 1-1000 by market cap (fetched 2026-09-28),,y,Proxy: market-cap top 1500 (Forbes list not available),large,,not found in ACRA,0
Shinhan Financial Group,=Shinhan,South Korea,companiesmarketcap.com ranks 1-1000 by market cap (fetched 2026-09-28),,y,Proxy: market-cap top 1500 (Forbes list not available),large,,review matches only,0
Goodman Group,=Goodman,Australia,companiesmarketcap.com ranks 1-1000 by market cap (fetched 2026-09-28),,y,Proxy: market-cap top 1500 (Forbes list not available),large,,qualified,4
JBS N.V.,JBS N.V,Brazil,companiesmarketcap.com ranks 1-1000 by market cap (fetched 2026-09-28),,y,Proxy: market-cap top 1500 (Forbes list not available),large,,not found in ACRA,0
Mahindra & Mahindra,Mahindra & Mahindra,India,companiesmarketcap.com ranks 1-1000 by market cap (fetched 2026-09-28),,y,Proxy: market-cap top 1500 (Forbes list not available),large,,not found in ACRA,0
Poste Italiane,Poste Italiane,Italy,companiesmarketcap.com ranks 1-1000 by market cap (fetched 2026-09-28),,y,Proxy: market-cap top 1500 (Forbes list not available),large,,not found in ACRA,0
BMW,=BMW,Germany,companiesmarketcap.com ranks 1-1000 by market cap (fetched 2026-09-28),,y,Proxy: market-cap top 1500 (Forbes list not available),large,,qualified,1
Novatek,=Novatek,Russia,companiesmarketcap.com ranks 1-1000 by market cap (fetched 2026-09-28),,y,Proxy: market-cap top 1500 (Forbes list not available),large,,qualified,1
Yum! Brands,Yum! Brands,United States,companiesmarketcap.com ranks 1-1000 by market cap (fetched 2026-09-28),,y,Proxy: market-cap top 1500 (Forbes list not available),large,,not found in ACRA,0
SABIC,=SABIC,Saudi Arabia,companiesmarketcap.com ranks 1-1000 by market cap (fetched 2026-09-28),,y,Proxy: market-cap top 1500 (Forbes list not available),large,,qualified,1
Take-Two Interactive,Take-Two Interactive,United States,companiesmarketcap.com ranks 1-1000 by market cap (fetched 2026-09-28),,y,Proxy: market-cap top 1500 (Forbes list not available),large,,not found in ACRA,0
Yageo,=Yageo,Taiwan,companiesmarketcap.com ranks 1-1000 by market cap (fetched 2026-09-28),,y,Proxy: market-cap top 1500 (Forbes list not available),large,,qualified,1
Sysco,Sysco,United States,companiesmarketcap.com ranks 1-1000 by market cap (fetched 2026-09-28),,y,Proxy: market-cap top 1500 (Forbes list not available),large,,qualified,4
Telstra,Telstra,Australia,companiesmarketcap.com ranks 1-1000 by market cap (fetched 2026-09-28),,y,Proxy: market-cap top 1500 (Forbes list not available),large,,qualified,3
Disco Corp.,Disco Hi-Tec;Disco Corporation,Japan,companiesmarketcap.com ranks 1-1000 by market cap (fetched 2026-09-28),,y,Proxy: market-cap top 1500 (Forbes list not available),large,,qualified,1
Repsol,=Repsol,Spain,companiesmarketcap.com ranks 1-1000 by market cap (fetched 2026-09-28),,y,Proxy: market-cap top 1500 (Forbes list not available),large,,qualified,2
Otsuka Holdings,=Otsuka,Japan,companiesmarketcap.com ranks 1-1000 by market cap (fetched 2026-09-28),,y,Proxy: market-cap top 1500 (Forbes list not available),large,,qualified,1
Sandoz Group,=Sandoz,Switzerland,companiesmarketcap.com ranks 1-1000 by market cap (fetched 2026-09-28),,y,Proxy: market-cap top 1500 (Forbes list not available),large,,review matches only,0
Wiwynn,=Wiwynn,Taiwan,companiesmarketcap.com ranks 1-1000 by market cap (fetched 2026-09-28),,y,Proxy: market-cap top 1500 (Forbes list not available),large,,not found in ACRA,0
PG&E Corporation,=PG&E,United States,companiesmarketcap.com ranks 1-1000 by market cap (fetched 2026-09-28),,y,Proxy: market-cap top 1500 (Forbes list not available),large,,not found in ACRA,0
United Airlines Holdings,United Airlines,United States,companiesmarketcap.com ranks 1-1000 by market cap (fetched 2026-09-28),,y,Proxy: market-cap top 1500 (Forbes list not available),large,,qualified,1
COSCO Shipping,COSCO Shipping,China,companiesmarketcap.com ranks 1-1000 by market cap (fetched 2026-09-28),,y,Proxy: market-cap top 1500 (Forbes list not available),large,,qualified,11
Daikin,=Daikin,Japan,companiesmarketcap.com ranks 1-1000 by market cap (fetched 2026-09-28),,y,Proxy: market-cap top 1500 (Forbes list not available),large,,qualified,1
Dubai Electricity and Water Authority,Dubai Electricity and Water Authority;=DEWA,UAE,companiesmarketcap.com ranks 1-1000 by market cap (fetched 2026-09-28),,y,Proxy: market-cap top 1500 (Forbes list not available),large,,qualified,1
Daimler Truck,Daimler Truck,Germany,companiesmarketcap.com ranks 1-1000 by market cap (fetched 2026-09-28),,y,Proxy: market-cap top 1500 (Forbes list not available),large,,qualified,1
Chaozhou Three-Circle,Chaozhou Three-Circle,China,companiesmarketcap.com ranks 1-1000 by market cap (fetched 2026-09-28),,y,Proxy: market-cap top 1500 (Forbes list not available),large,,not found in ACRA,0
Bank Leumi,Bank Leumi,Israel,companiesmarketcap.com ranks 1-1000 by market cap (fetched 2026-09-28),,y,Proxy: market-cap top 1500 (Forbes list not available),large,,not found in ACRA,0
PTT PCL,=PTT,Thailand,companiesmarketcap.com ranks 1-1000 by market cap (fetched 2026-09-28),,y,Proxy: market-cap top 1500 (Forbes list not available),large,,qualified,3
OTP Bank,OTP Bank,Hungary,companiesmarketcap.com ranks 1-1000 by market cap (fetched 2026-09-28),,y,Proxy: market-cap top 1500 (Forbes list not available),large,,not found in ACRA,0
Resona Holdings,=Resona,Japan,companiesmarketcap.com ranks 1-1000 by market cap (fetched 2026-09-28),,y,Proxy: market-cap top 1500 (Forbes list not available),large,,review matches only,0
Banco Bradesco,Banco Bradesco,Brazil,companiesmarketcap.com ranks 1-1000 by market cap (fetched 2026-09-28),,y,Proxy: market-cap top 1500 (Forbes list not available),large,,not found in ACRA,0
Paychex,=Paychex,United States,companiesmarketcap.com ranks 1-1000 by market cap (fetched 2026-09-28),,y,Proxy: market-cap top 1500 (Forbes list not available),large,,not found in ACRA,0
Global Unichip Corp.,Global Unichip,Taiwan,companiesmarketcap.com ranks 1-1000 by market cap (fetched 2026-09-28),,y,Proxy: market-cap top 1500 (Forbes list not available),large,,not found in ACRA,0
Gold Fields,Gold Fields,South Africa,companiesmarketcap.com ranks 1-1000 by market cap (fetched 2026-09-28),,y,Proxy: market-cap top 1500 (Forbes list not available),large,,not found in ACRA,0
TDK,=TDK,Japan,companiesmarketcap.com ranks 1-1000 by market cap (fetched 2026-09-28),,y,Proxy: market-cap top 1500 (Forbes list not available),large,,qualified,2
Abu Dhabi Commercial Bank,Abu Dhabi Commercial Bank;=ADCB,UAE,companiesmarketcap.com ranks 1-1000 by market cap (fetched 2026-09-28),,y,Proxy: market-cap top 1500 (Forbes list not available),large,,review matches only,0
Old Dominion Freight Line,Old Dominion Freight Line,United States,companiesmarketcap.com ranks 1-1000 by market cap (fetched 2026-09-28),,y,Proxy: market-cap top 1500 (Forbes list not available),large,,not found in ACRA,0
3i Group,=3i,United Kingdom,companiesmarketcap.com ranks 1-1000 by market cap (fetched 2026-09-28),,y,Proxy: market-cap top 1500 (Forbes list not available),large,,qualified,1
Viking Holdings,Viking Cruises,Bermuda,companiesmarketcap.com ranks 1-1000 by market cap (fetched 2026-09-28),,y,Proxy: market-cap top 1500 (Forbes list not available),large,,not found in ACRA,0
EQT,=EQT,Sweden,companiesmarketcap.com ranks 1-1000 by market cap (fetched 2026-09-28),,y,Proxy: market-cap top 1500 (Forbes list not available),large,,review matches only,0
JD.com,JD.com;JD Logistics,China,companiesmarketcap.com ranks 1-1000 by market cap (fetched 2026-09-28),,y,Proxy: market-cap top 1500 (Forbes list not available),large,,qualified,3
Chunghwa Telecom,Chunghwa Telecom,Taiwan,companiesmarketcap.com ranks 1-1000 by market cap (fetched 2026-09-28),,y,Proxy: market-cap top 1500 (Forbes list not available),large,,qualified,1
Talanx,=Talanx,Germany,companiesmarketcap.com ranks 1-1000 by market cap (fetched 2026-09-28),,y,Proxy: market-cap top 1500 (Forbes list not available),large,,not found in ACRA,0
HCL Technologies,HCL Technologies;HCL,India,companiesmarketcap.com ranks 1-1000 by market cap (fetched 2026-09-28),,y,Proxy: market-cap top 1500 (Forbes list not available),large,,qualified,5
Roper Technologies,Roper Technologies,United States,companiesmarketcap.com ranks 1-1000 by market cap (fetched 2026-09-28),,y,Proxy: market-cap top 1500 (Forbes list not available),large,,not found in ACRA,0
Sika,=Sika,Switzerland,companiesmarketcap.com ranks 1-1000 by market cap (fetched 2026-09-28),,y,Proxy: market-cap top 1500 (Forbes list not available),large,,qualified,2
Fortescue,=Fortescue,Australia,companiesmarketcap.com ranks 1-1000 by market cap (fetched 2026-09-28),,y,Proxy: market-cap top 1500 (Forbes list not available),large,,qualified,1
Hannover Rück,Hannover Ruck;Hannover Re;Hannover Rueck,Germany,companiesmarketcap.com ranks 1-1000 by market cap (fetched 2026-09-28),,y,Proxy: market-cap top 1500 (Forbes list not available),large,,not found in ACRA,0
Fanuc,=Fanuc,Japan,companiesmarketcap.com ranks 1-1000 by market cap (fetched 2026-09-28),,y,Proxy: market-cap top 1500 (Forbes list not available),large,,qualified,1
ITC,=ITC,India,companiesmarketcap.com ranks 1-1000 by market cap (fetched 2026-09-28),,y,Proxy: market-cap top 1500 (Forbes list not available),large,,qualified,1
Axon Enterprise,Axon Enterprise,United States,companiesmarketcap.com ranks 1-1000 by market cap (fetched 2026-09-28),,y,Proxy: market-cap top 1500 (Forbes list not available),large,,not found in ACRA,0
ACWA POWER Company,ACWA POWER,Saudi Arabia,companiesmarketcap.com ranks 1-1000 by market cap (fetched 2026-09-28),,y,Proxy: market-cap top 1500 (Forbes list not available),large,,qualified,1
Muyuan Foods,Muyuan Foods,China,companiesmarketcap.com ranks 1-1000 by market cap (fetched 2026-09-28),,y,Proxy: market-cap top 1500 (Forbes list not available),large,,not found in ACRA,0
Dollarama,=Dollarama,Canada,companiesmarketcap.com ranks 1-1000 by market cap (fetched 2026-09-28),,y,Proxy: market-cap top 1500 (Forbes list not available),large,,not found in ACRA,0
Kroger,=Kroger,United States,companiesmarketcap.com ranks 1-1000 by market cap (fetched 2026-09-28),,y,Proxy: market-cap top 1500 (Forbes list not available),large,,not found in ACRA,0
Aselsan,=Aselsan,Turkey,companiesmarketcap.com ranks 1-1000 by market cap (fetched 2026-09-28),,y,Proxy: market-cap top 1500 (Forbes list not available),large,,not found in ACRA,0
TKO Group Holdings,=TKO,United States,companiesmarketcap.com ranks 1-1000 by market cap (fetched 2026-09-28),,y,Proxy: market-cap top 1500 (Forbes list not available),large,,qualified,2
Nutrien,=Nutrien,Canada,companiesmarketcap.com ranks 1-1000 by market cap (fetched 2026-09-28),,y,Proxy: market-cap top 1500 (Forbes list not available),large,,not found in ACRA,0
Rocket Companies,Rocket Mortgage,United States,companiesmarketcap.com ranks 1-1000 by market cap (fetched 2026-09-28),,y,Proxy: market-cap top 1500 (Forbes list not available),large,,not found in ACRA,0
Elbit Systems,Elbit Systems,Israel,companiesmarketcap.com ranks 1-1000 by market cap (fetched 2026-09-28),,y,Proxy: market-cap top 1500 (Forbes list not available),large,,qualified,1
Martin Marietta Materials,Martin Marietta Materials,United States,companiesmarketcap.com ranks 1-1000 by market cap (fetched 2026-09-28),,y,Proxy: market-cap top 1500 (Forbes list not available),large,,not found in ACRA,0
Bank of Ningbo,Bank of Ningbo,China,companiesmarketcap.com ranks 1-1000 by market cap (fetched 2026-09-28),,y,Proxy: market-cap top 1500 (Forbes list not available),large,,not found in ACRA,0
BPER Banca,BPER Banca,Italy,companiesmarketcap.com ranks 1-1000 by market cap (fetched 2026-09-28),,y,Proxy: market-cap top 1500 (Forbes list not available),large,,not found in ACRA,0
UltraTech Cement,UltraTech Cement,India,companiesmarketcap.com ranks 1-1000 by market cap (fetched 2026-09-28),,y,Proxy: market-cap top 1500 (Forbes list not available),large,,not found in ACRA,0
Alnylam Pharmaceuticals,Alnylam Pharmaceuticals,United States,companiesmarketcap.com ranks 1-1000 by market cap (fetched 2026-09-28),,y,Proxy: market-cap top 1500 (Forbes list not available),large,,not found in ACRA,0
Kenvue,Kenvue,United States,companiesmarketcap.com ranks 1-1000 by market cap (fetched 2026-09-28),,y,Proxy: market-cap top 1500 (Forbes list not available),large,,not found in ACRA,0
Estee Lauder,Estee Lauder,United States,companiesmarketcap.com ranks 1-1000 by market cap (fetched 2026-09-28),,y,Proxy: market-cap top 1500 (Forbes list not available),large,,qualified,3
Maybank,=Maybank,Malaysia,companiesmarketcap.com ranks 1-1000 by market cap (fetched 2026-09-28),,y,Proxy: market-cap top 1500 (Forbes list not available),large,,qualified,2
Hochtief,=Hochtief,Germany,companiesmarketcap.com ranks 1-1000 by market cap (fetched 2026-09-28),,y,Proxy: market-cap top 1500 (Forbes list not available),large,,not found in ACRA,0
HD Hyundai Heavy Industries,Hyundai Heavy Industries;HD Hyundai,South Korea,companiesmarketcap.com ranks 1-1000 by market cap (fetched 2026-09-28),,y,Proxy: market-cap top 1500 (Forbes list not available),large,,qualified,8
Okta,Okta,United States,companiesmarketcap.com ranks 1-1000 by market cap (fetched 2026-09-28),,y,Proxy: market-cap top 1500 (Forbes list not available),large,,qualified,1
Ecopetrol,=Ecopetrol,Colombia,companiesmarketcap.com ranks 1-1000 by market cap (fetched 2026-09-28),,y,Proxy: market-cap top 1500 (Forbes list not available),large,,qualified,2
Victory Giant Technology,Victory Giant Technology,China,companiesmarketcap.com ranks 1-1000 by market cap (fetched 2026-09-28),,y,Proxy: market-cap top 1500 (Forbes list not available),large,,qualified,1
Henkel,=Henkel,Germany,companiesmarketcap.com ranks 1-1000 by market cap (fetched 2026-09-28),,y,Proxy: market-cap top 1500 (Forbes list not available),large,,qualified,2
Ubiquiti,=Ubiquiti,United States,companiesmarketcap.com ranks 1-1000 by market cap (fetched 2026-09-28),,y,Proxy: market-cap top 1500 (Forbes list not available),large,,qualified,1
Daiichi Sankyo,Daiichi Sankyo,Japan,companiesmarketcap.com ranks 1-1000 by market cap (fetched 2026-09-28),,y,Proxy: market-cap top 1500 (Forbes list not available),large,,qualified,1
CEZ Group,=CEZ,Czech Republic,companiesmarketcap.com ranks 1-1000 by market cap (fetched 2026-09-28),,y,Proxy: market-cap top 1500 (Forbes list not available),large,,qualified,1
SAAB AB,=SAAB,Sweden,companiesmarketcap.com ranks 1-1000 by market cap (fetched 2026-09-28),,y,Proxy: market-cap top 1500 (Forbes list not available),large,,qualified,1
Taishin Financial Holdings,=Taishin,Taiwan,companiesmarketcap.com ranks 1-1000 by market cap (fetched 2026-09-28),,y,Proxy: market-cap top 1500 (Forbes list not available),large,,qualified,2
The Hartford,Hartford Financial,United States,companiesmarketcap.com ranks 1-1000 by market cap (fetched 2026-09-28),,y,Proxy: market-cap top 1500 (Forbes list not available),large,,not found in ACRA,0
Royalty Pharma,Royalty Pharma,United Kingdom,companiesmarketcap.com ranks 1-1000 by market cap (fetched 2026-09-28),,y,Proxy: market-cap top 1500 (Forbes list not available),large,,not found in ACRA,0
Biogen,=Biogen,United States,companiesmarketcap.com ranks 1-1000 by market cap (fetched 2026-09-28),,y,Proxy: market-cap top 1500 (Forbes list not available),large,,not found in ACRA,0
Emcor,=Emcor,United States,companiesmarketcap.com ranks 1-1000 by market cap (fetched 2026-09-28),,y,Proxy: market-cap top 1500 (Forbes list not available),large,,not found in ACRA,0
Schindler Group,=Schindler,Switzerland,companiesmarketcap.com ranks 1-1000 by market cap (fetched 2026-09-28),,y,Proxy: market-cap top 1500 (Forbes list not available),large,,review matches only,0
Bank of Jiangsu,Bank of Jiangsu,China,companiesmarketcap.com ranks 1-1000 by market cap (fetched 2026-09-28),,y,Proxy: market-cap top 1500 (Forbes list not available),large,,not found in ACRA,0
Hindustan Aeronautics,Hindustan Aeronautics,India,companiesmarketcap.com ranks 1-1000 by market cap (fetched 2026-09-28),,y,Proxy: market-cap top 1500 (Forbes list not available),large,,not found in ACRA,0
Bank Hapoalim,Bank Hapoalim,Israel,companiesmarketcap.com ranks 1-1000 by market cap (fetched 2026-09-28),,y,Proxy: market-cap top 1500 (Forbes list not available),large,,not found in ACRA,0
Steel Dynamics,Steel Dynamics,United States,companiesmarketcap.com ranks 1-1000 by market cap (fetched 2026-09-28),,y,Proxy: market-cap top 1500 (Forbes list not available),large,,not found in ACRA,0
The Hershey Company,=Hershey,United States,companiesmarketcap.com ranks 1-1000 by market cap (fetched 2026-09-28),,y,Proxy: market-cap top 1500 (Forbes list not available),large,,qualified,1
PSEG,=PSEG,United States,companiesmarketcap.com ranks 1-1000 by market cap (fetched 2026-09-28),,y,Proxy: market-cap top 1500 (Forbes list not available),large,,not found in ACRA,0
Accton Technology,Accton Technology,Taiwan,companiesmarketcap.com ranks 1-1000 by market cap (fetched 2026-09-28),,y,Proxy: market-cap top 1500 (Forbes list not available),large,,qualified,1
Jabil,=Jabil,United States,companiesmarketcap.com ranks 1-1000 by market cap (fetched 2026-09-28),,y,Proxy: market-cap top 1500 (Forbes list not available),large,,review matches only,0
CK Hutchison Holdings,CK Hutchison,Hong Kong,companiesmarketcap.com ranks 1-1000 by market cap (fetched 2026-09-28),,y,Proxy: market-cap top 1500 (Forbes list not available),large,,not found in ACRA,0
Roblox,=Roblox,United States,companiesmarketcap.com ranks 1-1000 by market cap (fetched 2026-09-28),,y,Proxy: market-cap top 1500 (Forbes list not available),large,,qualified,1
Iron Mountain,Iron Mountain,United States,companiesmarketcap.com ranks 1-1000 by market cap (fetched 2026-09-28),,y,Proxy: market-cap top 1500 (Forbes list not available),large,,qualified,3
Kia,=Kia,South Korea,companiesmarketcap.com ranks 1-1000 by market cap (fetched 2026-09-28),,y,Proxy: market-cap top 1500 (Forbes list not available),large,,review matches only,0
MongoDB,MongoDB,United States,companiesmarketcap.com ranks 1-1000 by market cap (fetched 2026-09-28),,y,Proxy: market-cap top 1500 (Forbes list not available),large,,qualified,1
WEC Energy Group,WEC Energy,United States,companiesmarketcap.com ranks 1-1000 by market cap (fetched 2026-09-28),,y,Proxy: market-cap top 1500 (Forbes list not available),large,,not found in ACRA,0
NTPC Limited,=NTPC,India,companiesmarketcap.com ranks 1-1000 by market cap (fetched 2026-09-28),,y,Proxy: market-cap top 1500 (Forbes list not available),large,,not found in ACRA,0
Woolworths Group,=Woolworths,Australia,companiesmarketcap.com ranks 1-1000 by market cap (fetched 2026-09-28),,y,Proxy: market-cap top 1500 (Forbes list not available),large,,review matches only,0
Naspers,=Naspers,South Africa,companiesmarketcap.com ranks 1-1000 by market cap (fetched 2026-09-28),,y,Proxy: market-cap top 1500 (Forbes list not available),large,,not found in ACRA,0
Hua Hong Semiconductor Limited,Hua Hong Semiconductor,China,companiesmarketcap.com ranks 1-1000 by market cap (fetched 2026-09-28),,y,Proxy: market-cap top 1500 (Forbes list not available),large,,not found in ACRA,0
Restaurant Brands International,Restaurant Brands,Canada,companiesmarketcap.com ranks 1-1000 by market cap (fetched 2026-09-28),,y,Proxy: market-cap top 1500 (Forbes list not available),large,,not found in ACRA,0
Fairfax Financial,=Fairfax,Canada,companiesmarketcap.com ranks 1-1000 by market cap (fetched 2026-09-28),,y,Proxy: market-cap top 1500 (Forbes list not available),large,,qualified,1
DexCom,=DexCom,United States,companiesmarketcap.com ranks 1-1000 by market cap (fetched 2026-09-28),,y,Proxy: market-cap top 1500 (Forbes list not available),large,,qualified,1
Kimberly-Clark,Kimberly-Clark,United States,companiesmarketcap.com ranks 1-1000 by market cap (fetched 2026-09-28),,y,Proxy: market-cap top 1500 (Forbes list not available),large,,qualified,7
Ping An Bank,Ping An Bank,China,companiesmarketcap.com ranks 1-1000 by market cap (fetched 2026-09-28),,y,Proxy: market-cap top 1500 (Forbes list not available),large,,not found in ACRA,0
JSW Steel,JSW Steel,India,companiesmarketcap.com ranks 1-1000 by market cap (fetched 2026-09-28),,y,Proxy: market-cap top 1500 (Forbes list not available),large,,qualified,1
Kühne + Nagel,Kuhne + Nagel;Kuehne + Nagel;Kuehne Nagel,Switzerland,companiesmarketcap.com ranks 1-1000 by market cap (fetched 2026-09-28),,y,Proxy: market-cap top 1500 (Forbes list not available),large,,qualified,4
Teck Resources,Teck Resources,Canada,companiesmarketcap.com ranks 1-1000 by market cap (fetched 2026-09-28),,y,Proxy: market-cap top 1500 (Forbes list not available),large,,not found in ACRA,0
Wanhua Chemical,Wanhua Chemical,China,companiesmarketcap.com ranks 1-1000 by market cap (fetched 2026-09-28),,y,Proxy: market-cap top 1500 (Forbes list not available),large,,qualified,3
Bajaj Auto,Bajaj Auto,India,companiesmarketcap.com ranks 1-1000 by market cap (fetched 2026-09-28),,y,Proxy: market-cap top 1500 (Forbes list not available),large,,not found in ACRA,0
BOE Technology,BOE Technology,China,companiesmarketcap.com ranks 1-1000 by market cap (fetched 2026-09-28),,y,Proxy: market-cap top 1500 (Forbes list not available),large,,not found in ACRA,0
Arch Capital,Arch Capital,Bermuda,companiesmarketcap.com ranks 1-1000 by market cap (fetched 2026-09-28),,y,Proxy: market-cap top 1500 (Forbes list not available),large,,not found in ACRA,0
Leonardo,=Leonardo,Italy,companiesmarketcap.com ranks 1-1000 by market cap (fetched 2026-09-28),,y,Proxy: market-cap top 1500 (Forbes list not available),large,,qualified,1
Eternal,Zomato;Blinkit,India,companiesmarketcap.com ranks 1-1000 by market cap (fetched 2026-09-28),,y,Proxy: market-cap top 1500 (Forbes list not available),large,,not found in ACRA,0
Northern Trust,Northern Trust,United States,companiesmarketcap.com ranks 1-1000 by market cap (fetched 2026-09-28),,y,Proxy: market-cap top 1500 (Forbes list not available),large,,qualified,2
Gree Electric Appliances,Gree Electric Appliances,China,companiesmarketcap.com ranks 1-1000 by market cap (fetched 2026-09-28),,y,Proxy: market-cap top 1500 (Forbes list not available),large,,not found in ACRA,0
M&T Bank,M&T Bank,United States,companiesmarketcap.com ranks 1-1000 by market cap (fetched 2026-09-28),,y,Proxy: market-cap top 1500 (Forbes list not available),large,,not found in ACRA,0
ResMed,=ResMed,United States,companiesmarketcap.com ranks 1-1000 by market cap (fetched 2026-09-28),,y,Proxy: market-cap top 1500 (Forbes list not available),large,,qualified,2
Capitec Bank,Capitec Bank,South Africa,companiesmarketcap.com ranks 1-1000 by market cap (fetched 2026-09-28),,y,Proxy: market-cap top 1500 (Forbes list not available),large,,not found in ACRA,0
EQT Corporation,=EQT,United States,companiesmarketcap.com ranks 1-1000 by market cap (fetched 2026-09-28),,y,Proxy: market-cap top 1500 (Forbes list not available),large,,review matches only,0
Epiroc,=Epiroc,Sweden,companiesmarketcap.com ranks 1-1000 by market cap (fetched 2026-09-28),,y,Proxy: market-cap top 1500 (Forbes list not available),large,,review matches only,0
Vulcan Materials,Vulcan Materials,United States,companiesmarketcap.com ranks 1-1000 by market cap (fetched 2026-09-28),,y,Proxy: market-cap top 1500 (Forbes list not available),large,,not found in ACRA,0
Expedia Group,Expedia,United States,companiesmarketcap.com ranks 1-1000 by market cap (fetched 2026-09-28),,y,Proxy: market-cap top 1500 (Forbes list not available),large,,qualified,1
Ahold Delhaize,Ahold Delhaize,Netherlands,companiesmarketcap.com ranks 1-1000 by market cap (fetched 2026-09-28),,y,Proxy: market-cap top 1500 (Forbes list not available),large,,not found in ACRA,0
Huntington Bancshares,Huntington Bancshares,United States,companiesmarketcap.com ranks 1-1000 by market cap (fetched 2026-09-28),,y,Proxy: market-cap top 1500 (Forbes list not available),large,,not found in ACRA,0
Venture Global,Venture Global,United States,companiesmarketcap.com ranks 1-1000 by market cap (fetched 2026-09-28),,y,Proxy: market-cap top 1500 (Forbes list not available),large,,qualified,1
Sumitomo Mitsui Trust Holdings,Sumitomo Mitsui Trust,Japan,companiesmarketcap.com ranks 1-1000 by market cap (fetched 2026-09-28),,y,Proxy: market-cap top 1500 (Forbes list not available),large,,qualified,2
Dassault Systèmes,Dassault Systemes,France,companiesmarketcap.com ranks 1-1000 by market cap (fetched 2026-09-28),,y,Proxy: market-cap top 1500 (Forbes list not available),large,,qualified,1
Svenska Handelsbanken,Svenska Handelsbanken,Sweden,companiesmarketcap.com ranks 1-1000 by market cap (fetched 2026-09-28),,y,Proxy: market-cap top 1500 (Forbes list not available),large,,not found in ACRA,0
China General Nuclear Power Group,China General Nuclear Power;=CGN,China,companiesmarketcap.com ranks 1-1000 by market cap (fetched 2026-09-28),,y,Proxy: market-cap top 1500 (Forbes list not available),large,,review matches only,0
Adyen,Adyen,Netherlands,companiesmarketcap.com ranks 1-1000 by market cap (fetched 2026-09-28),,y,Proxy: market-cap top 1500 (Forbes list not available),large,,qualified,1
Zscaler,=Zscaler,United States,companiesmarketcap.com ranks 1-1000 by market cap (fetched 2026-09-28),,y,Proxy: market-cap top 1500 (Forbes list not available),large,,not found in ACRA,0
FirstRand,=FirstRand,South Africa,companiesmarketcap.com ranks 1-1000 by market cap (fetched 2026-09-28),,y,Proxy: market-cap top 1500 (Forbes list not available),large,,not found in ACRA,0
Intact Financial,Intact Financial,Canada,companiesmarketcap.com ranks 1-1000 by market cap (fetched 2026-09-28),,y,Proxy: market-cap top 1500 (Forbes list not available),large,,not found in ACRA,0
Kering,Kering;Gucci,France,companiesmarketcap.com ranks 1-1000 by market cap (fetched 2026-09-28),,y,Proxy: market-cap top 1500 (Forbes list not available),large,,qualified,5
Prudential plc,Prudential Assurance;Eastspring;Prudential Singapore,United Kingdom,companiesmarketcap.com ranks 1-1000 by market cap (fetched 2026-09-28),,y,Proxy: market-cap top 1500 (Forbes list not available),large,,qualified,5
Ericsson,=Ericsson,Sweden,companiesmarketcap.com ranks 1-1000 by market cap (fetched 2026-09-28),,y,Proxy: market-cap top 1500 (Forbes list not available),large,,review matches only,0
Experian,Experian,Ireland,companiesmarketcap.com ranks 1-1000 by market cap (fetched 2026-09-28),,y,Proxy: market-cap top 1500 (Forbes list not available),large,,qualified,3
Swiss Life,Swiss Life,Switzerland,companiesmarketcap.com ranks 1-1000 by market cap (fetched 2026-09-28),,y,Proxy: market-cap top 1500 (Forbes list not available),large,,qualified,2
Advanced Info Service,Advanced Info Service;=AIS,Thailand,companiesmarketcap.com ranks 1-1000 by market cap (fetched 2026-09-28),,y,Proxy: market-cap top 1500 (Forbes list not available),large,,qualified,1
Banorte,=Banorte,Mexico,companiesmarketcap.com ranks 1-1000 by market cap (fetched 2026-09-28),,y,Proxy: market-cap top 1500 (Forbes list not available),large,,not found in ACRA,0
Sunbelt Rentals,Sunbelt Rentals,United States,companiesmarketcap.com ranks 1-1000 by market cap (fetched 2026-09-28),,y,Proxy: market-cap top 1500 (Forbes list not available),large,,not found in ACRA,0
Raymond James Financial,Raymond James,United States,companiesmarketcap.com ranks 1-1000 by market cap (fetched 2026-09-28),,y,Proxy: market-cap top 1500 (Forbes list not available),large,,not found in ACRA,0
Naturgy,=Naturgy,Spain,companiesmarketcap.com ranks 1-1000 by market cap (fetched 2026-09-28),,y,Proxy: market-cap top 1500 (Forbes list not available),large,,not found in ACRA,0
Cheniere Energy Partners,Cheniere Energy Partners,United States,companiesmarketcap.com ranks 1-1000 by market cap (fetched 2026-09-28),,y,Proxy: market-cap top 1500 (Forbes list not available),large,,not found in ACRA,0
Itaúsa,=Itausa,Brazil,companiesmarketcap.com ranks 1-1000 by market cap (fetched 2026-09-28),,y,Proxy: market-cap top 1500 (Forbes list not available),large,,not found in ACRA,0
Credicorp,=Credicorp,Bermuda,companiesmarketcap.com ranks 1-1000 by market cap (fetched 2026-09-28),,y,Proxy: market-cap top 1500 (Forbes list not available),large,,not found in ACRA,0
Chroma ATE Inc.,Chroma ATE,Taiwan,companiesmarketcap.com ranks 1-1000 by market cap (fetched 2026-09-28),,y,Proxy: market-cap top 1500 (Forbes list not available),large,,not found in ACRA,0
Weichai Power,Weichai Power,China,companiesmarketcap.com ranks 1-1000 by market cap (fetched 2026-09-28),,y,Proxy: market-cap top 1500 (Forbes list not available),large,,not found in ACRA,0
Centene,=Centene,United States,companiesmarketcap.com ranks 1-1000 by market cap (fetched 2026-09-28),,y,Proxy: market-cap top 1500 (Forbes list not available),large,,not found in ACRA,0
KONE,=KONE,Finland,companiesmarketcap.com ranks 1-1000 by market cap (fetched 2026-09-28),,y,Proxy: market-cap top 1500 (Forbes list not available),large,,qualified,1
Denso,=Denso,Japan,companiesmarketcap.com ranks 1-1000 by market cap (fetched 2026-09-28),,y,Proxy: market-cap top 1500 (Forbes list not available),large,,qualified,1
Carnival Corporation,Carnival Corporation;Carnival Cruise;Princess Cruises,United States,companiesmarketcap.com ranks 1-1000 by market cap (fetched 2026-09-28),,y,Proxy: market-cap top 1500 (Forbes list not available),large,,not found in ACRA,0
Novonesis,=Novonesis,Denmark,companiesmarketcap.com ranks 1-1000 by market cap (fetched 2026-09-28),,y,Proxy: market-cap top 1500 (Forbes list not available),large,,qualified,1
Ajinomoto,=Ajinomoto,Japan,companiesmarketcap.com ranks 1-1000 by market cap (fetched 2026-09-28),,y,Proxy: market-cap top 1500 (Forbes list not available),large,,qualified,1
Oil & Natural Gas,Oil & Natural Gas;=ONGC,India,companiesmarketcap.com ranks 1-1000 by market cap (fetched 2026-09-28),,y,Proxy: market-cap top 1500 (Forbes list not available),large,,review matches only,0
Yuanta Financial Holding,=Yuanta,Taiwan,companiesmarketcap.com ranks 1-1000 by market cap (fetched 2026-09-28),,y,Proxy: market-cap top 1500 (Forbes list not available),large,,qualified,1
Oriental Land,Oriental Land,Japan,companiesmarketcap.com ranks 1-1000 by market cap (fetched 2026-09-28),,y,Proxy: market-cap top 1500 (Forbes list not available),large,,not found in ACRA,0
GE HealthCare Technologies,GE HealthCare,United States,companiesmarketcap.com ranks 1-1000 by market cap (fetched 2026-09-28),,y,Proxy: market-cap top 1500 (Forbes list not available),large,,qualified,3
ON Semiconductor,ON Semiconductor;=onsemi,United States,companiesmarketcap.com ranks 1-1000 by market cap (fetched 2026-09-28),,y,Proxy: market-cap top 1500 (Forbes list not available),large,,not found in ACRA,0
Celltrion,=Celltrion,South Korea,companiesmarketcap.com ranks 1-1000 by market cap (fetched 2026-09-28),,y,Proxy: market-cap top 1500 (Forbes list not available),large,,qualified,1
Kyocera,=Kyocera,Japan,companiesmarketcap.com ranks 1-1000 by market cap (fetched 2026-09-28),,y,Proxy: market-cap top 1500 (Forbes list not available),large,,qualified,1
Bridgestone,=Bridgestone,Japan,companiesmarketcap.com ranks 1-1000 by market cap (fetched 2026-09-28),,y,Proxy: market-cap top 1500 (Forbes list not available),large,,qualified,3
Neste,=Neste,Finland,companiesmarketcap.com ranks 1-1000 by market cap (fetched 2026-09-28),,y,Proxy: market-cap top 1500 (Forbes list not available),large,,qualified,3
Universal Music Group,Universal Music,Netherlands,companiesmarketcap.com ranks 1-1000 by market cap (fetched 2026-09-28),,y,Proxy: market-cap top 1500 (Forbes list not available),large,,qualified,2
Standard Bank Group,Standard Bank,South Africa,companiesmarketcap.com ranks 1-1000 by market cap (fetched 2026-09-28),,y,Proxy: market-cap top 1500 (Forbes list not available),large,,not found in ACRA,0
Baidu,Baidu,China,companiesmarketcap.com ranks 1-1000 by market cap (fetched 2026-09-28),,y,Proxy: market-cap top 1500 (Forbes list not available),large,,qualified,4
Kinross Gold,Kinross Gold,Canada,companiesmarketcap.com ranks 1-1000 by market cap (fetched 2026-09-28),,y,Proxy: market-cap top 1500 (Forbes list not available),large,,not found in ACRA,0
Crown Castle,Crown Castle,United States,companiesmarketcap.com ranks 1-1000 by market cap (fetched 2026-09-28),,y,Proxy: market-cap top 1500 (Forbes list not available),large,,not found in ACRA,0
Fresenius,=Fresenius,Germany,companiesmarketcap.com ranks 1-1000 by market cap (fetched 2026-09-28),,y,Proxy: market-cap top 1500 (Forbes list not available),large,,review matches only,0
Ingersoll Rand,Ingersoll Rand,Ireland,companiesmarketcap.com ranks 1-1000 by market cap (fetched 2026-09-28),,y,Proxy: market-cap top 1500 (Forbes list not available),large,,qualified,4
Vestas Wind Systems,Vestas Wind Systems,Denmark,companiesmarketcap.com ranks 1-1000 by market cap (fetched 2026-09-28),,y,Proxy: market-cap top 1500 (Forbes list not available),large,,not found in ACRA,0
Extra Space Storage,Extra Space Storage,United States,companiesmarketcap.com ranks 1-1000 by market cap (fetched 2026-09-28),,y,Proxy: market-cap top 1500 (Forbes list not available),large,,not found in ACRA,0
Techtronic Industries,Techtronic Industries,Hong Kong,companiesmarketcap.com ranks 1-1000 by market cap (fetched 2026-09-28),,y,Proxy: market-cap top 1500 (Forbes list not available),large,,qualified,1
Nomura Holdings,=Nomura,Japan,companiesmarketcap.com ranks 1-1000 by market cap (fetched 2026-09-28),,y,Proxy: market-cap top 1500 (Forbes list not available),large,,qualified,4
Yankuang Energy,Yankuang Energy,China,companiesmarketcap.com ranks 1-1000 by market cap (fetched 2026-09-28),,y,Proxy: market-cap top 1500 (Forbes list not available),large,,not found in ACRA,0
Bharat Electronics,Bharat Electronics,India,companiesmarketcap.com ranks 1-1000 by market cap (fetched 2026-09-28),,y,Proxy: market-cap top 1500 (Forbes list not available),large,,qualified,1
Zoetis,=Zoetis,United States,companiesmarketcap.com ranks 1-1000 by market cap (fetched 2026-09-28),,y,Proxy: market-cap top 1500 (Forbes list not available),large,,qualified,1
Adidas,Adidas,Germany,companiesmarketcap.com ranks 1-1000 by market cap (fetched 2026-09-28),,y,Proxy: market-cap top 1500 (Forbes list not available),large,,qualified,1
Bajaj Finserv,Bajaj Finserv,India,companiesmarketcap.com ranks 1-1000 by market cap (fetched 2026-09-28),,y,Proxy: market-cap top 1500 (Forbes list not available),large,,not found in ACRA,0
Heidelberg Materials,Heidelberg Materials,Germany,companiesmarketcap.com ranks 1-1000 by market cap (fetched 2026-09-28),,y,Proxy: market-cap top 1500 (Forbes list not available),large,,qualified,1
Kongsberg Gruppen,Kongsberg Gruppen,Norway,companiesmarketcap.com ranks 1-1000 by market cap (fetched 2026-09-28),,y,Proxy: market-cap top 1500 (Forbes list not available),large,,not found in ACRA,0
Samsung Electro-Mechanics,Samsung Electro-Mechanics,South Korea,companiesmarketcap.com ranks 1-1000 by market cap (fetched 2026-09-28),,y,Proxy: market-cap top 1500 (Forbes list not available),large,,qualified,1
Reddit,=Reddit,United States,companiesmarketcap.com ranks 1-1000 by market cap (fetched 2026-09-28),,y,Proxy: market-cap top 1500 (Forbes list not available),large,,qualified,1
Seven & i Holdings,Seven & i;7-Eleven Inc,Japan,companiesmarketcap.com ranks 1-1000 by market cap (fetched 2026-09-28),,y,Proxy: market-cap top 1500 (Forbes list not available),large,,not found in ACRA,0
Foshan Haitian Flavouring and Food,Foshan Haitian Flavouring and Food,China,companiesmarketcap.com ranks 1-1000 by market cap (fetched 2026-09-28),,y,Proxy: market-cap top 1500 (Forbes list not available),large,,not found in ACRA,0
Ryanair,=Ryanair,Ireland,companiesmarketcap.com ranks 1-1000 by market cap (fetched 2026-09-28),,y,Proxy: market-cap top 1500 (Forbes list not available),large,,not found in ACRA,0
Moore Threads,Moore Threads,China,companiesmarketcap.com ranks 1-1000 by market cap (fetched 2026-09-28),,y,Proxy: market-cap top 1500 (Forbes list not available),large,,not found in ACRA,0
Mindray,=Mindray,China,companiesmarketcap.com ranks 1-1000 by market cap (fetched 2026-09-28),,y,Proxy: market-cap top 1500 (Forbes list not available),large,,qualified,1
Teledyne Technologies,Teledyne Technologies,United States,companiesmarketcap.com ranks 1-1000 by market cap (fetched 2026-09-28),,y,Proxy: market-cap top 1500 (Forbes list not available),large,,not found in ACRA,0
Transurban,=Transurban,Australia,companiesmarketcap.com ranks 1-1000 by market cap (fetched 2026-09-28),,y,Proxy: market-cap top 1500 (Forbes list not available),large,,review matches only,0
Supermicro,=Supermicro,United States,companiesmarketcap.com ranks 1-1000 by market cap (fetched 2026-09-28),,y,Proxy: market-cap top 1500 (Forbes list not available),large,,not found in ACRA,0
LG Electronics,LG Electronics,South Korea,companiesmarketcap.com ranks 1-1000 by market cap (fetched 2026-09-28),,y,Proxy: market-cap top 1500 (Forbes list not available),large,,qualified,1
HP,HP Inc;HP PPS;Hewlett-Packard,United States,companiesmarketcap.com ranks 1-1000 by market cap (fetched 2026-09-28),,y,Proxy: market-cap top 1500 (Forbes list not available),large,,qualified,10
Banco BPM,Banco BPM,Italy,companiesmarketcap.com ranks 1-1000 by market cap (fetched 2026-09-28),,y,Proxy: market-cap top 1500 (Forbes list not available),large,,not found in ACRA,0
WuXi Biologics,WuXi Biologics,China,companiesmarketcap.com ranks 1-1000 by market cap (fetched 2026-09-28),,y,Proxy: market-cap top 1500 (Forbes list not available),large,,qualified,1
Emaar Properties,Emaar Properties,UAE,companiesmarketcap.com ranks 1-1000 by market cap (fetched 2026-09-28),,y,Proxy: market-cap top 1500 (Forbes list not available),large,,not found in ACRA,0
Kraft Heinz,Kraft Heinz;Heinz,United States,companiesmarketcap.com ranks 1-1000 by market cap (fetched 2026-09-28),,y,Proxy: market-cap top 1500 (Forbes list not available),large,,qualified,2
China Coal Energy Company Limited,China Coal Energy,China,companiesmarketcap.com ranks 1-1000 by market cap (fetched 2026-09-28),,y,Proxy: market-cap top 1500 (Forbes list not available),large,,not found in ACRA,0
Tenaris,=Tenaris,Luxembourg,companiesmarketcap.com ranks 1-1000 by market cap (fetched 2026-09-28),,y,Proxy: market-cap top 1500 (Forbes list not available),large,,review matches only,0
Inpex,=Inpex,Japan,companiesmarketcap.com ranks 1-1000 by market cap (fetched 2026-09-28),,y,Proxy: market-cap top 1500 (Forbes list not available),large,,review matches only,0
Haier Smart Home,Haier Smart Home,China,companiesmarketcap.com ranks 1-1000 by market cap (fetched 2026-09-28),,y,Proxy: market-cap top 1500 (Forbes list not available),large,,not found in ACRA,0
TechnipFMC,=TechnipFMC,United Kingdom,companiesmarketcap.com ranks 1-1000 by market cap (fetched 2026-09-28),,y,Proxy: market-cap top 1500 (Forbes list not available),large,,not found in ACRA,0
Publicis Groupe,Publicis Groupe;Publicis,France,companiesmarketcap.com ranks 1-1000 by market cap (fetched 2026-09-28),,y,Proxy: market-cap top 1500 (Forbes list not available),large,,not found in ACRA,0
Aviva,=Aviva,United Kingdom,companiesmarketcap.com ranks 1-1000 by market cap (fetched 2026-09-28),,y,Proxy: market-cap top 1500 (Forbes list not available),large,,qualified,2
Gazprom,=Gazprom,Russia,companiesmarketcap.com ranks 1-1000 by market cap (fetched 2026-09-28),,y,Proxy: market-cap top 1500 (Forbes list not available),large,,not found in ACRA,0
Fresnillo,=Fresnillo,Mexico,companiesmarketcap.com ranks 1-1000 by market cap (fetched 2026-09-28),,y,Proxy: market-cap top 1500 (Forbes list not available),large,,not found in ACRA,0
AIB Group,=AIB,Ireland,companiesmarketcap.com ranks 1-1000 by market cap (fetched 2026-09-28),,y,Proxy: market-cap top 1500 (Forbes list not available),large,,review matches only,0
SMC corp,=SMC,Japan,companiesmarketcap.com ranks 1-1000 by market cap (fetched 2026-09-28),,y,Proxy: market-cap top 1500 (Forbes list not available),large,,qualified,3
Citizens Financial Group,Citizens Financial,United States,companiesmarketcap.com ranks 1-1000 by market cap (fetched 2026-09-28),,y,Proxy: market-cap top 1500 (Forbes list not available),large,,not found in ACRA,0
China National Nuclear Power,China National Nuclear Power,China,companiesmarketcap.com ranks 1-1000 by market cap (fetched 2026-09-28),,y,Proxy: market-cap top 1500 (Forbes list not available),large,,not found in ACRA,0
Mitsubishi Estate,Mitsubishi Estate,Japan,companiesmarketcap.com ranks 1-1000 by market cap (fetched 2026-09-28),,y,Proxy: market-cap top 1500 (Forbes list not available),large,,qualified,1
Dollar General,Dollar General,United States,companiesmarketcap.com ranks 1-1000 by market cap (fetched 2026-09-28),,y,Proxy: market-cap top 1500 (Forbes list not available),large,,not found in ACRA,0
Brookfield Infrastructure Partners,Brookfield Infrastructure Partners,Bermuda,companiesmarketcap.com ranks 1-1000 by market cap (fetched 2026-09-28),,y,Proxy: market-cap top 1500 (Forbes list not available),large,,not found in ACRA,0
Ameren,=Ameren,United States,companiesmarketcap.com ranks 1-1000 by market cap (fetched 2026-09-28),,y,Proxy: market-cap top 1500 (Forbes list not available),large,,not found in ACRA,0
International Container Terminal Services,International Container Terminal,Philippines,companiesmarketcap.com ranks 1-1000 by market cap (fetched 2026-09-28),,y,Proxy: market-cap top 1500 (Forbes list not available),large,,not found in ACRA,0
Grupo ACS,Grupo ACS,Spain,companiesmarketcap.com ranks 1-1000 by market cap (fetched 2026-09-28),,y,Proxy: market-cap top 1500 (Forbes list not available),large,,not found in ACRA,0
DSM-Firmenich,=DSM-Firmenich,Switzerland,companiesmarketcap.com ranks 1-1000 by market cap (fetched 2026-09-28),,y,Proxy: market-cap top 1500 (Forbes list not available),large,,not found in ACRA,0
GlobalFoundries,=GlobalFoundries,United States,companiesmarketcap.com ranks 1-1000 by market cap (fetched 2026-09-28),,y,Proxy: market-cap top 1500 (Forbes list not available),large,,qualified,1
Williams-Sonoma,=Williams-Sonoma,United States,companiesmarketcap.com ranks 1-1000 by market cap (fetched 2026-09-28),,y,Proxy: market-cap top 1500 (Forbes list not available),large,,qualified,1
Willis Towers Watson,Willis Towers Watson;Towers Watson;=Willis,United Kingdom,companiesmarketcap.com ranks 1-1000 by market cap (fetched 2026-09-28),,y,Proxy: market-cap top 1500 (Forbes list not available),large,,qualified,4
Halliburton,=Halliburton,United States,companiesmarketcap.com ranks 1-1000 by market cap (fetched 2026-09-28),,y,Proxy: market-cap top 1500 (Forbes list not available),large,,qualified,1
Coal India,Coal India,India,companiesmarketcap.com ranks 1-1000 by market cap (fetched 2026-09-28),,y,Proxy: market-cap top 1500 (Forbes list not available),large,,not found in ACRA,0
Fortis,=Fortis,Canada,companiesmarketcap.com ranks 1-1000 by market cap (fetched 2026-09-28),,y,Proxy: market-cap top 1500 (Forbes list not available),large,,qualified,2
Nestlé India,Nestle India,India,companiesmarketcap.com ranks 1-1000 by market cap (fetched 2026-09-28),,y,Proxy: market-cap top 1500 (Forbes list not available),large,,not found in ACRA,0
Ørsted,=rsted;Orsted,Denmark,companiesmarketcap.com ranks 1-1000 by market cap (fetched 2026-09-28),,y,Proxy: market-cap top 1500 (Forbes list not available),large,,qualified,1
Hapag-Lloyd,=Hapag-Lloyd,Germany,companiesmarketcap.com ranks 1-1000 by market cap (fetched 2026-09-28),,y,Proxy: market-cap top 1500 (Forbes list not available),large,,qualified,1
George Weston,George Weston,Canada,companiesmarketcap.com ranks 1-1000 by market cap (fetched 2026-09-28),,y,Proxy: market-cap top 1500 (Forbes list not available),large,,not found in ACRA,0
Exor,=Exor,Netherlands,companiesmarketcap.com ranks 1-1000 by market cap (fetched 2026-09-28),,y,Proxy: market-cap top 1500 (Forbes list not available),large,,not found in ACRA,0
Cboe Global Markets,Cboe Global Markets,United States,companiesmarketcap.com ranks 1-1000 by market cap (fetched 2026-09-28),,y,Proxy: market-cap top 1500 (Forbes list not available),large,,not found in ACRA,0
Gulf Development Public Company,Gulf Development Public,Thailand,companiesmarketcap.com ranks 1-1000 by market cap (fetched 2026-09-28),,y,Proxy: market-cap top 1500 (Forbes list not available),large,,not found in ACRA,0
First Quantum Minerals,First Quantum Minerals,Canada,companiesmarketcap.com ranks 1-1000 by market cap (fetched 2026-09-28),,y,Proxy: market-cap top 1500 (Forbes list not available),large,,not found in ACRA,0
China Resources Land,China Resources Land,Hong Kong,companiesmarketcap.com ranks 1-1000 by market cap (fetched 2026-09-28),,y,Proxy: market-cap top 1500 (Forbes list not available),large,,not found in ACRA,0
New China Life Insurance,New China Life Insurance,China,companiesmarketcap.com ranks 1-1000 by market cap (fetched 2026-09-28),,y,Proxy: market-cap top 1500 (Forbes list not available),large,,not found in ACRA,0
Mediobanca,=Mediobanca,Italy,companiesmarketcap.com ranks 1-1000 by market cap (fetched 2026-09-28),,y,Proxy: market-cap top 1500 (Forbes list not available),large,,not found in ACRA,0
Airports of Thailand,Airports of Thailand,Thailand,companiesmarketcap.com ranks 1-1000 by market cap (fetched 2026-09-28),,y,Proxy: market-cap top 1500 (Forbes list not available),large,,not found in ACRA,0
OMV,=OMV,Austria,companiesmarketcap.com ranks 1-1000 by market cap (fetched 2026-09-28),,y,Proxy: market-cap top 1500 (Forbes list not available),large,,review matches only,0
Divis Laboratories,Divis Laboratories,India,companiesmarketcap.com ranks 1-1000 by market cap (fetched 2026-09-28),,y,Proxy: market-cap top 1500 (Forbes list not available),large,,not found in ACRA,0
Hexagon AB,Hexagon AB;Hexagon Metrology;Hexagon Geosystems;Leica Geosystems,Sweden,companiesmarketcap.com ranks 1-1000 by market cap (fetched 2026-09-28),,y,Proxy: market-cap top 1500 (Forbes list not available),large,,qualified,3
nVent Electric,nVent Electric,United Kingdom,companiesmarketcap.com ranks 1-1000 by market cap (fetched 2026-09-28),,y,Proxy: market-cap top 1500 (Forbes list not available),large,,not found in ACRA,0
Copart,=Copart,United States,companiesmarketcap.com ranks 1-1000 by market cap (fetched 2026-09-28),,y,Proxy: market-cap top 1500 (Forbes list not available),large,,qualified,1
Atmos Energy,Atmos Energy,United States,companiesmarketcap.com ranks 1-1000 by market cap (fetched 2026-09-28),,y,Proxy: market-cap top 1500 (Forbes list not available),large,,not found in ACRA,0
ST Engineering,Singapore Technologies Engineering;ST Engineering,Singapore,companiesmarketcap.com ranks 1-1000 by market cap (fetched 2026-09-28),Singapore-HQ group with operations outside Singapore (curated; verify),y,Proxy: market-cap top 1500 (Forbes list not available),large,,qualified,39
Veolia,=Veolia,France,companiesmarketcap.com ranks 1-1000 by market cap (fetched 2026-09-28),,y,Proxy: market-cap top 1500 (Forbes list not available),large,,review matches only,0
Sampo,=Sampo,Finland,companiesmarketcap.com ranks 1-1000 by market cap (fetched 2026-09-28),,y,Proxy: market-cap top 1500 (Forbes list not available),large,,not found in ACRA,0
Bank Rakyat Indonesia,Bank Rakyat Indonesia,Indonesia,companiesmarketcap.com ranks 1-1000 by market cap (fetched 2026-09-28),,y,Proxy: market-cap top 1500 (Forbes list not available),large,,review matches only,0
China Everbright Bank,China Everbright Bank,China,companiesmarketcap.com ranks 1-1000 by market cap (fetched 2026-09-28),,y,Proxy: market-cap top 1500 (Forbes list not available),large,,not found in ACRA,0
Michelin,=Michelin,France,companiesmarketcap.com ranks 1-1000 by market cap (fetched 2026-09-28),,y,Proxy: market-cap top 1500 (Forbes list not available),large,,qualified,1
PT DCI Indonesia Tbk,PT DCI Indonesia,Indonesia,companiesmarketcap.com ranks 1-1000 by market cap (fetched 2026-09-28),,y,Proxy: market-cap top 1500 (Forbes list not available),large,,not found in ACRA,0
Symbotic,=Symbotic,United States,companiesmarketcap.com ranks 1-1000 by market cap (fetched 2026-09-28),,y,Proxy: market-cap top 1500 (Forbes list not available),large,,not found in ACRA,0
Fujifilm,Fujifilm;Fuji Xerox,Japan,companiesmarketcap.com ranks 1-1000 by market cap (fetched 2026-09-28),,y,Proxy: market-cap top 1500 (Forbes list not available),large,,qualified,8
China State Construction Engineering,China State Construction Engineering,China,companiesmarketcap.com ranks 1-1000 by market cap (fetched 2026-09-28),,y,Proxy: market-cap top 1500 (Forbes list not available),large,,qualified,1
Hana Financial Group,Hana Bank;KEB Hana,South Korea,companiesmarketcap.com ranks 1-1000 by market cap (fetched 2026-09-28),,y,Proxy: market-cap top 1500 (Forbes list not available),large,,qualified,1
EchoStar,=EchoStar,United States,companiesmarketcap.com ranks 1-1000 by market cap (fetched 2026-09-28),,y,Proxy: market-cap top 1500 (Forbes list not available),large,,not found in ACRA,0
Formosa Petrochemical,Formosa Petrochemical,Taiwan,companiesmarketcap.com ranks 1-1000 by market cap (fetched 2026-09-28),,y,Proxy: market-cap top 1500 (Forbes list not available),large,,not found in ACRA,0
Zoom,=Zoom;Zoom Video,United States,companiesmarketcap.com ranks 1-1000 by market cap (fetched 2026-09-28),,y,Proxy: market-cap top 1500 (Forbes list not available),large,,qualified,4
Powergrid Corporation of India,Powergrid Corporation of India,India,companiesmarketcap.com ranks 1-1000 by market cap (fetched 2026-09-28),,y,Proxy: market-cap top 1500 (Forbes list not available),large,,not found in ACRA,0
Corpay,=Corpay,United States,companiesmarketcap.com ranks 1-1000 by market cap (fetched 2026-09-28),,y,Proxy: market-cap top 1500 (Forbes list not available),large,,not found in ACRA,0
DMart,=DMart,India,companiesmarketcap.com ranks 1-1000 by market cap (fetched 2026-09-28),,y,Proxy: market-cap top 1500 (Forbes list not available),large,,not found in ACRA,0
Qnity Electronics,Qnity Electronics,United States,companiesmarketcap.com ranks 1-1000 by market cap (fetched 2026-09-28),,y,Proxy: market-cap top 1500 (Forbes list not available),large,,not found in ACRA,0
Quest Diagnostics,Quest Diagnostics,United States,companiesmarketcap.com ranks 1-1000 by market cap (fetched 2026-09-28),,y,Proxy: market-cap top 1500 (Forbes list not available),large,,not found in ACRA,0
West Pharmaceutical Services,West Pharmaceutical,United States,companiesmarketcap.com ranks 1-1000 by market cap (fetched 2026-09-28),,y,Proxy: market-cap top 1500 (Forbes list not available),large,,qualified,1
Tower Semiconductor,Tower Semiconductor,Israel,companiesmarketcap.com ranks 1-1000 by market cap (fetched 2026-09-28),,y,Proxy: market-cap top 1500 (Forbes list not available),large,,not found in ACRA,0
H&M,H&M;Hennes & Mauritz,Sweden,companiesmarketcap.com ranks 1-1000 by market cap (fetched 2026-09-28),,y,Proxy: market-cap top 1500 (Forbes list not available),large,,qualified,10
American Water,American Water,United States,companiesmarketcap.com ranks 1-1000 by market cap (fetched 2026-09-28),,y,Proxy: market-cap top 1500 (Forbes list not available),large,,not found in ACRA,0
Sungrow Power Supply,Sungrow Power Supply,China,companiesmarketcap.com ranks 1-1000 by market cap (fetched 2026-09-28),,y,Proxy: market-cap top 1500 (Forbes list not available),large,,not found in ACRA,0
Hindustan Zinc,Hindustan Zinc,India,companiesmarketcap.com ranks 1-1000 by market cap (fetched 2026-09-28),,y,Proxy: market-cap top 1500 (Forbes list not available),large,,not found in ACRA,0
Pembina Pipeline,Pembina Pipeline,Canada,companiesmarketcap.com ranks 1-1000 by market cap (fetched 2026-09-28),,y,Proxy: market-cap top 1500 (Forbes list not available),large,,not found in ACRA,0
VeriSign,=VeriSign,United States,companiesmarketcap.com ranks 1-1000 by market cap (fetched 2026-09-28),,y,Proxy: market-cap top 1500 (Forbes list not available),large,,qualified,1
National Bank of Kuwait,National Bank of Kuwait,Kuwait,companiesmarketcap.com ranks 1-1000 by market cap (fetched 2026-09-28),,y,Proxy: market-cap top 1500 (Forbes list not available),large,,qualified,1
Hansoh Pharma,Hansoh Pharma,China,companiesmarketcap.com ranks 1-1000 by market cap (fetched 2026-09-28),,y,Proxy: market-cap top 1500 (Forbes list not available),large,,not found in ACRA,0
VICI Properties,VICI Properties,United States,companiesmarketcap.com ranks 1-1000 by market cap (fetched 2026-09-28),,y,Proxy: market-cap top 1500 (Forbes list not available),large,,not found in ACRA,0
Lens Technology,Lens Technology,China,companiesmarketcap.com ranks 1-1000 by market cap (fetched 2026-09-28),,y,Proxy: market-cap top 1500 (Forbes list not available),large,,review matches only,0
Dover Corporation,Dover Corporation,United States,companiesmarketcap.com ranks 1-1000 by market cap (fetched 2026-09-28),,y,Proxy: market-cap top 1500 (Forbes list not available),large,,not found in ACRA,0
Mitsui Fudosan,Mitsui Fudosan,Japan,companiesmarketcap.com ranks 1-1000 by market cap (fetched 2026-09-28),,y,Proxy: market-cap top 1500 (Forbes list not available),large,,qualified,1
MTR Corporation,=MTR,Hong Kong,companiesmarketcap.com ranks 1-1000 by market cap (fetched 2026-09-28),,y,Proxy: market-cap top 1500 (Forbes list not available),large,,qualified,3
Largan Precision,Largan Precision,Taiwan,companiesmarketcap.com ranks 1-1000 by market cap (fetched 2026-09-28),,y,Proxy: market-cap top 1500 (Forbes list not available),large,,not found in ACRA,0
Insmed,=Insmed,United States,companiesmarketcap.com ranks 1-1000 by market cap (fetched 2026-09-28),,y,Proxy: market-cap top 1500 (Forbes list not available),large,,not found in ACRA,0
Dassault Aviation,Dassault Aviation,France,companiesmarketcap.com ranks 1-1000 by market cap (fetched 2026-09-28),,y,Proxy: market-cap top 1500 (Forbes list not available),large,,not found in ACRA,0
China Jushi,China Jushi,China,companiesmarketcap.com ranks 1-1000 by market cap (fetched 2026-09-28),,y,Proxy: market-cap top 1500 (Forbes list not available),large,,not found in ACRA,0
BT Group,BT Singapore;British Telecommunications;BT Global,United Kingdom,companiesmarketcap.com ranks 1-1000 by market cap (fetched 2026-09-28),,y,Proxy: market-cap top 1500 (Forbes list not available),large,,qualified,3
Pop Mart International Group,Pop Mart,China,companiesmarketcap.com ranks 1-1000 by market cap (fetched 2026-09-28),,y,Proxy: market-cap top 1500 (Forbes list not available),large,,qualified,4
Amadeus IT Group,Amadeus IT,Spain,companiesmarketcap.com ranks 1-1000 by market cap (fetched 2026-09-28),,y,Proxy: market-cap top 1500 (Forbes list not available),large,,not found in ACRA,0
Helvetia Baloise Holding AG,Helvetia Baloise,Switzerland,companiesmarketcap.com ranks 1-1000 by market cap (fetched 2026-09-28),,y,Proxy: market-cap top 1500 (Forbes list not available),large,,not found in ACRA,0
Yili Group,=Yili,China,companiesmarketcap.com ranks 1-1000 by market cap (fetched 2026-09-28),,y,Proxy: market-cap top 1500 (Forbes list not available),large,,qualified,3
DTE Energy,DTE Energy,United States,companiesmarketcap.com ranks 1-1000 by market cap (fetched 2026-09-28),,y,Proxy: market-cap top 1500 (Forbes list not available),large,,not found in ACRA,0
Nan Ya PCB,Nan Ya PCB,Taiwan,companiesmarketcap.com ranks 1-1000 by market cap (fetched 2026-09-28),,y,Proxy: market-cap top 1500 (Forbes list not available),large,,not found in ACRA,0
ATI Inc.,=ATI,United States,companiesmarketcap.com ranks 1-1000 by market cap (fetched 2026-09-28),,y,Proxy: market-cap top 1500 (Forbes list not available),large,,qualified,1
Las Vegas Sands,Las Vegas Sands,United States,companiesmarketcap.com ranks 1-1000 by market cap (fetched 2026-09-28),,y,Proxy: market-cap top 1500 (Forbes list not available),large,,not found in ACRA,0
Anta Sports,Anta Sports,China,companiesmarketcap.com ranks 1-1000 by market cap (fetched 2026-09-28),,y,Proxy: market-cap top 1500 (Forbes list not available),large,,qualified,1
EnBW Energie,EnBW Energie,Germany,companiesmarketcap.com ranks 1-1000 by market cap (fetched 2026-09-28),,y,Proxy: market-cap top 1500 (Forbes list not available),large,,not found in ACRA,0
Incyte,=Incyte,United States,companiesmarketcap.com ranks 1-1000 by market cap (fetched 2026-09-28),,y,Proxy: market-cap top 1500 (Forbes list not available),large,,not found in ACRA,0
LabCorp,=LabCorp,United States,companiesmarketcap.com ranks 1-1000 by market cap (fetched 2026-09-28),,y,Proxy: market-cap top 1500 (Forbes list not available),large,,qualified,1
Otis Worldwide,Otis Worldwide,United States,companiesmarketcap.com ranks 1-1000 by market cap (fetched 2026-09-28),,y,Proxy: market-cap top 1500 (Forbes list not available),large,,not found in ACRA,0
F5,=F5,United States,companiesmarketcap.com ranks 1-1000 by market cap (fetched 2026-09-28),,y,Proxy: market-cap top 1500 (Forbes list not available),large,,qualified,2
FirstEnergy,=FirstEnergy,United States,companiesmarketcap.com ranks 1-1000 by market cap (fetched 2026-09-28),,y,Proxy: market-cap top 1500 (Forbes list not available),large,,not found in ACRA,0
SharkNinja,=SharkNinja,United States,companiesmarketcap.com ranks 1-1000 by market cap (fetched 2026-09-28),,y,Proxy: market-cap top 1500 (Forbes list not available),large,,qualified,2
ADNOC Drilling Company,ADNOC Drilling,UAE,companiesmarketcap.com ranks 1-1000 by market cap (fetched 2026-09-28),,y,Proxy: market-cap top 1500 (Forbes list not available),large,,not found in ACRA,0
Cincinnati Financial,=Cincinnati,United States,companiesmarketcap.com ranks 1-1000 by market cap (fetched 2026-09-28),,y,Proxy: market-cap top 1500 (Forbes list not available),large,,qualified,1
Coupang,Coupang,United States,companiesmarketcap.com ranks 1-1000 by market cap (fetched 2026-09-28),,y,Proxy: market-cap top 1500 (Forbes list not available),large,,qualified,1
East Japan Railway,East Japan Railway,Japan,companiesmarketcap.com ranks 1-1000 by market cap (fetched 2026-09-28),,y,Proxy: market-cap top 1500 (Forbes list not available),large,,not found in ACRA,0
Trip.com,Trip.com;Ctrip,China,companiesmarketcap.com ranks 1-1000 by market cap (fetched 2026-09-28),,y,Proxy: market-cap top 1500 (Forbes list not available),large,,qualified,1
Klabin,=Klabin,Brazil,companiesmarketcap.com ranks 1-1000 by market cap (fetched 2026-09-28),,y,Proxy: market-cap top 1500 (Forbes list not available),large,,not found in ACRA,0
W. R. Berkley,W. R. Berkley,United States,companiesmarketcap.com ranks 1-1000 by market cap (fetched 2026-09-28),,y,Proxy: market-cap top 1500 (Forbes list not available),large,,not found in ACRA,0
Verbund AG,=Verbund,Austria,companiesmarketcap.com ranks 1-1000 by market cap (fetched 2026-09-28),,y,Proxy: market-cap top 1500 (Forbes list not available),large,,not found in ACRA,0
HENGTONG Optic-Electric,HENGTONG Optic-Electric,China,companiesmarketcap.com ranks 1-1000 by market cap (fetched 2026-09-28),,y,Proxy: market-cap top 1500 (Forbes list not available),large,,not found in ACRA,0
LPL Financial,=LPL,United States,companiesmarketcap.com ranks 1-1000 by market cap (fetched 2026-09-28),,y,Proxy: market-cap top 1500 (Forbes list not available),large,,qualified,1
BioNTech,=BioNTech,Germany,companiesmarketcap.com ranks 1-1000 by market cap (fetched 2026-09-28),,y,Proxy: market-cap top 1500 (Forbes list not available),large,,review matches only,0
Fiserv,=Fiserv,United States,companiesmarketcap.com ranks 1-1000 by market cap (fetched 2026-09-28),,y,Proxy: market-cap top 1500 (Forbes list not available),large,,qualified,1
International Consolidated Airlines,International Consolidated Airlines,Spain,companiesmarketcap.com ranks 1-1000 by market cap (fetched 2026-09-28),,y,Proxy: market-cap top 1500 (Forbes list not available),large,,not found in ACRA,0
Hubbell,=Hubbell,United States,companiesmarketcap.com ranks 1-1000 by market cap (fetched 2026-09-28),,y,Proxy: market-cap top 1500 (Forbes list not available),large,,review matches only,0
CLP Group,=CLP,Hong Kong,companiesmarketcap.com ranks 1-1000 by market cap (fetched 2026-09-28),,y,Proxy: market-cap top 1500 (Forbes list not available),large,,qualified,2
SK Group,SK Innovation;SK Energy;SK Telecom;SK Holdings,South Korea,companiesmarketcap.com ranks 1-1000 by market cap (fetched 2026-09-28),,y,Proxy: market-cap top 1500 (Forbes list not available),large,,qualified,3
Principal Financial Group,Principal Global Investors;Principal Asset Management,United States,companiesmarketcap.com ranks 1-1000 by market cap (fetched 2026-09-28),,y,Proxy: market-cap top 1500 (Forbes list not available),large,,qualified,2
Canon,=Canon,Japan,companiesmarketcap.com ranks 1-1000 by market cap (fetched 2026-09-28),,y,Proxy: market-cap top 1500 (Forbes list not available),large,,qualified,1
Tata Steel,Tata Steel,India,companiesmarketcap.com ranks 1-1000 by market cap (fetched 2026-09-28),,y,Proxy: market-cap top 1500 (Forbes list not available),large,,not found in ACRA,0
Asian Paints,Asian Paints,India,companiesmarketcap.com ranks 1-1000 by market cap (fetched 2026-09-28),,y,Proxy: market-cap top 1500 (Forbes list not available),large,,qualified,1
Huatai Securities,Huatai Securities,China,companiesmarketcap.com ranks 1-1000 by market cap (fetched 2026-09-28),,y,Proxy: market-cap top 1500 (Forbes list not available),large,,qualified,1
Shriram Finance,Shriram Finance,India,companiesmarketcap.com ranks 1-1000 by market cap (fetched 2026-09-28),,y,Proxy: market-cap top 1500 (Forbes list not available),large,,not found in ACRA,0
Suzuki Motor,Suzuki Motor,Japan,companiesmarketcap.com ranks 1-1000 by market cap (fetched 2026-09-28),,y,Proxy: market-cap top 1500 (Forbes list not available),large,,not found in ACRA,0
Philips,Philips,Netherlands,companiesmarketcap.com ranks 1-1000 by market cap (fetched 2026-09-28),,y,Proxy: market-cap top 1500 (Forbes list not available),large,,qualified,1
Aristocrat,=Aristocrat,Australia,companiesmarketcap.com ranks 1-1000 by market cap (fetched 2026-09-28),,y,Proxy: market-cap top 1500 (Forbes list not available),large,,review matches only,0
Raiffeisen Bank International,Raiffeisen Bank,Austria,companiesmarketcap.com ranks 1-1000 by market cap (fetched 2026-09-28),,y,Proxy: market-cap top 1500 (Forbes list not available),large,,qualified,1
Expeditors International,=Expeditors,United States,companiesmarketcap.com ranks 1-1000 by market cap (fetched 2026-09-28),,y,Proxy: market-cap top 1500 (Forbes list not available),large,,qualified,2
Imperial Brands,Imperial Brands,United Kingdom,companiesmarketcap.com ranks 1-1000 by market cap (fetched 2026-09-28),,y,Proxy: market-cap top 1500 (Forbes list not available),large,,not found in ACRA,0
Smurfit Westrock,Smurfit Westrock,Ireland,companiesmarketcap.com ranks 1-1000 by market cap (fetched 2026-09-28),,y,Proxy: market-cap top 1500 (Forbes list not available),large,,qualified,1
CenterPoint Energy,CenterPoint Energy,United States,companiesmarketcap.com ranks 1-1000 by market cap (fetched 2026-09-28),,y,Proxy: market-cap top 1500 (Forbes list not available),large,,not found in ACRA,0
Circle Internet Group,Circle Internet,United States,companiesmarketcap.com ranks 1-1000 by market cap (fetched 2026-09-28),,y,Proxy: market-cap top 1500 (Forbes list not available),large,,qualified,1
ENEOS Holdings,=ENEOS,Japan,companiesmarketcap.com ranks 1-1000 by market cap (fetched 2026-09-28),,y,Proxy: market-cap top 1500 (Forbes list not available),large,,qualified,1
PPL,=PPL,United States,companiesmarketcap.com ranks 1001-1500 by market cap (fetched 2026-09-28),,y,Proxy: market-cap top 1500 (Forbes list not available),large,,qualified,3
QBE Insurance,QBE Insurance,Australia,companiesmarketcap.com ranks 1001-1500 by market cap (fetched 2026-09-28),,y,Proxy: market-cap top 1500 (Forbes list not available),large,,qualified,1
Eversource Energy,Eversource Energy,United States,companiesmarketcap.com ranks 1001-1500 by market cap (fetched 2026-09-28),,y,Proxy: market-cap top 1500 (Forbes list not available),large,,not found in ACRA,0
Xylem,=Xylem,United States,companiesmarketcap.com ranks 1001-1500 by market cap (fetched 2026-09-28),,y,Proxy: market-cap top 1500 (Forbes list not available),large,,qualified,2
Hyundai Mobis,Hyundai Mobis,South Korea,companiesmarketcap.com ranks 1001-1500 by market cap (fetched 2026-09-28),,y,Proxy: market-cap top 1500 (Forbes list not available),large,,not found in ACRA,0
Industrivarden,=Industrivarden,Sweden,companiesmarketcap.com ranks 1001-1500 by market cap (fetched 2026-09-28),,y,Proxy: market-cap top 1500 (Forbes list not available),large,,not found in ACRA,0
Formula One Group,Formula One,United States,companiesmarketcap.com ranks 1001-1500 by market cap (fetched 2026-09-28),,y,Proxy: market-cap top 1500 (Forbes list not available),large,,qualified,1
VAT Group,=VAT,Switzerland,companiesmarketcap.com ranks 1001-1500 by market cap (fetched 2026-09-28),,y,Proxy: market-cap top 1500 (Forbes list not available),large,,qualified,1
Lindt & Sprungli,Lindt & Sprungli,Switzerland,companiesmarketcap.com ranks 1001-1500 by market cap (fetched 2026-09-28),,y,Proxy: market-cap top 1500 (Forbes list not available),large,,qualified,1
NN Group,=NN,Netherlands,companiesmarketcap.com ranks 1001-1500 by market cap (fetched 2026-09-28),,y,Proxy: market-cap top 1500 (Forbes list not available),large,,qualified,1
AST SpaceMobile,AST SpaceMobile,United States,companiesmarketcap.com ranks 1001-1500 by market cap (fetched 2026-09-28),,y,Proxy: market-cap top 1500 (Forbes list not available),large,,not found in ACRA,0
GF Securities,GF Securities,China,companiesmarketcap.com ranks 1001-1500 by market cap (fetched 2026-09-28),,y,Proxy: market-cap top 1500 (Forbes list not available),large,,not found in ACRA,0
Aluminum Corporation of China,Aluminum Corporation of China;=Chalco,China,companiesmarketcap.com ranks 1001-1500 by market cap (fetched 2026-09-28),,y,Proxy: market-cap top 1500 (Forbes list not available),large,,qualified,2
Banco do Brasil,Banco do Brasil,Brazil,companiesmarketcap.com ranks 1001-1500 by market cap (fetched 2026-09-28),,y,Proxy: market-cap top 1500 (Forbes list not available),large,,not found in ACRA,0
Guardant Health,Guardant Health,United States,companiesmarketcap.com ranks 1001-1500 by market cap (fetched 2026-09-28),,y,Proxy: market-cap top 1500 (Forbes list not available),large,,qualified,1
PPG Industries,PPG Industries,United States,companiesmarketcap.com ranks 1001-1500 by market cap (fetched 2026-09-28),,y,Proxy: market-cap top 1500 (Forbes list not available),large,,qualified,1
Alfa Laval,Alfa Laval,Sweden,"companiesmarketcap.com ranks 1001-1500 by market cap (fetched 2026-09-28) + Supplement: curated private/smaller multinationals (Claude, 2026-09-28; review)",,y,Proxy: market-cap top 1500 (Forbes list not available),large,,qualified,2
Sany Heavy Industry,Sany Heavy Industry,China,companiesmarketcap.com ranks 1001-1500 by market cap (fetched 2026-09-28),,y,Proxy: market-cap top 1500 (Forbes list not available),large,,not found in ACRA,0
Darden Restaurants,Darden Restaurants,United States,companiesmarketcap.com ranks 1001-1500 by market cap (fetched 2026-09-28),,y,Proxy: market-cap top 1500 (Forbes list not available),large,,not found in ACRA,0
ULTA Beauty,ULTA Beauty,United States,companiesmarketcap.com ranks 1001-1500 by market cap (fetched 2026-09-28),,y,Proxy: market-cap top 1500 (Forbes list not available),large,,not found in ACRA,0
Veralto,=Veralto,United States,companiesmarketcap.com ranks 1001-1500 by market cap (fetched 2026-09-28),,y,Proxy: market-cap top 1500 (Forbes list not available),large,,not found in ACRA,0
Rubrik,=Rubrik,United States,companiesmarketcap.com ranks 1001-1500 by market cap (fetched 2026-09-28),,y,Proxy: market-cap top 1500 (Forbes list not available),large,,qualified,1
Texas Pacific Land Corporation,Texas Pacific Land,United States,companiesmarketcap.com ranks 1001-1500 by market cap (fetched 2026-09-28),,y,Proxy: market-cap top 1500 (Forbes list not available),large,,not found in ACRA,0
Synchrony Financial,=Synchrony,United States,companiesmarketcap.com ranks 1001-1500 by market cap (fetched 2026-09-28),,y,Proxy: market-cap top 1500 (Forbes list not available),large,,qualified,1
Abu Dhabi Islamic Bank,Abu Dhabi Islamic Bank,UAE,companiesmarketcap.com ranks 1001-1500 by market cap (fetched 2026-09-28),,y,Proxy: market-cap top 1500 (Forbes list not available),large,,not found in ACRA,0
E.SUN Bank,E.SUN Bank,Taiwan,companiesmarketcap.com ranks 1001-1500 by market cap (fetched 2026-09-28),,y,Proxy: market-cap top 1500 (Forbes list not available),large,,not found in ACRA,0
First Citizens BancShares,First Citizens BancShares,United States,companiesmarketcap.com ranks 1001-1500 by market cap (fetched 2026-09-28),,y,Proxy: market-cap top 1500 (Forbes list not available),large,,not found in ACRA,0
S.F. Express,S.F. Express,China,companiesmarketcap.com ranks 1001-1500 by market cap (fetched 2026-09-28),,y,Proxy: market-cap top 1500 (Forbes list not available),large,,qualified,2
Regions Financial,=Regions,United States,companiesmarketcap.com ranks 1001-1500 by market cap (fetched 2026-09-28),,y,Proxy: market-cap top 1500 (Forbes list not available),large,,not found in ACRA,0
Lasertec,=Lasertec,Japan,companiesmarketcap.com ranks 1001-1500 by market cap (fetched 2026-09-28),,y,Proxy: market-cap top 1500 (Forbes list not available),large,,qualified,1
MFHC,=MFHC,Taiwan,companiesmarketcap.com ranks 1001-1500 by market cap (fetched 2026-09-28),,y,Proxy: market-cap top 1500 (Forbes list not available),large,,not found in ACRA,0
Aker BP,Aker BP,Norway,companiesmarketcap.com ranks 1001-1500 by market cap (fetched 2026-09-28),,y,Proxy: market-cap top 1500 (Forbes list not available),large,,not found in ACRA,0
Ems-Chemie,=Ems-Chemie,Switzerland,companiesmarketcap.com ranks 1001-1500 by market cap (fetched 2026-09-28),,y,Proxy: market-cap top 1500 (Forbes list not available),large,,not found in ACRA,0
Samsara,=Samsara,United States,companiesmarketcap.com ranks 1001-1500 by market cap (fetched 2026-09-28),,y,Proxy: market-cap top 1500 (Forbes list not available),large,,qualified,1
Coca-Cola FEMSA,Coca-Cola FEMSA,Mexico,companiesmarketcap.com ranks 1001-1500 by market cap (fetched 2026-09-28),,y,Proxy: market-cap top 1500 (Forbes list not available),large,,not found in ACRA,0
AerCap,=AerCap,Ireland,companiesmarketcap.com ranks 1001-1500 by market cap (fetched 2026-09-28),,y,Proxy: market-cap top 1500 (Forbes list not available),large,,qualified,1
Public Bank Bhd,Public Bank Bhd,Malaysia,companiesmarketcap.com ranks 1001-1500 by market cap (fetched 2026-09-28),,y,Proxy: market-cap top 1500 (Forbes list not available),large,,not found in ACRA,0
Roku,=Roku,United States,companiesmarketcap.com ranks 1001-1500 by market cap (fetched 2026-09-28),,y,Proxy: market-cap top 1500 (Forbes list not available),large,,review matches only,0
ZTE,=ZTE,China,companiesmarketcap.com ranks 1001-1500 by market cap (fetched 2026-09-28),,y,Proxy: market-cap top 1500 (Forbes list not available),large,,qualified,1
Aeon,=Aeon,Japan,companiesmarketcap.com ranks 1001-1500 by market cap (fetched 2026-09-28),,y,Proxy: market-cap top 1500 (Forbes list not available),large,,qualified,2
Central Japan Railway,Central Japan Railway,Japan,companiesmarketcap.com ranks 1001-1500 by market cap (fetched 2026-09-28),,y,Proxy: market-cap top 1500 (Forbes list not available),large,,not found in ACRA,0
China Securities,China Securities;CSC Financial,China,companiesmarketcap.com ranks 1001-1500 by market cap (fetched 2026-09-28),,y,Proxy: market-cap top 1500 (Forbes list not available),large,,not found in ACRA,0
Nippon Steel,Nippon Steel,Japan,companiesmarketcap.com ranks 1001-1500 by market cap (fetched 2026-09-28),,y,Proxy: market-cap top 1500 (Forbes list not available),large,,qualified,2
Entegris,=Entegris,United States,companiesmarketcap.com ranks 1001-1500 by market cap (fetched 2026-09-28),,y,Proxy: market-cap top 1500 (Forbes list not available),large,,qualified,3
Hindalco Industries,Hindalco Industries,India,companiesmarketcap.com ranks 1001-1500 by market cap (fetched 2026-09-28),,y,Proxy: market-cap top 1500 (Forbes list not available),large,,not found in ACRA,0
MTU Aero Engines,MTU Aero Engines,Germany,companiesmarketcap.com ranks 1001-1500 by market cap (fetched 2026-09-28),,y,Proxy: market-cap top 1500 (Forbes list not available),large,,not found in ACRA,0
SGS,=SGS,Switzerland,companiesmarketcap.com ranks 1001-1500 by market cap (fetched 2026-09-28),,y,Proxy: market-cap top 1500 (Forbes list not available),large,,qualified,2
Zhejiang Sanhua Intelligent Controls,Zhejiang Sanhua Intelligent Controls,China,companiesmarketcap.com ranks 1001-1500 by market cap (fetched 2026-09-28),,y,Proxy: market-cap top 1500 (Forbes list not available),large,,not found in ACRA,0
Church & Dwight,Church & Dwight,United States,companiesmarketcap.com ranks 1001-1500 by market cap (fetched 2026-09-28),,y,Proxy: market-cap top 1500 (Forbes list not available),large,,qualified,1
China Merchants Securities,China Merchants Securities,China,companiesmarketcap.com ranks 1001-1500 by market cap (fetched 2026-09-28),,y,Proxy: market-cap top 1500 (Forbes list not available),large,,qualified,1
EDP Group,=EDP,Portugal,companiesmarketcap.com ranks 1001-1500 by market cap (fetched 2026-09-28),,y,Proxy: market-cap top 1500 (Forbes list not available),large,,qualified,3
Global Payments,Global Payments,United States,companiesmarketcap.com ranks 1001-1500 by market cap (fetched 2026-09-28),,y,Proxy: market-cap top 1500 (Forbes list not available),large,,qualified,5
China Minsheng Bank,China Minsheng Bank,China,companiesmarketcap.com ranks 1001-1500 by market cap (fetched 2026-09-28),,y,Proxy: market-cap top 1500 (Forbes list not available),large,,not found in ACRA,0
Grasim Industries,Grasim Industries,India,companiesmarketcap.com ranks 1001-1500 by market cap (fetched 2026-09-28),,y,Proxy: market-cap top 1500 (Forbes list not available),large,,qualified,1
PulteGroup,=PulteGroup,United States,companiesmarketcap.com ranks 1001-1500 by market cap (fetched 2026-09-28),,y,Proxy: market-cap top 1500 (Forbes list not available),large,,not found in ACRA,0
Bayan Resources,Bayan Resources,Indonesia,companiesmarketcap.com ranks 1001-1500 by market cap (fetched 2026-09-28),,y,Proxy: market-cap top 1500 (Forbes list not available),large,,not found in ACRA,0
Bandai Namco,Bandai Namco,Japan,companiesmarketcap.com ranks 1001-1500 by market cap (fetched 2026-09-28),,y,Proxy: market-cap top 1500 (Forbes list not available),large,,qualified,2
LS ELECTRIC,LS ELECTRIC,South Korea,companiesmarketcap.com ranks 1001-1500 by market cap (fetched 2026-09-28),,y,Proxy: market-cap top 1500 (Forbes list not available),large,,qualified,1
Constellation Oil Services Holding,Constellation Oil,Luxembourg,companiesmarketcap.com ranks 1001-1500 by market cap (fetched 2026-09-28),,y,Proxy: market-cap top 1500 (Forbes list not available),large,,not found in ACRA,0
Tapestry,=Tapestry,United States,companiesmarketcap.com ranks 1001-1500 by market cap (fetched 2026-09-28),,y,Proxy: market-cap top 1500 (Forbes list not available),large,,review matches only,0
China International Capital Corporation,China International Capital,China,companiesmarketcap.com ranks 1001-1500 by market cap (fetched 2026-09-28),,y,Proxy: market-cap top 1500 (Forbes list not available),large,,qualified,1
ASUS,=ASUS,Taiwan,companiesmarketcap.com ranks 1001-1500 by market cap (fetched 2026-09-28),,y,Proxy: market-cap top 1500 (Forbes list not available),large,,qualified,2
Unipol Assicurazioni,Unipol Assicurazioni,Italy,companiesmarketcap.com ranks 1001-1500 by market cap (fetched 2026-09-28),,y,Proxy: market-cap top 1500 (Forbes list not available),large,,not found in ACRA,0
Grupo Cibest,Grupo Cibest;=Bancolombia,Colombia,companiesmarketcap.com ranks 1001-1500 by market cap (fetched 2026-09-28),,y,Proxy: market-cap top 1500 (Forbes list not available),large,,not found in ACRA,0
T. Rowe Price,T. Rowe Price,United States,companiesmarketcap.com ranks 1001-1500 by market cap (fetched 2026-09-28),,y,Proxy: market-cap top 1500 (Forbes list not available),large,,qualified,1
Technoprobe,=Technoprobe,Italy,companiesmarketcap.com ranks 1001-1500 by market cap (fetched 2026-09-28),,y,Proxy: market-cap top 1500 (Forbes list not available),large,,qualified,1
Adani Green Energy,Adani Green Energy,India,companiesmarketcap.com ranks 1001-1500 by market cap (fetched 2026-09-28),,y,Proxy: market-cap top 1500 (Forbes list not available),large,,qualified,1
LY Corporation,=LY,Japan,companiesmarketcap.com ranks 1001-1500 by market cap (fetched 2026-09-28),,y,Proxy: market-cap top 1500 (Forbes list not available),large,,qualified,4
InterContinental Hotels Group,InterContinental Hotels,United Kingdom,companiesmarketcap.com ranks 1001-1500 by market cap (fetched 2026-09-28),,y,Proxy: market-cap top 1500 (Forbes list not available),large,,qualified,1
Innovent Biologics,Innovent Biologics,China,companiesmarketcap.com ranks 1001-1500 by market cap (fetched 2026-09-28),,y,Proxy: market-cap top 1500 (Forbes list not available),large,,not found in ACRA,0
Rivian,=Rivian,United States,companiesmarketcap.com ranks 1001-1500 by market cap (fetched 2026-09-28),,y,Proxy: market-cap top 1500 (Forbes list not available),large,,not found in ACRA,0
Casey's General Stores,Casey's General Stores,United States,companiesmarketcap.com ranks 1001-1500 by market cap (fetched 2026-09-28),,y,Proxy: market-cap top 1500 (Forbes list not available),large,,not found in ACRA,0
Next plc,=Next,United Kingdom,companiesmarketcap.com ranks 1001-1500 by market cap (fetched 2026-09-28),,y,Proxy: market-cap top 1500 (Forbes list not available),large,,qualified,9
Northern Star,Northern Star,Australia,companiesmarketcap.com ranks 1001-1500 by market cap (fetched 2026-09-28),,y,Proxy: market-cap top 1500 (Forbes list not available),large,,qualified,6
Arxis,=Arxis,United States,companiesmarketcap.com ranks 1001-1500 by market cap (fetched 2026-09-28),,y,Proxy: market-cap top 1500 (Forbes list not available),large,,not found in ACRA,0
Verisk Analytics,Verisk Analytics,United States,companiesmarketcap.com ranks 1001-1500 by market cap (fetched 2026-09-28),,y,Proxy: market-cap top 1500 (Forbes list not available),large,,not found in ACRA,0
Tradeweb,=Tradeweb,United States,companiesmarketcap.com ranks 1001-1500 by market cap (fetched 2026-09-28),,y,Proxy: market-cap top 1500 (Forbes list not available),large,,qualified,1
Bank of Nanjing,Bank of Nanjing,China,companiesmarketcap.com ranks 1001-1500 by market cap (fetched 2026-09-28),,y,Proxy: market-cap top 1500 (Forbes list not available),large,,not found in ACRA,0
International Flavors & Fragrances,International Flavors & Fragrances,United States,companiesmarketcap.com ranks 1001-1500 by market cap (fetched 2026-09-28),,y,Proxy: market-cap top 1500 (Forbes list not available),large,,qualified,1
Uniper,=Uniper,Germany,companiesmarketcap.com ranks 1001-1500 by market cap (fetched 2026-09-28),,y,Proxy: market-cap top 1500 (Forbes list not available),large,,review matches only,0
Coles Group,=Coles,Australia,companiesmarketcap.com ranks 1001-1500 by market cap (fetched 2026-09-28),,y,Proxy: market-cap top 1500 (Forbes list not available),large,,review matches only,0
China Unicom,China Unicom,Hong Kong,companiesmarketcap.com ranks 1001-1500 by market cap (fetched 2026-09-28),,y,Proxy: market-cap top 1500 (Forbes list not available),large,,qualified,1
MACOM Technology Solutions,MACOM Technology Solutions,United States,companiesmarketcap.com ranks 1001-1500 by market cap (fetched 2026-09-28),,y,Proxy: market-cap top 1500 (Forbes list not available),large,,not found in ACRA,0
Telefonica,=Telefonica,Spain,companiesmarketcap.com ranks 1001-1500 by market cap (fetched 2026-09-28),,y,Proxy: market-cap top 1500 (Forbes list not available),large,,qualified,1
SoFi,=SoFi,United States,companiesmarketcap.com ranks 1001-1500 by market cap (fetched 2026-09-28),,y,Proxy: market-cap top 1500 (Forbes list not available),large,,not found in ACRA,0
MTN Group,=MTN,South Africa,companiesmarketcap.com ranks 1001-1500 by market cap (fetched 2026-09-28),,y,Proxy: market-cap top 1500 (Forbes list not available),large,,qualified,2
KeyCorp,=KeyCorp;=KeyBank,United States,companiesmarketcap.com ranks 1001-1500 by market cap (fetched 2026-09-28),,y,Proxy: market-cap top 1500 (Forbes list not available),large,,not found in ACRA,0
Hydro One,Hydro One,Canada,companiesmarketcap.com ranks 1001-1500 by market cap (fetched 2026-09-28),,y,Proxy: market-cap top 1500 (Forbes list not available),large,,qualified,1
Bank of Ireland Group,Bank of Ireland,Ireland,companiesmarketcap.com ranks 1001-1500 by market cap (fetched 2026-09-28),,y,Proxy: market-cap top 1500 (Forbes list not available),large,,not found in ACRA,0
Snam,=Snam,Italy,companiesmarketcap.com ranks 1001-1500 by market cap (fetched 2026-09-28),,y,Proxy: market-cap top 1500 (Forbes list not available),large,,qualified,1
J. B. Hunt,J. B. Hunt,United States,companiesmarketcap.com ranks 1001-1500 by market cap (fetched 2026-09-28),,y,Proxy: market-cap top 1500 (Forbes list not available),large,,not found in ACRA,0
Markel Group,=Markel,United States,companiesmarketcap.com ranks 1001-1500 by market cap (fetched 2026-09-28),,y,Proxy: market-cap top 1500 (Forbes list not available),large,,qualified,1
Loews Corporation,=Loews,United States,companiesmarketcap.com ranks 1001-1500 by market cap (fetched 2026-09-28),,y,Proxy: market-cap top 1500 (Forbes list not available),large,,not found in ACRA,0
Naver,=Naver,South Korea,companiesmarketcap.com ranks 1001-1500 by market cap (fetched 2026-09-28),,y,Proxy: market-cap top 1500 (Forbes list not available),large,,qualified,1
Geely,=Geely,China,companiesmarketcap.com ranks 1001-1500 by market cap (fetched 2026-09-28),,y,Proxy: market-cap top 1500 (Forbes list not available),large,,qualified,1
Genmab,=Genmab,Denmark,companiesmarketcap.com ranks 1001-1500 by market cap (fetched 2026-09-28),,y,Proxy: market-cap top 1500 (Forbes list not available),large,,not found in ACRA,0
Dollar Tree,Dollar Tree,United States,companiesmarketcap.com ranks 1001-1500 by market cap (fetched 2026-09-28),,y,Proxy: market-cap top 1500 (Forbes list not available),large,,qualified,2
Royal Gold,Royal Gold,United States,companiesmarketcap.com ranks 1001-1500 by market cap (fetched 2026-09-28),,y,Proxy: market-cap top 1500 (Forbes list not available),large,,qualified,2
Geberit,=Geberit,Switzerland,companiesmarketcap.com ranks 1001-1500 by market cap (fetched 2026-09-28),,y,Proxy: market-cap top 1500 (Forbes list not available),large,,qualified,1
Ralph Lauren,Ralph Lauren,United States,companiesmarketcap.com ranks 1001-1500 by market cap (fetched 2026-09-28),,y,Proxy: market-cap top 1500 (Forbes list not available),large,,qualified,1
Riyad Bank,Riyad Bank,Saudi Arabia,companiesmarketcap.com ranks 1001-1500 by market cap (fetched 2026-09-28),,y,Proxy: market-cap top 1500 (Forbes list not available),large,,not found in ACRA,0
Multiply Group,=Multiply,UAE,companiesmarketcap.com ranks 1001-1500 by market cap (fetched 2026-09-28),,y,Proxy: market-cap top 1500 (Forbes list not available),large,,qualified,3
Bank Mandiri,Bank Mandiri,Indonesia,companiesmarketcap.com ranks 1001-1500 by market cap (fetched 2026-09-28),,y,Proxy: market-cap top 1500 (Forbes list not available),large,,review matches only,0
Legal & General,Legal & General,United Kingdom,companiesmarketcap.com ranks 1001-1500 by market cap (fetched 2026-09-28),,y,Proxy: market-cap top 1500 (Forbes list not available),large,,not found in ACRA,0
Banco de Chile,Banco de Chile,Chile,companiesmarketcap.com ranks 1001-1500 by market cap (fetched 2026-09-28),,y,Proxy: market-cap top 1500 (Forbes list not available),large,,not found in ACRA,0
Packaging Corporation of America,Packaging Corporation of America,United States,companiesmarketcap.com ranks 1001-1500 by market cap (fetched 2026-09-28),,y,Proxy: market-cap top 1500 (Forbes list not available),large,,not found in ACRA,0
Bending Spoons,Bending Spoons,Italy,companiesmarketcap.com ranks 1001-1500 by market cap (fetched 2026-09-28),,y,Proxy: market-cap top 1500 (Forbes list not available),large,,not found in ACRA,0
Samsung Fire & Marine Insurance,Samsung Fire & Marine Insurance,South Korea,companiesmarketcap.com ranks 1001-1500 by market cap (fetched 2026-09-28),,y,Proxy: market-cap top 1500 (Forbes list not available),large,,not found in ACRA,0
Coca-Cola HBC,Coca-Cola HBC,Switzerland,companiesmarketcap.com ranks 1001-1500 by market cap (fetched 2026-09-28),,y,Proxy: market-cap top 1500 (Forbes list not available),large,,not found in ACRA,0
NRG Energy,NRG Energy,United States,companiesmarketcap.com ranks 1001-1500 by market cap (fetched 2026-09-28),,y,Proxy: market-cap top 1500 (Forbes list not available),large,,not found in ACRA,0
Eicher Motors,Eicher Motors,India,companiesmarketcap.com ranks 1001-1500 by market cap (fetched 2026-09-28),,y,Proxy: market-cap top 1500 (Forbes list not available),large,,not found in ACRA,0
CNH Industrial,CNH Industrial,United Kingdom,companiesmarketcap.com ranks 1001-1500 by market cap (fetched 2026-09-28),,y,Proxy: market-cap top 1500 (Forbes list not available),large,,qualified,1
Sinopac Financial Holdings,=Sinopac,Taiwan,companiesmarketcap.com ranks 1001-1500 by market cap (fetched 2026-09-28),,y,Proxy: market-cap top 1500 (Forbes list not available),large,,qualified,1
Lundin Mining,Lundin Mining,Canada,companiesmarketcap.com ranks 1001-1500 by market cap (fetched 2026-09-28),,y,Proxy: market-cap top 1500 (Forbes list not available),large,,not found in ACRA,0
Dr. Sulaiman Al Habib Medical Services Group,Dr. Sulaiman Al Habib Medical,Saudi Arabia,companiesmarketcap.com ranks 1001-1500 by market cap (fetched 2026-09-28),,y,Proxy: market-cap top 1500 (Forbes list not available),large,,not found in ACRA,0
CK Infrastructure,CK Infrastructure,Hong Kong,companiesmarketcap.com ranks 1001-1500 by market cap (fetched 2026-09-28),,y,Proxy: market-cap top 1500 (Forbes list not available),large,,not found in ACRA,0
Terna,=Terna,Italy,companiesmarketcap.com ranks 1001-1500 by market cap (fetched 2026-09-28),,y,Proxy: market-cap top 1500 (Forbes list not available),large,,not found in ACRA,0
CIMB Group,=CIMB,Malaysia,companiesmarketcap.com ranks 1001-1500 by market cap (fetched 2026-09-28),,y,Proxy: market-cap top 1500 (Forbes list not available),large,,review matches only,0
Shenzhen Inovance,Shenzhen Inovance,China,companiesmarketcap.com ranks 1001-1500 by market cap (fetched 2026-09-28),,y,Proxy: market-cap top 1500 (Forbes list not available),large,,not found in ACRA,0
Bunge Global,Bunge Global,United States,companiesmarketcap.com ranks 1001-1500 by market cap (fetched 2026-09-28),,y,Proxy: market-cap top 1500 (Forbes list not available),large,,not found in ACRA,0
Amundi,=Amundi,France,companiesmarketcap.com ranks 1001-1500 by market cap (fetched 2026-09-28),,y,Proxy: market-cap top 1500 (Forbes list not available),large,,qualified,1
Tenet Healthcare,Tenet Healthcare,United States,companiesmarketcap.com ranks 1001-1500 by market cap (fetched 2026-09-28),,y,Proxy: market-cap top 1500 (Forbes list not available),large,,not found in ACRA,0
Amrize,=Amrize,Switzerland,companiesmarketcap.com ranks 1001-1500 by market cap (fetched 2026-09-28),,y,Proxy: market-cap top 1500 (Forbes list not available),large,,not found in ACRA,0
Southwest Airlines,Southwest Airlines,United States,companiesmarketcap.com ranks 1001-1500 by market cap (fetched 2026-09-28),,y,Proxy: market-cap top 1500 (Forbes list not available),large,,not found in ACRA,0
KGI Financial Holding,=KGI,Taiwan,companiesmarketcap.com ranks 1001-1500 by market cap (fetched 2026-09-28),,y,Proxy: market-cap top 1500 (Forbes list not available),large,,qualified,1
Alpha Dhabi,Alpha Dhabi,UAE,companiesmarketcap.com ranks 1001-1500 by market cap (fetched 2026-09-28),,y,Proxy: market-cap top 1500 (Forbes list not available),large,,not found in ACRA,0
TD Synnex,TD Synnex,United States,companiesmarketcap.com ranks 1001-1500 by market cap (fetched 2026-09-28),,y,Proxy: market-cap top 1500 (Forbes list not available),large,,not found in ACRA,0
Expand Energy,Expand Energy,United States,companiesmarketcap.com ranks 1001-1500 by market cap (fetched 2026-09-28),,y,Proxy: market-cap top 1500 (Forbes list not available),large,,not found in ACRA,0
Nidec,=Nidec,Japan,companiesmarketcap.com ranks 1001-1500 by market cap (fetched 2026-09-28),,y,Proxy: market-cap top 1500 (Forbes list not available),large,,qualified,1
TVS Motor,TVS Motor,India,companiesmarketcap.com ranks 1001-1500 by market cap (fetched 2026-09-28),,y,Proxy: market-cap top 1500 (Forbes list not available),large,,qualified,2
Lite-On Technology,Lite-On Technology,Taiwan,companiesmarketcap.com ranks 1001-1500 by market cap (fetched 2026-09-28),,y,Proxy: market-cap top 1500 (Forbes list not available),large,,not found in ACRA,0
CK Asset Holdings,CK Asset,Hong Kong,companiesmarketcap.com ranks 1001-1500 by market cap (fetched 2026-09-28),,y,Proxy: market-cap top 1500 (Forbes list not available),large,,not found in ACRA,0
Viatris,=Viatris,United States,companiesmarketcap.com ranks 1001-1500 by market cap (fetched 2026-09-28),,y,Proxy: market-cap top 1500 (Forbes list not available),large,,qualified,3
Galp Energia,Galp Energia,Portugal,companiesmarketcap.com ranks 1001-1500 by market cap (fetched 2026-09-28),,y,Proxy: market-cap top 1500 (Forbes list not available),large,,not found in ACRA,0
YPF,=YPF,Argentina,companiesmarketcap.com ranks 1001-1500 by market cap (fetched 2026-09-28),,y,Proxy: market-cap top 1500 (Forbes list not available),large,,qualified,1
Fuyao Glass Industry Group,Fuyao Glass Industry,China,companiesmarketcap.com ranks 1001-1500 by market cap (fetched 2026-09-28),,y,Proxy: market-cap top 1500 (Forbes list not available),large,,not found in ACRA,0
United Therapeutics,United Therapeutics,United States,companiesmarketcap.com ranks 1001-1500 by market cap (fetched 2026-09-28),,y,Proxy: market-cap top 1500 (Forbes list not available),large,,not found in ACRA,0
Steris,=Steris,Ireland,companiesmarketcap.com ranks 1001-1500 by market cap (fetched 2026-09-28),,y,Proxy: market-cap top 1500 (Forbes list not available),large,,qualified,1
Brown & Brown,Brown & Brown,United States,companiesmarketcap.com ranks 1001-1500 by market cap (fetched 2026-09-28),,y,Proxy: market-cap top 1500 (Forbes list not available),large,,not found in ACRA,0
XPO Logistics,XPO Logistics,United States,companiesmarketcap.com ranks 1001-1500 by market cap (fetched 2026-09-28),,y,Proxy: market-cap top 1500 (Forbes list not available),large,,not found in ACRA,0
Edison International,=Edison,United States,companiesmarketcap.com ranks 1001-1500 by market cap (fetched 2026-09-28),,y,Proxy: market-cap top 1500 (Forbes list not available),large,,qualified,1
Dow,=Dow,United States,companiesmarketcap.com ranks 1001-1500 by market cap (fetched 2026-09-28),,y,Proxy: market-cap top 1500 (Forbes list not available),large,,review matches only,0
Kao,=Kao,Japan,"companiesmarketcap.com ranks 1001-1500 by market cap (fetched 2026-09-28) + Supplement: curated private/smaller multinationals (Claude, 2026-09-28; review)",,y,Proxy: market-cap top 1500 (Forbes list not available),large,,qualified,2
Industrias Penoles,Industrias Penoles,Mexico,companiesmarketcap.com ranks 1001-1500 by market cap (fetched 2026-09-28),,y,Proxy: market-cap top 1500 (Forbes list not available),large,,not found in ACRA,0
JX Advanced Metals,JX Advanced Metals,Japan,companiesmarketcap.com ranks 1001-1500 by market cap (fetched 2026-09-28),,y,Proxy: market-cap top 1500 (Forbes list not available),large,,qualified,1
Banco Sabadell,Banco Sabadell,Spain,companiesmarketcap.com ranks 1001-1500 by market cap (fetched 2026-09-28),,y,Proxy: market-cap top 1500 (Forbes list not available),large,,not found in ACRA,0
US Foods,US Foods,United States,companiesmarketcap.com ranks 1001-1500 by market cap (fetched 2026-09-28),,y,Proxy: market-cap top 1500 (Forbes list not available),large,,not found in ACRA,0
Banco Comercial Portugues,Banco Comercial Portugues;Millennium bcp,Portugal,companiesmarketcap.com ranks 1001-1500 by market cap (fetched 2026-09-28),,y,Proxy: market-cap top 1500 (Forbes list not available),large,,not found in ACRA,0
Bank of Shanghai,Bank of Shanghai,China,companiesmarketcap.com ranks 1001-1500 by market cap (fetched 2026-09-28),,y,Proxy: market-cap top 1500 (Forbes list not available),large,,not found in ACRA,0
Mizrahi-Tefahot,=Mizrahi-Tefahot,Israel,companiesmarketcap.com ranks 1001-1500 by market cap (fetched 2026-09-28),,y,Proxy: market-cap top 1500 (Forbes list not available),large,,not found in ACRA,0
Hua Nan Financial Holdings,Hua Nan,Taiwan,companiesmarketcap.com ranks 1001-1500 by market cap (fetched 2026-09-28),,y,Proxy: market-cap top 1500 (Forbes list not available),large,,qualified,5
Traton,=Traton,Germany,companiesmarketcap.com ranks 1001-1500 by market cap (fetched 2026-09-28),,y,Proxy: market-cap top 1500 (Forbes list not available),large,,not found in ACRA,0
Indian Oil,Indian Oil,India,companiesmarketcap.com ranks 1001-1500 by market cap (fetched 2026-09-28),,y,Proxy: market-cap top 1500 (Forbes list not available),large,,not found in ACRA,0
Shandong Gold Mining,Shandong Gold Mining,China,companiesmarketcap.com ranks 1001-1500 by market cap (fetched 2026-09-28),,y,Proxy: market-cap top 1500 (Forbes list not available),large,,not found in ACRA,0
China Northern Rare Earth,China Northern Rare Earth,China,companiesmarketcap.com ranks 1001-1500 by market cap (fetched 2026-09-28),,y,Proxy: market-cap top 1500 (Forbes list not available),large,,not found in ACRA,0
InterGlobe Aviation,InterGlobe Aviation;=IndiGo,India,companiesmarketcap.com ranks 1001-1500 by market cap (fetched 2026-09-28),,y,Proxy: market-cap top 1500 (Forbes list not available),large,,qualified,7
Curtiss-Wright,=Curtiss-Wright,United States,companiesmarketcap.com ranks 1001-1500 by market cap (fetched 2026-09-28),,y,Proxy: market-cap top 1500 (Forbes list not available),large,,not found in ACRA,0
Kubota,=Kubota,Japan,companiesmarketcap.com ranks 1001-1500 by market cap (fetched 2026-09-28),,y,Proxy: market-cap top 1500 (Forbes list not available),large,,review matches only,0
Pan American Silver,Pan American Silver,Canada,companiesmarketcap.com ranks 1001-1500 by market cap (fetched 2026-09-28),,y,Proxy: market-cap top 1500 (Forbes list not available),large,,not found in ACRA,0
SiTime,=SiTime,United States,companiesmarketcap.com ranks 1001-1500 by market cap (fetched 2026-09-28),,y,Proxy: market-cap top 1500 (Forbes list not available),large,,review matches only,0
Kingspan Group,=Kingspan,Ireland,companiesmarketcap.com ranks 1001-1500 by market cap (fetched 2026-09-28),,y,Proxy: market-cap top 1500 (Forbes list not available),large,,review matches only,0
Hyosung Heavy Industries,Hyosung Heavy Industries,South Korea,companiesmarketcap.com ranks 1001-1500 by market cap (fetched 2026-09-28),,y,Proxy: market-cap top 1500 (Forbes list not available),large,,not found in ACRA,0
Torrent Pharmaceuticals,Torrent Pharmaceuticals,India,companiesmarketcap.com ranks 1001-1500 by market cap (fetched 2026-09-28),,y,Proxy: market-cap top 1500 (Forbes list not available),large,,not found in ACRA,0
Lennar,=Lennar,United States,companiesmarketcap.com ranks 1001-1500 by market cap (fetched 2026-09-28),,y,Proxy: market-cap top 1500 (Forbes list not available),large,,not found in ACRA,0
Knorr-Bremse,=Knorr-Bremse,Germany,companiesmarketcap.com ranks 1001-1500 by market cap (fetched 2026-09-28),,y,Proxy: market-cap top 1500 (Forbes list not available),large,,qualified,1
Advantech,=Advantech,Taiwan,companiesmarketcap.com ranks 1001-1500 by market cap (fetched 2026-09-28),,y,Proxy: market-cap top 1500 (Forbes list not available),large,,qualified,1
China Tower,China Tower,China,companiesmarketcap.com ranks 1001-1500 by market cap (fetched 2026-09-28),,y,Proxy: market-cap top 1500 (Forbes list not available),large,,not found in ACRA,0
Reliance Inc,=Reliance,United States,companiesmarketcap.com ranks 1001-1500 by market cap (fetched 2026-09-28),,y,Proxy: market-cap top 1500 (Forbes list not available),large,,qualified,7
Capgemini,=Capgemini,France,companiesmarketcap.com ranks 1001-1500 by market cap (fetched 2026-09-28),,y,Proxy: market-cap top 1500 (Forbes list not available),large,,qualified,2
Coeur Mining,Coeur Mining,United States,companiesmarketcap.com ranks 1001-1500 by market cap (fetched 2026-09-28),,y,Proxy: market-cap top 1500 (Forbes list not available),large,,not found in ACRA,0
Evolution Mining,Evolution Mining,Australia,companiesmarketcap.com ranks 1001-1500 by market cap (fetched 2026-09-28),,y,Proxy: market-cap top 1500 (Forbes list not available),large,,not found in ACRA,0
Carpenter Technology,Carpenter Technology,United States,companiesmarketcap.com ranks 1001-1500 by market cap (fetched 2026-09-28),,y,Proxy: market-cap top 1500 (Forbes list not available),large,,qualified,1
Amcor,=Amcor,Switzerland,companiesmarketcap.com ranks 1001-1500 by market cap (fetched 2026-09-28),,y,Proxy: market-cap top 1500 (Forbes list not available),large,,qualified,2
Banca Mediolanum,Banca Mediolanum,Italy,companiesmarketcap.com ranks 1001-1500 by market cap (fetched 2026-09-28),,y,Proxy: market-cap top 1500 (Forbes list not available),large,,not found in ACRA,0
Alinma Bank,Alinma Bank,Saudi Arabia,companiesmarketcap.com ranks 1001-1500 by market cap (fetched 2026-09-28),,y,Proxy: market-cap top 1500 (Forbes list not available),large,,not found in ACRA,0
Wartsila,=Wartsila,Finland,companiesmarketcap.com ranks 1001-1500 by market cap (fetched 2026-09-28),,y,Proxy: market-cap top 1500 (Forbes list not available),large,,qualified,1
Beiersdorf,=Beiersdorf,Germany,"companiesmarketcap.com ranks 1001-1500 by market cap (fetched 2026-09-28) + Supplement: curated private/smaller multinationals (Claude, 2026-09-28; review)",,y,Proxy: market-cap top 1500 (Forbes list not available),large,,qualified,1
BCE Inc.,=BCE,Canada,companiesmarketcap.com ranks 1001-1500 by market cap (fetched 2026-09-28),,y,Proxy: market-cap top 1500 (Forbes list not available),large,,qualified,1
KEPCO,=KEPCO,Japan,companiesmarketcap.com ranks 1001-1500 by market cap (fetched 2026-09-28),,y,Proxy: market-cap top 1500 (Forbes list not available),large,,not found in ACRA,0
Santos,=Santos,Australia,companiesmarketcap.com ranks 1001-1500 by market cap (fetched 2026-09-28),,y,Proxy: market-cap top 1500 (Forbes list not available),large,,qualified,2
Rongsheng Petrochemical,Rongsheng Petrochemical,China,companiesmarketcap.com ranks 1001-1500 by market cap (fetched 2026-09-28),,y,Proxy: market-cap top 1500 (Forbes list not available),large,,qualified,1
Woodward,=Woodward,United States,companiesmarketcap.com ranks 1001-1500 by market cap (fetched 2026-09-28),,y,Proxy: market-cap top 1500 (Forbes list not available),large,,qualified,2
Borouge,=Borouge,UAE,companiesmarketcap.com ranks 1001-1500 by market cap (fetched 2026-09-28),,y,Proxy: market-cap top 1500 (Forbes list not available),large,,qualified,1
CMS Energy,CMS Energy,United States,companiesmarketcap.com ranks 1001-1500 by market cap (fetched 2026-09-28),,y,Proxy: market-cap top 1500 (Forbes list not available),large,,not found in ACRA,0
Constellation Brands,Constellation Brands,United States,companiesmarketcap.com ranks 1001-1500 by market cap (fetched 2026-09-28),,y,Proxy: market-cap top 1500 (Forbes list not available),large,,not found in ACRA,0
China Galaxy Securities,China Galaxy Securities,China,companiesmarketcap.com ranks 1001-1500 by market cap (fetched 2026-09-28),,y,Proxy: market-cap top 1500 (Forbes list not available),large,,not found in ACRA,0
Eurobank Ergasias,Eurobank Ergasias,Greece,companiesmarketcap.com ranks 1001-1500 by market cap (fetched 2026-09-28),,y,Proxy: market-cap top 1500 (Forbes list not available),large,,not found in ACRA,0
Bank Pekao,Bank Pekao,Poland,companiesmarketcap.com ranks 1001-1500 by market cap (fetched 2026-09-28),,y,Proxy: market-cap top 1500 (Forbes list not available),large,,not found in ACRA,0
Arca Continental,Arca Continental,Mexico,companiesmarketcap.com ranks 1001-1500 by market cap (fetched 2026-09-28),,y,Proxy: market-cap top 1500 (Forbes list not available),large,,not found in ACRA,0
Sociedad Quimica y Minera,Sociedad Quimica y Minera;=SQM,Chile,companiesmarketcap.com ranks 1001-1500 by market cap (fetched 2026-09-28),,y,Proxy: market-cap top 1500 (Forbes list not available),large,,qualified,1
First Solar,First Solar,United States,companiesmarketcap.com ranks 1001-1500 by market cap (fetched 2026-09-28),,y,Proxy: market-cap top 1500 (Forbes list not available),large,,qualified,3
Snap-on,=Snap-on,United States,companiesmarketcap.com ranks 1001-1500 by market cap (fetched 2026-09-28),,y,Proxy: market-cap top 1500 (Forbes list not available),large,,qualified,1
PT Amman Mineral Internasional,PT Amman Mineral Internasional,Indonesia,companiesmarketcap.com ranks 1001-1500 by market cap (fetched 2026-09-28),,y,Proxy: market-cap top 1500 (Forbes list not available),large,,not found in ACRA,0
Doosan,=Doosan,South Korea,companiesmarketcap.com ranks 1001-1500 by market cap (fetched 2026-09-28),,y,Proxy: market-cap top 1500 (Forbes list not available),large,,review matches only,0
HF Sinclair,HF Sinclair,United States,companiesmarketcap.com ranks 1001-1500 by market cap (fetched 2026-09-28),,y,Proxy: market-cap top 1500 (Forbes list not available),large,,not found in ACRA,0
Best Buy,Best Buy,United States,companiesmarketcap.com ranks 1001-1500 by market cap (fetched 2026-09-28),,y,Proxy: market-cap top 1500 (Forbes list not available),large,,qualified,4
Baosteel,=Baosteel,China,companiesmarketcap.com ranks 1001-1500 by market cap (fetched 2026-09-28),,y,Proxy: market-cap top 1500 (Forbes list not available),large,,qualified,1
Broadridge Financial Solutions,Broadridge Financial Solutions,United States,companiesmarketcap.com ranks 1001-1500 by market cap (fetched 2026-09-28),,y,Proxy: market-cap top 1500 (Forbes list not available),large,,not found in ACRA,0
Woori Financial Group,=Woori,South Korea,companiesmarketcap.com ranks 1001-1500 by market cap (fetched 2026-09-28),,y,Proxy: market-cap top 1500 (Forbes list not available),large,,qualified,2
SHEIN Global Holdings,SHEIN Global,China,companiesmarketcap.com ranks 1001-1500 by market cap (fetched 2026-09-28),,y,Proxy: market-cap top 1500 (Forbes list not available),large,,not found in ACRA,0
China National Uranium,China National Uranium,China,companiesmarketcap.com ranks 1001-1500 by market cap (fetched 2026-09-28),,y,Proxy: market-cap top 1500 (Forbes list not available),large,,not found in ACRA,0
NiSource,=NiSource,United States,companiesmarketcap.com ranks 1001-1500 by market cap (fetched 2026-09-28),,y,Proxy: market-cap top 1500 (Forbes list not available),large,,not found in ACRA,0
Nippon Yusen,Nippon Yusen;NYK Line,Japan,companiesmarketcap.com ranks 1001-1500 by market cap (fetched 2026-09-28),,y,Proxy: market-cap top 1500 (Forbes list not available),large,,not found in ACRA,0
CRRC,=CRRC,China,companiesmarketcap.com ranks 1001-1500 by market cap (fetched 2026-09-28),,y,Proxy: market-cap top 1500 (Forbes list not available),large,,review matches only,0
IHI Corporation,=IHI,Japan,companiesmarketcap.com ranks 1001-1500 by market cap (fetched 2026-09-28),,y,Proxy: market-cap top 1500 (Forbes list not available),large,,qualified,2
Western Midstream,Western Midstream,United States,companiesmarketcap.com ranks 1001-1500 by market cap (fetched 2026-09-28),,y,Proxy: market-cap top 1500 (Forbes list not available),large,,not found in ACRA,0
Sumitomo Realty & Development,Sumitomo Realty & Development,Japan,companiesmarketcap.com ranks 1001-1500 by market cap (fetched 2026-09-28),,y,Proxy: market-cap top 1500 (Forbes list not available),large,,not found in ACRA,0
HD Hyundai Electric,HD Hyundai Electric,South Korea,companiesmarketcap.com ranks 1001-1500 by market cap (fetched 2026-09-28),,y,Proxy: market-cap top 1500 (Forbes list not available),large,,not found in ACRA,0
Bouygues,=Bouygues,France,companiesmarketcap.com ranks 1001-1500 by market cap (fetched 2026-09-28),,y,Proxy: market-cap top 1500 (Forbes list not available),large,,not found in ACRA,0
LyondellBasell,=LyondellBasell,United States,companiesmarketcap.com ranks 1001-1500 by market cap (fetched 2026-09-28),,y,Proxy: market-cap top 1500 (Forbes list not available),large,,qualified,1
Singapore Exchange,Singapore Exchange,Singapore,"companiesmarketcap.com ranks 1001-1500 by market cap (fetched 2026-09-28) + Supplement: curated private/smaller multinationals (Claude, 2026-09-28; review)",Singapore-HQ group with operations outside Singapore (curated; verify),y,Proxy: market-cap top 1500 (Forbes list not available),large,,qualified,6
Straumann,=Straumann,Switzerland,companiesmarketcap.com ranks 1001-1500 by market cap (fetched 2026-09-28),,y,Proxy: market-cap top 1500 (Forbes list not available),large,,qualified,1
Essex Property Trust,Essex Property Trust,United States,companiesmarketcap.com ranks 1001-1500 by market cap (fetched 2026-09-28),,y,Proxy: market-cap top 1500 (Forbes list not available),large,,not found in ACRA,0
Partners Group,=Partners,Switzerland,companiesmarketcap.com ranks 1001-1500 by market cap (fetched 2026-09-28),,y,Proxy: market-cap top 1500 (Forbes list not available),large,,qualified,1
ASICS Corporation,=ASICS,Japan,companiesmarketcap.com ranks 1001-1500 by market cap (fetched 2026-09-28),,y,Proxy: market-cap top 1500 (Forbes list not available),large,,qualified,1
Solar Industries India,Solar Industries India,India,companiesmarketcap.com ranks 1001-1500 by market cap (fetched 2026-09-28),,y,Proxy: market-cap top 1500 (Forbes list not available),large,,not found in ACRA,0
QNB Finansbank,QNB Finansbank,Turkey,companiesmarketcap.com ranks 1001-1500 by market cap (fetched 2026-09-28),,y,Proxy: market-cap top 1500 (Forbes list not available),large,,not found in ACRA,0
Fair Isaac,Fair Isaac;=FICO,United States,companiesmarketcap.com ranks 1001-1500 by market cap (fetched 2026-09-28),,y,Proxy: market-cap top 1500 (Forbes list not available),large,,qualified,3
Bank of Hangzhou,Bank of Hangzhou,China,companiesmarketcap.com ranks 1001-1500 by market cap (fetched 2026-09-28),,y,Proxy: market-cap top 1500 (Forbes list not available),large,,not found in ACRA,0
Shanghai International Port Group,Shanghai International Port,China,companiesmarketcap.com ranks 1001-1500 by market cap (fetched 2026-09-28),,y,Proxy: market-cap top 1500 (Forbes list not available),large,,qualified,1
Krung Thai Bank,Krung Thai Bank,Thailand,companiesmarketcap.com ranks 1001-1500 by market cap (fetched 2026-09-28),,y,Proxy: market-cap top 1500 (Forbes list not available),large,,qualified,1
International Paper,International Paper,United States,companiesmarketcap.com ranks 1001-1500 by market cap (fetched 2026-09-28),,y,Proxy: market-cap top 1500 (Forbes list not available),large,,not found in ACRA,0
Telefonica Brasil,Telefonica Brasil,Brazil,companiesmarketcap.com ranks 1001-1500 by market cap (fetched 2026-09-28),,y,Proxy: market-cap top 1500 (Forbes list not available),large,,not found in ACRA,0
ITT,=ITT,United States,companiesmarketcap.com ranks 1001-1500 by market cap (fetched 2026-09-28),,y,Proxy: market-cap top 1500 (Forbes list not available),large,,qualified,1
SK Innovation,SK Innovation,South Korea,companiesmarketcap.com ranks 1001-1500 by market cap (fetched 2026-09-28),,y,Proxy: market-cap top 1500 (Forbes list not available),large,,review matches only,0
Wistron Corporation,=Wistron,Taiwan,companiesmarketcap.com ranks 1001-1500 by market cap (fetched 2026-09-28),,y,Proxy: market-cap top 1500 (Forbes list not available),large,,not found in ACRA,0
SS&C Technologies,SS&C Technologies,United States,companiesmarketcap.com ranks 1001-1500 by market cap (fetched 2026-09-28),,y,Proxy: market-cap top 1500 (Forbes list not available),large,,qualified,1
IonQ,=IonQ,United States,companiesmarketcap.com ranks 1001-1500 by market cap (fetched 2026-09-28),,y,Proxy: market-cap top 1500 (Forbes list not available),large,,not found in ACRA,0
Nutanix,=Nutanix,United States,companiesmarketcap.com ranks 1001-1500 by market cap (fetched 2026-09-28),,y,Proxy: market-cap top 1500 (Forbes list not available),large,,qualified,1
Kaspi.kz,=Kaspi.kz,Kazakhstan,companiesmarketcap.com ranks 1001-1500 by market cap (fetched 2026-09-28),,y,Proxy: market-cap top 1500 (Forbes list not available),large,,not found in ACRA,0
Tenaga Nasional,Tenaga Nasional,Malaysia,companiesmarketcap.com ranks 1001-1500 by market cap (fetched 2026-09-28),,y,Proxy: market-cap top 1500 (Forbes list not available),large,,not found in ACRA,0
Chery Automobile,Chery Automobile,China,companiesmarketcap.com ranks 1001-1500 by market cap (fetched 2026-09-28),,y,Proxy: market-cap top 1500 (Forbes list not available),large,,not found in ACRA,0
Telenor,=Telenor,Norway,companiesmarketcap.com ranks 1001-1500 by market cap (fetched 2026-09-28),,y,Proxy: market-cap top 1500 (Forbes list not available),large,,qualified,4
SAIC Motor,SAIC Motor,China,companiesmarketcap.com ranks 1001-1500 by market cap (fetched 2026-09-28),,y,Proxy: market-cap top 1500 (Forbes list not available),large,,not found in ACRA,0
Konami Holdings,=Konami,Japan,companiesmarketcap.com ranks 1001-1500 by market cap (fetched 2026-09-28),,y,Proxy: market-cap top 1500 (Forbes list not available),large,,review matches only,0
Fidelity National Information Services,Fidelity National Information;=FIS,United States,companiesmarketcap.com ranks 1001-1500 by market cap (fetched 2026-09-28),,y,Proxy: market-cap top 1500 (Forbes list not available),large,,qualified,4
Unity Software,Unity Software,United States,companiesmarketcap.com ranks 1001-1500 by market cap (fetched 2026-09-28),,y,Proxy: market-cap top 1500 (Forbes list not available),large,,qualified,1
Hwatsing Technology,Hwatsing Technology,China,companiesmarketcap.com ranks 1001-1500 by market cap (fetched 2026-09-28),,y,Proxy: market-cap top 1500 (Forbes list not available),large,,not found in ACRA,0
The Saudi British Bank,Saudi British Bank,Saudi Arabia,companiesmarketcap.com ranks 1001-1500 by market cap (fetched 2026-09-28),,y,Proxy: market-cap top 1500 (Forbes list not available),large,,not found in ACRA,0
Hongkong Land,Hongkong Land,Hong Kong,companiesmarketcap.com ranks 1001-1500 by market cap (fetched 2026-09-28),,y,Proxy: market-cap top 1500 (Forbes list not available),large,,qualified,4
SBI Life Insurance,SBI Life Insurance,India,companiesmarketcap.com ranks 1001-1500 by market cap (fetched 2026-09-28),,y,Proxy: market-cap top 1500 (Forbes list not available),large,,not found in ACRA,0
Samvardhana Motherson,Samvardhana Motherson,India,companiesmarketcap.com ranks 1001-1500 by market cap (fetched 2026-09-28),,y,Proxy: market-cap top 1500 (Forbes list not available),large,,not found in ACRA,0
Sabesp,=Sabesp,Brazil,companiesmarketcap.com ranks 1001-1500 by market cap (fetched 2026-09-28),,y,Proxy: market-cap top 1500 (Forbes list not available),large,,not found in ACRA,0
AVIC Shenyang Aircraft,AVIC Shenyang Aircraft,China,companiesmarketcap.com ranks 1001-1500 by market cap (fetched 2026-09-28),,y,Proxy: market-cap top 1500 (Forbes list not available),large,,not found in ACRA,0
Nordson,=Nordson,United States,companiesmarketcap.com ranks 1001-1500 by market cap (fetched 2026-09-28),,y,Proxy: market-cap top 1500 (Forbes list not available),large,,qualified,1
Lattice Semiconductor,Lattice Semiconductor,United States,companiesmarketcap.com ranks 1001-1500 by market cap (fetched 2026-09-28),,y,Proxy: market-cap top 1500 (Forbes list not available),large,,not found in ACRA,0
Euronext,=Euronext,Netherlands,companiesmarketcap.com ranks 1001-1500 by market cap (fetched 2026-09-28),,y,Proxy: market-cap top 1500 (Forbes list not available),large,,review matches only,0
Nomura Research Institute,Nomura Research Institute,Japan,companiesmarketcap.com ranks 1001-1500 by market cap (fetched 2026-09-28),,y,Proxy: market-cap top 1500 (Forbes list not available),large,,qualified,2
Telia Company,=Telia,Sweden,companiesmarketcap.com ranks 1001-1500 by market cap (fetched 2026-09-28),,y,Proxy: market-cap top 1500 (Forbes list not available),large,,not found in ACRA,0
Cellnex Telecom,Cellnex Telecom,Spain,companiesmarketcap.com ranks 1001-1500 by market cap (fetched 2026-09-28),,y,Proxy: market-cap top 1500 (Forbes list not available),large,,not found in ACRA,0
Resonac Holdings Corporation,=Resonac,Japan,companiesmarketcap.com ranks 1001-1500 by market cap (fetched 2026-09-28),,y,Proxy: market-cap top 1500 (Forbes list not available),large,,qualified,1
Evergy,=Evergy,United States,companiesmarketcap.com ranks 1001-1500 by market cap (fetched 2026-09-28),,y,Proxy: market-cap top 1500 (Forbes list not available),large,,not found in ACRA,0
Xi'an Eswin Material Technology,Xi'an Eswin Material Technology,China,companiesmarketcap.com ranks 1001-1500 by market cap (fetched 2026-09-28),,y,Proxy: market-cap top 1500 (Forbes list not available),large,,not found in ACRA,0
General Mills,General Mills,United States,companiesmarketcap.com ranks 1001-1500 by market cap (fetched 2026-09-28),,y,Proxy: market-cap top 1500 (Forbes list not available),large,,qualified,2
Wilmar International,=Wilmar,Singapore,"companiesmarketcap.com ranks 1001-1500 by market cap (fetched 2026-09-28) + Supplement: curated private/smaller multinationals (Claude, 2026-09-28; review)",Singapore-HQ group with operations outside Singapore (curated; verify),y,Proxy: market-cap top 1500 (Forbes list not available),large,,qualified,5
Hanwha Ocean,Hanwha Ocean,South Korea,companiesmarketcap.com ranks 1001-1500 by market cap (fetched 2026-09-28),,y,Proxy: market-cap top 1500 (Forbes list not available),large,,qualified,4
FTAI Aviation,FTAI Aviation,United States,companiesmarketcap.com ranks 1001-1500 by market cap (fetched 2026-09-28),,y,Proxy: market-cap top 1500 (Forbes list not available),large,,not found in ACRA,0
KE Holdings,=KE,China,companiesmarketcap.com ranks 1001-1500 by market cap (fetched 2026-09-28),,y,Proxy: market-cap top 1500 (Forbes list not available),large,,review matches only,0
China Steel,China Steel,Taiwan,companiesmarketcap.com ranks 1001-1500 by market cap (fetched 2026-09-28),,y,Proxy: market-cap top 1500 (Forbes list not available),large,,qualified,1
Hyundai Motor India,Hyundai Motor India,India,companiesmarketcap.com ranks 1001-1500 by market cap (fetched 2026-09-28),,y,Proxy: market-cap top 1500 (Forbes list not available),large,,not found in ACRA,0
Daiwa House,Daiwa House,Japan,companiesmarketcap.com ranks 1001-1500 by market cap (fetched 2026-09-28),,y,Proxy: market-cap top 1500 (Forbes list not available),large,,qualified,1
IHH Healthcare,IHH Healthcare,Malaysia,companiesmarketcap.com ranks 1001-1500 by market cap (fetched 2026-09-28),,y,Proxy: market-cap top 1500 (Forbes list not available),large,,qualified,1
Mashreqbank,=Mashreqbank,UAE,companiesmarketcap.com ranks 1001-1500 by market cap (fetched 2026-09-28),,y,Proxy: market-cap top 1500 (Forbes list not available),large,,not found in ACRA,0
Kasikornbank,=Kasikornbank,Thailand,companiesmarketcap.com ranks 1001-1500 by market cap (fetched 2026-09-28),,y,Proxy: market-cap top 1500 (Forbes list not available),large,,not found in ACRA,0
Tyson Foods,Tyson Foods,United States,companiesmarketcap.com ranks 1001-1500 by market cap (fetched 2026-09-28),,y,Proxy: market-cap top 1500 (Forbes list not available),large,,not found in ACRA,0
First Financial Holding,=First,Taiwan,companiesmarketcap.com ranks 1001-1500 by market cap (fetched 2026-09-28),,y,Proxy: market-cap top 1500 (Forbes list not available),large,,qualified,23
WESCO International,=WESCO,United States,companiesmarketcap.com ranks 1001-1500 by market cap (fetched 2026-09-28),,y,Proxy: market-cap top 1500 (Forbes list not available),large,,review matches only,0
Permian Resources,Permian Resources,United States,companiesmarketcap.com ranks 1001-1500 by market cap (fetched 2026-09-28),,y,Proxy: market-cap top 1500 (Forbes list not available),large,,not found in ACRA,0
Grupo Carso,Grupo Carso,Mexico,companiesmarketcap.com ranks 1001-1500 by market cap (fetched 2026-09-28),,y,Proxy: market-cap top 1500 (Forbes list not available),large,,not found in ACRA,0
Vodacom,=Vodacom,South Africa,companiesmarketcap.com ranks 1001-1500 by market cap (fetched 2026-09-28),,y,Proxy: market-cap top 1500 (Forbes list not available),large,,not found in ACRA,0
Genuine Parts Company,Genuine Parts,United States,companiesmarketcap.com ranks 1001-1500 by market cap (fetched 2026-09-28),,y,Proxy: market-cap top 1500 (Forbes list not available),large,,qualified,1
Swire Properties,Swire Properties,Hong Kong,companiesmarketcap.com ranks 1001-1500 by market cap (fetched 2026-09-28),,y,Proxy: market-cap top 1500 (Forbes list not available),large,,qualified,1
National Bank of Greece,National Bank of Greece,Greece,companiesmarketcap.com ranks 1001-1500 by market cap (fetched 2026-09-28),,y,Proxy: market-cap top 1500 (Forbes list not available),large,,not found in ACRA,0
DuPont de Nemours,DuPont de Nemours,United States,companiesmarketcap.com ranks 1001-1500 by market cap (fetched 2026-09-28),,y,Proxy: market-cap top 1500 (Forbes list not available),large,,not found in ACRA,0
ageas,=ageas,Belgium,companiesmarketcap.com ranks 1001-1500 by market cap (fetched 2026-09-28),,y,Proxy: market-cap top 1500 (Forbes list not available),large,,not found in ACRA,0
Air China,Air China,China,companiesmarketcap.com ranks 1001-1500 by market cap (fetched 2026-09-28),,y,Proxy: market-cap top 1500 (Forbes list not available),large,,qualified,1
Great Wall Motors,Great Wall Motors,China,companiesmarketcap.com ranks 1001-1500 by market cap (fetched 2026-09-28),,y,Proxy: market-cap top 1500 (Forbes list not available),large,,qualified,1
SDIC Power Holdings,SDIC Power,China,companiesmarketcap.com ranks 1001-1500 by market cap (fetched 2026-09-28),,y,Proxy: market-cap top 1500 (Forbes list not available),large,,not found in ACRA,0
Galaxy Entertainment,Galaxy Entertainment,Hong Kong,companiesmarketcap.com ranks 1001-1500 by market cap (fetched 2026-09-28),,y,Proxy: market-cap top 1500 (Forbes list not available),large,,qualified,1
PTT Exploration and Production,PTT Exploration and Production,Thailand,companiesmarketcap.com ranks 1001-1500 by market cap (fetched 2026-09-28),,y,Proxy: market-cap top 1500 (Forbes list not available),large,,not found in ACRA,0
Toast,=Toast,United States,companiesmarketcap.com ranks 1001-1500 by market cap (fetched 2026-09-28),,y,Proxy: market-cap top 1500 (Forbes list not available),large,,review matches only,0
Julius Baer,Julius Baer,Switzerland,"companiesmarketcap.com ranks 1001-1500 by market cap (fetched 2026-09-28) + Supplement: curated private/smaller multinationals (Claude, 2026-09-28; review)",,y,Proxy: market-cap top 1500 (Forbes list not available),large,,qualified,3
DLF,=DLF,India,companiesmarketcap.com ranks 1001-1500 by market cap (fetched 2026-09-28),,y,Proxy: market-cap top 1500 (Forbes list not available),large,,review matches only,0
Essity,=Essity,Sweden,companiesmarketcap.com ranks 1001-1500 by market cap (fetched 2026-09-28),,y,Proxy: market-cap top 1500 (Forbes list not available),large,,qualified,1
MKS Instruments,MKS Instruments,United States,companiesmarketcap.com ranks 1001-1500 by market cap (fetched 2026-09-28),,y,Proxy: market-cap top 1500 (Forbes list not available),large,,qualified,1
SBA Communications,SBA Communications,United States,companiesmarketcap.com ranks 1001-1500 by market cap (fetched 2026-09-28),,y,Proxy: market-cap top 1500 (Forbes list not available),large,,not found in ACRA,0
Zebra Technologies,Zebra Technologies,United States,companiesmarketcap.com ranks 1001-1500 by market cap (fetched 2026-09-28),,y,Proxy: market-cap top 1500 (Forbes list not available),large,,qualified,1
Hidroelectrica,=Hidroelectrica,Romania,companiesmarketcap.com ranks 1001-1500 by market cap (fetched 2026-09-28),,y,Proxy: market-cap top 1500 (Forbes list not available),large,,not found in ACRA,0
Telecom Italia,Telecom Italia,Italy,companiesmarketcap.com ranks 1001-1500 by market cap (fetched 2026-09-28),,y,Proxy: market-cap top 1500 (Forbes list not available),large,,not found in ACRA,0
Onto Innovation,Onto Innovation,United States,companiesmarketcap.com ranks 1001-1500 by market cap (fetched 2026-09-28),,y,Proxy: market-cap top 1500 (Forbes list not available),large,,qualified,1
Aldar Properties,Aldar Properties,UAE,companiesmarketcap.com ranks 1001-1500 by market cap (fetched 2026-09-28),,y,Proxy: market-cap top 1500 (Forbes list not available),large,,not found in ACRA,0
KGHM Polska Miedz,KGHM Polska Miedz,Poland,companiesmarketcap.com ranks 1001-1500 by market cap (fetched 2026-09-28),,y,Proxy: market-cap top 1500 (Forbes list not available),large,,not found in ACRA,0
CDW Corporation,=CDW,United States,companiesmarketcap.com ranks 1001-1500 by market cap (fetched 2026-09-28),,y,Proxy: market-cap top 1500 (Forbes list not available),large,,review matches only,0
Wolters Kluwer,Wolters Kluwer,Netherlands,companiesmarketcap.com ranks 1001-1500 by market cap (fetched 2026-09-28),,y,Proxy: market-cap top 1500 (Forbes list not available),large,,qualified,1
Rogers Communications,Rogers Communications,Canada,companiesmarketcap.com ranks 1001-1500 by market cap (fetched 2026-09-28),,y,Proxy: market-cap top 1500 (Forbes list not available),large,,not found in ACRA,0
Plains All American Pipeline,Plains All American Pipeline,United States,companiesmarketcap.com ranks 1001-1500 by market cap (fetched 2026-09-28),,y,Proxy: market-cap top 1500 (Forbes list not available),large,,not found in ACRA,0
Saudi Electricity,Saudi Electricity,Saudi Arabia,companiesmarketcap.com ranks 1001-1500 by market cap (fetched 2026-09-28),,y,Proxy: market-cap top 1500 (Forbes list not available),large,,not found in ACRA,0
Medpace,=Medpace,United States,companiesmarketcap.com ranks 1001-1500 by market cap (fetched 2026-09-28),,y,Proxy: market-cap top 1500 (Forbes list not available),large,,qualified,1
Bank of Beijing,Bank of Beijing,China,companiesmarketcap.com ranks 1001-1500 by market cap (fetched 2026-09-28),,y,Proxy: market-cap top 1500 (Forbes list not available),large,,not found in ACRA,0
Brambles,=Brambles,Australia,companiesmarketcap.com ranks 1001-1500 by market cap (fetched 2026-09-28),,y,Proxy: market-cap top 1500 (Forbes list not available),large,,qualified,1
HD Korea Shipbuilding & Offshore Engineering,HD Korea Shipbuilding & Offshore Engineering,South Korea,companiesmarketcap.com ranks 1001-1500 by market cap (fetched 2026-09-28),,y,Proxy: market-cap top 1500 (Forbes list not available),large,,qualified,1
China Overseas Land & Investment,China Overseas Land & Investment,Hong Kong,companiesmarketcap.com ranks 1001-1500 by market cap (fetched 2026-09-28),,y,Proxy: market-cap top 1500 (Forbes list not available),large,,not found in ACRA,0
East West Bancorp,East West Bancorp,United States,companiesmarketcap.com ranks 1001-1500 by market cap (fetched 2026-09-28),,y,Proxy: market-cap top 1500 (Forbes list not available),large,,not found in ACRA,0
Nippon Paint,Nippon Paint,Japan,companiesmarketcap.com ranks 1001-1500 by market cap (fetched 2026-09-28),,y,Proxy: market-cap top 1500 (Forbes list not available),large,,qualified,3
Sonova,=Sonova,Switzerland,companiesmarketcap.com ranks 1001-1500 by market cap (fetched 2026-09-28),,y,Proxy: market-cap top 1500 (Forbes list not available),large,,qualified,2
WSP Global,WSP Global,Canada,companiesmarketcap.com ranks 1001-1500 by market cap (fetched 2026-09-28),,y,Proxy: market-cap top 1500 (Forbes list not available),large,,not found in ACRA,0
Norsk Hydro,Norsk Hydro,Norway,companiesmarketcap.com ranks 1001-1500 by market cap (fetched 2026-09-28),,y,Proxy: market-cap top 1500 (Forbes list not available),large,,not found in ACRA,0
B3,=B3,Brazil,companiesmarketcap.com ranks 1001-1500 by market cap (fetched 2026-09-28),,y,Proxy: market-cap top 1500 (Forbes list not available),large,,qualified,1
CSG N.V.,CSG N.V;Czechoslovak Group,Czech Republic,companiesmarketcap.com ranks 1001-1500 by market cap (fetched 2026-09-28),,y,Proxy: market-cap top 1500 (Forbes list not available),large,,not found in ACRA,0
Zimmer Biomet,Zimmer Biomet,United States,"companiesmarketcap.com ranks 1001-1500 by market cap (fetched 2026-09-28) + Supplement: curated private/smaller multinationals (Claude, 2026-09-28; review)",,y,Proxy: market-cap top 1500 (Forbes list not available),large,,qualified,1
C. H. Robinson,C. H. Robinson,United States,companiesmarketcap.com ranks 1001-1500 by market cap (fetched 2026-09-28),,y,Proxy: market-cap top 1500 (Forbes list not available),large,,qualified,3
Pernod Ricard,Pernod Ricard,France,"companiesmarketcap.com ranks 1001-1500 by market cap (fetched 2026-09-28) + Supplement: curated private/smaller multinationals (Claude, 2026-09-28; review)",,y,Proxy: market-cap top 1500 (Forbes list not available),large,,qualified,1
TPG Inc.,=TPG,United States,companiesmarketcap.com ranks 1001-1500 by market cap (fetched 2026-09-28),,y,Proxy: market-cap top 1500 (Forbes list not available),large,,qualified,1
News Corp,=News,United States,companiesmarketcap.com ranks 1001-1500 by market cap (fetched 2026-09-28),,y,Proxy: market-cap top 1500 (Forbes list not available),large,,review matches only,0
MasTec,=MasTec,United States,companiesmarketcap.com ranks 1001-1500 by market cap (fetched 2026-09-28),,y,Proxy: market-cap top 1500 (Forbes list not available),large,,not found in ACRA,0
FedEx Freight,FedEx Freight,United States,companiesmarketcap.com ranks 1001-1500 by market cap (fetched 2026-09-28),,y,Proxy: market-cap top 1500 (Forbes list not available),large,,not found in ACRA,0
Associated British Foods,Associated British Foods,United Kingdom,companiesmarketcap.com ranks 1001-1500 by market cap (fetched 2026-09-28),,y,Proxy: market-cap top 1500 (Forbes list not available),large,,not found in ACRA,0
Falabella,=Falabella,Chile,companiesmarketcap.com ranks 1001-1500 by market cap (fetched 2026-09-28),,y,Proxy: market-cap top 1500 (Forbes list not available),large,,qualified,1
KPN,=KPN,Netherlands,companiesmarketcap.com ranks 1001-1500 by market cap (fetched 2026-09-28),,y,Proxy: market-cap top 1500 (Forbes list not available),large,,qualified,1
Adani Energy Solutions,Adani Energy Solutions,India,companiesmarketcap.com ranks 1001-1500 by market cap (fetched 2026-09-28),,y,Proxy: market-cap top 1500 (Forbes list not available),large,,not found in ACRA,0
SEGRO,=SEGRO,United Kingdom,companiesmarketcap.com ranks 1001-1500 by market cap (fetched 2026-09-28),,y,Proxy: market-cap top 1500 (Forbes list not available),large,,not found in ACRA,0
Furukawa Electric,Furukawa Electric,Japan,companiesmarketcap.com ranks 1001-1500 by market cap (fetched 2026-09-28),,y,Proxy: market-cap top 1500 (Forbes list not available),large,,qualified,2
Dynatrace,=Dynatrace,United States,companiesmarketcap.com ranks 1001-1500 by market cap (fetched 2026-09-28),,y,Proxy: market-cap top 1500 (Forbes list not available),large,,qualified,1
Hengli Petrochemical,Hengli Petrochemical,China,companiesmarketcap.com ranks 1001-1500 by market cap (fetched 2026-09-28),,y,Proxy: market-cap top 1500 (Forbes list not available),large,,qualified,1
POSCO,=POSCO,South Korea,companiesmarketcap.com ranks 1001-1500 by market cap (fetched 2026-09-28),,y,Proxy: market-cap top 1500 (Forbes list not available),large,,qualified,2
HANMI Semiconductor,HANMI Semiconductor,South Korea,companiesmarketcap.com ranks 1001-1500 by market cap (fetched 2026-09-28),,y,Proxy: market-cap top 1500 (Forbes list not available),large,,not found in ACRA,0
Bitmine Immersion Technologies,Bitmine Immersion Technologies,United States,companiesmarketcap.com ranks 1001-1500 by market cap (fetched 2026-09-28),,y,Proxy: market-cap top 1500 (Forbes list not available),large,,not found in ACRA,0
Fortive,=Fortive,United States,companiesmarketcap.com ranks 1001-1500 by market cap (fetched 2026-09-28),,y,Proxy: market-cap top 1500 (Forbes list not available),large,,not found in ACRA,0
Tourmaline Oil,Tourmaline Oil,Canada,companiesmarketcap.com ranks 1001-1500 by market cap (fetched 2026-09-28),,y,Proxy: market-cap top 1500 (Forbes list not available),large,,not found in ACRA,0
BE Semiconductor,BE Semiconductor,Netherlands,companiesmarketcap.com ranks 1001-1500 by market cap (fetched 2026-09-28),,y,Proxy: market-cap top 1500 (Forbes list not available),large,,not found in ACRA,0
Bankinter,=Bankinter,Spain,companiesmarketcap.com ranks 1001-1500 by market cap (fetched 2026-09-28),,y,Proxy: market-cap top 1500 (Forbes list not available),large,,not found in ACRA,0
IDEX,=IDEX,United States,companiesmarketcap.com ranks 1001-1500 by market cap (fetched 2026-09-28),,y,Proxy: market-cap top 1500 (Forbes list not available),large,,qualified,2
Revvity,=Revvity,United States,companiesmarketcap.com ranks 1001-1500 by market cap (fetched 2026-09-28),,y,Proxy: market-cap top 1500 (Forbes list not available),large,,qualified,1
Hong Kong and China Gas,Hong Kong and China Gas,Hong Kong,companiesmarketcap.com ranks 1001-1500 by market cap (fetched 2026-09-28),,y,Proxy: market-cap top 1500 (Forbes list not available),large,,not found in ACRA,0
Ovintiv,=Ovintiv,United States,companiesmarketcap.com ranks 1001-1500 by market cap (fetched 2026-09-28),,y,Proxy: market-cap top 1500 (Forbes list not available),large,,not found in ACRA,0
Zangge Mining,Zangge Mining,China,companiesmarketcap.com ranks 1001-1500 by market cap (fetched 2026-09-28),,y,Proxy: market-cap top 1500 (Forbes list not available),large,,qualified,1
SITC International,=SITC,Hong Kong,companiesmarketcap.com ranks 1001-1500 by market cap (fetched 2026-09-28),,y,Proxy: market-cap top 1500 (Forbes list not available),large,,review matches only,0
Clean Harbors,Clean Harbors,United States,companiesmarketcap.com ranks 1001-1500 by market cap (fetched 2026-09-28),,y,Proxy: market-cap top 1500 (Forbes list not available),large,,not found in ACRA,0
ASR Nederland,ASR Nederland,Netherlands,companiesmarketcap.com ranks 1001-1500 by market cap (fetched 2026-09-28),,y,Proxy: market-cap top 1500 (Forbes list not available),large,,not found in ACRA,0
Korea Zinc,Korea Zinc,South Korea,companiesmarketcap.com ranks 1001-1500 by market cap (fetched 2026-09-28),,y,Proxy: market-cap top 1500 (Forbes list not available),large,,not found in ACRA,0
Magna International,=Magna,Canada,companiesmarketcap.com ranks 1001-1500 by market cap (fetched 2026-09-28),,y,Proxy: market-cap top 1500 (Forbes list not available),large,,qualified,1
Tata Motors,Tata Motors,India,companiesmarketcap.com ranks 1001-1500 by market cap (fetched 2026-09-28),,y,Proxy: market-cap top 1500 (Forbes list not available),large,,not found in ACRA,0
mBank,=mBank,Poland,companiesmarketcap.com ranks 1001-1500 by market cap (fetched 2026-09-28),,y,Proxy: market-cap top 1500 (Forbes list not available),large,,not found in ACRA,0
NVR,=NVR,United States,companiesmarketcap.com ranks 1001-1500 by market cap (fetched 2026-09-28),,y,Proxy: market-cap top 1500 (Forbes list not available),large,,review matches only,0
Evergreen Marine,Evergreen Marine,Taiwan,"companiesmarketcap.com ranks 1001-1500 by market cap (fetched 2026-09-28) + Supplement: curated private/smaller multinationals (Claude, 2026-09-28; review)",,y,Proxy: market-cap top 1500 (Forbes list not available),large,,qualified,3
DigitalOcean,=DigitalOcean,United States,companiesmarketcap.com ranks 1001-1500 by market cap (fetched 2026-09-28),,y,Proxy: market-cap top 1500 (Forbes list not available),large,,not found in ACRA,0
Franklin Resources,Franklin Resources,United States,companiesmarketcap.com ranks 1001-1500 by market cap (fetched 2026-09-28),,y,Proxy: market-cap top 1500 (Forbes list not available),large,,not found in ACRA,0
Computershare,=Computershare,Australia,companiesmarketcap.com ranks 1001-1500 by market cap (fetched 2026-09-28),,y,Proxy: market-cap top 1500 (Forbes list not available),large,,not found in ACRA,0
Vonovia,=Vonovia,Germany,companiesmarketcap.com ranks 1001-1500 by market cap (fetched 2026-09-28),,y,Proxy: market-cap top 1500 (Forbes list not available),large,,not found in ACRA,0
PZU,=PZU,Poland,companiesmarketcap.com ranks 1001-1500 by market cap (fetched 2026-09-28),,y,Proxy: market-cap top 1500 (Forbes list not available),large,,not found in ACRA,0
Sartorius,=Sartorius,Germany,companiesmarketcap.com ranks 1001-1500 by market cap (fetched 2026-09-28),,y,Proxy: market-cap top 1500 (Forbes list not available),large,,qualified,1
SCREEN Holdings,=SCREEN,Japan,companiesmarketcap.com ranks 1001-1500 by market cap (fetched 2026-09-28),,y,Proxy: market-cap top 1500 (Forbes list not available),large,,qualified,2
Alliant Energy,Alliant Energy,United States,companiesmarketcap.com ranks 1001-1500 by market cap (fetched 2026-09-28),,y,Proxy: market-cap top 1500 (Forbes list not available),large,,qualified,1
Singapore Airlines,Singapore Airlines,Singapore,"companiesmarketcap.com ranks 1001-1500 by market cap (fetched 2026-09-28) + Supplement: curated private/smaller multinationals (Claude, 2026-09-28; review)",Singapore-HQ group with operations outside Singapore (curated; verify),y,Proxy: market-cap top 1500 (Forbes list not available),large,,qualified,3
Tatneft,=Tatneft,Russia,companiesmarketcap.com ranks 1001-1500 by market cap (fetched 2026-09-28),,y,Proxy: market-cap top 1500 (Forbes list not available),large,,not found in ACRA,0
Tractor Supply,Tractor Supply,United States,companiesmarketcap.com ranks 1001-1500 by market cap (fetched 2026-09-28),,y,Proxy: market-cap top 1500 (Forbes list not available),large,,not found in ACRA,0
Kuaishou Technology,Kuaishou Technology,China,companiesmarketcap.com ranks 1001-1500 by market cap (fetched 2026-09-28),,y,Proxy: market-cap top 1500 (Forbes list not available),large,,not found in ACRA,0
APi Group,=APi,United States,companiesmarketcap.com ranks 1001-1500 by market cap (fetched 2026-09-28),,y,Proxy: market-cap top 1500 (Forbes list not available),large,,qualified,2
DiDi,=DiDi,China,companiesmarketcap.com ranks 1001-1500 by market cap (fetched 2026-09-28),,y,Proxy: market-cap top 1500 (Forbes list not available),large,,qualified,1
Semtech,=Semtech,United States,companiesmarketcap.com ranks 1001-1500 by market cap (fetched 2026-09-28),,y,Proxy: market-cap top 1500 (Forbes list not available),large,,not found in ACRA,0
VeriSilicon Microelectronics,VeriSilicon Microelectronics,China,companiesmarketcap.com ranks 1001-1500 by market cap (fetched 2026-09-28),,y,Proxy: market-cap top 1500 (Forbes list not available),large,,not found in ACRA,0
DWS Group,=DWS,Germany,companiesmarketcap.com ranks 1001-1500 by market cap (fetched 2026-09-28),,y,Proxy: market-cap top 1500 (Forbes list not available),large,,qualified,3
Sumitomo Metal Mining,Sumitomo Metal Mining,Japan,companiesmarketcap.com ranks 1001-1500 by market cap (fetched 2026-09-28),,y,Proxy: market-cap top 1500 (Forbes list not available),large,,not found in ACRA,0
Industries Qatar,Industries Qatar,Qatar,companiesmarketcap.com ranks 1001-1500 by market cap (fetched 2026-09-28),,y,Proxy: market-cap top 1500 (Forbes list not available),large,,not found in ACRA,0
Wipro,=Wipro,India,companiesmarketcap.com ranks 1001-1500 by market cap (fetched 2026-09-28),,y,Proxy: market-cap top 1500 (Forbes list not available),large,,qualified,3
Tupras,=Tupras,Turkey,companiesmarketcap.com ranks 1001-1500 by market cap (fetched 2026-09-28),,y,Proxy: market-cap top 1500 (Forbes list not available),large,,not found in ACRA,0
Polyus,=Polyus,Russia,companiesmarketcap.com ranks 1001-1500 by market cap (fetched 2026-09-28),,y,Proxy: market-cap top 1500 (Forbes list not available),large,,not found in ACRA,0
Vodafone Idea,Vodafone Idea,India,companiesmarketcap.com ranks 1001-1500 by market cap (fetched 2026-09-28),,y,Proxy: market-cap top 1500 (Forbes list not available),large,,not found in ACRA,0
Daiwa Securities Group,Daiwa Securities,Japan,companiesmarketcap.com ranks 1001-1500 by market cap (fetched 2026-09-28),,y,Proxy: market-cap top 1500 (Forbes list not available),large,,not found in ACRA,0
Henderson Land Development,Henderson Land Development,Hong Kong,companiesmarketcap.com ranks 1001-1500 by market cap (fetched 2026-09-28),,y,Proxy: market-cap top 1500 (Forbes list not available),large,,not found in ACRA,0
ING Bank Slaski,ING Bank Slaski,Poland,companiesmarketcap.com ranks 1001-1500 by market cap (fetched 2026-09-28),,y,Proxy: market-cap top 1500 (Forbes list not available),large,,not found in ACRA,0
Yangzijiang Shipbuilding,Yangzijiang Shipbuilding,China,companiesmarketcap.com ranks 1001-1500 by market cap (fetched 2026-09-28),,y,Proxy: market-cap top 1500 (Forbes list not available),large,,qualified,1
Secom,=Secom,Japan,companiesmarketcap.com ranks 1001-1500 by market cap (fetched 2026-09-28),,y,Proxy: market-cap top 1500 (Forbes list not available),large,,qualified,1
Power Assets,Power Assets,Hong Kong,companiesmarketcap.com ranks 1001-1500 by market cap (fetched 2026-09-28),,y,Proxy: market-cap top 1500 (Forbes list not available),large,,qualified,1
Pidilite,=Pidilite,India,companiesmarketcap.com ranks 1001-1500 by market cap (fetched 2026-09-28),,y,Proxy: market-cap top 1500 (Forbes list not available),large,,qualified,2
Reinsurance Group of America,Reinsurance Group of America,United States,companiesmarketcap.com ranks 1001-1500 by market cap (fetched 2026-09-28),,y,Proxy: market-cap top 1500 (Forbes list not available),large,,not found in ACRA,0
Burlington Stores,Burlington Stores,United States,companiesmarketcap.com ranks 1001-1500 by market cap (fetched 2026-09-28),,y,Proxy: market-cap top 1500 (Forbes list not available),large,,not found in ACRA,0
Zhongjin Gold,Zhongjin Gold,China,companiesmarketcap.com ranks 1001-1500 by market cap (fetched 2026-09-28),,y,Proxy: market-cap top 1500 (Forbes list not available),large,,not found in ACRA,0
Jacobs Engineering,Jacobs Engineering,United States,companiesmarketcap.com ranks 1001-1500 by market cap (fetched 2026-09-28),,y,Proxy: market-cap top 1500 (Forbes list not available),large,,not found in ACRA,0
RBC Bearings,RBC Bearings,United States,companiesmarketcap.com ranks 1001-1500 by market cap (fetched 2026-09-28),,y,Proxy: market-cap top 1500 (Forbes list not available),large,,not found in ACRA,0
China Tourism Group Duty Free,China Tourism Group Duty Free,China,companiesmarketcap.com ranks 1001-1500 by market cap (fetched 2026-09-28),,y,Proxy: market-cap top 1500 (Forbes list not available),large,,not found in ACRA,0
TCL Technology,TCL Technology,China,companiesmarketcap.com ranks 1001-1500 by market cap (fetched 2026-09-28),,y,Proxy: market-cap top 1500 (Forbes list not available),large,,not found in ACRA,0
Whitecap Resources,Whitecap Resources,Canada,companiesmarketcap.com ranks 1001-1500 by market cap (fetched 2026-09-28),,y,Proxy: market-cap top 1500 (Forbes list not available),large,,not found in ACRA,0
Banco Santander-Chile,Banco Santander-Chile,Chile,companiesmarketcap.com ranks 1001-1500 by market cap (fetched 2026-09-28),,y,Proxy: market-cap top 1500 (Forbes list not available),large,,not found in ACRA,0
Shionogi,=Shionogi,Japan,companiesmarketcap.com ranks 1001-1500 by market cap (fetched 2026-09-28),,y,Proxy: market-cap top 1500 (Forbes list not available),large,,not found in ACRA,0
Huaneng Power International,Huaneng Power,China,companiesmarketcap.com ranks 1001-1500 by market cap (fetched 2026-09-28),,y,Proxy: market-cap top 1500 (Forbes list not available),large,,not found in ACRA,0
Keppel,=Keppel,Singapore,"companiesmarketcap.com ranks 1001-1500 by market cap (fetched 2026-09-28) + Supplement: curated private/smaller multinationals (Claude, 2026-09-28; review)",Singapore-HQ group with operations outside Singapore (curated; verify),y,Proxy: market-cap top 1500 (Forbes list not available),large,,qualified,9
EVE Energy,EVE Energy,China,companiesmarketcap.com ranks 1001-1500 by market cap (fetched 2026-09-28),,y,Proxy: market-cap top 1500 (Forbes list not available),large,,qualified,1
SCB,=SCB;Siam Commercial Bank,Thailand,companiesmarketcap.com ranks 1001-1500 by market cap (fetched 2026-09-28),,y,Proxy: market-cap top 1500 (Forbes list not available),large,,qualified,1
Continental,=Continental,Germany,"companiesmarketcap.com ranks 1001-1500 by market cap (fetched 2026-09-28) + Supplement: curated private/smaller multinationals (Claude, 2026-09-28; review)",,y,Proxy: market-cap top 1500 (Forbes list not available),large,,qualified,9
Invitation Homes,Invitation Homes,United States,companiesmarketcap.com ranks 1001-1500 by market cap (fetched 2026-09-28),,y,Proxy: market-cap top 1500 (Forbes list not available),large,,not found in ACRA,0
EDP Renovaveis,EDP Renovaveis,Spain,companiesmarketcap.com ranks 1001-1500 by market cap (fetched 2026-09-28),,y,Proxy: market-cap top 1500 (Forbes list not available),large,,not found in ACRA,0
Futu Holdings,=Futu,Hong Kong,companiesmarketcap.com ranks 1001-1500 by market cap (fetched 2026-09-28),,y,Proxy: market-cap top 1500 (Forbes list not available),large,,qualified,2
Saudi Arabian Fertilizer Company,Saudi Arabian Fertilizer,Saudi Arabia,companiesmarketcap.com ranks 1001-1500 by market cap (fetched 2026-09-28),,y,Proxy: market-cap top 1500 (Forbes list not available),large,,not found in ACRA,0
Sterling Infrastructure,Sterling Infrastructure,United States,companiesmarketcap.com ranks 1001-1500 by market cap (fetched 2026-09-28),,y,Proxy: market-cap top 1500 (Forbes list not available),large,,not found in ACRA,0
Lundin Gold,Lundin Gold,Canada,companiesmarketcap.com ranks 1001-1500 by market cap (fetched 2026-09-28),,y,Proxy: market-cap top 1500 (Forbes list not available),large,,not found in ACRA,0
Jio Financial Services,=Jio,India,companiesmarketcap.com ranks 1001-1500 by market cap (fetched 2026-09-28),,y,Proxy: market-cap top 1500 (Forbes list not available),large,,qualified,1
Rede D'Or Sao Luiz,Rede D'Or Sao Luiz,Brazil,companiesmarketcap.com ranks 1001-1500 by market cap (fetched 2026-09-28),,y,Proxy: market-cap top 1500 (Forbes list not available),large,,not found in ACRA,0
Zhejiang Century Huatong,Zhejiang Century Huatong,China,companiesmarketcap.com ranks 1001-1500 by market cap (fetched 2026-09-28),,y,Proxy: market-cap top 1500 (Forbes list not available),large,,not found in ACRA,0
South32,=South32,Australia,companiesmarketcap.com ranks 1001-1500 by market cap (fetched 2026-09-28),,y,Proxy: market-cap top 1500 (Forbes list not available),large,,qualified,1
ABB India,ABB India,India,companiesmarketcap.com ranks 1001-1500 by market cap (fetched 2026-09-28),,y,Proxy: market-cap top 1500 (Forbes list not available),large,,not found in ACRA,0
Host Hotels & Resorts,Host Hotels & Resorts,United States,companiesmarketcap.com ranks 1001-1500 by market cap (fetched 2026-09-28),,y,Proxy: market-cap top 1500 (Forbes list not available),large,,not found in ACRA,0
Leidos,=Leidos,United States,companiesmarketcap.com ranks 1001-1500 by market cap (fetched 2026-09-28),,y,Proxy: market-cap top 1500 (Forbes list not available),large,,qualified,1
Corebridge Financial,=Corebridge,United States,companiesmarketcap.com ranks 1001-1500 by market cap (fetched 2026-09-28),,y,Proxy: market-cap top 1500 (Forbes list not available),large,,qualified,3
Millicom,=Millicom,Luxembourg,companiesmarketcap.com ranks 1001-1500 by market cap (fetched 2026-09-28),,y,Proxy: market-cap top 1500 (Forbes list not available),large,,not found in ACRA,0
Annaly Capital Management,Annaly Capital Management,United States,companiesmarketcap.com ranks 1001-1500 by market cap (fetched 2026-09-28),,y,Proxy: market-cap top 1500 (Forbes list not available),large,,not found in ACRA,0
Mitsui O.S.K. Lines,Mitsui O.S.K. Lines,Japan,companiesmarketcap.com ranks 1001-1500 by market cap (fetched 2026-09-28),,y,Proxy: market-cap top 1500 (Forbes list not available),large,,not found in ACRA,0
Nippon Sanso,Nippon Sanso,Japan,companiesmarketcap.com ranks 1001-1500 by market cap (fetched 2026-09-28),,y,Proxy: market-cap top 1500 (Forbes list not available),large,,qualified,2
Kerry Group,=Kerry,Ireland,companiesmarketcap.com ranks 1001-1500 by market cap (fetched 2026-09-28),,y,Proxy: market-cap top 1500 (Forbes list not available),large,,review matches only,0
Luzhou Laojiao,Luzhou Laojiao,China,companiesmarketcap.com ranks 1001-1500 by market cap (fetched 2026-09-28),,y,Proxy: market-cap top 1500 (Forbes list not available),large,,not found in ACRA,0
Jazz Pharmaceuticals,Jazz Pharmaceuticals,Ireland,companiesmarketcap.com ranks 1001-1500 by market cap (fetched 2026-09-28),,y,Proxy: market-cap top 1500 (Forbes list not available),large,,not found in ACRA,0
Nexon,=Nexon,Japan,companiesmarketcap.com ranks 1001-1500 by market cap (fetched 2026-09-28),,y,Proxy: market-cap top 1500 (Forbes list not available),large,,review matches only,0
Huagong Tech,Huagong Tech,China,companiesmarketcap.com ranks 1001-1500 by market cap (fetched 2026-09-28),,y,Proxy: market-cap top 1500 (Forbes list not available),large,,not found in ACRA,0
China Three Gorges Renewables,China Three Gorges Renewables,China,companiesmarketcap.com ranks 1001-1500 by market cap (fetched 2026-09-28),,y,Proxy: market-cap top 1500 (Forbes list not available),large,,not found in ACRA,0
RB Global,RB Global,Canada,companiesmarketcap.com ranks 1001-1500 by market cap (fetched 2026-09-28),,y,Proxy: market-cap top 1500 (Forbes list not available),large,,qualified,1
Public Power Corporation,Public Power,Greece,companiesmarketcap.com ranks 1001-1500 by market cap (fetched 2026-09-28),,y,Proxy: market-cap top 1500 (Forbes list not available),large,,not found in ACRA,0
CVC Capital Partners,CVC Capital Partners,Jersey,companiesmarketcap.com ranks 1001-1500 by market cap (fetched 2026-09-28),,y,Proxy: market-cap top 1500 (Forbes list not available),large,,not found in ACRA,0
LATAM Airlines,LATAM Airlines,Chile,companiesmarketcap.com ranks 1001-1500 by market cap (fetched 2026-09-28),,y,Proxy: market-cap top 1500 (Forbes list not available),large,,not found in ACRA,0
Varun Beverages,Varun Beverages,India,companiesmarketcap.com ranks 1001-1500 by market cap (fetched 2026-09-28),,y,Proxy: market-cap top 1500 (Forbes list not available),large,,not found in ACRA,0
Swedish Orphan Biovitrum,Swedish Orphan Biovitrum;=Sobi,Sweden,companiesmarketcap.com ranks 1001-1500 by market cap (fetched 2026-09-28),,y,Proxy: market-cap top 1500 (Forbes list not available),large,,qualified,1
Tempus AI,Tempus AI,United States,companiesmarketcap.com ranks 1001-1500 by market cap (fetched 2026-09-28),,y,Proxy: market-cap top 1500 (Forbes list not available),large,,not found in ACRA,0
Inspur,=Inspur,China,companiesmarketcap.com ranks 1001-1500 by market cap (fetched 2026-09-28),,y,Proxy: market-cap top 1500 (Forbes list not available),large,,qualified,1
GFL Environmental,GFL Environmental,Canada,companiesmarketcap.com ranks 1001-1500 by market cap (fetched 2026-09-28),,y,Proxy: market-cap top 1500 (Forbes list not available),large,,not found in ACRA,0
The Phoenix Holdings,=Phoenix,Israel,companiesmarketcap.com ranks 1001-1500 by market cap (fetched 2026-09-28),,y,Proxy: market-cap top 1500 (Forbes list not available),large,,qualified,14
FinecoBank,=FinecoBank,Italy,companiesmarketcap.com ranks 1001-1500 by market cap (fetched 2026-09-28),,y,Proxy: market-cap top 1500 (Forbes list not available),large,,not found in ACRA,0
Solventum,=Solventum,United States,companiesmarketcap.com ranks 1001-1500 by market cap (fetched 2026-09-28),,y,Proxy: market-cap top 1500 (Forbes list not available),large,,not found in ACRA,0
Bharat Heavy Electricals,Bharat Heavy Electricals,India,companiesmarketcap.com ranks 1001-1500 by market cap (fetched 2026-09-28),,y,Proxy: market-cap top 1500 (Forbes list not available),large,,not found in ACRA,0
UPM-Kymmene,=UPM-Kymmene,Finland,companiesmarketcap.com ranks 1001-1500 by market cap (fetched 2026-09-28),,y,Proxy: market-cap top 1500 (Forbes list not available),large,,not found in ACRA,0
Mapfre,=Mapfre,Spain,companiesmarketcap.com ranks 1001-1500 by market cap (fetched 2026-09-28),,y,Proxy: market-cap top 1500 (Forbes list not available),large,,review matches only,0
Shanghai Electric Group,Shanghai Electric,China,companiesmarketcap.com ranks 1001-1500 by market cap (fetched 2026-09-28),,y,Proxy: market-cap top 1500 (Forbes list not available),large,,qualified,2
Japan Exchange Group,Japan Exchange,Japan,companiesmarketcap.com ranks 1001-1500 by market cap (fetched 2026-09-28),,y,Proxy: market-cap top 1500 (Forbes list not available),large,,not found in ACRA,0
Azrieli Group,=Azrieli,Israel,companiesmarketcap.com ranks 1001-1500 by market cap (fetched 2026-09-28),,y,Proxy: market-cap top 1500 (Forbes list not available),large,,not found in ACRA,0
James Hardie Industries,James Hardie Industries,Ireland,companiesmarketcap.com ranks 1001-1500 by market cap (fetched 2026-09-28),,y,Proxy: market-cap top 1500 (Forbes list not available),large,,not found in ACRA,0
Ball Corporation,=Ball,United States,companiesmarketcap.com ranks 1001-1500 by market cap (fetched 2026-09-28),,y,Proxy: market-cap top 1500 (Forbes list not available),large,,qualified,1
Unibail-Rodamco-Westfield,=Unibail-Rodamco-Westfield,France,companiesmarketcap.com ranks 1001-1500 by market cap (fetched 2026-09-28),,y,Proxy: market-cap top 1500 (Forbes list not available),large,,not found in ACRA,0
Press Metal Aluminium,Press Metal Aluminium,Malaysia,companiesmarketcap.com ranks 1001-1500 by market cap (fetched 2026-09-28),,y,Proxy: market-cap top 1500 (Forbes list not available),large,,not found in ACRA,0
Eurofins Scientific,Eurofins Scientific,Luxembourg,companiesmarketcap.com ranks 1001-1500 by market cap (fetched 2026-09-28),,y,Proxy: market-cap top 1500 (Forbes list not available),large,,not found in ACRA,0
Evolution Gaming,Evolution Gaming,Sweden,companiesmarketcap.com ranks 1001-1500 by market cap (fetched 2026-09-28),,y,Proxy: market-cap top 1500 (Forbes list not available),large,,not found in ACRA,0
T&D Holdings,=T&D,Japan,companiesmarketcap.com ranks 1001-1500 by market cap (fetched 2026-09-28),,y,Proxy: market-cap top 1500 (Forbes list not available),large,,qualified,1
W. P. Carey,W. P. Carey,United States,companiesmarketcap.com ranks 1001-1500 by market cap (fetched 2026-09-28),,y,Proxy: market-cap top 1500 (Forbes list not available),large,,not found in ACRA,0
Kimco Realty,Kimco Realty,United States,companiesmarketcap.com ranks 1001-1500 by market cap (fetched 2026-09-28),,y,Proxy: market-cap top 1500 (Forbes list not available),large,,not found in ACRA,0
PharmaEssentia,=PharmaEssentia,Taiwan,companiesmarketcap.com ranks 1001-1500 by market cap (fetched 2026-09-28),,y,Proxy: market-cap top 1500 (Forbes list not available),large,,qualified,1
Guosen Securities,Guosen Securities,China,companiesmarketcap.com ranks 1001-1500 by market cap (fetched 2026-09-28),,y,Proxy: market-cap top 1500 (Forbes list not available),large,,not found in ACRA,0
Asahi Group,=Asahi,Japan,"companiesmarketcap.com ranks 1001-1500 by market cap (fetched 2026-09-28) + Supplement: curated private/smaller multinationals (Claude, 2026-09-28; review)",,y,Proxy: market-cap top 1500 (Forbes list not available),large,,qualified,2
PTC,=PTC,United States,companiesmarketcap.com ranks 1001-1500 by market cap (fetched 2026-09-28),,y,Proxy: market-cap top 1500 (Forbes list not available),large,,qualified,2
APA Corporation,=APA,United States,companiesmarketcap.com ranks 1001-1500 by market cap (fetched 2026-09-28),,y,Proxy: market-cap top 1500 (Forbes list not available),large,,qualified,1
Fisher & Paykel Healthcare,Fisher & Paykel Healthcare,New Zealand,companiesmarketcap.com ranks 1001-1500 by market cap (fetched 2026-09-28),,y,Proxy: market-cap top 1500 (Forbes list not available),large,,not found in ACRA,0
Fabrinet,=Fabrinet,Cayman Islands,companiesmarketcap.com ranks 1001-1500 by market cap (fetched 2026-09-28),,y,Proxy: market-cap top 1500 (Forbes list not available),large,,qualified,1
Hyatt Hotels,Hyatt Hotels,United States,companiesmarketcap.com ranks 1001-1500 by market cap (fetched 2026-09-28),,y,Proxy: market-cap top 1500 (Forbes list not available),large,,not found in ACRA,0
Nitto Denko,Nitto Denko,Japan,companiesmarketcap.com ranks 1001-1500 by market cap (fetched 2026-09-28),,y,Proxy: market-cap top 1500 (Forbes list not available),large,,qualified,2
Boliden,=Boliden,Sweden,companiesmarketcap.com ranks 1001-1500 by market cap (fetched 2026-09-28),,y,Proxy: market-cap top 1500 (Forbes list not available),large,,not found in ACRA,0
Meritz Financial Group,=Meritz,South Korea,companiesmarketcap.com ranks 1001-1500 by market cap (fetched 2026-09-28),,y,Proxy: market-cap top 1500 (Forbes list not available),large,,not found in ACRA,0
Trent Limited,=Trent,India,companiesmarketcap.com ranks 1001-1500 by market cap (fetched 2026-09-28),,y,Proxy: market-cap top 1500 (Forbes list not available),large,,review matches only,0
BOSCH India,BOSCH India,India,companiesmarketcap.com ranks 1001-1500 by market cap (fetched 2026-09-28),,y,Proxy: market-cap top 1500 (Forbes list not available),large,,not found in ACRA,0
Ascendis Pharma,Ascendis Pharma,Denmark,companiesmarketcap.com ranks 1001-1500 by market cap (fetched 2026-09-28),,y,Proxy: market-cap top 1500 (Forbes list not available),large,,not found in ACRA,0
China Satellite Communications,China Satellite Communications,China,companiesmarketcap.com ranks 1001-1500 by market cap (fetched 2026-09-28),,y,Proxy: market-cap top 1500 (Forbes list not available),large,,not found in ACRA,0
Cholamandalam Investment and Finance,Cholamandalam Investment and Finance,India,companiesmarketcap.com ranks 1001-1500 by market cap (fetched 2026-09-28),,y,Proxy: market-cap top 1500 (Forbes list not available),large,,not found in ACRA,0
Jones Lang LaSalle,Jones Lang LaSalle,United States,companiesmarketcap.com ranks 1001-1500 by market cap (fetched 2026-09-28),,y,Proxy: market-cap top 1500 (Forbes list not available),large,,review matches only,0
Lincoln Electric,Lincoln Electric,United States,companiesmarketcap.com ranks 1001-1500 by market cap (fetched 2026-09-28),,y,Proxy: market-cap top 1500 (Forbes list not available),large,,qualified,1
Lundbergforetagen,=Lundbergforetagen,Sweden,companiesmarketcap.com ranks 1001-1500 by market cap (fetched 2026-09-28),,y,Proxy: market-cap top 1500 (Forbes list not available),large,,not found in ACRA,0
Lingyi iTECH,Lingyi iTECH,China,companiesmarketcap.com ranks 1001-1500 by market cap (fetched 2026-09-28),,y,Proxy: market-cap top 1500 (Forbes list not available),large,,not found in ACRA,0
Datang International Power Generation,Datang International Power Generation,China,companiesmarketcap.com ranks 1001-1500 by market cap (fetched 2026-09-28),,y,Proxy: market-cap top 1500 (Forbes list not available),large,,not found in ACRA,0
Hua Xia Bank,Hua Xia Bank,China,companiesmarketcap.com ranks 1001-1500 by market cap (fetched 2026-09-28),,y,Proxy: market-cap top 1500 (Forbes list not available),large,,not found in ACRA,0
Banco de Credito e Inversiones,Banco de Credito e Inversiones,Chile,companiesmarketcap.com ranks 1001-1500 by market cap (fetched 2026-09-28),,y,Proxy: market-cap top 1500 (Forbes list not available),large,,not found in ACRA,0
Emirates Integrated Telecommunications,Emirates Integrated Telecommunications,UAE,companiesmarketcap.com ranks 1001-1500 by market cap (fetched 2026-09-28),,y,Proxy: market-cap top 1500 (Forbes list not available),large,,not found in ACRA,0
Sichuan Biokin Pharmaceutical,Sichuan Biokin Pharmaceutical,China,companiesmarketcap.com ranks 1001-1500 by market cap (fetched 2026-09-28),,y,Proxy: market-cap top 1500 (Forbes list not available),large,,not found in ACRA,0
Elia Group,=Elia,Belgium,companiesmarketcap.com ranks 1001-1500 by market cap (fetched 2026-09-28),,y,Proxy: market-cap top 1500 (Forbes list not available),large,,qualified,1
Viper Energy,Viper Energy,United States,companiesmarketcap.com ranks 1001-1500 by market cap (fetched 2026-09-28),,y,Proxy: market-cap top 1500 (Forbes list not available),large,,not found in ACRA,0
Equitable Holdings,=Equitable,United States,companiesmarketcap.com ranks 1001-1500 by market cap (fetched 2026-09-28),,y,Proxy: market-cap top 1500 (Forbes list not available),large,,qualified,1
Charter Communications,Charter Communications,United States,companiesmarketcap.com ranks 1001-1500 by market cap (fetched 2026-09-28),,y,Proxy: market-cap top 1500 (Forbes list not available),large,,not found in ACRA,0
ZTO Express,ZTO Express,China,companiesmarketcap.com ranks 1001-1500 by market cap (fetched 2026-09-28),,y,Proxy: market-cap top 1500 (Forbes list not available),large,,qualified,1
Emera,=Emera,Canada,companiesmarketcap.com ranks 1001-1500 by market cap (fetched 2026-09-28),,y,Proxy: market-cap top 1500 (Forbes list not available),large,,qualified,1
Lamar Advertising,Lamar Advertising,United States,companiesmarketcap.com ranks 1001-1500 by market cap (fetched 2026-09-28),,y,Proxy: market-cap top 1500 (Forbes list not available),large,,not found in ACRA,0
Blue Owl Capital,Blue Owl Capital,United States,companiesmarketcap.com ranks 1001-1500 by market cap (fetched 2026-09-28),,y,Proxy: market-cap top 1500 (Forbes list not available),large,,qualified,1
Sieyuan Electric,Sieyuan Electric,China,companiesmarketcap.com ranks 1001-1500 by market cap (fetched 2026-09-28),,y,Proxy: market-cap top 1500 (Forbes list not available),large,,qualified,1
Omega Healthcare Investors,Omega Healthcare Investors,United States,companiesmarketcap.com ranks 1001-1500 by market cap (fetched 2026-09-28),,y,Proxy: market-cap top 1500 (Forbes list not available),large,,not found in ACRA,0
Talen Energy,Talen Energy,United States,companiesmarketcap.com ranks 1001-1500 by market cap (fetched 2026-09-28),,y,Proxy: market-cap top 1500 (Forbes list not available),large,,not found in ACRA,0
Unum,=Unum,United States,companiesmarketcap.com ranks 1001-1500 by market cap (fetched 2026-09-28),,y,Proxy: market-cap top 1500 (Forbes list not available),large,,not found in ACRA,0
LG Chem,LG Chem,South Korea,companiesmarketcap.com ranks 1001-1500 by market cap (fetched 2026-09-28),,y,Proxy: market-cap top 1500 (Forbes list not available),large,,qualified,1
CG Power and Industrial Solutions,CG Power and Industrial Solutions,India,companiesmarketcap.com ranks 1001-1500 by market cap (fetched 2026-09-28),,y,Proxy: market-cap top 1500 (Forbes list not available),large,,not found in ACRA,0
Deloitte,Deloitte,United Kingdom,"Supplement: curated private/smaller multinationals (Claude, 2026-09-28; review)",,n,Proxy: market-cap top 1500 (Forbes list not available),large,,qualified,19
PwC,PricewaterhouseCoopers;PwC,United Kingdom,"Supplement: curated private/smaller multinationals (Claude, 2026-09-28; review)",,n,Proxy: market-cap top 1500 (Forbes list not available),large,,qualified,24
EY,Ernst & Young;EY,United Kingdom,"Supplement: curated private/smaller multinationals (Claude, 2026-09-28; review)",,n,Proxy: market-cap top 1500 (Forbes list not available),large,,qualified,6
KPMG,KPMG,Netherlands,"Supplement: curated private/smaller multinationals (Claude, 2026-09-28; review)",,n,Proxy: market-cap top 1500 (Forbes list not available),large,,qualified,8
McKinsey & Company,McKinsey,United States,"Supplement: curated private/smaller multinationals (Claude, 2026-09-28; review)",,n,Proxy: market-cap top 1500 (Forbes list not available),large,,qualified,3
Boston Consulting Group,Boston Consulting Group,United States,"Supplement: curated private/smaller multinationals (Claude, 2026-09-28; review)",,n,Proxy: market-cap top 1500 (Forbes list not available),large,,qualified,2
Bain & Company,Bain & Company,United States,"Supplement: curated private/smaller multinationals (Claude, 2026-09-28; review)",,n,Proxy: market-cap top 1500 (Forbes list not available),large,,qualified,1
Baker McKenzie,Baker McKenzie,United States,"Supplement: curated private/smaller multinationals (Claude, 2026-09-28; review)",,n,Proxy: market-cap top 1500 (Forbes list not available),large,,qualified,1
Clifford Chance,Clifford Chance,United Kingdom,"Supplement: curated private/smaller multinationals (Claude, 2026-09-28; review)",,n,Proxy: market-cap top 1500 (Forbes list not available),large,,qualified,1
Linklaters,Linklaters,United Kingdom,"Supplement: curated private/smaller multinationals (Claude, 2026-09-28; review)",,n,Proxy: market-cap top 1500 (Forbes list not available),large,,qualified,2
A&O Shearman,Allen & Overy;A&O Shearman,United Kingdom,"Supplement: curated private/smaller multinationals (Claude, 2026-09-28; review)",,n,Proxy: market-cap top 1500 (Forbes list not available),large,,not found in ACRA,0
Herbert Smith Freehills Kramer,Herbert Smith Freehills,United Kingdom,"Supplement: curated private/smaller multinationals (Claude, 2026-09-28; review)",,n,Proxy: market-cap top 1500 (Forbes list not available),large,,qualified,1
Dentons,Dentons,United States,"Supplement: curated private/smaller multinationals (Claude, 2026-09-28; review)",,n,Proxy: market-cap top 1500 (Forbes list not available),large,,qualified,1
Cargill,Cargill,United States,"Supplement: curated private/smaller multinationals (Claude, 2026-09-28; review)",,n,Proxy: market-cap top 1500 (Forbes list not available),large,,qualified,12
Mars,Mars Foods;Mars Wrigley;Wrigley;Royal Canin,United States,"Supplement: curated private/smaller multinationals (Claude, 2026-09-28; review)",,n,Proxy: market-cap top 1500 (Forbes list not available),large,,qualified,2
Ingka Group,IKEA;Ingka,Netherlands,"Supplement: curated private/smaller multinationals (Claude, 2026-09-28; review)",,n,Proxy: market-cap top 1500 (Forbes list not available),large,,not found in ACRA,0
Bosch,Robert Bosch;Bosch,Germany,"Supplement: curated private/smaller multinationals (Claude, 2026-09-28; review)",,n,Proxy: market-cap top 1500 (Forbes list not available),large,,qualified,4
ZF Friedrichshafen,ZF Asia Pacific;ZF Friedrichshafen,Germany,"Supplement: curated private/smaller multinationals (Claude, 2026-09-28; review)",,n,Proxy: market-cap top 1500 (Forbes list not available),large,,qualified,1
Dyson,Dyson,Singapore,"Supplement: curated private/smaller multinationals (Claude, 2026-09-28; review)",Singapore-HQ group with operations outside Singapore (curated; verify),n,Proxy: market-cap top 1500 (Forbes list not available),large,,qualified,13
ByteDance,ByteDance;TikTok;Lark Technologies,China,"Supplement: curated private/smaller multinationals (Claude, 2026-09-28; review)",,n,Proxy: market-cap top 1500 (Forbes list not available),large,,qualified,8
Grab Holdings,=Grab;GrabTaxi;GrabPay,Singapore,"Supplement: curated private/smaller multinationals (Claude, 2026-09-28; review)",Singapore-HQ group with operations outside Singapore (curated; verify),n,Proxy: market-cap top 1500 (Forbes list not available),large,,qualified,2
Canva,Canva,Australia,"Supplement: curated private/smaller multinationals (Claude, 2026-09-28; review)",,n,Proxy: market-cap top 1500 (Forbes list not available),large,,qualified,1
Stripe,Stripe Payments,United States,"Supplement: curated private/smaller multinationals (Claude, 2026-09-28; review)",,n,Proxy: market-cap top 1500 (Forbes list not available),large,,qualified,1
Airwallex,Airwallex,Australia,"Supplement: curated private/smaller multinationals (Claude, 2026-09-28; review)",,n,Proxy: market-cap top 1500 (Forbes list not available),mid,,qualified,9
Xero,=Xero,New Zealand,"Supplement: curated private/smaller multinationals (Claude, 2026-09-28; review)",,n,Proxy: market-cap top 1500 (Forbes list not available),large,,qualified,1
HubSpot,HubSpot,United States,"Supplement: curated private/smaller multinationals (Claude, 2026-09-28; review)",,n,Proxy: market-cap top 1500 (Forbes list not available),large,,qualified,1
Zendesk,Zendesk,United States,"Supplement: curated private/smaller multinationals (Claude, 2026-09-28; review)",,n,Proxy: market-cap top 1500 (Forbes list not available),large,,qualified,1
DocuSign,DocuSign,United States,"Supplement: curated private/smaller multinationals (Claude, 2026-09-28; review)",,n,Proxy: market-cap top 1500 (Forbes list not available),large,,qualified,1
Dropbox,Dropbox,United States,"Supplement: curated private/smaller multinationals (Claude, 2026-09-28; review)",,n,Proxy: market-cap top 1500 (Forbes list not available),large,,qualified,1
Qualtrics,Qualtrics,United States,"Supplement: curated private/smaller multinationals (Claude, 2026-09-28; review)",,n,Proxy: market-cap top 1500 (Forbes list not available),large,,not found in ACRA,0
Genesys,=Genesys,United States,"Supplement: curated private/smaller multinationals (Claude, 2026-09-28; review)",,n,Proxy: market-cap top 1500 (Forbes list not available),large,,qualified,4
Freshworks,Freshworks,United States,"Supplement: curated private/smaller multinationals (Claude, 2026-09-28; review)",,n,Proxy: market-cap top 1500 (Forbes list not available),mid,,qualified,1
Zoho,Zoho,India,"Supplement: curated private/smaller multinationals (Claude, 2026-09-28; review)",,n,Proxy: market-cap top 1500 (Forbes list not available),large,,qualified,4
Sprinklr,Sprinklr,United States,"Supplement: curated private/smaller multinationals (Claude, 2026-09-28; review)",,n,Proxy: market-cap top 1500 (Forbes list not available),mid,,qualified,1
Braze,=Braze,United States,"Supplement: curated private/smaller multinationals (Claude, 2026-09-28; review)",,n,Proxy: market-cap top 1500 (Forbes list not available),mid,,qualified,1
Wise,Wise Asia-Pacific;Wise Payments;TransferWise,United Kingdom,"Supplement: curated private/smaller multinationals (Claude, 2026-09-28; review)",,n,Proxy: market-cap top 1500 (Forbes list not available),large,,qualified,1
Revolut,Revolut,United Kingdom,"Supplement: curated private/smaller multinationals (Claude, 2026-09-28; review)",,n,Proxy: market-cap top 1500 (Forbes list not available),large,,qualified,2
Ant Group,Ant International;Alipay;Ant Group,China,"Supplement: curated private/smaller multinationals (Claude, 2026-09-28; review)",,n,Proxy: market-cap top 1500 (Forbes list not available),large,,qualified,5
Shein,Shein;Roadget,Singapore,"Supplement: curated private/smaller multinationals (Claude, 2026-09-28; review)",Singapore-HQ group with operations outside Singapore (curated; verify),n,Proxy: market-cap top 1500 (Forbes list not available),large,,qualified,4
Razer,Razer,Singapore,"Supplement: curated private/smaller multinationals (Claude, 2026-09-28; review)",Singapore-HQ group with operations outside Singapore (curated; verify),n,Proxy: market-cap top 1500 (Forbes list not available),mid,,qualified,10
Rakuten,Rakuten,Japan,"Supplement: curated private/smaller multinationals (Claude, 2026-09-28; review)",,n,Proxy: market-cap top 1500 (Forbes list not available),large,,qualified,6
Klook,Klook,Hong Kong,"Supplement: curated private/smaller multinationals (Claude, 2026-09-28; review)",,n,Proxy: market-cap top 1500 (Forbes list not available),mid,,qualified,3
Nium,=Nium,Singapore,"Supplement: curated private/smaller multinationals (Claude, 2026-09-28; review)",Singapore-HQ group with operations outside Singapore (curated; verify),n,Proxy: market-cap top 1500 (Forbes list not available),mid,,qualified,1
Thunes,Thunes,Singapore,"Supplement: curated private/smaller multinationals (Claude, 2026-09-28; review)",Singapore-HQ group with operations outside Singapore (curated; verify),n,Proxy: market-cap top 1500 (Forbes list not available),mid,,qualified,1
Xendit,Xendit,Indonesia,"Supplement: curated private/smaller multinationals (Claude, 2026-09-28; review)",,n,Proxy: market-cap top 1500 (Forbes list not available),mid,,qualified,4
Ninja Van,Ninja Logistics;Ninja Van,Singapore,"Supplement: curated private/smaller multinationals (Claude, 2026-09-28; review)",Singapore-HQ group with operations outside Singapore (curated; verify),n,Proxy: market-cap top 1500 (Forbes list not available),mid,,qualified,1
Randstad,Randstad,Netherlands,"Supplement: curated private/smaller multinationals (Claude, 2026-09-28; review)",,n,Proxy: market-cap top 1500 (Forbes list not available),large,,qualified,2
Adecco,Adecco,Switzerland,"Supplement: curated private/smaller multinationals (Claude, 2026-09-28; review)",,n,Proxy: market-cap top 1500 (Forbes list not available),large,,qualified,5
ManpowerGroup,=Manpower;ManpowerGroup,United States,"Supplement: curated private/smaller multinationals (Claude, 2026-09-28; review)",,n,Proxy: market-cap top 1500 (Forbes list not available),large,,qualified,2
Hays,Hays Specialist Recruitment,United Kingdom,"Supplement: curated private/smaller multinationals (Claude, 2026-09-28; review)",,n,Proxy: market-cap top 1500 (Forbes list not available),large,,qualified,1
PageGroup,Michael Page;Page Personnel,United Kingdom,"Supplement: curated private/smaller multinationals (Claude, 2026-09-28; review)",,n,Proxy: market-cap top 1500 (Forbes list not available),large,,qualified,2
Robert Walters,Robert Walters,United Kingdom,"Supplement: curated private/smaller multinationals (Claude, 2026-09-28; review)",,n,Proxy: market-cap top 1500 (Forbes list not available),large,,qualified,1
JLL,Jones Lang LaSalle;JLL,United States,"Supplement: curated private/smaller multinationals (Claude, 2026-09-28; review)",,n,Proxy: market-cap top 1500 (Forbes list not available),large,,review matches only,0
Cushman & Wakefield,Cushman & Wakefield,United States,"Supplement: curated private/smaller multinationals (Claude, 2026-09-28; review)",,n,Proxy: market-cap top 1500 (Forbes list not available),large,,qualified,4
Colliers,Colliers International,Canada,"Supplement: curated private/smaller multinationals (Claude, 2026-09-28; review)",,n,Proxy: market-cap top 1500 (Forbes list not available),large,,qualified,2
Knight Frank,Knight Frank,United Kingdom,"Supplement: curated private/smaller multinationals (Claude, 2026-09-28; review)",,n,Proxy: market-cap top 1500 (Forbes list not available),large,,qualified,4
Savills,Savills,United Kingdom,"Supplement: curated private/smaller multinationals (Claude, 2026-09-28; review)",,n,Proxy: market-cap top 1500 (Forbes list not available),large,,qualified,11
Gartner,Gartner,United States,"Supplement: curated private/smaller multinationals (Claude, 2026-09-28; review)",,n,Proxy: market-cap top 1500 (Forbes list not available),large,,qualified,1
Dun & Bradstreet,Dun & Bradstreet,United States,"Supplement: curated private/smaller multinationals (Claude, 2026-09-28; review)",,n,Proxy: market-cap top 1500 (Forbes list not available),large,,qualified,2
Bloomberg,Bloomberg,United States,"Supplement: curated private/smaller multinationals (Claude, 2026-09-28; review)",,n,Proxy: market-cap top 1500 (Forbes list not available),large,,qualified,6
Fitch Group,Fitch Ratings;Fitch Solutions,United States,"Supplement: curated private/smaller multinationals (Claude, 2026-09-28; review)",,n,Proxy: market-cap top 1500 (Forbes list not available),large,,qualified,2
Pictet,Pictet,Switzerland,"Supplement: curated private/smaller multinationals (Claude, 2026-09-28; review)",,n,Proxy: market-cap top 1500 (Forbes list not available),large,,qualified,1
LGT,LGT Bank;LGT Investment,Liechtenstein,"Supplement: curated private/smaller multinationals (Claude, 2026-09-28; review)",,n,Proxy: market-cap top 1500 (Forbes list not available),large,,qualified,2
Lombard Odier,Lombard Odier,Switzerland,"Supplement: curated private/smaller multinationals (Claude, 2026-09-28; review)",,n,Proxy: market-cap top 1500 (Forbes list not available),large,,qualified,1
Schroders,Schroder Investment;Schroders,United Kingdom,"Supplement: curated private/smaller multinationals (Claude, 2026-09-28; review)",,n,Proxy: market-cap top 1500 (Forbes list not available),large,,qualified,2
Fidelity International,FIL Investment;Fidelity International,Bermuda,"Supplement: curated private/smaller multinationals (Claude, 2026-09-28; review)",,n,Proxy: market-cap top 1500 (Forbes list not available),large,,qualified,1
Invesco,Invesco,United States,"Supplement: curated private/smaller multinationals (Claude, 2026-09-28; review)",,n,Proxy: market-cap top 1500 (Forbes list not available),large,,qualified,2
Franklin Templeton,Franklin Templeton;Templeton Asset,United States,"Supplement: curated private/smaller multinationals (Claude, 2026-09-28; review)",,n,Proxy: market-cap top 1500 (Forbes list not available),large,,qualified,2
AllianceBernstein,AllianceBernstein,United States,"Supplement: curated private/smaller multinationals (Claude, 2026-09-28; review)",,n,Proxy: market-cap top 1500 (Forbes list not available),large,,qualified,1
FWD Group,FWD Singapore;FWD Insurance,Hong Kong,"Supplement: curated private/smaller multinationals (Claude, 2026-09-28; review)",,n,Proxy: market-cap top 1500 (Forbes list not available),large,,qualified,1
Shiseido,Shiseido,Japan,"Supplement: curated private/smaller multinationals (Claude, 2026-09-28; review)",,n,Proxy: market-cap top 1500 (Forbes list not available),large,,qualified,3
Puma,Puma Sports,Germany,"Supplement: curated private/smaller multinationals (Claude, 2026-09-28; review)",,n,Proxy: market-cap top 1500 (Forbes list not available),large,,not found in ACRA,0
Lululemon,Lululemon,Canada,"Supplement: curated private/smaller multinationals (Claude, 2026-09-28; review)",,n,Proxy: market-cap top 1500 (Forbes list not available),large,,qualified,1
Coty,Coty,United States,"Supplement: curated private/smaller multinationals (Claude, 2026-09-28; review)",,n,Proxy: market-cap top 1500 (Forbes list not available),large,,qualified,4
Carlsberg,Carlsberg,Denmark,"Supplement: curated private/smaller multinationals (Claude, 2026-09-28; review)",,n,Proxy: market-cap top 1500 (Forbes list not available),large,,qualified,6
Kirin Holdings,Kirin Holdings;Kirin Brewery,Japan,"Supplement: curated private/smaller multinationals (Claude, 2026-09-28; review)",,n,Proxy: market-cap top 1500 (Forbes list not available),large,,qualified,1
Suntory,Suntory,Japan,"Supplement: curated private/smaller multinationals (Claude, 2026-09-28; review)",,n,Proxy: market-cap top 1500 (Forbes list not available),large,,qualified,4
Red Bull,Red Bull,Austria,"Supplement: curated private/smaller multinationals (Claude, 2026-09-28; review)",,n,Proxy: market-cap top 1500 (Forbes list not available),large,,qualified,1
Ferrero,Ferrero,Luxembourg,"Supplement: curated private/smaller multinationals (Claude, 2026-09-28; review)",,n,Proxy: market-cap top 1500 (Forbes list not available),large,,qualified,1
FrieslandCampina,FrieslandCampina,Netherlands,"Supplement: curated private/smaller multinationals (Claude, 2026-09-28; review)",,n,Proxy: market-cap top 1500 (Forbes list not available),large,,qualified,3
Fonterra,Fonterra,New Zealand,"Supplement: curated private/smaller multinationals (Claude, 2026-09-28; review)",,n,Proxy: market-cap top 1500 (Forbes list not available),large,,qualified,4
Kellanova,Kellanova;Kellogg,United States,"Supplement: curated private/smaller multinationals (Claude, 2026-09-28; review)",,n,Proxy: market-cap top 1500 (Forbes list not available),large,,qualified,5
Olam Group,Olam,Singapore,"Supplement: curated private/smaller multinationals (Claude, 2026-09-28; review)",Singapore-HQ group with operations outside Singapore (curated; verify),n,Proxy: market-cap top 1500 (Forbes list not available),large,,qualified,21
Louis Dreyfus Company,Louis Dreyfus,Netherlands,"Supplement: curated private/smaller multinationals (Claude, 2026-09-28; review)",,n,Proxy: market-cap top 1500 (Forbes list not available),large,,qualified,5
Trafigura,Trafigura,Singapore,"Supplement: curated private/smaller multinationals (Claude, 2026-09-28; review)",Singapore-HQ group with operations outside Singapore (curated; verify),n,Proxy: market-cap top 1500 (Forbes list not available),large,,qualified,17
Vitol,Vitol,Switzerland,"Supplement: curated private/smaller multinationals (Claude, 2026-09-28; review)",,n,Proxy: market-cap top 1500 (Forbes list not available),large,,qualified,17
Yokogawa Electric,Yokogawa,Japan,"Supplement: curated private/smaller multinationals (Claude, 2026-09-28; review)",,n,Proxy: market-cap top 1500 (Forbes list not available),large,,qualified,5
Omron,Omron,Japan,"Supplement: curated private/smaller multinationals (Claude, 2026-09-28; review)",,n,Proxy: market-cap top 1500 (Forbes list not available),large,,qualified,3
Hilti,Hilti,Liechtenstein,"Supplement: curated private/smaller multinationals (Claude, 2026-09-28; review)",,n,Proxy: market-cap top 1500 (Forbes list not available),large,,qualified,2
Endress+Hauser,Endress Hauser,Switzerland,"Supplement: curated private/smaller multinationals (Claude, 2026-09-28; review)",,n,Proxy: market-cap top 1500 (Forbes list not available),large,,qualified,1
Tetra Pak,Tetra Pak,Switzerland,"Supplement: curated private/smaller multinationals (Claude, 2026-09-28; review)",,n,Proxy: market-cap top 1500 (Forbes list not available),large,,qualified,3
SKF,SKF,Sweden,"Supplement: curated private/smaller multinationals (Claude, 2026-09-28; review)",,n,Proxy: market-cap top 1500 (Forbes list not available),large,,qualified,1
Siemens Healthineers,Siemens Healthineers;Siemens Healthcare,Germany,"Supplement: curated private/smaller multinationals (Claude, 2026-09-28; review)",,n,Proxy: market-cap top 1500 (Forbes list not available),large,,qualified,1
Baxter,Baxter Healthcare,United States,"Supplement: curated private/smaller multinationals (Claude, 2026-09-28; review)",,n,Proxy: market-cap top 1500 (Forbes list not available),large,,qualified,2
Olympus,=Olympus,Japan,"Supplement: curated private/smaller multinationals (Claude, 2026-09-28; review)",,n,Proxy: market-cap top 1500 (Forbes list not available),large,,qualified,3
Terumo,Terumo,Japan,"Supplement: curated private/smaller multinationals (Claude, 2026-09-28; review)",,n,Proxy: market-cap top 1500 (Forbes list not available),large,,qualified,3
Sysmex,Sysmex,Japan,"Supplement: curated private/smaller multinationals (Claude, 2026-09-28; review)",,n,Proxy: market-cap top 1500 (Forbes list not available),large,,qualified,1
Bio-Rad,Bio-Rad,United States,"Supplement: curated private/smaller multinationals (Claude, 2026-09-28; review)",,n,Proxy: market-cap top 1500 (Forbes list not available),large,,qualified,1
CMA CGM,CMA CGM;CEVA Logistics,France,"Supplement: curated private/smaller multinationals (Claude, 2026-09-28; review)",,n,Proxy: market-cap top 1500 (Forbes list not available),large,,qualified,13
MSC,Mediterranean Shipping,Switzerland,"Supplement: curated private/smaller multinationals (Claude, 2026-09-28; review)",,n,Proxy: market-cap top 1500 (Forbes list not available),large,,qualified,2
Ocean Network Express,Ocean Network Express,Singapore,"Supplement: curated private/smaller multinationals (Claude, 2026-09-28; review)",Singapore-HQ group with operations outside Singapore (curated; verify),n,Proxy: market-cap top 1500 (Forbes list not available),large,,qualified,2
CapitaLand,CapitaLand,Singapore,"Supplement: curated private/smaller multinationals (Claude, 2026-09-28; review)",Singapore-HQ group with operations outside Singapore (curated; verify),n,Proxy: market-cap top 1500 (Forbes list not available),large,,qualified,99
Sembcorp,Sembcorp,Singapore,"Supplement: curated private/smaller multinationals (Claude, 2026-09-28; review)",Singapore-HQ group with operations outside Singapore (curated; verify),n,Proxy: market-cap top 1500 (Forbes list not available),large,,qualified,78
City Developments,City Developments;Millennium Hotels,Singapore,"Supplement: curated private/smaller multinationals (Claude, 2026-09-28; review)",Singapore-HQ group with operations outside Singapore (curated; verify),n,Proxy: market-cap top 1500 (Forbes list not available),large,,qualified,3
Frasers Property,Frasers Property;Frasers Hospitality,Singapore,"Supplement: curated private/smaller multinationals (Claude, 2026-09-28; review)",Singapore-HQ group with operations outside Singapore (curated; verify),n,Proxy: market-cap top 1500 (Forbes list not available),large,,qualified,85
SATS,SATS;Worldwide Flight Services,Singapore,"Supplement: curated private/smaller multinationals (Claude, 2026-09-28; review)",Singapore-HQ group with operations outside Singapore (curated; verify),n,Proxy: market-cap top 1500 (Forbes list not available),large,,qualified,18
ComfortDelGro,ComfortDelGro,Singapore,"Supplement: curated private/smaller multinationals (Claude, 2026-09-28; review)",Singapore-HQ group with operations outside Singapore (curated; verify),n,Proxy: market-cap top 1500 (Forbes list not available),large,,qualified,13
Mapletree,Mapletree,Singapore,"Supplement: curated private/smaller multinationals (Claude, 2026-09-28; review)",Singapore-HQ group with operations outside Singapore (curated; verify),n,Proxy: market-cap top 1500 (Forbes list not available),large,,qualified,91
GLP,GLP;Global Logistic Properties,Singapore,"Supplement: curated private/smaller multinationals (Claude, 2026-09-28; review)",Singapore-HQ group with operations outside Singapore (curated; verify),n,Proxy: market-cap top 1500 (Forbes list not available),large,,qualified,5
Great Eastern,Great Eastern Life;Great Eastern General,Singapore,"Supplement: curated private/smaller multinationals (Claude, 2026-09-28; review)",Singapore-HQ group with operations outside Singapore (curated; verify),n,Proxy: market-cap top 1500 (Forbes list not available),large,,qualified,2
PSA International,PSA International;PSA Corporation,Singapore,"Supplement: curated private/smaller multinationals (Claude, 2026-09-28; review)",Singapore-HQ group with operations outside Singapore (curated; verify),n,Proxy: market-cap top 1500 (Forbes list not available),large,,qualified,2
Jardine Cycle & Carriage,Jardine Cycle;Cycle & Carriage,Singapore,"Supplement: curated private/smaller multinationals (Claude, 2026-09-28; review)",Singapore-HQ group with operations outside Singapore (curated; verify),n,Proxy: market-cap top 1500 (Forbes list not available),large,,qualified,10
Pacific International Lines,Pacific International Lines,Singapore,"Supplement: curated private/smaller multinationals (Claude, 2026-09-28; review)",Singapore-HQ group with operations outside Singapore (curated; verify),n,Proxy: market-cap top 1500 (Forbes list not available),large,,qualified,1
Carousell,Carousell,Singapore,"Supplement: curated private/smaller multinationals (Claude, 2026-09-28; review)",Singapore-HQ group with operations outside Singapore (curated; verify),n,Proxy: market-cap top 1500 (Forbes list not available),mid,,qualified,2
PropertyGuru,PropertyGuru,Singapore,"Supplement: curated private/smaller multinationals (Claude, 2026-09-28; review)",Singapore-HQ group with operations outside Singapore (curated; verify),n,Proxy: market-cap top 1500 (Forbes list not available),mid,,qualified,1
BOC Aviation,BOC Aviation,Singapore,"Singapore-HQ listed, market cap US$0.3-10B, companiesmarketcap.com Singapore list (fetched 2026-09-28)","Pending: Singapore-HQ, overseas operations not yet checked - confirm at stage 6 (c1)",n,Proxy: market-cap top 1500 (Forbes list not available),mid,y,review matches only,0
Genting Singapore,Genting Singapore,Singapore,"Singapore-HQ listed, market cap US$0.3-10B, companiesmarketcap.com Singapore list (fetched 2026-09-28)","Pending: Singapore-HQ, overseas operations not yet checked - confirm at stage 6 (c1)",n,Proxy: market-cap top 1500 (Forbes list not available),mid,y,qualified,1
UOL Group,=UOL,Singapore,"Singapore-HQ listed, market cap US$0.3-10B, companiesmarketcap.com Singapore list (fetched 2026-09-28)","Pending: Singapore-HQ, overseas operations not yet checked - confirm at stage 6 (c1)",n,Proxy: market-cap top 1500 (Forbes list not available),mid,y,qualified,4
Seatrium,Seatrium,Singapore,"Singapore-HQ listed, market cap US$0.3-10B, companiesmarketcap.com Singapore list (fetched 2026-09-28)","Pending: Singapore-HQ, overseas operations not yet checked - confirm at stage 6 (c1)",n,Proxy: market-cap top 1500 (Forbes list not available),mid,y,qualified,20
Kulicke and Soffa Industries,Kulicke & Soffa,Singapore,"Singapore-HQ listed, market cap US$0.3-10B, companiesmarketcap.com Singapore list (fetched 2026-09-28)","Pending: Singapore-HQ, overseas operations not yet checked - confirm at stage 6 (c1)",n,Proxy: market-cap top 1500 (Forbes list not available),mid,y,qualified,1
Sheng Siong Group,Sheng Siong,Singapore,"Singapore-HQ listed, market cap US$0.3-10B, companiesmarketcap.com Singapore list (fetched 2026-09-28)","Pending: Singapore-HQ, overseas operations not yet checked - confirm at stage 6 (c1)",n,Proxy: market-cap top 1500 (Forbes list not available),mid,y,qualified,3
Venture Corporation,Venture Corporation,Singapore,"Singapore-HQ listed, market cap US$0.3-10B, companiesmarketcap.com Singapore list (fetched 2026-09-28)","Pending: Singapore-HQ, overseas operations not yet checked - confirm at stage 6 (c1)",n,Proxy: market-cap top 1500 (Forbes list not available),mid,y,qualified,1
TechCreate Group,TechCreate,Singapore,"Singapore-HQ listed, market cap US$0.3-10B, companiesmarketcap.com Singapore list (fetched 2026-09-28)","Pending: Singapore-HQ, overseas operations not yet checked - confirm at stage 6 (c1)",n,Proxy: market-cap top 1500 (Forbes list not available),mid,y,qualified,1
Singapore Land,Singapore Land,Singapore,"Singapore-HQ listed, market cap US$0.3-10B, companiesmarketcap.com Singapore list (fetched 2026-09-28)","Pending: Singapore-HQ, overseas operations not yet checked - confirm at stage 6 (c1)",n,Proxy: market-cap top 1500 (Forbes list not available),mid,y,qualified,1
Kenon Holdings,Kenon,Singapore,"Singapore-HQ listed, market cap US$0.3-10B, companiesmarketcap.com Singapore list (fetched 2026-09-28)","Pending: Singapore-HQ, overseas operations not yet checked - confirm at stage 6 (c1)",n,Proxy: market-cap top 1500 (Forbes list not available),mid,y,qualified,2
Golden Agri-Resources,Golden Agri,Singapore,"Singapore-HQ listed, market cap US$0.3-10B, companiesmarketcap.com Singapore list (fetched 2026-09-28)","Pending: Singapore-HQ, overseas operations not yet checked - confirm at stage 6 (c1)",n,Proxy: market-cap top 1500 (Forbes list not available),mid,y,qualified,8
Bitdeer Technologies Group,Bitdeer,Singapore,"Singapore-HQ listed, market cap US$0.3-10B, companiesmarketcap.com Singapore list (fetched 2026-09-28)","Pending: Singapore-HQ, overseas operations not yet checked - confirm at stage 6 (c1)",n,Proxy: market-cap top 1500 (Forbes list not available),mid,y,qualified,7
SIA Engineering Company,SIA Engineering,Singapore,"Singapore-HQ listed, market cap US$0.3-10B, companiesmarketcap.com Singapore list (fetched 2026-09-28)","Pending: Singapore-HQ, overseas operations not yet checked - confirm at stage 6 (c1)",n,Proxy: market-cap top 1500 (Forbes list not available),mid,y,qualified,1
Haw Par,Haw Par,Singapore,"Singapore-HQ listed, market cap US$0.3-10B, companiesmarketcap.com Singapore list (fetched 2026-09-28)","Pending: Singapore-HQ, overseas operations not yet checked - confirm at stage 6 (c1)",n,Proxy: market-cap top 1500 (Forbes list not available),mid,y,qualified,14
iFAST Corporation,iFAST,Singapore,"Singapore-HQ listed, market cap US$0.3-10B, companiesmarketcap.com Singapore list (fetched 2026-09-28)","Pending: Singapore-HQ, overseas operations not yet checked - confirm at stage 6 (c1)",n,Proxy: market-cap top 1500 (Forbes list not available),mid,y,qualified,9
Hotel Properties Limited,Hotel Properties,Singapore,"Singapore-HQ listed, market cap US$0.3-10B, companiesmarketcap.com Singapore list (fetched 2026-09-28)","Pending: Singapore-HQ, overseas operations not yet checked - confirm at stage 6 (c1)",n,Proxy: market-cap top 1500 (Forbes list not available),mid,y,qualified,1
Karooooo,Karooooo;Cartrack,Singapore,"Singapore-HQ listed, market cap US$0.3-10B, companiesmarketcap.com Singapore list (fetched 2026-09-28)","Pending: Singapore-HQ, overseas operations not yet checked - confirm at stage 6 (c1)",n,Proxy: market-cap top 1500 (Forbes list not available),mid,y,qualified,4
Sinarmas Land,Sinarmas Land,Singapore,"Singapore-HQ listed, market cap US$0.3-10B, companiesmarketcap.com Singapore list (fetched 2026-09-28)","Pending: Singapore-HQ, overseas operations not yet checked - confirm at stage 6 (c1)",n,Proxy: market-cap top 1500 (Forbes list not available),mid,y,qualified,2
Pacific Century Regional Developments,Pacific Century Regional,Singapore,"Singapore-HQ listed, market cap US$0.3-10B, companiesmarketcap.com Singapore list (fetched 2026-09-28)","Pending: Singapore-HQ, overseas operations not yet checked - confirm at stage 6 (c1)",n,Proxy: market-cap top 1500 (Forbes list not available),mid,y,qualified,1
Riverstone Holdings,=Riverstone,Singapore,"Singapore-HQ listed, market cap US$0.3-10B, companiesmarketcap.com Singapore list (fetched 2026-09-28)","Pending: Singapore-HQ, overseas operations not yet checked - confirm at stage 6 (c1)",n,Proxy: market-cap top 1500 (Forbes list not available),mid,y,qualified,3
Yanlord,Yanlord,Singapore,"Singapore-HQ listed, market cap US$0.3-10B, companiesmarketcap.com Singapore list (fetched 2026-09-28)","Pending: Singapore-HQ, overseas operations not yet checked - confirm at stage 6 (c1)",n,Proxy: market-cap top 1500 (Forbes list not available),mid,y,qualified,13
Wave Life Sciences,Wave Life Sciences,Singapore,"Singapore-HQ listed, market cap US$0.3-10B, companiesmarketcap.com Singapore list (fetched 2026-09-28)","Pending: Singapore-HQ, overseas operations not yet checked - confirm at stage 6 (c1)",n,Proxy: market-cap top 1500 (Forbes list not available),mid,y,qualified,1
Super Hi International,Super Hi,Singapore,"Singapore-HQ listed, market cap US$0.3-10B, companiesmarketcap.com Singapore list (fetched 2026-09-28)","Pending: Singapore-HQ, overseas operations not yet checked - confirm at stage 6 (c1)",n,Proxy: market-cap top 1500 (Forbes list not available),mid,y,review matches only,0
Singapore Post,Singapore Post,Singapore,"Singapore-HQ listed, market cap US$0.3-10B, companiesmarketcap.com Singapore list (fetched 2026-09-28)","Pending: Singapore-HQ, overseas operations not yet checked - confirm at stage 6 (c1)",n,Proxy: market-cap top 1500 (Forbes list not available),mid,y,qualified,2
IGG Inc,=IGG,Singapore,"Singapore-HQ listed, market cap US$0.3-10B, companiesmarketcap.com Singapore list (fetched 2026-09-28)","Pending: Singapore-HQ, overseas operations not yet checked - confirm at stage 6 (c1)",n,Proxy: market-cap top 1500 (Forbes list not available),mid,y,qualified,1
Penguin International,Penguin International,Singapore,"Singapore-HQ listed, market cap US$0.3-10B, companiesmarketcap.com Singapore list (fetched 2026-09-28)","Pending: Singapore-HQ, overseas operations not yet checked - confirm at stage 6 (c1)",n,Proxy: market-cap top 1500 (Forbes list not available),mid,y,qualified,1
Aspire,=Aspire;Aspire FT,Singapore,FT/Statista High-Growth Companies Asia-Pacific 2026 (PARTIAL: names from public articles only),"Pending: Singapore-HQ, overseas operations not yet checked - confirm at stage 6 (c1)",n,Proxy: market-cap top 1500 (Forbes list not available),mid,y,qualified,17
Storepay,Storepay,Singapore,FT/Statista High-Growth Companies Asia-Pacific 2026 (PARTIAL: names from public articles only),"Pending: Singapore-HQ, overseas operations not yet checked - confirm at stage 6 (c1)",n,Proxy: market-cap top 1500 (Forbes list not available),mid,y,qualified,1
Syfe,Syfe,Singapore,FT/Statista High-Growth Companies Asia-Pacific 2026 (PARTIAL: names from public articles only),"Pending: Singapore-HQ, overseas operations not yet checked - confirm at stage 6 (c1)",n,Proxy: market-cap top 1500 (Forbes list not available),mid,y,qualified,1
CoverGo,CoverGo,Singapore,FT/Statista High-Growth Companies Asia-Pacific 2026 (PARTIAL: names from public articles only),"Pending: Singapore-HQ, overseas operations not yet checked - confirm at stage 6 (c1)",n,Proxy: market-cap top 1500 (Forbes list not available),mid,y,qualified,1
Spark Systems,Spark Systems,Singapore,FT/Statista High-Growth Companies Asia-Pacific 2026 (PARTIAL: names from public articles only),"Pending: Singapore-HQ, overseas operations not yet checked - confirm at stage 6 (c1)",n,Proxy: market-cap top 1500 (Forbes list not available),mid,y,qualified,1
Lighthouse Canton,Lighthouse Canton,Singapore,FT/Statista High-Growth Companies Asia-Pacific 2026 (PARTIAL: names from public articles only),"Pending: Singapore-HQ, overseas operations not yet checked - confirm at stage 6 (c1)",n,Proxy: market-cap top 1500 (Forbes list not available),mid,y,qualified,4
Funding Societies,Funding Societies;FS Capital,Singapore,FT/Statista High-Growth Companies Asia-Pacific 2026 (PARTIAL: names from public articles only),"Pending: Singapore-HQ, overseas operations not yet checked - confirm at stage 6 (c1)",n,Proxy: market-cap top 1500 (Forbes list not available),mid,y,qualified,3
Una Financial,Una Financial,Singapore,FT/Statista High-Growth Companies Asia-Pacific 2026 (PARTIAL: names from public articles only),"Pending: Singapore-HQ, overseas operations not yet checked - confirm at stage 6 (c1)",n,Proxy: market-cap top 1500 (Forbes list not available),mid,y,not found in ACRA,0
M-DAQ Global,M-DAQ,Singapore,FT/Statista High-Growth Companies Asia-Pacific 2026 (PARTIAL: names from public articles only),"Pending: Singapore-HQ, overseas operations not yet checked - confirm at stage 6 (c1)",n,Proxy: market-cap top 1500 (Forbes list not available),mid,y,qualified,5
Choco Up,Choco Up,Singapore,FT/Statista High-Growth Companies Asia-Pacific 2026 (PARTIAL: names from public articles only),"Pending: Singapore-HQ, overseas operations not yet checked - confirm at stage 6 (c1)",n,Proxy: market-cap top 1500 (Forbes list not available),mid,y,qualified,1
Paragon Capital Management,Paragon Capital Management,Singapore,FT/Statista High-Growth Companies Asia-Pacific 2026 (PARTIAL: names from public articles only),"Pending: Singapore-HQ, overseas operations not yet checked - confirm at stage 6 (c1)",n,Proxy: market-cap top 1500 (Forbes list not available),mid,y,qualified,1
Credgenics,Credgenics,India,FT/Statista High-Growth Companies Asia-Pacific 2026 (PARTIAL: names from public articles only),,n,Proxy: market-cap top 1500 (Forbes list not available),mid,y,not found in ACRA,0
Juspay,Juspay,India,FT/Statista High-Growth Companies Asia-Pacific 2026 (PARTIAL: names from public articles only),,n,Proxy: market-cap top 1500 (Forbes list not available),mid,y,qualified,2
Vyapar,Vyapar,India,FT/Statista High-Growth Companies Asia-Pacific 2026 (PARTIAL: names from public articles only),,n,Proxy: market-cap top 1500 (Forbes list not available),mid,y,not found in ACRA,0
Scripbox,Scripbox,India,FT/Statista High-Growth Companies Asia-Pacific 2026 (PARTIAL: names from public articles only),,n,Proxy: market-cap top 1500 (Forbes list not available),mid,y,not found in ACRA,0
Angel One,Angel One,India,FT/Statista High-Growth Companies Asia-Pacific 2026 (PARTIAL: names from public articles only),,n,Proxy: market-cap top 1500 (Forbes list not available),mid,y,not found in ACRA,0
Vayana,Vayana,India,FT/Statista High-Growth Companies Asia-Pacific 2026 (PARTIAL: names from public articles only),,n,Proxy: market-cap top 1500 (Forbes list not available),mid,y,qualified,1
Bowtie Life Insurance,Bowtie Life Insurance,Hong Kong,FT/Statista High-Growth Companies Asia-Pacific 2026 (PARTIAL: names from public articles only),,n,Proxy: market-cap top 1500 (Forbes list not available),mid,y,not found in ACRA,0
Statrys,Statrys,Hong Kong,FT/Statista High-Growth Companies Asia-Pacific 2026 (PARTIAL: names from public articles only),,n,Proxy: market-cap top 1500 (Forbes list not available),mid,y,qualified,3
HashKey Group,HashKey,Hong Kong,FT/Statista High-Growth Companies Asia-Pacific 2026 (PARTIAL: names from public articles only),,n,Proxy: market-cap top 1500 (Forbes list not available),mid,y,qualified,6
WeLab,WeLab,Hong Kong,FT/Statista High-Growth Companies Asia-Pacific 2026 (PARTIAL: names from public articles only),,n,Proxy: market-cap top 1500 (Forbes list not available),mid,y,qualified,1
Toss,Viva Republica;=Toss,South Korea,FT/Statista High-Growth Companies Asia-Pacific 2026 (PARTIAL: names from public articles only),,n,Proxy: market-cap top 1500 (Forbes list not available),mid,y,qualified,2
Wadiz,Wadiz,South Korea,FT/Statista High-Growth Companies Asia-Pacific 2026 (PARTIAL: names from public articles only),,n,Proxy: market-cap top 1500 (Forbes list not available),mid,y,not found in ACRA,0
Beforepay Group,Beforepay,Australia,FT/Statista High-Growth Companies Asia-Pacific 2026 (PARTIAL: names from public articles only),,n,Proxy: market-cap top 1500 (Forbes list not available),mid,y,not found in ACRA,0
iPartners,iPartners,Australia,FT/Statista High-Growth Companies Asia-Pacific 2026 (PARTIAL: names from public articles only),,n,Proxy: market-cap top 1500 (Forbes list not available),mid,y,qualified,1
PolicyStreet,PolicyStreet,Malaysia,FT/Statista High-Growth Companies Asia-Pacific 2026 (PARTIAL: names from public articles only),,n,Proxy: market-cap top 1500 (Forbes list not available),mid,y,not found in ACRA,0
CapBay,CapBay,Malaysia,FT/Statista High-Growth Companies Asia-Pacific 2026 (PARTIAL: names from public articles only),,n,Proxy: market-cap top 1500 (Forbes list not available),mid,y,not found in ACRA,0
Obook Holdings,Obook,Taiwan,FT/Statista High-Growth Companies Asia-Pacific 2026 (PARTIAL: names from public articles only),,n,Proxy: market-cap top 1500 (Forbes list not available),mid,y,not found in ACRA,0
Paynamics,Paynamics,Philippines,FT/Statista High-Growth Companies Asia-Pacific 2026 (PARTIAL: names from public articles only),,n,Proxy: market-cap top 1500 (Forbes list not available),mid,y,qualified,1
DurianPay,Durianpay,Indonesia,FT/Statista High-Growth Companies Asia-Pacific 2026 (PARTIAL: names from public articles only),,n,Proxy: market-cap top 1500 (Forbes list not available),mid,y,qualified,1
LexxPluss,LexxPluss,Japan,FT/Statista High-Growth Companies Asia-Pacific 2026 (PARTIAL: names from public articles only),,n,Proxy: market-cap top 1500 (Forbes list not available),mid,y,not found in ACRA,0
