uen,entity_name,entity_type_description,primary_ssic_code,parent_name,matched_alias,review_reason
202448704M,3I CAPITAL PTE. LTD.,Local Company,70201,3i Group,3i,strict alias; other words: capital
200714990M,3I INDUSTRIAL PTE. LTD.,Local Company,46900,3i Group,3i,strict alias; other words: industrial
201106664M,3I INFORMATION & CONSULTATION SERVICES PTE. LTD.,Local Company,63909,3i Group,3i,strict alias; other words: consultation information
200009499R,3I INFOTECH ASIA PACIFIC PTE. LTD.,Local Company,62021,3i Group,3i,strict alias; other words: infotech
201408317C,3I MEDTECH SOLUTIONS PTE. LTD.,Local Company,32501,3i Group,3i,strict alias; other words: medtech
201110607H,3I TOY CULTURE PTE. LTD.,Local Company,47640,3i Group,3i,strict alias; other words: culture toy
202124973G,ABB E-MOBILITY PTE. LTD.,Local Company,27109,ABB,abb,strict alias; other words: e mobility
202533277E,ABB ROBOTICS SINGAPORE PTE. LTD.,Local Company,28181,ABB,abb,strict alias; other words: robotics
200404188C,AIB RADIATOR COMPANY PTE. LTD.,Local Company,29300,AIB Group,aib,strict alias; other words: radiator
200305770C,AMD CONSULTING GROUP PTE. LTD.,Local Company,70201,AMD,amd,strict alias; other words: consulting
202544481R,AMD ELECTRICAL PTE. LTD.,Local Company,43210,AMD,amd,strict alias; other words: electrical
202302541G,AMD FOOD PTE. LTD.,Local Company,10109,AMD,amd,strict alias; other words: food
200506238H,AMEC FOSTER WHEELER ASIA PACIFIC PTE. LTD.,Local Company,71129,AMEC,amec,strict alias; other words: foster wheeler
202518626N,ANZ BAR PTE. LTD.,Local Company,93203,ANZ Bank,anz,strict alias; other words: bar
202613073Z,ANZ COMMODITY PTE. LTD.,Local Company,2000,ANZ Bank,anz,strict alias; other words: commodity
202324309D,ANZ CONSTRUCTION PTE. LTD.,Local Company,41001,ANZ Bank,anz,strict alias; other words: construction
201837499M,ANZ ELECTRIC PTE. LTD.,Local Company,72102,ANZ Bank,anz,strict alias; other words: electric
202633619M,ANZ OOH HOLDINGS PTE. LTD.,Local Company,64202,ANZ Bank,anz,strict alias; other words: ooh
202634102G,ANZ OOH INVESTMENTS PTE. LTD.,Local Company,64202,ANZ Bank,anz,strict alias; other words: ooh
202532096N,ANZ RENEWABLES GMF II HOLDINGS PTE. LTD.,Local Company,64202,ANZ Bank,anz,strict alias; other words: gmf ii renewables
202532686H,ANZ RENEWABLES GMF II INVESTMENTS PTE. LTD.,Local Company,64202,ANZ Bank,anz,strict alias; other words: gmf ii renewables
201300058E,APA FIBRE CONNECT PTE. LTD.,Local Company,46900,APA Corporation,apa,strict alias; other words: connect fibre
202554202N,APA FOOD GROUP PTE. LTD.,Local Company,56111,APA Corporation,apa,strict alias; other words: food
202536292E,APA MARITIME SERVICES PTE. LTD.,Local Company,70206,APA Corporation,apa,strict alias; other words: maritime
200907221K,APA ROJAK PTE. LTD.,Local Company,56140,APA Corporation,apa,strict alias; other words: rojak
202608197G,APA SPA SERVICES PTE. LTD.,Local Company,96022,APA Corporation,apa,strict alias; other words: spa
202207713W,API EXCHANGE PTE. LTD.,Local Company,62011,APi Group,api,strict alias; other words: exchange
202020478Z,API FINANCIAL PTE. LTD.,Local Company,52109,APi Group,api,strict alias; other words: financial
201540400M,API GLOBAL AUTOMATION PTE. LTD.,Local Company,46599,APi Group,api,strict alias; other words: automation
202238515C,API ONE PTE. LTD.,Local Company,62021,APi Group,api,strict alias; other words: one
202527014N,API PHARMA PTE. LTD.,Local Company,46461,APi Group,api,strict alias; other words: pharma
202514872W,API WIDE PTE. LTD.,Local Company,62021,APi Group,api,strict alias; other words: wide
202329065N,ASE ACADEMY (SG) PTE. LTD.,Local Company,85509,ASE Group,ase,strict alias; other words: academy
199903077K,ASE AIR SEA EXPRESS (S) PTE LTD,Local Company,52292,ASE Group,ase,strict alias; other words: air express s sea
202303722W,ASE CONSULTANCY PTE. LTD.,Local Company,70201,ASE Group,ase,strict alias; other words: consultancy
201002157K,ASE FACADE ENGINEERS PTE. LTD.,Local Company,71121,ASE Group,ase,strict alias; other words: engineers facade
201229020Z,ASE FACADE PROJECTS PTE. LTD.,Local Company,43306,ASE Group,ase,strict alias; other words: facade projects
199508552K,ASE TEST LIMITED,Local Company,64202,ASE Group,ase,strict alias; other words: test
200412884E,ASICS ENGINEERING PTE. LTD.,Local Company,95220,ASICS Corporation,asics,strict alias; other words: engineering
201536167C,ASM ADVANCED PACKAGING MATERIALS PTE. LTD.,Local Company,26129,ASM International,asm,strict alias; other words: advanced materials packaging
201609797E,ASM AFRICA-ASIA TRADING PTE. LTD.,Local Company,46900,ASM International,asm,strict alias; other words: africa
201203813C,ASM AUTOMOTIVE SERVICES PTE. LTD.,Local Company,95301,ASM International,asm,strict alias; other words: automotive
202538797E,ASM CAPITAL PTE. LTD.,Local Company,62011,ASM International,asm,strict alias; other words: capital
200501393D,ASM CONSULTANTS PTE. LTD.,Local Company,46900,ASM International,asm,strict alias; other words: consultants
202523397G,ASM CREATIVE PTE. LTD.,Local Company,66199,ASM International,asm,strict alias; other words: creative
201403316H,ASM DISTRIBUTION PTE. LTD.,Local Company,46436,ASM International,asm,strict alias; other words: distribution
201707250R,ASM ENGINEERING PTE. LTD.,Local Company,43210,ASM International,asm,strict alias; other words: engineering
201626507H,ASM ENGINEERING TECHNOLOGY PTE. LTD.,Local Company,46900,ASM International,asm,strict alias; other words: engineering
201015705Z,ASM FOOD EQUIPMENT SERVICES PTE. LTD.,Local Company,28191,ASM International,asm,strict alias; other words: equipment food
200310868G,ASM FRONT-END MANUFACTURING SINGAPORE PTE. LTD.,Local Company,28274,ASM International,asm,strict alias; other words: end front manufacturing
201020265Z,ASM FROZEN FOOD PTE. LTD.,Local Company,46900,ASM International,asm,strict alias; other words: food frozen
202537803E,ASM GENERAL SDN. BHD,Local Company,43301,ASM International,asm,strict alias; other words: bhd general sdn
198300959C,ASM GOLF (S) PTE. LTD.,Local Company,82999,ASM International,asm,strict alias; other words: golf s
202330120N,ASM INTEGRATED ENGINEERING PTE. LTD.,Local Company,43210,ASM International,asm,strict alias; other words: engineering integrated
202535284W,ASM LOGISTICS PTE. LTD.,Local Company,52101,ASM International,asm,strict alias; other words: logistics
202624788D,ASM MACHINERY PTE. LTD.,Local Company,46900,ASM International,asm,strict alias; other words: machinery
202321782W,ASM MARINE PTE. LTD.,Local Company,30110,ASM International,asm,strict alias; other words: marine
201902919K,ASM MEAT HOUSE PTE. LTD.,Local Company,46302,ASM International,asm,strict alias; other words: house meat
202505167R,ASM PERFORMANCE PTE. LTD.,Local Company,46900,ASM International,asm,strict alias; other words: performance
201408336R,ASM SHIPPING AGENCY PTE. LTD.,Local Company,52226,ASM International,asm,strict alias; other words: agency shipping
199603699N,ASM-AUTOMATION PTE. LTD.,Local Company,28300,ASM International,asm,strict alias; other words: automation
201539250R,ASUS RESOURCES PTE. LTD.,Local Company,46900,ASUS,asus,strict alias; other words: resources
201320770C,AT&T CONSULTING AND SERVICES PTE. LTD.,Local Company,68203,AT&T,at and t,strict alias; other words: consulting
199903416C,AT&T WORLDWIDE TELECOMMUNICATIONS SERVICES SINGAPORE PTE LTD,Local Company,61020,AT&T,at and t,strict alias; other words: telecommunications
201002470D,ATI ARCHITECTS PTE. LTD.,Local Company,71111,ATI Inc.,ati,strict alias; other words: architects
201603664C,ATI ENGINEERING PTE. LTD.,Local Company,43305,ATI Inc.,ati,strict alias; other words: engineering
200301706M,AXA FINANCIAL SERVICES (SINGAPORE) PTE. LTD.,Local Company,70209,AXA,axa,strict alias; other words: financial
201221552C,AXA GO SINGAPORE PTE. LTD.,Local Company,71125,AXA,axa,strict alias; other words: go
201112696E,AXA LIFE AND HEALTH REINSURANCE SOLUTIONS PTE. LTD.,Local Company,66222,AXA,axa,strict alias; other words: health life reinsurance
202142957H,AXA LOGISTICS PTE. LTD.,Local Company,49231,AXA,axa,strict alias; other words: logistics
200204684D,AXA-CORP CONSTRUCTION PTE. LTD.,Local Company,41009,AXA,axa,strict alias; other words: construction
202604621Z,ADCB MAX PAY PTE. LTD.,Local Company,62090,Abu Dhabi Commercial Bank,adcb,strict alias; other words: max pay
202627977W,AIS ACADEMY PTE. LTD.,Local Company,85509,Advanced Info Service,ais,strict alias; other words: academy
202346068N,AIS AGENCY PTE. LTD.,Local Company,65124,Advanced Info Service,ais,strict alias; other words: agency
201828408E,AIS AUTOMOBILE PTE. LTD.,Local Company,49214,Advanced Info Service,ais,strict alias; other words: automobile
200006626N,AIS BEARINGS PTE LTD,Local Company,46632,Advanced Info Service,ais,strict alias; other words: bearings
200504126G,AIS COMMUNICATIONS PTE. LTD.,Local Company,46521,Advanced Info Service,ais,strict alias; other words: communications
202032426E,AIS DESIGN AND BUILD PTE. LTD.,Local Company,43301,Advanced Info Service,ais,strict alias; other words: build design
201534805M,AIS ENGINEERING & CONSTRUCTION PTE. LTD.,Local Company,25114,Advanced Info Service,ais,strict alias; other words: construction engineering
200303444K,AIS ENGINEERING (S) PTE. LTD.,Local Company,28300,Advanced Info Service,ais,strict alias; other words: engineering s
201417759N,AIS ENGINEERING PTE. LTD.,Local Company,28129,Advanced Info Service,ais,strict alias; other words: engineering
201605822K,AIS M&E PTE. LTD.,Local Company,41001,Advanced Info Service,ais,strict alias; other words: e m
200510449C,AIS MANUFACTURING PTE. LTD.,Local Company,25997,Advanced Info Service,ais,strict alias; other words: manufacturing
202410435M,AIS MARINE INVESTMENTS PTE. LTD.,Local Company,30110,Advanced Info Service,ais,strict alias; other words: marine
201118021M,AIS MARITIME SOLUTION SINGAPORE PTE. LTD.,Local Company,62011,Advanced Info Service,ais,strict alias; other words: maritime solution
202336045W,AIS SARAH PET MANOR PTE. LTD.,Local Company,96095,Advanced Info Service,ais,strict alias; other words: manor pet sarah
202616842R,AIS STRATEGIC PARTNERS PTE. LTD.,Local Company,70201,Advanced Info Service,ais,strict alias; other words: partners strategic
202033966E,AIS SYSTEM TECHNOLOGIES PTE. LTD.,Local Company,46511,Advanced Info Service,ais,strict alias; other words: system
199205000M,AIS-HILL PTE. LTD.,Local Company,70209,Advanced Info Service,ais,strict alias; other words: hill
200503605G,ADVANTECH ROVWORKS PTE. LTD.,Local Company,78102,Advantech,advantech,strict alias; other words: rovworks
201922524G,AEON ANALYTICS PTE. LTD.,Local Company,72106,Aeon,aeon,strict alias; other words: analytics
202601981K,AEON ARCHIVE PTE. LTD.,Local Company,62090,Aeon,aeon,strict alias; other words: archive
202424073G,AEON BRAND OPERATION PTE. LTD.,Local Company,62011,Aeon,aeon,strict alias; other words: brand operation
202340672K,AEON CAPITAL PTE. LTD.,Local Company,70209,Aeon,aeon,strict alias; other words: capital
202442684C,"AEON COLORECTAL, GENERAL SURGERY AND ENDOSCOPY PTE. LTD.",Local Company,86203,Aeon,aeon,strict alias; other words: colorectal endoscopy general surgery
202232315N,AEON COMMERCIAL ASSET MANAGEMENT ASIA PTE. LTD.,Local Company,66303,Aeon,aeon,strict alias; other words: asset commercial
202231456N,AEON CONSULTING PTE. LTD.,Local Company,70201,Aeon,aeon,strict alias; other words: consulting
202103486G,AEON CONTRACTOR PRIVATE LIMITED,Local Company,42100,Aeon,aeon,strict alias; other words: contractor
200923709R,AEON CREDIT PRIVATE LIMITED,Local Company,82999,Aeon,aeon,strict alias; other words: credit
200604609K,AEON CUSTOMS PTE. LTD.,Local Company,47314,Aeon,aeon,strict alias; other words: customs
201111903E,AEON DS GLOBAL CERTIFICATION PTE. LTD.,Local Company,70201,Aeon,aeon,strict alias; other words: certification ds
200708457M,AEON EARTH PRIVATE LIMITED,Local Company,46900,Aeon,aeon,strict alias; other words: earth
200616939D,AEON ENERGY PTE. LTD.,Local Company,46643,Aeon,aeon,strict alias; other words: energy
201632687W,AEON ENGINEERING & SERVICES PTE. LTD.,Local Company,43210,Aeon,aeon,strict alias; other words: engineering
199409472N,AEON ENVIRONMENTAL SERVICES PTE LTD,Local Company,81211,Aeon,aeon,strict alias; other words: environmental
202125220E,AEON GREEN PTE. LTD.,Local Company,64202,Aeon,aeon,strict alias; other words: green
201508221W,AEON INTERIOR PTE. LTD.,Local Company,43305,Aeon,aeon,strict alias; other words: interior
201213342N,AEON LOGISTICS PTE. LTD.,Local Company,52292,Aeon,aeon,strict alias; other words: logistics
202014420R,AEON MALL SINGAPORE PTE. LTD.,Local Company,64202,Aeon,aeon,strict alias; other words: mall
201419256C,AEON MOBILE PTE. LTD.,Local Company,47411,Aeon,aeon,strict alias; other words: mobile
200410200Z,AEON PRIME HOLDING PTE. LTD.,Local Company,64202,Aeon,aeon,strict alias; other words: prime
200805060E,AEON SEARCH CONSULTING PTE. LTD.,Local Company,78104,Aeon,aeon,strict alias; other words: consulting search
202631887R,AEON START AI PTE. LTD.,Local Company,64202,Aeon,aeon,strict alias; other words: ai start
202631939H,AEON STRAITS CAPITAL PARTNERS PTE. LTD.,Local Company,64202,Aeon,aeon,strict alias; other words: capital partners straits
202522082Z,AEON THE LONGEVITY GROUP PTE. LTD.,Local Company,64202,Aeon,aeon,strict alias; other words: longevity
202635432E,AEON TREAD GLOBAL PTE. LTD.,Local Company,46900,Aeon,aeon,strict alias; other words: tread
200416220D,AERCAP AVIATION SINGAPORE PRIVATE LIMITED,Local Company,82999,AerCap,aercap,strict alias; other words: aviation
202507747K,ALTRIA CONSULTING PTE. LTD.,Local Company,62011,Altria Group,altria,strict alias; other words: consulting
202318778G,CHALCO INTERNATIONAL TRADING MINERAL RESOURCES PTE. LTD.,Local Company,46900,Aluminum Corporation of China,chalco,strict alias; other words: mineral resources
200802236M,AMAZON ASIA-PACIFIC RESOURCES PRIVATE LIMITED,Local Company,63111,Amazon,amazon,strict alias; other words: resources
200400605N,AMAZON AUTOMATION PTE. LTD.,Local Company,71122,Amazon,amazon,strict alias; other words: automation
201924042K,AMAZON COMMODITIES PTE. LTD.,Local Company,46900,Amazon,amazon,strict alias; other words: commodities
201420290W,AMAZON CONSULTANTS PTE. LTD.,Local Company,71129,Amazon,amazon,strict alias; other words: consultants
201544146K,AMAZON CORPORATE HOLDINGS PRIVATE LIMITED,Local Company,64202,Amazon,amazon,strict alias; other words: corporate
202421333K,AMAZON DAYS SKINCARE PTE. LTD.,Local Company,47214,Amazon,amazon,strict alias; other words: days skincare
201300681N,AMAZON ENGINEERING & SERVICES PTE. LTD.,Local Company,71129,Amazon,amazon,strict alias; other words: engineering
202300527N,AMAZON FREIGHT SERVICES PTE. LTD.,Local Company,52292,Amazon,amazon,strict alias; other words: freight
200921957N,AMAZON IMPEX PTE. LTD.,Local Company,81211,Amazon,amazon,strict alias; other words: impex
202403864H,AMAZON KUIPER SINGAPORE PRIVATE LIMITED,Local Company,61010,Amazon,amazon,strict alias; other words: kuiper
202428495W,AMAZON MANAGEMENT CONSULTANCY PTE. LTD.,Local Company,70201,Amazon,amazon,strict alias; other words: consultancy
201522964C,AMAZON MOBILE PTE. LTD.,Local Company,47742,Amazon,amazon,strict alias; other words: mobile
202205935C,AMAZON PAYMENTS SINGAPORE PRIVATE LIMITED,Local Company,66195,Amazon,amazon,strict alias; other words: payments
202348545C,AMAZON RIVER FUND MANAGEMENT PTE. LTD.,Local Company,66306,Amazon,amazon,strict alias; other words: fund river
199204762R,AMCOR FIBRE PACKAGING - ASIA PTE LTD,Local Company,64201,Amcor,amcor,strict alias; other words: fibre packaging
202037966K,AMCOR FLEXIBLES ASIA-PACIFIC HOLDCO PTE. LIMITED,Local Company,64202,Amcor,amcor,strict alias; other words: flexibles holdco
196400295Z,AMCOR FLEXIBLES SINGAPORE PTE. LTD.,Local Company,22213,Amcor,amcor,strict alias; other words: flexibles
198803645H,AMCOR INSURANCES PTE. LTD.,Local Company,65122,Amcor,amcor,strict alias; other words: insurances
199206461N,AMCOR SPECIALTY CARTONS SINGAPORE PTE. LTD.,Local Company,18112,Amcor,amcor,strict alias; other words: cartons specialty
201511502K,AMERIPRISE ASSET MANAGEMENT HOLDINGS SINGAPORE (PTE.) LTD.,Local Company,64202,Ameriprise Financial,ameriprise,strict alias; other words: asset
199405255G,AMETEK MOTORS ASIA PTE LTD,Local Company,64202,Ametek,ametek,strict alias; other words: motors
201921061R,AMPHENOL AUTOMOTIVE PRODUCTS PTE. LTD.,Local Company,29300,Amphenol,amphenol,strict alias; other words: automotive
199201714E,AMPHENOL FCI ASIA PTE. LTD.,Local Company,46522,Amphenol,amphenol,strict alias; other words: fci
200517473H,AMPHENOL FCI CONNECTORS SINGAPORE  PTE. LTD.,Local Company,26126,Amphenol,amphenol,strict alias; other words: connectors fci
201809900K,AMUNDI INTERMEDIATION ASIA PTE. LTD.,Local Company,66129,Amundi,amundi,strict alias; other words: intermediation
200917074R,AON 21 (SINGAPORE) PTE. LTD.,Local Company,70201,Aon,aon,strict alias; other words: 21
T12FC0122F,AON GLOBAL OPERATIONS SE Singapore Branch,Foreign Company Branch,70201,Aon,aon,strict alias; other words: se
199003958N,AON INSURANCE AGENCIES PTE LTD,Local Company,66221,Aon,aon,strict alias; other words: agencies insurance
198700185N,AON INSURANCE MANAGERS (SINGAPORE) PTE LTD,Local Company,66292,Aon,aon,strict alias; other words: insurance managers
202442114Z,AON METAL AND MATERIALS GLOBAL PTE. LTD.,Local Company,46100,Aon,aon,strict alias; other words: materials metal
202342908D,AON POLAR SINGAPORE 2 PTE. LTD.,Local Company,64202,Aon,aon,strict alias; other words: 2 polar
202342921M,AON POLAR SINGAPORE 3 PTE. LTD.,Local Company,64202,Aon,aon,strict alias; other words: 3 polar
202409933M,AON POLAR SINGAPORE 5 PTE. LTD.,Local Company,64202,Aon,aon,strict alias; other words: 5 polar
202555455R,AON POLAR SINGAPORE 6 PTE. LTD.,Local Company,64202,Aon,aon,strict alias; other words: 6 polar
202555477D,AON POLAR SINGAPORE 7 PTE. LTD.,Local Company,64202,Aon,aon,strict alias; other words: 7 polar
202329637E,AON POLAR SINGAPORE PTE. LTD.,Local Company,64202,Aon,aon,strict alias; other words: polar
202004129M,AON RANDOLPH SINGAPORE 3 PTE. LTD.,Local Company,64202,Aon,aon,strict alias; other words: 3 randolph
199308592N,AON REINSURANCE SOLUTIONS ASIA PTE. LTD.,Local Company,65202,Aon,aon,strict alias; other words: reinsurance
199708153K,AON SINGAPORE (BROKING CENTRE) PTE. LTD.,Local Company,65202,Aon,aon,strict alias; other words: broking
202409923Z,AON SINGAPORE ACQUISITION PTE. LTD.,Local Company,64202,Aon,aon,strict alias; other words: acquisition
201217679W,"AON SINGAPORE CENTER FOR INNOVATION, STRATEGY AND MANAGEMENT PTE. LTD.",Local Company,70209,Aon,aon,strict alias; other words: for strategy
202637253E,AON TIME EXPRESS PTE. LTD.,Local Company,52219,Aon,aon,strict alias; other words: express time
202305657H,AON WORLD PTE. LTD.,Local Company,52292,Aon,aon,strict alias; other words: world
202620628G,APPLE  FLOW AI PTE. LTD.,Local Company,62021,Apple,apple,strict alias; other words: ai flow
202621130R,APPLE & BUTTER VENTURES PTE. LTD.,Local Company,56111,Apple,apple,strict alias; other words: butter
202136492Z,APPLE ALLEY PTE. LTD.,Local Company,46900,Apple,apple,strict alias; other words: alley
202228371G,APPLE AUTO PTE. LTD.,Local Company,47311,Apple,apple,strict alias; other words: auto
200918072K,APPLE BAZAAR PTE. LTD.,Local Company,62090,Apple,apple,strict alias; other words: bazaar
201901774G,APPLE BEAUTY LIFE PTE. LTD.,Local Company,96029,Apple,apple,strict alias; other words: beauty life
201835898G,APPLE BEVERAGES PTE. LTD.,Local Company,47220,Apple,apple,strict alias; other words: beverages
202418999R,APPLE CAR LEASING PRIVATE LIMITED,Local Company,77101,Apple,apple,strict alias; other words: car leasing
202556613H,APPLE CHINESE PTE. LTD.,Local Company,63203,Apple,apple,strict alias; other words: chinese
202513271D,APPLE DE PARIS PTE. LTD.,Local Company,85503,Apple,apple,strict alias; other words: de paris
200804164G,APPLE ENT CENTRE PTE. LTD.,Local Company,86203,Apple,apple,strict alias; other words: ent
200800761R,APPLE EYE CENTRE PTE. LTD.,Local Company,86203,Apple,apple,strict alias; other words: eye
202606682Z,APPLE EYECARE PTE. LTD.,Local Company,86909,Apple,apple,strict alias; other words: eyecare
202430497G,APPLE EYEWEAR PTE. LTD.,Local Company,47751,Apple,apple,strict alias; other words: eyewear
201604390H,APPLE GOURMET PTE. LTD.,Local Company,56122,Apple,apple,strict alias; other words: gourmet
200803729C,APPLE GRAPHIC PTE. LTD.,Local Company,74192,Apple,apple,strict alias; other words: graphic
201115822K,APPLE GREEN INVESTMENT PTE. LTD.,Local Company,64202,Apple,apple,strict alias; other words: green
201718701K,APPLE HEV INTERNATIONAL PTE. LTD.,Local Company,95301,Apple,apple,strict alias; other words: hev
200410557D,APPLE HOLIDAYS PTE. LTD.,Local Company,79102,Apple,apple,strict alias; other words: holidays
200901728C,APPLE IDEAS PTE. LTD.,Local Company,46900,Apple,apple,strict alias; other words: ideas
200901352R,APPLE MAID SERVICES (SG) PTE. LTD.,Local Company,78104,Apple,apple,strict alias; other words: maid
200805184H,APPLE MEDICAL PARTNERS (S) PTE. LTD.,Local Company,86203,Apple,apple,strict alias; other words: medical partners s
200811107M,APPLE OVERSEAS PTE. LTD.,Local Company,46900,Apple,apple,strict alias; other words: overseas
201301966D,APPLE PIE LANGUAGE PTE. LTD.,Local Company,85609,Apple,apple,strict alias; other words: language pie
201004941C,APPLE PLUS SCHOOL (BT TIMAH) PTE. LTD.,Local Company,85609,Apple,apple,strict alias; other words: bt plus school timah
201133304W,APPLE PLUS SCHOOL (WEST COAST) PTE. LTD.,Local Company,85332,Apple,apple,strict alias; other words: coast plus school
200924079Z,APPLE PLUS SCHOOL INTERNATIONAL PTE. LTD.,Local Company,85609,Apple,apple,strict alias; other words: plus school
202624988M,APPLE POINT PTE. LTD.,Local Company,47102,Apple,apple,strict alias; other words: point
198601192G,APPLE POLYPRINT PTE LTD,Local Company,18112,Apple,apple,strict alias; other words: polyprint
202619072G,APPLE PRIME PLACEMENT PTE. LTD.,Local Company,78103,Apple,apple,strict alias; other words: placement prime
202028652H,APPLE QUOTES PTE. LTD.,Local Company,66221,Apple,apple,strict alias; other words: quotes
201712020E,APPLE SECURITIES PTE. LTD.,Local Company,80100,Apple,apple,strict alias; other words: securities
201128599Z,APPLE SEED PTE. LTD.,Local Company,70209,Apple,apple,strict alias; other words: seed
202556887K,APPLE SG BIDCO PTE. LTD.,Local Company,64202,Apple,apple,strict alias; other words: bidco
201011152W,APPLE SKIN CARE PTE. LTD.,Local Company,96022,Apple,apple,strict alias; other words: care skin
202303456R,APPLE SUPERMARKET PTE. LTD.,Local Company,47102,Apple,apple,strict alias; other words: supermarket
201401760M,APPLE TRANSCRIPTION (S) PTE. LTD.,Local Company,62090,Apple,apple,strict alias; other words: s transcription
201808858K,APPLE TREE PLAYHOUSE PTE. LTD.,Local Company,85100,Apple,apple,strict alias; other words: playhouse tree
200505934K,APPLE TREE PTE. LTD.,Local Company,85509,Apple,apple,strict alias; other words: tree
201023576R,APPLE VACATIONS SINGAPORE PTE. LTD.,Local Company,79102,Apple,apple,strict alias; other words: vacations
201303826K,APPLE WORLD TRAVEL PTE. LTD.,Local Company,82303,Apple,apple,strict alias; other words: travel world
201225802G,APPLE-A-DAY PTE. LTD.,Local Company,96012,Apple,apple,strict alias; other words: a day
202502924Z,APPLE-ANN HOME CREATION PTE. LTD.,Local Company,46900,Apple,apple,strict alias; other words: ann creation home
202512759C,ADVANCED APPLIED MATERIALS HOLDINGS PTE. LTD.,Local Company,64202,Applied Materials,applied materials,alias not at start of name
201715276M,BRIC APPLIED MATERIALS PTE. LTD.,Local Company,72104,Applied Materials,applied materials,alias not at start of name
202240191H,HIUV APPLIED MATERIALS TECHNOLOGY INVESTMENT PTE. LTD.,Local Company,46900,Applied Materials,applied materials,alias not at start of name
202522191R,SINGAPORE BOOER APPLIED MATERIALS PTE. LTD.,Local Company,46900,Applied Materials,applied materials,alias not at start of name
202539254E,UWI APPLIED MATERIALS (SINGAPORE) PTE. LTD.,Local Company,46522,Applied Materials,applied materials,alias not at start of name
202238259M,WAERMTIMO APPLIED MATERIALS PTE. LTD.,Local Company,46511,Applied Materials,applied materials,alias not at start of name
201105419W,ADM BATHROOM ENTERPRISES PTE. LTD.,Local Company,46439,Archer Daniels Midland,adm,strict alias; other words: bathroom enterprises
201836053C,ADM CAPITAL INVESTMENTS PTE. LIMITED,Local Company,64202,Archer Daniels Midland,adm,strict alias; other words: capital
201537439E,ADM CAPITAL SINGAPORE PTE. LTD.,Local Company,64202,Archer Daniels Midland,adm,strict alias; other words: capital
201819012M,ADM DESIGN & BUILD (SINGAPORE) PTE. LTD.,Local Company,74191,Archer Daniels Midland,adm,strict alias; other words: build design
202540894N,ADM INVESTMENT SINGAPORE HOLDING I PTE. LTD.,Local Company,64202,Archer Daniels Midland,adm,strict alias; other words: i
202541773Z,ADM INVESTMENT SINGAPORE HOLDING II PTE. LTD.,Local Company,64202,Archer Daniels Midland,adm,strict alias; other words: ii
201805663K,ADM PLUMBING SERVICES PTE. LTD.,Local Company,71121,Archer Daniels Midland,adm,strict alias; other words: plumbing
201732113R,ADM PRIZE SG (SINGAPORE) PTE. LTD.,Local Company,64202,Archer Daniels Midland,adm,strict alias; other words: prize
201540034R,ADM PROMOTIONS SINGAPORE PTE. LTD.,Local Company,73100,Archer Daniels Midland,adm,strict alias; other words: promotions
197601774E,ADM STF PTE. LTD.,Local Company,46900,Archer Daniels Midland,adm,strict alias; other words: stf
201223123H,ADM-INDICIA MARKETING SERVICES SINGAPORE PRIVATE LTD.,Local Company,71129,Archer Daniels Midland,adm,strict alias; other words: indicia
201433301R,ADM-NDT MARINE & OILFIELD SERVICES PTE. LTD.,Local Company,71200,Archer Daniels Midland,adm,strict alias; other words: marine ndt oilfield
201539212G,ADM/MATSUTANI SINGAPORE PTE. LTD.,Local Company,46309,Archer Daniels Midland,adm,strict alias; other words: matsutani
T05FC6769A,ARISTOCRAT (SINGAPORE) PTY LTD (Singapore Branch),Foreign Company Branch,46449,Aristocrat,aristocrat,strict alias; other words: pty
201905784E,ARM BIOTECH LAB PTE. LTD.,Local Company,72106,Arm Holdings,arm,strict alias; other words: biotech lab
202634329W,ARM BUILDERS PTE. LTD.,Local Company,71121,Arm Holdings,arm,strict alias; other words: builders
201800853E,ARM CONSTRUCTION & SERVICES PTE. LTD.,Local Company,42100,Arm Holdings,arm,strict alias; other words: construction
201511061D,ARM ELECTRICAL ENGINEERING PTE. LTD.,Local Company,41001,Arm Holdings,arm,strict alias; other words: electrical engineering
201332981E,ARM ENGINEERING & CONSTRUCTION PTE. LTD.,Local Company,41001,Arm Holdings,arm,strict alias; other words: construction engineering
201507110D,ARM ENGINEERING PTE. LTD.,Local Company,71121,Arm Holdings,arm,strict alias; other words: engineering
202630050H,ARM ENTERTAINMENT PTE. LTD.,Local Company,93203,Arm Holdings,arm,strict alias; other words: entertainment
202621877E,ARM INNOVATIVE SOLUTIONS PTE. LTD.,Local Company,62021,Arm Holdings,arm,strict alias; other words: innovative
202109790R,ARM MEDIA PTE. LTD.,Local Company,70209,Arm Holdings,arm,strict alias; other words: media
202434697C,ARM SHIPPING LINES PTE. LTD.,Local Company,52222,Arm Holdings,arm,strict alias; other words: lines shipping
202635843G,ARM TRADERS (S) PTE. LTD.,Local Company,47102,Arm Holdings,arm,strict alias; other words: s traders
201216434G,ARM WORKZ PTE. LTD.,Local Company,46900,Arm Holdings,arm,strict alias; other words: workz
202636722M,ASAHI BEVERAGES SEA PTE. LTD.,Local Company,46307,Asahi Group,asahi,strict alias; other words: beverages sea
202330157H,ASAHI CAPITAL PTE. LTD.,Local Company,64202,Asahi Group,asahi,strict alias; other words: capital
201206438M,ASAHI FOODS & CHEMICALS (SINGAPORE) PTE. LTD.,Local Company,46649,Asahi Group,asahi,strict alias; other words: chemicals foods
202327880H,ASAHI GLOBAL PROCUREMENT PTE. LTD.,Local Company,64202,Asahi Group,asahi,strict alias; other words: procurement
T09FC0095D,"ASAHI INTECC CO., LTD. Singapore Branch",Foreign Company Branch,46592,Asahi Group,asahi,strict alias; other words: intecc
200009372Z,ASAHI KASEI PLASTICS SINGAPORE PTE LTD,Local Company,20132,Asahi Group,asahi,strict alias; other words: kasei plastics
201024851R,ASAHI KASEI SYNTHETIC RUBBER SINGAPORE PTE. LTD.,Local Company,20133,Asahi Group,asahi,strict alias; other words: kasei rubber synthetic
199101610D,ASAHI KOKUSAI TECHNEION SINGAPORE PTE. LTD.,Local Company,41001,Asahi Group,asahi,strict alias; other words: kokusai techneion
202504494H,ASAHI MOL TANKERS (S) PTE. LTD.,Local Company,50021,Asahi Group,asahi,strict alias; other words: mol s tankers
201419009C,ASAHI PRINTING SINGAPORE PTE. LTD.,Local Company,46900,Asahi Group,asahi,strict alias; other words: printing
202618004D,ASAHI SHIPPING PTE. LTD.,Local Company,46551,Asahi Group,asahi,strict alias; other words: shipping
198905060H,ASAHI TANKER (S) PTE. LTD.,Local Company,82999,Asahi Group,asahi,strict alias; other words: s tanker
202127776Z,ASAHI-ROM PTE. LTD.,Local Company,70201,Asahi Group,asahi,strict alias; other words: rom
202513899D,ASPIRE 360 MARKETING PTE. LTD.,Local Company,70205,Aspire,aspire,strict alias; other words: 360
201503373R,ASPIRE ACCOUNTING SERVICES PTE. LTD.,Local Company,69202,Aspire,aspire,strict alias; other words: accounting
201728632D,ASPIRE ADVISORS ASIA PTE. LTD.,Local Company,70201,Aspire,aspire,strict alias; other words: advisors
201714750W,ASPIRE ALLIANCE (PTE.) LTD.,Local Company,70201,Aspire,aspire,strict alias; other words: alliance
201602687D,ASPIRE ALLIANCE GLOBAL PTE. LTD.,Local Company,70201,Aspire,aspire,strict alias; other words: alliance
201934427R,ASPIRE ART PROJECTS PTE. LTD.,Local Company,47741,Aspire,aspire,strict alias; other words: art projects
202405361R,ASPIRE ASIA ADVISORY PTE. LTD.,Local Company,70201,Aspire,aspire,strict alias; other words: advisory
202221928M,ASPIRE ASSETS PTE. LTD.,Local Company,47109,Aspire,aspire,strict alias; other words: assets
202639277G,ASPIRE BEHAVIOR LAB PTE. LTD.,Local Company,85509,Aspire,aspire,strict alias; other words: behavior lab
202522675G,ASPIRE BEING PTE. LTD.,Local Company,85509,Aspire,aspire,strict alias; other words: being
202124017D,ASPIRE BEYOND BORDER PTE. LTD.,Local Company,64202,Aspire,aspire,strict alias; other words: beyond border
202538440C,ASPIRE BIZ HUB PTE. LTD.,Local Company,70201,Aspire,aspire,strict alias; other words: biz
200904709R,ASPIRE BUILDING PRODUCT PTE. LTD.,Local Company,46639,Aspire,aspire,strict alias; other words: building product
201616380G,ASPIRE BUSINESS CONSULTING AND SERVICES PTE. LTD.,Local Company,70201,Aspire,aspire,strict alias; other words: business consulting
202312100E,ASPIRE BUSINESS CORPORATION PTE. LTD.,Local Company,46900,Aspire,aspire,strict alias; other words: business
202326677G,ASPIRE CENTRE FOR WOMEN AND FERTILITY PTE. LTD.,Local Company,86201,Aspire,aspire,strict alias; other words: fertility for women
202451863R,ASPIRE COLLECTIVE PTE. LTD.,Local Company,64202,Aspire,aspire,strict alias; other words: collective
201931635G,ASPIRE CONSTRUCTION & ENGINEERING PTE. LTD.,Local Company,41001,Aspire,aspire,strict alias; other words: construction engineering
202313579G,ASPIRE CREATOR CONCEPT PTE. LTD.,Local Company,27900,Aspire,aspire,strict alias; other words: concept creator
202406019M,ASPIRE CUESPORTS CENTRE PTE. LTD.,Local Company,85507,Aspire,aspire,strict alias; other words: cuesports
202507007W,ASPIRE CUESPORTS ENCLAVE PTE. LTD.,Local Company,93119,Aspire,aspire,strict alias; other words: cuesports enclave
202507011E,ASPIRE CUESPORTS HTNS PTE. LTD.,Local Company,93119,Aspire,aspire,strict alias; other words: cuesports htns
201841502R,ASPIRE CUESPORTS PRIVATE LIMITED,Local Company,93119,Aspire,aspire,strict alias; other words: cuesports
202341678M,ASPIRE DREAMS LIFESTYLE PTE. LTD.,Local Company,52219,Aspire,aspire,strict alias; other words: dreams lifestyle
202332991D,ASPIRE EAR NOSE THROAT CLINIC PTE. LTD.,Local Company,86203,Aspire,aspire,strict alias; other words: clinic ear nose throat
202438727M,ASPIRE EDUCATION DEVELOPMENT SUPPORT PTE. LTD.,Local Company,85609,Aspire,aspire,strict alias; other words: education support
201631136N,ASPIRE EDUCATION PTE. LTD.,Local Company,85509,Aspire,aspire,strict alias; other words: education
201417075N,ASPIRE EDUCATORS PTE. LTD.,Local Company,85509,Aspire,aspire,strict alias; other words: educators
202447999N,ASPIRE ENGINEERING AND TRANSPORT PTE. LTD.,Local Company,77392,Aspire,aspire,strict alias; other words: engineering transport
202421750C,ASPIRE ENTERPRISE PTE. LTD.,Local Company,64202,Aspire,aspire,strict alias; other words: enterprise
201722896N,ASPIRE F&B PTE. LTD.,Local Company,56123,Aspire,aspire,strict alias; other words: b f
201631247M,ASPIRE GLOBAL CAPITAL PTE. LTD.,Local Company,69201,Aspire,aspire,strict alias; other words: capital
202447566E,ASPIRE GLOBE PTE. LTD.,Local Company,46100,Aspire,aspire,strict alias; other words: globe
202205311E,ASPIRE GODIGITAL PTE. LTD.,Local Company,70205,Aspire,aspire,strict alias; other words: godigital
202413720W,ASPIRE GROUP PARTNERS (SINGAPORE) PTE. LTD.,Local Company,82303,Aspire,aspire,strict alias; other words: partners
202616956G,ASPIRE GROVE HOSPITALITY PTE. LTD.,Local Company,64202,Aspire,aspire,strict alias; other words: grove hospitality
202616927Z,ASPIRE GROVE INVESTMENTS PTE. LTD.,Local Company,70209,Aspire,aspire,strict alias; other words: grove
200806508E,ASPIRE HUB COACHING INTERNATIONAL PTE. LTD.,Local Company,85509,Aspire,aspire,strict alias; other words: coaching
202037439M,ASPIRE HUB EDUCATION ACADEMY @ AMK HUB (PTE. LTD.),Local Company,85509,Aspire,aspire,strict alias; other words: academy amk education
201727704E,ASPIRE HUB EDUCATION ACADEMY @ JURONG POINT PTE. LTD.,Local Company,85509,Aspire,aspire,strict alias; other words: academy education jurong point
201830244K,ASPIRE HUB EDUCATION ACADEMY @ SERANGOON PTE. LTD.,Local Company,85509,Aspire,aspire,strict alias; other words: academy education serangoon
201007419G,ASPIRE HUB EDUCATION ACADEMY PTE. LTD.,Local Company,85509,Aspire,aspire,strict alias; other words: academy education
201917694N,ASPIRE HUB EDUCATION CENTRE (JUNIOR) @ SENGKANG PTE. LTD.,Local Company,85509,Aspire,aspire,strict alias; other words: education junior sengkang
201834300R,ASPIRE HUB EDUCATION CENTRE (JUNIOR) @ WEST MALL PTE. LTD.,Local Company,85509,Aspire,aspire,strict alias; other words: education junior mall
201803623G,ASPIRE HUB EDUCATION CENTRE (JUNIOR) PTE. LTD.,Local Company,85509,Aspire,aspire,strict alias; other words: education junior
201318806E,ASPIRE HUB EDUCATION CENTRE @ BEDOK MALL PTE. LTD.,Local Company,85509,Aspire,aspire,strict alias; other words: bedok education mall
202034729N,ASPIRE HUB EDUCATION CENTRE @ HILLION PTE. LTD.,Local Company,85509,Aspire,aspire,strict alias; other words: education hillion
201839135C,ASPIRE HUB EDUCATION CENTRE @ KATONG PTE. LTD.,Local Company,85509,Aspire,aspire,strict alias; other words: education katong
202615135W,ASPIRE HUB EDUCATION CENTRE @ LENTOR PTE. LTD.,Local Company,85609,Aspire,aspire,strict alias; other words: education lentor
201616628C,ASPIRE HUB EDUCATION CENTRE @ PARKWAY PTE. LTD.,Local Company,85509,Aspire,aspire,strict alias; other words: education parkway
201829890G,ASPIRE HUB EDUCATION CENTRE @ ROCHESTER MALL PTE. LTD.,Local Company,85509,Aspire,aspire,strict alias; other words: education mall rochester
201938823R,ASPIRE HUB EDUCATION CENTRE @ UNITED SQUARE PTE. LTD.,Local Company,85509,Aspire,aspire,strict alias; other words: education square united
201531842C,ASPIRE HUB EDUCATION CENTRE @ WEST MALL PTE. LTD.,Local Company,85509,Aspire,aspire,strict alias; other words: education mall
202306234H,ASPIRE HUB EDUCATION CENTRE @ WOODLEIGH PTE. LTD.,Local Company,85609,Aspire,aspire,strict alias; other words: education woodleigh
201300320D,ASPIRE HUB EDUCATION CENTRE @THOMSON PTE. LTD.,Local Company,85509,Aspire,aspire,strict alias; other words: education thomson
201117529R,ASPIRE HUB EDUCATION CENTRE PTE. LTD.,Local Company,68103,Aspire,aspire,strict alias; other words: education
201423296M,ASPIRE HUB EDUCATION CENTRE@SENGKANG PRIVATE LIMITED,Local Company,85609,Aspire,aspire,strict alias; other words: education sengkang
201000565G,ASPIRE HUB EDUCATION PTE. LTD.,Local Company,85509,Aspire,aspire,strict alias; other words: education
200806518W,ASPIRE HUB EDUCATION SCHOOL PTE. LTD.,Local Company,85509,Aspire,aspire,strict alias; other words: education school
202008020E,ASPIRE HUB EXCEL ACADEMY @ PAYA LEBAR PTE. LTD.,Local Company,85509,Aspire,aspire,strict alias; other words: academy excel lebar paya
201421171E,ASPIRE INCLUSIVE EDUCATION PTE. LTD.,Local Company,85502,Aspire,aspire,strict alias; other words: education inclusive
202621971N,ASPIRE INDUSTRIAL AND SAFETY PTE. LTD.,Local Company,52101,Aspire,aspire,strict alias; other words: industrial safety
202425267D,ASPIRE IT PRIVATE LTD.,Local Company,62011,Aspire,aspire,strict alias; other words: it
202320657D,ASPIRE IT SOLUTIONS PTE. LTD.,Local Company,62011,Aspire,aspire,strict alias; other words: it
201836148W,ASPIRE LIFESTYLES (APAC) PTE. LTD.,Local Company,82200,Aspire,aspire,strict alias; other words: lifestyles
201836019R,ASPIRE LIFESTYLES (INTERNATIONAL) PTE. LTD.,Local Company,64202,Aspire,aspire,strict alias; other words: lifestyles
201118741Z,ASPIRE LIFESTYLES (VIETNAM) HOLDINGS PTE. LTD.,Local Company,64202,Aspire,aspire,strict alias; other words: lifestyles vietnam
200103872W,ASPIRE LIFESTYLES ASIA PACIFIC PTE. LTD.,Local Company,64202,Aspire,aspire,strict alias; other words: lifestyles
201624402G,ASPIRE LIGHTINGS PTE. LTD.,Local Company,46433,Aspire,aspire,strict alias; other words: lightings
202407820Z,ASPIRE MEDCARE PTE. LTD.,Local Company,70202,Aspire,aspire,strict alias; other words: medcare
200917381Z,ASPIRE MEDIAWORKZ PTE. LTD.,Local Company,74192,Aspire,aspire,strict alias; other words: mediaworkz
202449457C,ASPIRE MEDICAL CARE PTE. LTD.,Local Company,70201,Aspire,aspire,strict alias; other words: care medical
202500259W,ASPIRE MIDVIEW PTE. LTD.,Local Company,64202,Aspire,aspire,strict alias; other words: midview
202540925K,ASPIRE MINDS PTE. LTD.,Local Company,88912,Aspire,aspire,strict alias; other words: minds
202312245E,ASPIRE MOTOR PTE. LTD.,Local Company,47311,Aspire,aspire,strict alias; other words: motor
202515495N,ASPIRE NORTHLINK PTE. LTD.,Local Company,64202,Aspire,aspire,strict alias; other words: northlink
201532543E,ASPIRE NXT PTE. LTD.,Local Company,62090,Aspire,aspire,strict alias; other words: nxt
202636760C,ASPIRE ONLINE EDUCATION PTE. LTD.,Local Company,85509,Aspire,aspire,strict alias; other words: education
202335266G,ASPIRE RECREATION CENTRE PTE. LTD.,Local Company,93119,Aspire,aspire,strict alias; other words: recreation
201508056C,ASPIRE RENOVATION & DESIGN PTE. LTD.,Local Company,41001,Aspire,aspire,strict alias; other words: design renovation
201931633E,ASPIRE RESOURCES PTE. LTD.,Local Company,81211,Aspire,aspire,strict alias; other words: resources
202505950D,ASPIRE SAFETY PTE. LTD.,Local Company,41001,Aspire,aspire,strict alias; other words: safety
202503863C,ASPIRE SCALE CONSULTING (ASC) PTE. LTD.,Local Company,70201,Aspire,aspire,strict alias; other words: asc consulting scale
200510674N,ASPIRE SG ENGINEERING PTE. LTD.,Local Company,43301,Aspire,aspire,strict alias; other words: engineering
201324338E,ASPIRE SHIPPING PTE. LTD.,Local Company,52222,Aspire,aspire,strict alias; other words: shipping
202618258Z,ASPIRE SURGERY CENTRE PTE. LTD.,Local Company,86203,Aspire,aspire,strict alias; other words: surgery
201543167K,ASPIRE SYSTEMS CONSULTING PTE. LTD.,Local Company,62021,Aspire,aspire,strict alias; other words: consulting
202632716W,ASPIRE TALENT PTE. LTD.,Local Company,85508,Aspire,aspire,strict alias; other words: talent
202541718W,ASPIRE TALENT SOLUTIONS PTE. LTD.,Local Company,78104,Aspire,aspire,strict alias; other words: talent
201915936K,ASPIRE TECH CAPITAL PTE. LTD.,Local Company,70209,Aspire,aspire,strict alias; other words: capital
202312120K,ASPIRE TOYS AND GAMES PTE. LTD.,Local Company,47640,Aspire,aspire,strict alias; other words: games toys
202221866G,ASPIRE TRANSPORTATION PTE. LTD.,Local Company,46900,Aspire,aspire,strict alias; other words: transportation
201135100W,ASPIRE WORKWEAR PTE. LTD.,Local Company,46411,Aspire,aspire,strict alias; other words: workwear
201002140C,ASPIRE-JIT PTE. LTD.,Local Company,46900,Aspire,aspire,strict alias; other words: jit
200922838C,AUTOZONE AUTOMOTIVE PTE. LTD.,Local Company,82999,AutoZone,autozone,strict alias; other words: automotive
202603048W,AVIVA BUILDERS PTE. LTD.,Local Company,41001,Aviva,aviva,strict alias; other words: builders
202216505Z,AVIVA DISTRIBUTION PTE. LTD.,Local Company,46900,Aviva,aviva,strict alias; other words: distribution
202237917E,AVIVA INTERIORS PTE. LTD.,Local Company,74191,Aviva,aviva,strict alias; other words: interiors
200813519W,AVIVA INVESTORS ASIA PTE. LIMITED,Local Company,66301,Aviva,aviva,strict alias; other words: investors
202040408G,B3 & THINGS PTE. LTD.,Local Company,63901,B3,b3,strict alias; other words: things
200303585G,B3 ENGINEERING PTE. LTD.,Local Company,43210,B3,b3,strict alias; other words: engineering
202412602D,BCE COLLECTIVE PTE. LTD.,Local Company,73100,BCE Inc.,bce,strict alias; other words: collective
202221206D,BCE MGMT PTE. LTD.,Local Company,70201,BCE Inc.,bce,strict alias; other words: mgmt
202121834D,BHP ACADEMY PTE. LTD.,Local Company,96021,BHP Group,bhp,strict alias; other words: academy
202221946R,BHP AMC PTE. LTD.,Local Company,64202,BHP Group,bhp,strict alias; other words: amc
202412878G,BHP AUTO PTE. LTD.,Local Company,47311,BHP Group,bhp,strict alias; other words: auto
201014199N,BHP BILLITON FREIGHT SINGAPORE PTE. LTD.,Local Company,50021,BHP Group,bhp,strict alias; other words: billiton freight
T05FC6681H,BHP BILLITON MARKETING AG (Singapore Branch),Foreign Company Branch,46620,BHP Group,bhp,strict alias; other words: ag billiton
200104072W,BHP BILLITON MARKETING ASIA PTE LTD,Local Company,70101,BHP Group,bhp,strict alias; other words: billiton
200922187M,BMW ASIA PACIFIC CAPITAL PTE. LTD.,Local Company,64202,BMW,bmw,strict alias; other words: capital
199307789K,BOC AVIATION LIMITED,Local Company,77320,BOC Aviation,boc aviation,ambiguous: BOC Aviation | Bank of China
200406009H,BALL WATCH SINGAPORE PTE. LTD.,Local Company,47733,Ball Corporation,ball,strict alias; other words: watch
S99FC5733G,PT BANK MANDIRI (PERSERO) TBK,Foreign Company Branch,64130,Bank Mandiri,bank mandiri,alias not at start of name
T15FC0039G,PT BANK RAKYAT INDONESIA (PERSERO) TBK Singapore Branch,Foreign Company Branch,64130,Bank Rakyat Indonesia,bank rakyat indonesia,alias not at start of name
199307789K,BOC AVIATION LIMITED,Local Company,77320,Bank of China,boc aviation,ambiguous: BOC Aviation | Bank of China
202511298M,BMO SECURITY SUPPORT SERVICES PTE. LTD.,Local Company,63119,Bank of Montreal,bmo,strict alias; other words: security support
201134167N,BAOSTEEL BS COMPANY PTE. LTD.,Local Company,64202,Baosteel,baosteel,strict alias; other words: bs
201217400C,BAOSTEEL RESOURCES SINGAPORE COMPANY PTE. LTD.,Local Company,46620,Baosteel,baosteel,strict alias; other words: resources
202035312D,FIRST BEST BUY PTE. LTD.,Local Company,47711,Best Buy,best buy,alias not at start of name
202033317E,BIONTECH PHARMACEUTICALS ASIA PACIFIC PTE. LTD.,Local Company,21012,BioNTech,biontech,strict alias; other words: pharmaceuticals
201708055W,BLOCK A STALK DESIGN PTE. LTD.,Local Company,74191,Block,block,strict alias; other words: a design stalk
201924312R,BLOCK ARMOUR PTE. LTD.,Local Company,62013,Block,block,strict alias; other words: armour
202429284C,BLOCK C PTE. LTD.,Local Company,70205,Block,block,strict alias; other words: c
202121806G,BLOCK FOREST PTE. LTD.,Local Company,62011,Block,block,strict alias; other words: forest
202500887C,BLOCK INTERACTIVE PTE. LTD.,Local Company,63119,Block,block,strict alias; other words: interactive
202535405R,BLOCK ISLAND PTE. LTD.,Local Company,50021,Block,block,strict alias; other words: island
201820970H,BLOCK ON CAPITAL PTE. LTD.,Local Company,70201,Block,block,strict alias; other words: capital on
201733764N,BLOCK ONE TECHNOLOGIES PTE. LTD.,Local Company,62011,Block,block,strict alias; other words: one
202526109N,BLOCK TEN STRATEGY SINGAPORE PTE. LTD.,Local Company,70205,Block,block,strict alias; other words: strategy ten
202042114E,BLOCK THEORY CAPITAL PTE. LTD.,Local Company,64202,Block,block,strict alias; other words: capital theory
201537174W,BLOCK TREE LAB PTE. LTD.,Local Company,62011,Block,block,strict alias; other words: lab tree
202204547C,BLOCK X TECHNOLOGY PTE. LTD.,Local Company,62011,Block,block,strict alias; other words: x
202543552G,BLOCK XYZ PTE. LTD.,Local Company,82999,Block,block,strict alias; other words: xyz
202431947M,THE BLOCK A COLLECTIVE PTE. LTD.,Local Company,90390,Block,block,strict alias; other words: a collective
201135653G,BOMBARDIER AEROSPACE SERVICES SINGAPORE PTE. LTD.,Local Company,30301,Bombardier,bombardier,strict alias; other words: aerospace
200821012N,BOROUGE COMPOUNDING HOLDING PTE. LTD.,Local Company,64202,Borouge,borouge,strict alias; other words: compounding
202332604W,BRIDGESTONE CAPITAL PTE. LTD.,Local Company,64202,Bridgestone,bridgestone,strict alias; other words: capital
202449125W,BRIDGESTONE EDUCATIONAL SERVICES PTE. LTD.,Local Company,85609,Bridgestone,bridgestone,strict alias; other words: educational
201328873Z,BRIDGESTONE ENGINEERING CORPORATION PTE. LTD.,Local Company,46900,Bridgestone,bridgestone,strict alias; other words: engineering
201216217E,BRIDGESTONE TREASURY SINGAPORE PTE. LTD.,Local Company,66199,Bridgestone,bridgestone,strict alias; other words: treasury
200101061E,BRIDGESTONE TYRE SALES SINGAPORE PTE LTD,Local Company,47313,Bridgestone,bridgestone,strict alias; other words: tyre
202207197R,CATL ENGINEERING TECHNOLOGY PTE. LTD.,Local Company,41002,CATL,catl,strict alias; other words: engineering
202304416C,CBRE ACLPV GP PTE. LTD.,Local Company,64202,CBRE Group,cbre,strict alias; other words: aclpv gp
202511670W,CBRE AVP 7 SC1 GP PTE. LTD.,Local Company,64202,CBRE Group,cbre,strict alias; other words: 7 avp gp sc1
200814055H,CBRE CAPITAL ADVISORS ASIA PACIFIC PTE. LTD.,Local Company,66192,CBRE Group,cbre,strict alias; other words: advisors capital
201813838C,CBRE GSA LOGISTICS VENTURE PTE. LTD.,Local Company,64202,CBRE Group,cbre,strict alias; other words: gsa logistics venture
199602432R,CBRE GWS PTE. LTD.,Local Company,71121,CBRE Group,cbre,strict alias; other words: gws
202324712W,CBRE JL ONE CV GP PTE. LTD.,Local Company,64202,CBRE Group,cbre,strict alias; other words: cv gp jl one
201832087W,CBRE LOGISTICS FEEDER (SG) PTE. LTD.,Local Company,64202,CBRE Group,cbre,strict alias; other words: feeder logistics
201313993Z,CBRE MANAGED SERVICES (SINGAPORE) PTE. LTD.,Local Company,68203,CBRE Group,cbre,strict alias; other words: managed
201404596R,CDW BUILD RESOURCES PTE. LTD.,Local Company,41009,CDW Corporation,cdw,strict alias; other words: build resources
201205970M,CDW IT SOLUTIONS SINGAPORE  PTE. LIMITED,Local Company,62021,CDW Corporation,cdw,strict alias; other words: it
S99FC5759D,CIMB BANK BERHAD,Foreign Company Branch,64120,CIMB Group,cimb,strict alias; other words: bank berhad
202541062N,CIMB LOGISTICS PTE. LTD.,Local Company,49231,CIMB Group,cimb,strict alias; other words: logistics
T10FC0118L,CHINA CITIC BANK INTERNATIONAL LIMITED Singapore Branch,Foreign Company Branch,64130,CITIC Bank,citic bank,alias not at start of name
201729908K,CITIC AGRICULTURE (SINGAPORE) PTE. LTD.,Local Company,64202,CITIC limited,citic,strict alias; other words: agriculture
201803567G,CITIC COMMODITIES PTE. LTD.,Local Company,46900,CITIC limited,citic,strict alias; other words: commodities
199104421G,CITIC ENGINEERING PTE LTD,Local Company,43210,CITIC limited,citic,strict alias; other words: engineering
200306466G,CITIC ENVIROTECH PTE. LTD.,Local Company,41009,CITIC limited,citic,strict alias; other words: envirotech
202401828H,CITIC INDUSTRIAL PTE. LTD.,Local Company,46900,CITIC limited,citic,strict alias; other words: industrial
200310870M,CITIC TELECOM INTERNATIONAL CPC (SINGAPORE) PTE. LTD.,Local Company,61010,CITIC limited,citic,strict alias; other words: cpc telecom
201704958R,CLP 2026 PTE. LTD.,Local Company,25112,CLP Group,clp,strict alias; other words: 2026
200607627D,CLP ENVISYSTEMS PTE. LTD.,Local Company,64202,CLP Group,clp,strict alias; other words: envisystems
202235445R,CLP FOOD HOLDINGS PTE. LTD.,Local Company,47219,CLP Group,clp,strict alias; other words: food
201133097C,CME CORPORATION (S) PTE. LTD.,Local Company,46900,CME Group,cme,strict alias; other words: s
202512354H,CME GENERAL CONSTRUCTION PTE. LTD.,Local Company,43301,CME Group,cme,strict alias; other words: construction general
198200746D,CME INDUSTRIES PTE LTD,Local Company,28300,CME Group,cme,strict alias; other words: industries
201818625H,CME REALTY PTE. LTD.,Local Company,43301,CME Group,cme,strict alias; other words: realty
200900240K,CME RESOURCES PTE. LTD.,Local Company,46900,CME Group,cme,strict alias; other words: resources
202406962K,CME SOLUTIONS SE PTE. LTD.,Local Company,71123,CME Group,cme,strict alias; other words: se
202551436R,CMOC PROSPERITY PTE. LTD.,Local Company,64202,CMOC,cmoc,strict alias; other words: prosperity
200603973C,CNOOC AUSTRALIA INTERNATIONAL HOLDINGS PRIVATE LIMITED,Local Company,64202,CNOOC,cnooc,strict alias; other words: australia
201830067Z,CNOOC GAS AND POWER SINGAPORE TRADING & MARKETING PTE. LTD.,Local Company,35200,CNOOC,cnooc,strict alias; other words: gas power
200208737M,CNOOC NWS PRIVATE LIMITED,Local Company,9001,CNOOC,cnooc,strict alias; other words: nws
202621111C,CRH COMMODITY PTE. LTD.,Local Company,46900,CRH,crh,strict alias; other words: commodity
201512149R,CRH FUNDING I PTE. LTD.,Local Company,46900,CRH,crh,strict alias; other words: funding i
201541390H,CRH FUNDING II PTE. LTD.,Local Company,46900,CRH,crh,strict alias; other words: funding ii
201512146D,CRH MEZZANINE PTE. LTD.,Local Company,46900,CRH,crh,strict alias; other words: mezzanine
T24FC0060A,"CRRC ZHUZHOU LOCOMOTIVE CO., LTD. Singapore Branch",Foreign Company Branch,41001,CRRC,crrc,strict alias; other words: locomotive zhuzhou
202603887N,CSL & TOH ASSURANCE PAC,Local Company,69201,CSL,csl,strict alias; other words: assurance pac toh
202126508G,CSL (S) PTE. LTD.,Local Company,41009,CSL,csl,strict alias; other words: s
198802422E,CSL ANTI POLLUTION EQUIPMENT SUPPLY PTE LTD,Local Company,28299,CSL,csl,strict alias; other words: anti equipment pollution supply
201620632H,CSL BEHRING PTE. LTD.,Local Company,82999,CSL,csl,strict alias; other words: behring
199302792E,CSL BUILDING SERVICES ENGINEERING PTE LTD,Local Company,28191,CSL,csl,strict alias; other words: building engineering
201611485N,CSL CAR ACCESSORIES PTE. LTD.,Local Company,47314,CSL,csl,strict alias; other words: accessories car
201838296G,CSL CENTRO SPERIMENTALE DEL LATTE ASIA PACIFIC PTE. LTD.,Local Company,70102,CSL,csl,strict alias; other words: centro del latte sperimentale
200700308N,CSL CONSULTANCY PTE. LTD.,Local Company,70201,CSL,csl,strict alias; other words: consultancy
201914305W,CSL CONSULTANTS PTE. LTD.,Local Company,70201,CSL,csl,strict alias; other words: consultants
201827166Z,CSL CORPORATE SERVICES PTE. LTD.,Local Company,82191,CSL,csl,strict alias; other words: corporate
201226191E,CSL DECORATION PTE. LTD.,Local Company,43304,CSL,csl,strict alias; other words: decoration
202337705E,CSL ENVIRONMENTAL SERVICES PTE. LTD.,Local Company,81211,CSL,csl,strict alias; other words: environmental
200712864K,CSL GENESIS PTE. LTD.,Local Company,64202,CSL,csl,strict alias; other words: genesis
202342863K,CSL GLASS SOLUTIONAS PTE. LTD.,Local Company,23100,CSL,csl,strict alias; other words: glass solutionas
200700844N,CSL HEALTH SCIENCES PTE. LTD.,Local Company,46306,CSL,csl,strict alias; other words: health sciences
202345926R,CSL HUMAN CAPITAL SERVICES PRIVATE LIMITED,Local Company,78300,CSL,csl,strict alias; other words: capital human
202323591D,CSL LOGISTICS PTE. LTD.,Local Company,50021,CSL,csl,strict alias; other words: logistics
200304119Z,CSL MARINE ASIA PTE. LTD.,Local Company,52291,CSL,csl,strict alias; other words: marine
202444458K,CSL PROJECTS PTE. LTD.,Local Company,52226,CSL,csl,strict alias; other words: projects
201327457D,CSL STUDENT LIVING (SELEGIE) PTE. LTD.,Local Company,55900,CSL,csl,strict alias; other words: living selegie student
199704519W,CSL TECHNOLOGIES AND ENGINEERING SERVICES (S) PTE LTD,Local Company,43299,CSL,csl,strict alias; other words: engineering s
201510404C,CSL-AUTO PTE. LTD.,Local Company,47314,CSL,csl,strict alias; other words: auto
T08FC7286H,"CTBC BANK CO., LTD.",Foreign Company Branch,64130,CTBC Financial Holding,ctbc,strict alias; other words: bank
199504681G,CANON MEDICAL SYSTEMS ASIA PTE. LTD.,Local Company,46592,Canon,canon,strict alias; other words: medical
201135213W,CANON PRODUCTION PRINTING SINGAPORE PTE. LTD.,Local Company,70201,Canon,canon,strict alias; other words: printing production
201608578E,CANON SHIPPING PTE. LTD.,Local Company,52226,Canon,canon,strict alias; other words: shipping
202501555N,BF CAPITAL ONE  PTE. LTD.,Local Company,68101,Capital One,capital one,alias not at start of name
201942342W,CORTINA CAPITAL ONE PTE. LTD.,Local Company,70201,Capital One,capital one,alias not at start of name
202533760H,GLOBAL INVESTMENT CAPITAL ONE PTE. LTD.,Local Company,64202,Capital One,capital one,alias not at start of name
202500257R,LITTLE CAPITAL ONE PTE. LTD.,Local Company,64202,Capital One,capital one,alias not at start of name
199409009D,NANTAH CAPITAL ONE PTE. LTD.,Local Company,70201,Capital One,capital one,alias not at start of name
201914770K,NARRA CAPITAL ONE PTE. LTD.,Local Company,64202,Capital One,capital one,alias not at start of name
201725451Z,OXON CAPITAL ONE PTE. LTD.,Local Company,70201,Capital One,capital one,alias not at start of name
202635270E,PARKWAY CAPITAL ONE PTE. LTD.,Local Company,68103,Capital One,capital one,alias not at start of name
T24FC0021K,"SUMINOE CAPITAL ONE CO., LTD. (Singapore Branch)",Foreign Company Branch,64300,Capital One,capital one,alias not at start of name
T23FC0012G,"WADATSUMI CAPITAL ONE CO., LTD. (Singapore Branch)",Foreign Company Branch,64300,Capital One,capital one,alias not at start of name
202034611Z,YDL CAPITAL ONE PTE. LTD.,Local Company,46900,Capital One,capital one,alias not at start of name
198700481N,CELESTICA ELECTRONICS (S) PTE LTD,Local Company,26122,Celestica,celestica,strict alias; other words: electronics s
201213712N,CELLTRION HEALTHCARE SINGAPORE PRIVATE LIMITED,Local Company,46900,Celltrion,celltrion,strict alias; other words: healthcare
201908868G,CCB PORTFOLIO CONSULT PTE. LTD.,Local Company,64999,China Construction Bank,ccb,strict alias; other words: consult portfolio
202438127E,CGN ENERGY INTERNATIONAL (SINGAPORE) HOLDINGS PTE. LTD.,Local Company,64202,China General Nuclear Power Group,cgn,strict alias; other words: energy
202231750M,CGN MANAGEMENT CONSULTANCY SERVICES PTE. LTD.,Local Company,70209,China General Nuclear Power Group,cgn,strict alias; other words: consultancy
201405532M,CSSC ENERGY (SINGAPORE) PTE. LTD.,Local Company,46610,China State Shipbuilding Corporation,cssc,strict alias; other words: energy
200602257C,SOUTH CHINA TELECOM (S) PTE. LTD.,Local Company,61020,China Telecom,china telecom,alias not at start of name
200923777D,CIENA COMMUNICATIONS SINGAPORE PTE. LTD.,Local Company,62011,Ciena,ciena,strict alias; other words: communications
199701987N,BHARAT COCA-COLA OVERSEAS HOLDINGS PTE LTD,Local Company,64202,Coca-Cola,coca cola,alias not at start of name
199701973W,HINDUSTAN COCA-COLA OVERSEAS HOLDINGS PTE LTD,Local Company,64202,Coca-Cola,coca cola,alias not at start of name
201924446M,COHERENT CAPITAL ADVISORS PTE. LTD.,Local Company,62011,Coherent Corp.,coherent,strict alias; other words: advisors capital
202126170K,COHERENT LIGHT PTE. LTD.,Local Company,70201,Coherent Corp.,coherent,strict alias; other words: light
202338322R,COHERENT LOGIC PTE. LTD.,Local Company,71129,Coherent Corp.,coherent,strict alias; other words: logic
202039943E,COLES CAPTIVE INSURANCE PTE. LTD.,Local Company,65122,Coles Group,coles,strict alias; other words: captive insurance
S89FC4069A,COMMERZBANK AKTIENGESELLSCHAFT,Foreign Company Branch,64130,Commerzbank,commerzbank,strict alias; other words: aktiengesellschaft
200822967Z,CONOCOPHILLIPS INTERNATIONAL RESOURCES PTE. LTD.,Local Company,78300,ConocoPhillips,conocophillips,strict alias; other words: resources
201614995H,CONTINENTAL AGENCY PTE. LTD.,Local Company,46900,Continental,continental,strict alias; other words: agency
200703244R,CONTINENTAL ALLOYS & SERVICES PTE. LTD.,Local Company,25113,Continental,continental,strict alias; other words: alloys
198702878H,CONTINENTAL AQUATIC (S) PTE LTD,Local Company,3202,Continental,continental,strict alias; other words: aquatic s
202505507W,CONTINENTAL ARK INVESTMENT PTE. LTD.,Local Company,52101,Continental,continental,strict alias; other words: ark
201529078C,CONTINENTAL BULK CARRIERS PTE. LTD.,Local Company,50021,Continental,continental,strict alias; other words: bulk carriers
200207229M,CONTINENTAL BUSINESS ASSOCIATES (1982) PTE. LTD.,Local Company,69201,Continental,continental,strict alias; other words: 1982 associates business
199409372Z,CONTINENTAL CHEMICAL CORPORATION PTE LTD,Local Company,46649,Continental,continental,strict alias; other words: chemical
201907319E,CONTINENTAL CONVERTERS CORPORATION PTE. LTD.,Local Company,46900,Continental,continental,strict alias; other words: converters
202038748N,CONTINENTAL CREATIVE DESIGN PTE. LTD.,Local Company,46900,Continental,continental,strict alias; other words: creative design
200402837R,CONTINENTAL DELI PTE. LTD.,Local Company,46900,Continental,continental,strict alias; other words: deli
201131490K,CONTINENTAL DELIGHT CATERING SERVICES PTE. LTD.,Local Company,10750,Continental,continental,strict alias; other words: catering delight
201800296C,CONTINENTAL ELECTRONICS PTE. LTD.,Local Company,47533,Continental,continental,strict alias; other words: electronics
200600879D,CONTINENTAL ENERGY & TECHNICAL SERVICES PTE. LTD.,Local Company,70201,Continental,continental,strict alias; other words: energy technical
198902850D,CONTINENTAL ENGINEERING ENTERPRISE PTE LTD,Local Company,25114,Continental,continental,strict alias; other words: engineering enterprise
202443752M,CONTINENTAL ENGINEERING PTE. LTD.,Local Company,46900,Continental,continental,strict alias; other words: engineering
201842283C,CONTINENTAL ENGINEERING SOLUTIONS PTE. LTD.,Local Company,46541,Continental,continental,strict alias; other words: engineering
202103225K,CONTINENTAL ENTERTAINMENT LTD.,Local Company,59119,Continental,continental,strict alias; other words: entertainment
197701627D,CONTINENTAL EQUIPMENT PTE LTD,Local Company,28251,Continental,continental,strict alias; other words: equipment
201115361W,CONTINENTAL HOPE SINGAPORE INDUSTRIAL DEVELOPMENT PTE. LTD.,Local Company,46900,Continental,continental,strict alias; other words: hope industrial
202631415G,CONTINENTAL HVAC SUPPLY (SG) PTE. LTD.,Local Company,46549,Continental,continental,strict alias; other words: hvac supply
197300963D,CONTINENTAL INDUSTRIES PTE LTD,Local Company,27104,Continental,continental,strict alias; other words: industries
201210975D,CONTINENTAL INVESTIGATION CONSULTANCY PTE. LTD.,Local Company,80200,Continental,continental,strict alias; other words: consultancy investigation
201118648C,CONTINENTAL KLASSE PTE. LTD.,Local Company,47314,Continental,continental,strict alias; other words: klasse
198305157E,CONTINENTAL LEISURE PTE LTD,Local Company,58110,Continental,continental,strict alias; other words: leisure
202529184K,CONTINENTAL LIMO X PTE. LTD.,Local Company,49215,Continental,continental,strict alias; other words: limo x
201204512D,CONTINENTAL LINK COMPOSITE PTE. LTD.,Local Company,47630,Continental,continental,strict alias; other words: composite link
202442755H,CONTINENTAL LOGISTICS PTE. LTD.,Local Company,52292,Continental,continental,strict alias; other words: logistics
198301073G,CONTINENTAL LUMBER TRADING PTE LTD,Local Company,46631,Continental,continental,strict alias; other words: lumber
201612712M,CONTINENTAL MARITIME PTE. LTD.,Local Company,52227,Continental,continental,strict alias; other words: maritime
200508979E,CONTINENTAL MEDICAL HOLDINGS PRIVATE LIMITED,Local Company,66299,Continental,continental,strict alias; other words: medical
202309765Z,CONTINENTAL OCEAN GROUP PTE. LTD.,Local Company,46900,Continental,continental,strict alias; other words: ocean
201510658W,CONTINENTAL PALMS PTE. LTD.,Local Company,46900,Continental,continental,strict alias; other words: palms
200812327D,CONTINENTAL PETROCHEM PTE. LTD.,Local Company,46900,Continental,continental,strict alias; other words: petrochem
199904744W,CONTINENTAL PETROCHEMICALS (SINGAPORE) PTE LTD,Local Company,82999,Continental,continental,strict alias; other words: petrochemicals
201318173Z,CONTINENTAL PROPERTIES INVESTMENT PTE. LTD.,Local Company,64202,Continental,continental,strict alias; other words: properties
198400162E,CONTINENTAL REALTY PTE LTD,Local Company,68201,Continental,continental,strict alias; other words: realty
202241090Z,CONTINENTAL RESOURCES PTE. LTD.,Local Company,64202,Continental,continental,strict alias; other words: resources
201803145C,CONTINENTAL SHIPBROKERS PTE. LTD.,Local Company,52227,Continental,continental,strict alias; other words: shipbrokers
201734459H,CONTINENTAL SHIPPING AND CONSULTING PTE. LTD.,Local Company,52292,Continental,continental,strict alias; other words: consulting shipping
200503770R,CONTINENTAL SHIPPING LINE PTE. LTD.,Local Company,50021,Continental,continental,strict alias; other words: line shipping
202506647Z,CONTINENTAL SPICE PTE. LTD.,Local Company,56111,Continental,continental,strict alias; other words: spice
202508144G,CONTINENTAL STAR ASSETS HOLDING PTE. LTD.,Local Company,64202,Continental,continental,strict alias; other words: assets star
200812572C,CONTINENTAL STEEL (JAKARTA I) PTE. LTD.,Local Company,64202,Continental,continental,strict alias; other words: i jakarta steel
200812574D,CONTINENTAL STEEL (JAKARTA II) PTE. LTD.,Local Company,64202,Continental,continental,strict alias; other words: ii jakarta steel
200812569E,CONTINENTAL STEEL INTERNATIONAL PTE. LTD.,Local Company,64202,Continental,continental,strict alias; other words: steel
200819626K,CONTINENTAL STEEL PROJECTS PTE. LTD.,Local Company,41001,Continental,continental,strict alias; other words: projects steel
198201467M,CONTINENTAL STEEL PTE LTD,Local Company,46639,Continental,continental,strict alias; other words: steel
201009679E,CONTINENTAL TIRES HOLDING SINGAPORE PTE. LTD.,Local Company,46221,Continental,continental,strict alias; other words: tires
200917468E,CONTINENTAL TRADERS PTE. LTD.,Local Company,46900,Continental,continental,strict alias; other words: traders
202112414W,CONTINENTAL TRANSPORTATION SERVICES PTE. LTD.,Local Company,50021,Continental,continental,strict alias; other words: transportation
201105240H,CONTINENTAL TRAVEL SINGAPORE PTE. LTD.,Local Company,79101,Continental,continental,strict alias; other words: travel
202139279K,CONTINENTAL VISION FAMILY OFFICE PTE. LTD.,Local Company,70201,Continental,continental,strict alias; other words: family vision
202139274R,CONTINENTAL VISION MANAGEMENT PTE. LTD.,Local Company,64202,Continental,continental,strict alias; other words: vision
202622971K,COREBRIDGE ACCOUNTING SOLUTIONS PTE. LTD.,Local Company,70209,Corebridge Financial,corebridge,strict alias; other words: accounting
202500579G,CORNING HOME TEXTILES PTE. LTD.,Local Company,46411,Corning,corning,strict alias; other words: home textiles
T20FC0080B,CORNING HUNGARY KFT. Singapore Branch,Foreign Company Branch,63119,Corning,corning,strict alias; other words: hungary kft
200207203C,CORTEVA AGRISCIENCE (SINGAPORE) PTE. LTD.,Local Company,70201,Corteva,corteva,strict alias; other words: agriscience
202611308R,COSTCO COMMERCIAL RETAIL INVESTMENT (ASIA) PTE. LTD.,Local Company,46303,Costco,costco,strict alias; other words: commercial
201000252W,CUMMINS DKSH (SINGAPORE) PTE. LTD.,Local Company,46900,Cummins,cummins,strict alias; other words: dksh
197700157M,CUMMINS GENERATOR TECHNOLOGIES SINGAPORE PTE. LTD.,Local Company,46541,Cummins,cummins,strict alias; other words: generator
197902980K,CUMMINS POWER GENERATION (S) PTE LTD,Local Company,27102,Cummins,cummins,strict alias; other words: generation power s
201405686N,DHL BUILDERS PTE. LTD.,Local Company,41009,DHL Group,dhl,strict alias; other words: builders
197700524Z,DHL EXPRESS (SINGAPORE) PTE. LTD.,Local Company,53200,DHL Group,dhl,strict alias; other words: express
197000723M,DHL GLOBAL FORWARDING (SINGAPORE) PTE. LTD.,Local Company,52292,DHL Group,dhl,strict alias; other words: forwarding
199408226H,DHL GLOBAL FORWARDING MANAGEMENT (ASIA PACIFIC) PTE. LTD.,Local Company,64202,DHL Group,dhl,strict alias; other words: forwarding
199805868N,DHL SUPPLY CHAIN SINGAPORE PTE. LTD.,Local Company,52101,DHL Group,dhl,strict alias; other words: chain supply
199906298E,DLF ENGINEERING PTE LTD,Local Company,43220,DLF,dlf,strict alias; other words: engineering
T04FC6486A,DNB BANK ASA Singapore Branch,Foreign Company Branch,64130,DNB,dnb,strict alias; other words: asa bank
202426092N,DNB TRAVEL PTE. LTD.,Local Company,49212,DNB,dnb,strict alias; other words: travel
202552208G,DNB XOUND PRIVATE LIMITED,Local Company,82303,DNB,dnb,strict alias; other words: xound
197702167W,DSV AIR & SEA SINGAPORE PTE. LTD.,Local Company,52292,DSV,dsv,strict alias; other words: air sea
202025750M,DSV CONSULTANCY AND MARINE SERVICES PTE. LTD.,Local Company,70206,DSV,dsv,strict alias; other words: consultancy marine
197000914Z,DSV CONTRACT LOGISTICS PTE. LTD.,Local Company,52101,DSV,dsv,strict alias; other words: contract logistics
201305691H,DSV INVENTORY MANAGEMENT SOLUTIONS PTE. LTD.,Local Company,82999,DSV,dsv,strict alias; other words: inventory
199305401E,DSV ROAD PTE. LTD.,Local Company,49231,DSV,dsv,strict alias; other words: road
202215293M,DSV SINGAPORE REAL ESTATE HOLDING PTE. LTD.,Local Company,64202,DSV,dsv,strict alias; other words: estate real
201400240W,DWS ADVERTISING PTE. LTD.,Local Company,43301,DWS Group,dws,strict alias; other words: advertising
196800607Z,DAIKIN AIRCONDITIONING (SINGAPORE) PTE. LTD.,Local Company,46435,Daikin,daikin,strict alias; other words: airconditioning
199705607N,DAIKIN ASIA SERVICING PTE LTD,Local Company,46543,Daikin,daikin,strict alias; other words: servicing
T18FC0107F,"DAIKIN MR ENGINEERING CO., LTD. Singapore Branch",Foreign Company Branch,46543,Daikin,daikin,strict alias; other words: engineering mr
202112042R,DELL FINANCIAL SERVICES PTE. LTD.,Local Company,64999,Dell,dell,strict alias; other words: financial
T04FC6571G,DELL GLOBAL B.V. (Singapore Branch),Foreign Company Branch,46511,Dell,dell,strict alias; other words: b v
202557090G,DELL LOGISTICS & TRANS PRIVATE LIMITED,Local Company,52101,Dell,dell,strict alias; other words: logistics trans
201626913R,DENSO INSURANCE AGENCY PTE. LTD.,Local Company,65124,Denso,denso,strict alias; other words: agency insurance
200913729D,DENSO SWITCHGEAR PTE. LTD.,Local Company,30110,Denso,denso,strict alias; other words: switchgear
201608456D,DENSO WAVE SINGAPORE PTE. LTD.,Local Company,72102,Denso,denso,strict alias; other words: wave
202144586K,DIDI AUTO PTE. LTD.,Local Company,47311,DiDi,didi,strict alias; other words: auto
200407744D,DIDI GARAGE PTE. LTD.,Local Company,95301,DiDi,didi,strict alias; other words: garage
202200241G,DIDI JET PTE. LTD.,Local Company,51005,DiDi,didi,strict alias; other words: jet
202112605E,DIDI LIFESTYLE PTE. LTD.,Local Company,46562,DiDi,didi,strict alias; other words: lifestyle
201734804H,DIDI MOBILITY INFORMATION TECHNOLOGY PTE. LTD.,Local Company,63909,DiDi,didi,strict alias; other words: information mobility
201630407N,DIDI MOBILITY PTE. LTD.,Local Company,64202,DiDi,didi,strict alias; other words: mobility
202444917C,DIDI OPTIMAL SELECTION PTE. LTD.,Local Company,46439,DiDi,didi,strict alias; other words: optimal selection
201922918R,DIDI TAXI PTE. LTD.,Local Company,58202,DiDi,didi,strict alias; other words: taxi
202534620Z,DIDI VOLT ENERGY HOLDINGS PTE. LTD.,Local Company,64202,DiDi,didi,strict alias; other words: energy volt
202534632N,DIDI VOLT ENERGY PTE. LTD.,Local Company,62090,DiDi,didi,strict alias; other words: energy volt
197700388K,DIOR GARMENTS MANUFACTURER PTE. LTD.,Local Company,14101,Dior,dior,strict alias; other words: garments manufacturer
202035531G,DOORDASH EXPRESS PTE. LTD.,Local Company,53200,DoorDash,doordash,strict alias; other words: express
200717686K,DOOSAN BOBCAT SINGAPORE PTE. LTD.,Local Company,64202,Doosan,doosan,strict alias; other words: bobcat
199703304E,DOOSAN ELECTRO-MATERIALS SINGAPORE PTE LTD,Local Company,46900,Doosan,doosan,strict alias; other words: electro materials
202040675M,DOW CAPITAL ASIAN(SINGAPORE) PTE. LTD.,Local Company,64202,Dow,dow,strict alias; other words: capital
199206043M,DOW CHEMICAL PACIFIC (SINGAPORE) PRIVATE LIMITED,Local Company,46643,Dow,dow,strict alias; other words: chemical
201427927C,DOW CHEMICAL SINGAPORE HOLDINGS PTE. LTD.,Local Company,64202,Dow,dow,strict alias; other words: chemical
202530729G,DOW DETAILING PTE. LTD.,Local Company,95302,Dow,dow,strict alias; other words: detailing
S98FC5576F,DOW FINANCIAL SERVICES INC.,Foreign Company Branch,64994,Dow,dow,strict alias; other words: financial
197402318D,DOW FLORA (S) PTE LIMITED,Local Company,1149,Dow,dow,strict alias; other words: flora s
199902603H,DOW JONES & COMPANY (SINGAPORE) PTE LTD,Local Company,61020,Dow,dow,strict alias; other words: jones
S94FC4845A,"DOW JONES AER COMPANY, INC. (Singapore Branch)",Foreign Company Branch,61020,Dow,dow,strict alias; other words: aer jones
200406447R,DOW SILOXANE (ZHANGJIAGANG) HOLDING CO. PRIVATE LTD.,Local Company,64202,Dow,dow,strict alias; other words: siloxane zhangjiagang
201720326Z,EDP COMMERCIAL ASSETS PTE. LTD.,Local Company,71123,EDP Group,edp,strict alias; other words: assets commercial
201007275K,EDP CONSULTANTS PTE. LTD.,Local Company,71121,EDP Group,edp,strict alias; other words: consultants
201438174K,EDP ENERGY PTE. LTD.,Local Company,71123,EDP Group,edp,strict alias; other words: energy
201820678M,EDP ENGINEERING PTE. LTD.,Local Company,71123,EDP Group,edp,strict alias; other words: engineering
201107952W,EDP LEASING PTE. LTD.,Local Company,71123,EDP Group,edp,strict alias; other words: leasing
201943662D,EDP SOLARLAND ALPHA ASSETS PTE. LTD.,Local Company,71123,EDP Group,edp,strict alias; other words: alpha assets solarland
201717992H,EDP SOLARNOVA 1 PTE. LTD.,Local Company,71123,EDP Group,edp,strict alias; other words: 1 solarnova
201943656N,EDP SOLARNOVA 4 BETA ASSETS PTE. LTD.,Local Company,71123,EDP Group,edp,strict alias; other words: 4 assets beta solarnova
201943636H,EDP SOLARNOVA 8 PTE. LTD.,Local Company,71123,EDP Group,edp,strict alias; other words: 8 solarnova
T26FC0012L,ENEOS DRILLING LIMITED Singapore Branch,Foreign Company Branch,82999,ENEOS Holdings,eneos,strict alias; other words: drilling
T16FC0033C,ENEOS GLOBE CORPORATION Singapore Branch,Foreign Company Branch,46900,ENEOS Holdings,eneos,strict alias; other words: globe
198901244K,ENEOS ITALSING PTE. LTD.,Local Company,19202,ENEOS Holdings,eneos,strict alias; other words: italsing
198002693E,ENEOS OIL & ENERGY ASIA PTE. LTD.,Local Company,46610,ENEOS Holdings,eneos,strict alias; other words: energy oil
202110759N,ENGIE DCS PTE. LTD.,Local Company,35300,ENGIE,engie,strict alias; other words: dcs
201907856R,ENGIE ENERGY MARKETING SINGAPORE PTE. LTD.,Local Company,46100,ENGIE,engie,strict alias; other words: energy
T10FC0052J,ENGIE GLOBAL MARKETS  Singapore Branch,Foreign Company Branch,66124,ENGIE,engie,strict alias; other words: markets
200408702G,ENGIE ITS  PTE. LTD.,Local Company,95110,ENGIE,engie,strict alias; other words: its
201527867C,ENGIE LAB SINGAPORE PTE. LTD.,Local Company,74904,ENGIE,engie,strict alias; other words: lab
199200746H,ENGIE PROPERTY SERVICES PTE. LTD.,Local Company,70201,ENGIE,engie,strict alias; other words: property
200105444R,ENGIE RCS PTE. LTD.,Local Company,43299,ENGIE,engie,strict alias; other words: rcs
202450973G,ENGIE RENEWABLE PHILIPPINES PTE. LTD.,Local Company,64202,ENGIE,engie,strict alias; other words: philippines renewable
201924287E,ENGIE RENEWABLE SEA PTE. LTD.,Local Company,64202,ENGIE,engie,strict alias; other words: renewable sea
202350180G,ENI AUTOMATION PTE. LTD.,Local Company,71129,ENI,eni,strict alias; other words: automation
200708861W,ENI CONSULTANCY PTE. LTD.,Local Company,70201,ENI,eni,strict alias; other words: consultancy
T22FC0017D,"ENI ENERGY (SHANGHAI) CO., LTD. (Singapore Branch)",Foreign Company Branch,46610,ENI,eni,strict alias; other words: energy shanghai
T20FC0076F,ENI GLOBAL ENERGY MARKETS S.P.A. Singapore Branch,Foreign Company Branch,46900,ENI,eni,strict alias; other words: a energy markets p s
202607650R,ENI NEXUS ASIA PTE. LTD.,Local Company,62011,ENI,eni,strict alias; other words: nexus
T20FC0077B,ENI TRADE & BIOFUELS S.P.A. Singapore Branch,Foreign Company Branch,46610,ENI,eni,strict alias; other words: a biofuels p s trade
202130053D,EQT EXETER CHINA GUAN VENTURES PTE. LTD.,Local Company,64202,EQT,eqt,strict alias; other words: china exeter guan
202217522H,EQT EXETER CHINA VENTURES 2 PTE. LTD.,Local Company,64202,EQT,eqt,strict alias; other words: 2 china exeter
202324601Z,EQT EXETER CHINA VENTURES 3 PTE. LTD.,Local Company,64202,EQT,eqt,strict alias; other words: 3 china exeter
201942898Z,EQT INFRA IV SG PTE. LTD.,Local Company,71123,EQT,eqt,strict alias; other words: infra iv
202126867R,EQT INFRASTRUCTURE V INVESTMENTS SINGAPORE PTE. LTD.,Local Company,64202,EQT,eqt,strict alias; other words: infrastructure v
202231714E,EQT INFRASTRUCTURE VI INVESTMENTS SINGAPORE PTE. LTD.,Local Company,64202,EQT,eqt,strict alias; other words: infrastructure vi
200004783Z,EQT PARTNERS ASIA PTE. LTD.,Local Company,66309,EQT,eqt,strict alias; other words: partners
202036176K,EQT YARD PTE. LTD.,Local Company,63901,EQT,eqt,strict alias; other words: yard
202130053D,EQT EXETER CHINA GUAN VENTURES PTE. LTD.,Local Company,64202,EQT Corporation,eqt,strict alias; other words: china exeter guan
202217522H,EQT EXETER CHINA VENTURES 2 PTE. LTD.,Local Company,64202,EQT Corporation,eqt,strict alias; other words: 2 china exeter
202324601Z,EQT EXETER CHINA VENTURES 3 PTE. LTD.,Local Company,64202,EQT Corporation,eqt,strict alias; other words: 3 china exeter
201942898Z,EQT INFRA IV SG PTE. LTD.,Local Company,71123,EQT Corporation,eqt,strict alias; other words: infra iv
202126867R,EQT INFRASTRUCTURE V INVESTMENTS SINGAPORE PTE. LTD.,Local Company,64202,EQT Corporation,eqt,strict alias; other words: infrastructure v
202231714E,EQT INFRASTRUCTURE VI INVESTMENTS SINGAPORE PTE. LTD.,Local Company,64202,EQT Corporation,eqt,strict alias; other words: infrastructure vi
200004783Z,EQT PARTNERS ASIA PTE. LTD.,Local Company,66309,EQT Corporation,eqt,strict alias; other words: partners
202036176K,EQT YARD PTE. LTD.,Local Company,63901,EQT Corporation,eqt,strict alias; other words: yard
202229385Z,EY BAKERY & BALLOONS PTE. LTD.,Local Company,10712,EY,ey,strict alias; other words: bakery balloons
202220343Z,EY CAR LEASING PTE. LTD.,Local Company,77101,EY,ey,strict alias; other words: car leasing
201911025K,EY CORPORATE ADVISORS PTE. LTD.,Local Company,70209,EY,ey,strict alias; other words: advisors corporate
200003326C,EY CORPORATE SERVICES PTE. LTD.,Local Company,70201,EY,ey,strict alias; other words: corporate
202343081N,EY HAYDN SHIPPING PTE. LTD.,Local Company,50021,EY,ey,strict alias; other words: haydn shipping
202344744N,EY INTERIOR DESIGN PTE. LTD.,Local Company,31001,EY,ey,strict alias; other words: design interior
201632009K,EATON 8 PTE. LTD.,Local Company,64202,Eaton,eaton,strict alias; other words: 8
199506353Z,EATON ELECTRIC (SINGAPORE) PTE. LTD.,Local Company,46900,Eaton,eaton,strict alias; other words: electric
199700376G,EATON INDUSTRIES PTE. LTD.,Local Company,28199,Eaton,eaton,strict alias; other words: industries
202300051N,EDISON CAPITALS PTE. LTD.,Local Company,66301,Edison International,edison,strict alias; other words: capitals
202331151Z,EDISON CAR RENTAL PTE. LTD.,Local Company,77101,Edison International,edison,strict alias; other words: car rental
202504665K,EDISON ELECTRICAL WORKS PTE. LTD.,Local Company,43210,Edison International,edison,strict alias; other words: electrical works
199305287D,EDISON ELECTRONICS PTE LTD,Local Company,47535,Edison International,edison,strict alias; other words: electronics
202314135K,EDISON INDUSTRIAL PTE. LTD.,Local Company,46900,Edison International,edison,strict alias; other words: industrial
202423019Z,EDISON LAB PTE. LTD.,Local Company,62021,Edison International,edison,strict alias; other words: lab
202341415N,EDISON TEK PTE. LTD.,Local Company,46900,Edison International,edison,strict alias; other words: tek
198103652D,EMERSON AUTOMATION SOLUTIONS FINAL CONTROL SINGAPORE PTE. LTD.,Local Company,71122,Emerson,emerson,strict alias; other words: automation control final
199608430M,EMERSON AUTOMATION SOLUTIONS INTELLIGENT PLATFORMS ASIA PACIFIC PTE. LTD.,Local Company,46511,Emerson,emerson,strict alias; other words: automation intelligent platforms
202425402C,EMERSON ELECTRONICS PTE. LTD.,Local Company,46436,Emerson,emerson,strict alias; other words: electronics
201612120R,EMERSON REAL ESTATE PTE. LTD.,Local Company,70209,Emerson,emerson,strict alias; other words: estate real
T18FC0050B,ENEL GLOBAL TRADING S.P.A. Singapore Branch,Foreign Company Branch,66124,Enel,enel,strict alias; other words: a p s
202427465D,ENTEGRIS PACIFIC II PTE. LTD.,Local Company,64202,Entegris,entegris,strict alias; other words: ii
202636805N,ENTEGRIS PACIFIC IV PTE. LTD.,Local Company,64202,Entegris,entegris,strict alias; other words: iv
202135768N,EPIROC SINGAPORE DISTRIBUTION PTE. LTD.,Local Company,71129,Epiroc,epiroc,strict alias; other words: distribution
201935497C,EQUINIX (APAC) HYPERSCALE SERVICES PTE. LTD.,Local Company,66301,Equinix,equinix,strict alias; other words: hyperscale
202505249G,EQUINIX (JH3) HOLDING PTE. LTD.,Local Company,64202,Equinix,equinix,strict alias; other words: jh3
201510341E,EQUINIX (SINGAPORE) ENTERPRISES PTE. LTD.,Local Company,61010,Equinix,equinix,strict alias; other words: enterprises
202000530Z,EQUINIX APAC 1 HYPERSCALE HOLDINGS 1 PTE. LTD.,Local Company,64202,Equinix,equinix,strict alias; other words: 1 hyperscale
202000532C,EQUINIX APAC 1 HYPERSCALE HOLDINGS 2 PTE. LTD.,Local Company,64202,Equinix,equinix,strict alias; other words: 1 2 hyperscale
201943307W,EQUINIX APAC 1 HYPERSCALE HOLDINGS PTE. LTD.,Local Company,64202,Equinix,equinix,strict alias; other words: 1 hyperscale
202109327E,EQUINIX APAC HYPERSCALE 2 (GP) PTE. LTD.,Local Company,64202,Equinix,equinix,strict alias; other words: 2 gp hyperscale
202124568K,EQUINIX APAC HYPERSCALE 2 HOLDINGS 1 PTE. LTD.,Local Company,64202,Equinix,equinix,strict alias; other words: 1 2 hyperscale
202124612R,EQUINIX APAC HYPERSCALE 2 HOLDINGS 2 PTE. LTD.,Local Company,64202,Equinix,equinix,strict alias; other words: 2 hyperscale
202202407D,EQUINIX APAC HYPERSCALE 3 (GP) PTE. LTD.,Local Company,64202,Equinix,equinix,strict alias; other words: 3 gp hyperscale
202500675W,EQUINIX ASIA FINANCING CORPORATION PTE. LTD.,Local Company,64202,Equinix,equinix,strict alias; other words: financing
202143395G,"EQUINIX COLOMBIA, INC. PTE. LTD.",Local Company,61020,Equinix,equinix,strict alias; other words: colombia
201935492G,EQUINIX HYPERSCALE (GP) PTE. LTD.,Local Company,64202,Equinix,equinix,strict alias; other words: gp hyperscale
202616486M,EQUINIX LAW LLC,Local Company,69101,Equinix,equinix,strict alias; other words: law llc
202331586K,EQUITABLE HOSPITALITY PTE. LTD.,Local Company,70203,Equitable Holdings,equitable,strict alias; other words: hospitality
202010637H,ERICSSON ENTERPRISE WIRELESS SOLUTIONS SINGAPORE PTE. LTD.,Local Company,26302,Ericsson,ericsson,strict alias; other words: enterprise wireless
198600337W,ERICSSON TELECOMMUNICATIONS PTE LTD,Local Company,61010,Ericsson,ericsson,strict alias; other words: telecommunications
201815500E,EURONEXT MARKETS SINGAPORE PTE. LTD.,Local Company,64999,Euronext,euronext,strict alias; other words: markets
201816206D,EVERPURE CONSULTING PTE. LTD.,Local Company,70102,Everpure,everpure,strict alias; other words: consulting
202546804W,EVERPURE WATER PTE. LTD.,Local Company,11041,Everpure,everpure,strict alias; other words: water
202329449K,FEMSA CONSULTANCY SERVICES PTE. LIMITED,Local Company,70201,FEMSA,femsa,strict alias; other words: consultancy
202233317M,FICO RESTAURANT PTE. LTD.,Local Company,56111,Fair Isaac,fico,strict alias; other words: restaurant
201322467N,FAIRFAX EQUITY INVESTMENTS PTE. LTD.,Local Company,64202,Fairfax Financial,fairfax,strict alias; other words: equity
202341441H,FAIRFAX MEDIA PRODUCTION PRIVATE LIMITED,Local Company,62011,Fairfax Financial,fairfax,strict alias; other words: media production
201304600G,FERRARI FAR EAST PTE. LTD.,Local Company,70209,Ferrari,ferrari,strict alias; other words: far
200108225C,FERRARI FOOD+WINE PTE. LTD.,Local Company,46307,Ferrari,ferrari,strict alias; other words: food wine
199902072Z,FERRARI IDEA PTE LTD,Local Company,47711,Ferrari,ferrari,strict alias; other words: idea
200412461H,FERRARI LOGISTICS SINGAPORE PTE. LTD.,Local Company,52292,Ferrari,ferrari,strict alias; other words: logistics
199902090D,FERRARI MOTOR CARS PTE LTD,Local Company,47311,Ferrari,ferrari,strict alias; other words: cars motor
201523188K,FIS BUSINESS SERVICES PTE. LTD.,Local Company,70201,Fidelity National Information Services,fis,strict alias; other words: business
202306254N,FIS CLOUDS INNOVATIONS PTE. LTD.,Local Company,62021,Fidelity National Information Services,fis,strict alias; other words: clouds innovations
201501683Z,FIS DERIVATIVES UTILITY SERVICES (SINGAPORE) PTE. LTD.,Local Company,62021,Fidelity National Information Services,fis,strict alias; other words: derivatives utility
201201245C,FIS EDUCATION CENTRE PTE. LTD.,Local Company,85609,Fidelity National Information Services,fis,strict alias; other words: education
201812448Z,FIRST (48) EATING HOUSE PTE. LTD.,Local Company,56122,First Financial Holding,first,strict alias; other words: 48 eating house
202029306C,FIRST 4 MARKETING AGENCY PTE. LTD.,Local Company,46900,First Financial Holding,first,strict alias; other words: 4 agency
199902307H,FIRST ACCESS INTERNATIONAL PTE LTD,Local Company,43292,First Financial Holding,first,strict alias; other words: access
202451450M,FIRST ACCOYA PTE. LTD.,Local Company,64202,First Financial Holding,first,strict alias; other words: accoya
201508417Z,FIRST ACT HOLDINGS PTE. LTD.,Local Company,70201,First Financial Holding,first,strict alias; other words: act
200409817E,FIRST ADVANTAGE PTE. LTD.,Local Company,70204,First Financial Holding,first,strict alias; other words: advantage
201804415D,FIRST ADVISER PTE. LTD.,Local Company,82303,First Financial Holding,first,strict alias; other words: adviser
200508075K,FIRST ADVISORY MANAGEMENT SERVICES (SINGAPORE) PTE. LTD.,Local Company,70201,First Financial Holding,first,strict alias; other words: advisory
202412276W,FIRST ADVISORY PTE. LTD.,Local Company,70201,First Financial Holding,first,strict alias; other words: advisory
200414024E,FIRST ADVISORY TRUST (SINGAPORE) LIMITED,Local Company,66191,First Financial Holding,first,strict alias; other words: advisory trust
202040326R,FIRST AGENCY SOLUTIONS PTE. LTD.,Local Company,82302,First Financial Holding,first,strict alias; other words: agency
202243447D,FIRST AI SOLUTION PTE. LTD.,Local Company,62021,First Financial Holding,first,strict alias; other words: ai solution
202333259N,FIRST AI TECHNOLOGY PTE. LTD.,Local Company,46900,First Financial Holding,first,strict alias; other words: ai
201916284G,FIRST AID EXPERTS PTE. LTD.,Local Company,85509,First Financial Holding,first,strict alias; other words: aid experts
197600953C,FIRST AID SUPPLIES PTE LTD,Local Company,32502,First Financial Holding,first,strict alias; other words: aid supplies
201013747Z,FIRST AID TUITION PTE. LTD.,Local Company,86904,First Financial Holding,first,strict alias; other words: aid tuition
199001303R,FIRST AIR CONDITIONING AND ELECTRICAL ENGINEERING PTE LTD,Local Company,43220,First Financial Holding,first,strict alias; other words: air conditioning electrical engineering
202613608M,FIRST AIRCON PTE. LTD.,Local Company,43220,First Financial Holding,first,strict alias; other words: aircon
201830038M,FIRST ALLIANCE MANAGEMENT CONSULTANTS PTE. LTD.,Local Company,85609,First Financial Holding,first,strict alias; other words: alliance consultants
201605974K,FIRST ALLIANCE MANAGEMENT PTE. LTD.,Local Company,69202,First Financial Holding,first,strict alias; other words: alliance
200507785H,FIRST ALVERSTONE PARTNERS PTE. LTD.,Local Company,70201,First Financial Holding,first,strict alias; other words: alverstone partners
201622184N,FIRST AMBULANCE AND HEALTHCARE PTE. LTD.,Local Company,86903,First Financial Holding,first,strict alias; other words: ambulance healthcare
202111586G,FIRST ANSWER PTE. LTD.,Local Company,62011,First Financial Holding,first,strict alias; other words: answer
202306304E,FIRST ARC CAPITAL HOLDINGS PTE. LTD.,Local Company,64202,First Financial Holding,first,strict alias; other words: arc capital
202216603M,FIRST ARC CAPITAL MANAGEMENT PTE. LTD.,Local Company,70201,First Financial Holding,first,strict alias; other words: arc capital
202306309Z,FIRST ARC CAPITAL PTE. LTD.,Local Company,70209,First Financial Holding,first,strict alias; other words: arc capital
202242722K,FIRST ARCHER PTE. LTD.,Local Company,70201,First Financial Holding,first,strict alias; other words: archer
202200358K,FIRST ARK FAMILY OFFICE PTE. LTD.,Local Company,70201,First Financial Holding,first,strict alias; other words: ark family
202340764N,FIRST ARK PTE. LTD.,Local Company,68101,First Financial Holding,first,strict alias; other words: ark
201313182Z,FIRST ASIA WORLD PTE. LTD.,Local Company,46900,First Financial Holding,first,strict alias; other words: world
200401579H,FIRST ASIACLEAN PTE. LTD.,Local Company,81211,First Financial Holding,first,strict alias; other words: asiaclean
202536072K,FIRST ASSURANCE PARTNERS PAC,Local Company,69201,First Financial Holding,first,strict alias; other words: assurance pac partners
202438026Z,FIRST ATLANTIC PTE. LTD.,Local Company,68101,First Financial Holding,first,strict alias; other words: atlantic
200412028R,FIRST AURORA PTE. LTD.,Local Company,62021,First Financial Holding,first,strict alias; other words: aurora
201509301D,FIRST AUTO LIMOUSINE PTE. LTD.,Local Company,77101,First Financial Holding,first,strict alias; other words: auto limousine
201912266W,FIRST AUTO PTE. LTD.,Local Company,77109,First Financial Holding,first,strict alias; other words: auto
202431492H,FIRST AUTOMOBILE SERVICES PTE. LTD.,Local Company,95301,First Financial Holding,first,strict alias; other words: automobile
201524353D,FIRST AVENUE DENTAL SURGERY PTE. LTD.,Local Company,86204,First Financial Holding,first,strict alias; other words: avenue dental surgery
200601573K,FIRST AVENUE HOLDINGS PTE. LTD.,Local Company,64202,First Financial Holding,first,strict alias; other words: avenue
202225208K,FIRST AVENUE INTERIORS (SG) PTE. LTD.,Local Company,41001,First Financial Holding,first,strict alias; other words: avenue interiors
202625837Z,FIRST AVENUE VENTURES PTE. LTD.,Local Company,64202,First Financial Holding,first,strict alias; other words: avenue
199902760G,FIRST BALMORAL DEVELOPMENT PTE LTD,Local Company,68101,First Financial Holding,first,strict alias; other words: balmoral
202417983C,FIRST BEAN PTE. LTD.,Local Company,46900,First Financial Holding,first,strict alias; other words: bean
201824737K,FIRST BEGINNING PTE. LTD.,Local Company,70201,First Financial Holding,first,strict alias; other words: beginning
202035312D,FIRST BEST BUY PTE. LTD.,Local Company,47711,First Financial Holding,first,strict alias; other words: best buy
202026409Z,FIRST BEVERAGE INTERNATIONAL PTE. LTD.,Local Company,64202,First Financial Holding,first,strict alias; other words: beverage
200618006N,FIRST BOARD CORPORATE ADVISORY PTE. LTD.,Local Company,70209,First Financial Holding,first,strict alias; other words: advisory board corporate
199906260Z,FIRST BOSTON PROPERTY CONSULTANTS PTE LTD,Local Company,68203,First Financial Holding,first,strict alias; other words: boston consultants property
202553201G,FIRST BOWL N2 PTE. LTD.,Local Company,56111,First Financial Holding,first,strict alias; other words: bowl n2
202519743W,FIRST BOWL SINGAPORE PTE. LTD.,Local Company,56111,First Financial Holding,first,strict alias; other words: bowl
202400766G,FIRST BREW PTE. LTD.,Local Company,56111,First Financial Holding,first,strict alias; other words: brew
200900771M,FIRST BRIDGE LEARNING PTE. LTD.,Local Company,85509,First Financial Holding,first,strict alias; other words: bridge learning
202618894N,FIRST BRIDGE PTE. LTD.,Local Company,68103,First Financial Holding,first,strict alias; other words: bridge
202118685E,FIRST BROOK VENTURES FAMILY OFFICE PTE. LTD.,Local Company,66306,First Financial Holding,first,strict alias; other words: brook family
202118706H,FIRST BROOK VENTURES HOLDING PTE. LTD.,Local Company,64202,First Financial Holding,first,strict alias; other words: brook
202537022D,FIRST BUILD AI PTE. LTD.,Local Company,62011,First Financial Holding,first,strict alias; other words: ai build
202310866R,FIRST BULKER VENTURE PTE. LTD.,Local Company,50021,First Financial Holding,first,strict alias; other words: bulker venture
201914813C,FIRST BUSINESS ADVISORY PTE. LTD.,Local Company,70201,First Financial Holding,first,strict alias; other words: advisory business
201605958H,FIRST BUSINESS NETWORK CONSULTING PTE. LTD.,Local Company,70201,First Financial Holding,first,strict alias; other words: business consulting
202400406G,FIRST BUSINESS SERVICES PTE. LTD.,Local Company,70201,First Financial Holding,first,strict alias; other words: business
201512918D,FIRST CANTON PTE. LTD.,Local Company,46900,First Financial Holding,first,strict alias; other words: canton
202318332M,FIRST CAPITAL ASIA CONSULTING & INVESTMENT PTE. LTD.,Local Company,70201,First Financial Holding,first,strict alias; other words: capital consulting
200811284R,FIRST CAPITAL EDUCATION PTE. LTD.,Local Company,85320,First Financial Holding,first,strict alias; other words: capital education
201814864M,FIRST CAPITAL GLOBAL MANAGEMENT PTE. LTD.,Local Company,66309,First Financial Holding,first,strict alias; other words: capital
201810825G,FIRST CAPITAL PTE. LTD.,Local Company,64202,First Financial Holding,first,strict alias; other words: capital
201202089D,FIRST CAPITAL VENTURE PTE. LTD.,Local Company,64202,First Financial Holding,first,strict alias; other words: capital venture
200502306W,FIRST CARBIDE PTE. LTD.,Local Company,46900,First Financial Holding,first,strict alias; other words: carbide
202614454Z,FIRST CARE EMPLOYMENT AGENCY PTE. LTD.,Local Company,78103,First Financial Holding,first,strict alias; other words: agency care employment
200104301C,FIRST CARE FAMILY CLINIC & SURGERY PTE. LTD.,Local Company,86201,First Financial Holding,first,strict alias; other words: care clinic family surgery
202310218G,FIRST CAREER RECRUITMENT PTE. LTD.,Local Company,78104,First Financial Holding,first,strict alias; other words: career recruitment
200921936W,FIRST CARMART MOTOR PTE. LTD.,Local Company,47311,First Financial Holding,first,strict alias; other words: carmart motor
202120560W,FIRST CATALYST PTE. LTD.,Local Company,66309,First Financial Holding,first,strict alias; other words: catalyst
200000791E,FIRST CENCON CORPORATION PTE LTD,Local Company,64202,First Financial Holding,first,strict alias; other words: cencon
198103996C,FIRST CENTURY DEVELOPMENT PTE LTD,Local Company,68101,First Financial Holding,first,strict alias; other words: century
201423653G,FIRST CENTURY REALTY NETWORK PTE. LTD.,Local Company,68201,First Financial Holding,first,strict alias; other words: century realty
201929996K,FIRST CHARGE CAPITAL PTE. LTD.,Local Company,64929,First Financial Holding,first,strict alias; other words: capital charge
202113295W,FIRST CHOICE AVENUE PTE. LTD.,Local Company,46301,First Financial Holding,first,strict alias; other words: avenue choice
201329680G,FIRST CHOICE ELECTRICAL PTE. LTD.,Local Company,43210,First Financial Holding,first,strict alias; other words: choice electrical
202349366E,FIRST CHOICE EMPLOYMENT AGENCY PTE. LTD.,Local Company,78104,First Financial Holding,first,strict alias; other words: agency choice employment
201619486R,FIRST CHOICE ENGINEERING & CONSTRUCTION PTE. LTD.,Local Company,41001,First Financial Holding,first,strict alias; other words: choice construction engineering
202503178G,FIRST CHOICE HUB PTE. LTD.,Local Company,70204,First Financial Holding,first,strict alias; other words: choice
202616982C,FIRST CHOICE LANDSCAPING PTE. LTD.,Local Company,81300,First Financial Holding,first,strict alias; other words: choice landscaping
200809094M,FIRST CHOICE PEST SPECIALIST PTE. LTD.,Local Company,81291,First Financial Holding,first,strict alias; other words: choice pest specialist
198904339R,FIRST CHOICE PROPERTIES PTE LTD,Local Company,68103,First Financial Holding,first,strict alias; other words: choice properties
201630173R,FIRST CHOICE PTE. LTD.,Local Company,46900,First Financial Holding,first,strict alias; other words: choice
202210287C,FIRST CHOICE RECRUITMENT AGENCY SINGAPORE PTE. LTD.,Local Company,78103,First Financial Holding,first,strict alias; other words: agency choice recruitment
202238920W,FIRST CHOICE SEAFOOD PTE. LTD.,Local Company,46302,First Financial Holding,first,strict alias; other words: choice seafood
202225321N,FIRST CHOICE SERVICES PTE. LTD.,Local Company,81211,First Financial Holding,first,strict alias; other words: choice
200308071Z,FIRST CHOICE SYSTEM ENGINEERING PTE. LTD.,Local Company,43210,First Financial Holding,first,strict alias; other words: choice engineering system
202441836M,FIRST CIRCLE FDG3 PTE. LTD.,Local Company,70201,First Financial Holding,first,strict alias; other words: circle fdg3
202024726D,FIRST CIRCLE SG PTE. LTD.,Local Company,64202,First Financial Holding,first,strict alias; other words: circle
202603271H,FIRST CIRCLE SOLAR PTE. LTD.,Local Company,64202,First Financial Holding,first,strict alias; other words: circle solar
199603747D,FIRST CITY LOGISTICS PTE LTD,Local Company,52219,First Financial Holding,first,strict alias; other words: city logistics
202008396D,FIRST CLASS AUTOMOTIVE PTE. LTD.,Local Company,95301,First Financial Holding,first,strict alias; other words: automotive class
202547729Z,FIRST CLASS BUSINESS MANAGEMENT PTE. LTD.,Local Company,70201,First Financial Holding,first,strict alias; other words: business class
202545707Z,FIRST CLASS CONNECTIONS PTE. LTD.,Local Company,49215,First Financial Holding,first,strict alias; other words: class connections
202603574E,FIRST CLASS EDUCATION PTE. LTD.,Local Company,85609,First Financial Holding,first,strict alias; other words: class education
201622096N,FIRST CLASS ENGINEERING WORKS PTE. LTD.,Local Company,42100,First Financial Holding,first,strict alias; other words: class engineering works
202613080Z,FIRST CLASS EXECUTIVE PTE. LTD.,Local Company,49214,First Financial Holding,first,strict alias; other words: class executive
202201112C,FIRST CLASS INTERIOR PTE. LTD.,Local Company,74191,First Financial Holding,first,strict alias; other words: class interior
201813598N,FIRST CLASS INTERNATIONAL PTE. LTD.,Local Company,46100,First Financial Holding,first,strict alias; other words: class
202425243N,FIRST CLASS LINES PTE. LTD.,Local Company,50021,First Financial Holding,first,strict alias; other words: class lines
202107250Z,FIRST CLASS PAO FAN PTE. LTD.,Local Company,56122,First Financial Holding,first,strict alias; other words: class fan pao
201829549W,FIRST CLASS PRODUCTS PTE. LTD.,Local Company,42100,First Financial Holding,first,strict alias; other words: class
201708254R,FIRST CLEAN AIR LR2 PTE. LTD.,Local Company,50021,First Financial Holding,first,strict alias; other words: air clean lr2
202620697E,FIRST CLEANING 1 PTE. LTD.,Local Company,81299,First Financial Holding,first,strict alias; other words: 1 cleaning
202321103Z,FIRST CLICK MEDIA GROUP PTE. LTD.,Local Company,63201,First Financial Holding,first,strict alias; other words: click media
201620279W,FIRST COFFEE SHOP PTE. LTD.,Local Company,56122,First Financial Holding,first,strict alias; other words: coffee shop
202617145D,FIRST COLLECTIVE PTE. LTD.,Local Company,46307,First Financial Holding,first,strict alias; other words: collective
199805151D,FIRST COMMERCE PTE. LTD.,Local Company,46900,First Financial Holding,first,strict alias; other words: commerce
S77FC2627F,"FIRST COMMERCIAL BANK, LTD.",Foreign Company Branch,64130,First Financial Holding,first,strict alias; other words: bank commercial
202523093Z,FIRST COMMERCIAL ENTERPRISE PTE. LTD.,Local Company,64202,First Financial Holding,first,strict alias; other words: commercial enterprise
201203684M,FIRST COMMERCIAL PTE. LTD.,Local Company,70201,First Financial Holding,first,strict alias; other words: commercial
200208426E,FIRST COMMUNICATIONS & SERVICES PTE. LTD.,Local Company,43210,First Financial Holding,first,strict alias; other words: communications
201609082R,FIRST CONCEPT PTE. LTD.,Local Company,82303,First Financial Holding,first,strict alias; other words: concept
201213137G,FIRST CONNEXIONS PTE. LTD.,Local Company,70201,First Financial Holding,first,strict alias; other words: connexions
202010646K,FIRST CONTACT LINK PTE. LTD.,Local Company,70209,First Financial Holding,first,strict alias; other words: contact link
202004216C,FIRST CONTACT SERVICES PTE. LTD.,Local Company,82199,First Financial Holding,first,strict alias; other words: contact
199902678M,FIRST CREATION PTE LTD,Local Company,46900,First Financial Holding,first,strict alias; other words: creation
200808067K,FIRST CUISINE FOOD INDUSTRIES PTE. LTD.,Local Company,56200,First Financial Holding,first,strict alias; other words: cuisine food industries
197901326R,FIRST CUSCADEN PTE. LTD.,Local Company,64202,First Financial Holding,first,strict alias; other words: cuscaden
202512669Z,FIRST DANCE PTE. LTD.,Local Company,85508,First Financial Holding,first,strict alias; other words: dance
201540861W,FIRST DANCE STUDIO PTE. LTD.,Local Company,85507,First Financial Holding,first,strict alias; other words: dance studio
202550898R,FIRST DAUGHTER PTE. LTD.,Local Company,52109,First Financial Holding,first,strict alias; other words: daughter
200810379R,FIRST DEFENSE SERVICES PTE. LTD.,Local Company,96099,First Financial Holding,first,strict alias; other words: defense
201110570G,FIRST DEGREE GLOBAL ASSET MANAGEMENT PTE. LTD.,Local Company,66309,First Financial Holding,first,strict alias; other words: asset degree
201322585M,FIRST DERIVATIVES PTE. LIMITED,Local Company,62021,First Financial Holding,first,strict alias; other words: derivatives
201025059D,FIRST DESIGN ASSOCIATES PTE. LTD.,Local Company,43301,First Financial Holding,first,strict alias; other words: associates design
201837274D,FIRST DIAMOND PTE. LTD.,Local Company,64202,First Financial Holding,first,strict alias; other words: diamond
202510177E,FIRST DIESEL PARTS PTE. LTD.,Local Company,46599,First Financial Holding,first,strict alias; other words: diesel parts
200006693K,FIRST DISTRIBUTION ENTERPRISE PTE LTD,Local Company,64202,First Financial Holding,first,strict alias; other words: distribution enterprise
201541183Z,FIRST DOT DESIGN (PRIVATE LIMITED),Local Company,41001,First Financial Holding,first,strict alias; other words: design dot
200006794R,FIRST DRAFT PTE. LTD.,Local Company,47610,First Financial Holding,first,strict alias; other words: draft
202031356M,FIRST EAGLE CAPITAL MANAGEMENT PTE. LTD.,Local Company,66306,First Financial Holding,first,strict alias; other words: capital eagle
201230855Z,FIRST EAST THREE PTE. LTD.,Local Company,68103,First Financial Holding,first,strict alias; other words: three
201230852G,FIRST EAST TWO PTE. LTD.,Local Company,68103,First Financial Holding,first,strict alias; other words: two
201722401G,FIRST EATING HOUSE PTE. LTD.,Local Company,56122,First Financial Holding,first,strict alias; other words: eating house
202141720H,FIRST ECO SOLUTIONS PTE. LTD.,Local Company,46900,First Financial Holding,first,strict alias; other words: eco
T06FC6848B,FIRST ECONOMIC VENTURES AND TECHNOLOGY GROUP LTD,Foreign Company Branch,64202,First Financial Holding,first,strict alias; other words: economic
200900300N,FIRST ECONOMICS PTE. LIMITED,Local Company,70201,First Financial Holding,first,strict alias; other words: economics
202621978K,FIRST ELECTRONICS PTE. LTD.,Local Company,70209,First Financial Holding,first,strict alias; other words: electronics
202000835W,FIRST ELEMENT ENGINEERING PTE. LTD.,Local Company,43210,First Financial Holding,first,strict alias; other words: element engineering
202415245W,FIRST ELITE PTE. LTD.,Local Company,64202,First Financial Holding,first,strict alias; other words: elite
199006007W,FIRST EMPORIUM & SUPERMARKET PTE LTD,Local Company,47101,First Financial Holding,first,strict alias; other words: emporium supermarket
201323193C,FIRST ENERGY (SINGAPORE) GROUP PTE. LTD.,Local Company,46900,First Financial Holding,first,strict alias; other words: energy
198004337C,FIRST ENGINEERING LIMITED,Local Company,46592,First Financial Holding,first,strict alias; other words: engineering
201009915H,FIRST ENGINEERING-ERWIN QUARDER PTE. LTD.,Local Company,22216,First Financial Holding,first,strict alias; other words: engineering erwin quarder
200914518G,FIRST ENGINEERS CONSULTANTS PTE. LTD.,Local Company,71121,First Financial Holding,first,strict alias; other words: consultants engineers
200904203W,FIRST ENTERPRIZE PTE. LTD.,Local Company,32909,First Financial Holding,first,strict alias; other words: enterprize
202037064W,FIRST ENTERTAINMENT SG PTE. LTD.,Local Company,85508,First Financial Holding,first,strict alias; other words: entertainment
199301288H,FIRST ENTREPRENEUR PTE LTD,Local Company,64202,First Financial Holding,first,strict alias; other words: entrepreneur
201505867M,FIRST ENVOY PTE. LTD.,Local Company,62011,First Financial Holding,first,strict alias; other words: envoy
202437804M,FIRST EQUITY CAPITAL PTE. LIMITED,Local Company,64202,First Financial Holding,first,strict alias; other words: capital equity
202104549Z,FIRST ESTATE CAPITAL MANAGEMENT PRIVATE LIMITED,Local Company,66302,First Financial Holding,first,strict alias; other words: capital estate
201422702K,FIRST EURASIAN MINING PTE. LTD.,Local Company,66301,First Financial Holding,first,strict alias; other words: eurasian mining
202230353K,FIRST EVERGREEN PTE. LTD.,Local Company,64202,First Financial Holding,first,strict alias; other words: evergreen
199204658N,FIRST EYEWEAR CENTRE PTE LTD,Local Company,47751,First Financial Holding,first,strict alias; other words: eyewear
199501425R,FIRST FILTER INTERNATIONAL PTE LTD,Local Company,25949,First Financial Holding,first,strict alias; other words: filter
202417376N,FIRST FIORE INVESTMENTS PTE. LTD.,Local Company,64202,First Financial Holding,first,strict alias; other words: fiore
202104598M,FIRST FIX CONSTRUCTION PTE. LTD.,Local Company,41001,First Financial Holding,first,strict alias; other words: construction fix
199501545R,FIRST FLIGHT SINGAPORE PTE LTD,Local Company,53200,First Financial Holding,first,strict alias; other words: flight
201840117H,FIRST FLNG HOLDINGS PTE. LTD.,Local Company,64202,First Financial Holding,first,strict alias; other words: flng
201930481C,FIRST FLNG SUB-FUND HOLDINGS PTE. LTD.,Local Company,64202,First Financial Holding,first,strict alias; other words: flng fund sub
202609783N,FIRST FLY ENTERPRISES PTE. LTD.,Local Company,46900,First Financial Holding,first,strict alias; other words: enterprises fly
201108175R,FIRST FOCUS PTE. LTD.,Local Company,68101,First Financial Holding,first,strict alias; other words: focus
202011991Z,FIRST FOLIO PTE. LTD.,Local Company,52226,First Financial Holding,first,strict alias; other words: folio
202311352D,FIRST FOOD COY PTE. LTD.,Local Company,56111,First Financial Holding,first,strict alias; other words: coy food
198700883N,FIRST FOOD INDUSTRIES PTE LTD,Local Company,46304,First Financial Holding,first,strict alias; other words: food industries
198104279D,FIRST FORM PTE LTD,Local Company,78103,First Financial Holding,first,strict alias; other words: form
200921186E,FIRST FORTUNA HOLDINGS PTE. LTD.,Local Company,64202,First Financial Holding,first,strict alias; other words: fortuna
202313615C,FIRST FREIGHT ENGINEERINGS PTE. LTD.,Local Company,52222,First Financial Holding,first,strict alias; other words: engineerings freight
202422114D,FIRST FRONTIER FOOD PTE. LTD.,Local Company,56111,First Financial Holding,first,strict alias; other words: food frontier
202005214R,FIRST FRONTIER HOLDINGS PTE. LTD.,Local Company,70201,First Financial Holding,first,strict alias; other words: frontier
201707019N,FIRST FRUIT HUB PTE. LTD.,Local Company,64202,First Financial Holding,first,strict alias; other words: fruit
202517900K,FIRST FRUITS CHIROPRACTIC PTE. LTD.,Local Company,86909,First Financial Holding,first,strict alias; other words: chiropractic fruits
202000279E,FIRST GAMES SINGAPORE PTE. LTD.,Local Company,63901,First Financial Holding,first,strict alias; other words: games
202308747Z,FIRST GARAGE PTE. LTD.,Local Company,95301,First Financial Holding,first,strict alias; other words: garage
202631900M,FIRST GATE INVESTMENT PTE. LTD.,Local Company,64202,First Financial Holding,first,strict alias; other words: gate
202333803M,FIRST GATHER INVESTMENT PTE. LTD.,Local Company,64202,First Financial Holding,first,strict alias; other words: gather
201838584R,FIRST GEM PTE. LTD.,Local Company,64202,First Financial Holding,first,strict alias; other words: gem
202232775H,FIRST GEN SINGAPORE PTE. LTD.,Local Company,35200,First Financial Holding,first,strict alias; other words: gen
200803625D,FIRST GLASS CONSTRUCTION PTE. LTD.,Local Company,43305,First Financial Holding,first,strict alias; other words: construction glass
201111785Z,FIRST GLASS PTE. LTD.,Local Company,43299,First Financial Holding,first,strict alias; other words: glass
201903089E,FIRST GLIMPSE PTE. LTD.,Local Company,47751,First Financial Holding,first,strict alias; other words: glimpse
202307645G,FIRST GLOBAL CAPITAL PTE. LTD.,Local Company,66192,First Financial Holding,first,strict alias; other words: capital
200800026W,FIRST GLOBAL DESIGN PTE. LTD.,Local Company,74191,First Financial Holding,first,strict alias; other words: design
200103026C,FIRST GLOBAL EXCHANGE PTE LTD,Local Company,70201,First Financial Holding,first,strict alias; other words: exchange
200914889K,FIRST GLOBAL WAREHOUSING PTE. LTD.,Local Company,52101,First Financial Holding,first,strict alias; other words: warehousing
201719969Z,FIRST GOLD HOLDINGS PTE. LTD.,Local Company,64202,First Financial Holding,first,strict alias; other words: gold
198103940M,FIRST GRADE AGENCY PTE LTD,Local Company,46100,First Financial Holding,first,strict alias; other words: agency grade
201833240R,FIRST GRADE STUDY EDUCATION PTE. LTD.,Local Company,85310,First Financial Holding,first,strict alias; other words: education grade study
200506824Z,FIRST GRAND INVESTMENT PTE. LTD.,Local Company,64202,First Financial Holding,first,strict alias; other words: grand
202545409W,FIRST GREEN PTE. LTD.,Local Company,70201,First Financial Holding,first,strict alias; other words: green
202122932M,FIRST GREENHILL LOGISTICS (SG) PTE. LTD.,Local Company,52292,First Financial Holding,first,strict alias; other words: greenhill logistics
201816349C,FIRST GRILL PTE. LTD.,Local Company,56111,First Financial Holding,first,strict alias; other words: grill
199505714C,FIRST GROWTH ASIA PTE LTD,Local Company,46307,First Financial Holding,first,strict alias; other words: growth
202042165Z,FIRST HABITAT PTE. LTD.,Local Company,68103,First Financial Holding,first,strict alias; other words: habitat
202625150G,FIRST HARBOR GLOBAL LOGISTICS PTE. LTD.,Local Company,52222,First Financial Holding,first,strict alias; other words: harbor logistics
201022311Z,FIRST HARVEST HOLDING PTE. LTD.,Local Company,64202,First Financial Holding,first,strict alias; other words: harvest
201621526C,FIRST HARVEST PTE. LTD.,Local Company,46301,First Financial Holding,first,strict alias; other words: harvest
201127964H,FIRST HEALTH PRODUCTS PTE. LTD.,Local Company,46900,First Financial Holding,first,strict alias; other words: health
200810030D,FIRST HIACE (S) PTE. LTD.,Local Company,64202,First Financial Holding,first,strict alias; other words: hiace s
201405759D,FIRST HIGH TECH PTE. LTD.,Local Company,71129,First Financial Holding,first,strict alias; other words: high
201005279C,FIRST HOPE PTE. LTD.,Local Company,56111,First Financial Holding,first,strict alias; other words: hope
202140436G,FIRST HR CONSULTANCY PTE. LTD.,Local Company,78104,First Financial Holding,first,strict alias; other words: consultancy hr
198600554Z,FIRST HYDRAULIC & INDUSTRIAL PTE LTD,Local Company,82999,First Financial Holding,first,strict alias; other words: hydraulic industrial
201606671K,FIRST IH CAPITAL PTE. LTD.,Local Company,64202,First Financial Holding,first,strict alias; other words: capital ih
201531932D,FIRST IMMIGRATIONS PTE. LTD.,Local Company,70201,First Financial Holding,first,strict alias; other words: immigrations
199604185C,FIRST IMPRESSIONS DENTAL SURGERY PTE LTD,Local Company,86204,First Financial Holding,first,strict alias; other words: dental impressions surgery
201512625Z,FIRST INDO ASIA PTE. LTD.,Local Company,64202,First Financial Holding,first,strict alias; other words: indo
198902755D,FIRST INDUSTRIAL & COMMERCIAL DEVELOPMENT PTE LTD,Local Company,70201,First Financial Holding,first,strict alias; other words: commercial industrial
199707549E,FIRST INNOVATIVE TECHNOLOGY CONSULTING PTE LTD,Local Company,70205,First Financial Holding,first,strict alias; other words: consulting innovative
202205369R,FIRST INSPIRE PTE. LTD.,Local Company,64202,First Financial Holding,first,strict alias; other words: inspire
202443605G,FIRST INSURANCE PTE. LTD.,Local Company,65124,First Financial Holding,first,strict alias; other words: insurance
202447074D,FIRST INTERNATIONAL LOGISTICS PTE. LTD.,Local Company,51002,First Financial Holding,first,strict alias; other words: logistics
198701397N,FIRST INTERTRADE PTE LTD,Local Company,46900,First Financial Holding,first,strict alias; other words: intertrade
202638952M,FIRST INVESTA PTE. LTD.,Local Company,64202,First Financial Holding,first,strict alias; other words: investa
201228834R,FIRST INVESTORS SINGAPORE PTE. LTD.,Local Company,70201,First Financial Holding,first,strict alias; other words: investors
202212177G,FIRST ISLAND ADVISORY SOLUTIONS PTE. LTD.,Local Company,70201,First Financial Holding,first,strict alias; other words: advisory island
200510796R,FIRST ISLAND FIDUCIARY SERVICES PTE. LTD.,Local Company,70209,First Financial Holding,first,strict alias; other words: fiduciary island
202215811R,FIRST JANUARY PTE. LTD.,Local Company,46900,First Financial Holding,first,strict alias; other words: january
201415006D,FIRST JJK PTE. LTD.,Local Company,64202,First Financial Holding,first,strict alias; other words: jjk
202346485E,FIRST KAIROS PTE. LTD.,Local Company,46900,First Financial Holding,first,strict alias; other words: kairos
201536554N,FIRST KEEN PTE. LTD.,Local Company,46900,First Financial Holding,first,strict alias; other words: keen
202544781Z,FIRST KEENDA PTE. LTD.,Local Company,46900,First Financial Holding,first,strict alias; other words: keenda
202346169Z,FIRST KICK ACADEMY PTE. LTD.,Local Company,85507,First Financial Holding,first,strict alias; other words: academy kick
201214076H,FIRST KNIGHT (SINGAPORE) PTE. LTD.,Local Company,68103,First Financial Holding,first,strict alias; other words: knight
201318336K,FIRST KNOWLEDGE PTE. LTD.,Local Company,85509,First Financial Holding,first,strict alias; other words: knowledge
202208668W,FIRST KONNECTION PTE. LTD.,Local Company,78104,First Financial Holding,first,strict alias; other words: konnection
202220998E,FIRST LENS CONSULTING PTE. LTD.,Local Company,70201,First Financial Holding,first,strict alias; other words: consulting lens
202120985R,FIRST LIFE ENTERPRISE PTE. LTD.,Local Company,64202,First Financial Holding,first,strict alias; other words: enterprise life
201901211E,FIRST LIGHT ESTATE PLANNING PTE. LTD.,Local Company,70201,First Financial Holding,first,strict alias; other words: estate light planning
200405565W,FIRST LIGHT HEALTH GROUP PTE. LTD.,Local Company,86201,First Financial Holding,first,strict alias; other words: health light
202405750K,FIRST LIGHT OFFSHORE AND SHIPPING SERVICES PTE. LTD.,Local Company,71126,First Financial Holding,first,strict alias; other words: light offshore shipping
202522339R,FIRST LIGHT PRODUCTIONS PTE. LTD.,Local Company,59119,First Financial Holding,first,strict alias; other words: light productions
202350546Z,FIRST LIGHT TOURS AND TRAVEL PTE. LTD.,Local Company,79102,First Financial Holding,first,strict alias; other words: light tours travel
201712952R,FIRST LINE TRANSPORT TRADING PTE. LTD.,Local Company,49231,First Financial Holding,first,strict alias; other words: line transport
201314379H,FIRST LINK ENGINEERING PTE. LTD.,Local Company,28199,First Financial Holding,first,strict alias; other words: engineering link
200305826W,FIRST LINK PTE. LTD.,Local Company,46900,First Financial Holding,first,strict alias; other words: link
202306305R,FIRST LION CAPITAL PTE. LTD.,Local Company,62090,First Financial Holding,first,strict alias; other words: capital lion
202017156E,FIRST LISTED HOLDINGS PTE. LTD.,Local Company,64202,First Financial Holding,first,strict alias; other words: listed
202318833R,FIRST LOVE US PTE. LTD.,Local Company,96040,First Financial Holding,first,strict alias; other words: love us
201324394W,FIRST LPG SHIP PTE. LTD.,Local Company,50021,First Financial Holding,first,strict alias; other words: lpg ship
202019279K,FIRST LUXURY PTE. LTD.,Local Company,46900,First Financial Holding,first,strict alias; other words: luxury
202240082M,FIRST MAGICSEAL PTE. LTD.,Local Company,63201,First Financial Holding,first,strict alias; other words: magicseal
201804321W,FIRST MAHI INVESTMENT HOLDING & TRADING PTE. LTD.,Local Company,64202,First Financial Holding,first,strict alias; other words: mahi
202009173M,FIRST MAID AGENCY PTE. LTD.,Local Company,78103,First Financial Holding,first,strict alias; other words: agency maid
202008047G,FIRST MAID PTE. LTD.,Local Company,78103,First Financial Holding,first,strict alias; other words: maid
201321823C,FIRST MARCH TECHNOLOGIES PTE. LTD.,Local Company,62021,First Financial Holding,first,strict alias; other words: march
201226147G,FIRST MARINE PTE. LTD.,Local Company,46551,First Financial Holding,first,strict alias; other words: marine
202015547H,FIRST MARKET ONLINE PTE. LTD.,Local Company,47101,First Financial Holding,first,strict alias; other words: market
200517638C,FIRST MEDIA DESIGN SCHOOL PTE. LTD.,Local Company,70201,First Financial Holding,first,strict alias; other words: design media school
200904313E,FIRST MEDIA SUPPLIES PTE. LTD.,Local Company,25999,First Financial Holding,first,strict alias; other words: media supplies
201100851W,FIRST MEDICAL CENTRE PTE. LTD.,Local Company,86201,First Financial Holding,first,strict alias; other words: medical
201707642D,FIRST MEDICAL WORLD PTE. LTD.,Local Company,94120,First Financial Holding,first,strict alias; other words: medical world
201523351E,FIRST MEGA ENGINEERING PTE. LTD.,Local Company,28224,First Financial Holding,first,strict alias; other words: engineering mega
202449926E,FIRST MILE LOGISTICS PTE. LTD.,Local Company,52292,First Financial Holding,first,strict alias; other words: logistics mile
202007708M,FIRST MILE PRODUCTIONS PTE. LTD.,Local Company,59111,First Financial Holding,first,strict alias; other words: mile productions
201401234E,FIRST MILLION PTE. LTD.,Local Company,58202,First Financial Holding,first,strict alias; other words: million
201538524H,FIRST MIRAGE PTE. LTD.,Local Company,93203,First Financial Holding,first,strict alias; other words: mirage
202244098R,FIRST MODEL HOLDINGS PTE. LTD.,Local Company,74905,First Financial Holding,first,strict alias; other words: model
202020988E,FIRST MOLD PTE. LTD.,Local Company,46900,First Financial Holding,first,strict alias; other words: mold
202350664W,FIRST MOTORING LEASING PTE. LTD.,Local Company,77101,First Financial Holding,first,strict alias; other words: leasing motoring
202411783N,FIRST MOTORING PTE. LTD.,Local Company,47311,First Financial Holding,first,strict alias; other words: motoring
202241616K,FIRST MOVE CONSULTING PTE. LTD.,Local Company,70201,First Financial Holding,first,strict alias; other words: consulting move
202230067D,FIRST MOVE TECHNOLOGY PTE. LTD.,Local Company,64202,First Financial Holding,first,strict alias; other words: move
202510158K,FIRST NEST PARTNERS PTE. LTD.,Local Company,64202,First Financial Holding,first,strict alias; other words: nest partners
202434942G,FIRST NOODLE PTE. LTD.,Local Company,56111,First Financial Holding,first,strict alias; other words: noodle
202035266R,FIRST NOTE PTE. LTD.,Local Company,46445,First Financial Holding,first,strict alias; other words: note
201408766M,FIRST OCEAN FOODS PTE. LTD.,Local Company,10109,First Financial Holding,first,strict alias; other words: foods ocean
202037479D,FIRST OCEAN PROS PTE. LTD.,Local Company,46302,First Financial Holding,first,strict alias; other words: ocean pros
202531335N,FIRST ONE RESOURCES PTE. LTD.,Local Company,46900,First Financial Holding,first,strict alias; other words: one resources
200004346D,FIRST ORDER TECH  PTE. LTD.,Local Company,58202,First Financial Holding,first,strict alias; other words: order
202523988M,FIRST ORIGIN CAPITAL PTE. LTD.,Local Company,64300,First Financial Holding,first,strict alias; other words: capital origin
202523998E,FIRST ORIGIN MANAGEMENT PTE. LTD.,Local Company,70201,First Financial Holding,first,strict alias; other words: origin
202243654M,FIRST ORTHO INVESTMENT HOLDINGS PTE. LTD.,Local Company,64202,First Financial Holding,first,strict alias; other words: ortho
198002864G,FIRST OVERSEA INVESTMENT HOLDINGS (PTE) LTD,Local Company,64201,First Financial Holding,first,strict alias; other words: oversea
202243765K,FIRST PACIFIC TYCOON PTE. LTD.,Local Company,70201,First Financial Holding,first,strict alias; other words: tycoon
201101652R,FIRST PAGE DIGITAL PTE. LTD.,Local Company,63112,First Financial Holding,first,strict alias; other words: page
201308143D,FIRST PAGE PTE. LTD.,Local Company,63901,First Financial Holding,first,strict alias; other words: page
202022497G,FIRST PART PTE. LTD.,Local Company,46900,First Financial Holding,first,strict alias; other words: part
202327751G,FIRST PARTNERS APAC PTE. LTD.,Local Company,66309,First Financial Holding,first,strict alias; other words: partners
201609951W,FIRST PARTNERSHIP PTE. LTD.,Local Company,64202,First Financial Holding,first,strict alias; other words: partnership
199303561D,FIRST PAWNSHOP PTE. LTD.,Local Company,64925,First Financial Holding,first,strict alias; other words: pawnshop
201807207M,FIRST PENGUIN SINGAPORE PTE. LTD.,Local Company,70201,First Financial Holding,first,strict alias; other words: penguin
202300915W,FIRST PILATES&GYROTONIC PRIVATE LIMITED,Local Company,93111,First Financial Holding,first,strict alias; other words: gyrotonic pilates
201218611K,FIRST PINNACLE PTE. LTD.,Local Company,64202,First Financial Holding,first,strict alias; other words: pinnacle
201018861R,FIRST PIPING ENGINEERING PTE. LTD.,Local Company,28300,First Financial Holding,first,strict alias; other words: engineering piping
201302992N,FIRST PISHON PRIVATE LIMITED,Local Company,47529,First Financial Holding,first,strict alias; other words: pishon
202333347N,FIRST PLACE MANAGEMENT PTE. LTD.,Local Company,70201,First Financial Holding,first,strict alias; other words: place
202333343K,FIRST PLACE PTE. LTD.,Local Company,64202,First Financial Holding,first,strict alias; other words: place
202006951M,FIRST PLUS ASSET MANAGEMENT PTE. LTD.,Local Company,66309,First Financial Holding,first,strict alias; other words: asset plus
201937598Z,FIRST PLUS FINANCIAL HOLDINGS PTE. LTD.,Local Company,64202,First Financial Holding,first,strict alias; other words: plus
202507658Z,FIRST PLUS GLOBAL PARTNERS PTE. LTD.,Local Company,70205,First Financial Holding,first,strict alias; other words: partners plus
202607214K,FIRST PLUS TECHNOLOGY PTE. LTD.,Local Company,64202,First Financial Holding,first,strict alias; other words: plus
201811013M,FIRST POLYMER PTE. LTD.,Local Company,46900,First Financial Holding,first,strict alias; other words: polymer
200819864H,FIRST PORT GLOBAL PTE. LTD.,Local Company,46541,First Financial Holding,first,strict alias; other words: port
202614032N,FIRST POUR COFFEE PRIVATE LIMITED,Local Company,47219,First Financial Holding,first,strict alias; other words: coffee pour
200606779G,FIRST POWER PTE. LTD.,Local Company,46561,First Financial Holding,first,strict alias; other words: power
201118541K,FIRST PREMIUM (S) PTE. LTD.,Local Company,46900,First Financial Holding,first,strict alias; other words: premium s
200921886G,FIRST PRICE (2010) PTE. LTD.,Local Company,47101,First Financial Holding,first,strict alias; other words: 2010 price
201619364N,FIRST PRICE (2016) PTE. LTD.,Local Company,47101,First Financial Holding,first,strict alias; other words: 2016 price
200923855K,FIRST PRICE 1 PTE. LTD.,Local Company,47101,First Financial Holding,first,strict alias; other words: 1 price
201202676E,FIRST PRICE 11 PTE. LTD.,Local Company,47101,First Financial Holding,first,strict alias; other words: 11 price
201000619C,FIRST PRICE 2 PTE. LTD.,Local Company,47101,First Financial Holding,first,strict alias; other words: 2 price
201101134Z,FIRST PRICE 5 PTE. LTD.,Local Company,47101,First Financial Holding,first,strict alias; other words: 5 price
201112384G,FIRST PRICE SUPERMARKET PTE. LTD.,Local Company,47101,First Financial Holding,first,strict alias; other words: price supermarket
202552550G,FIRST PRINCIPLE ADVISORY PTE. LTD.,Local Company,70201,First Financial Holding,first,strict alias; other words: advisory principle
202218713M,FIRST PRINCIPLE INVESTMENT FUND PTE. LTD.,Local Company,64300,First Financial Holding,first,strict alias; other words: fund principle
202144383H,FIRST PRINCIPLES EDUCATION (ASIA) PTE. LTD.,Local Company,85320,First Financial Holding,first,strict alias; other words: education principles
202229952R,FIRST PRINCIPLES EDUCATION PTE. LTD.,Local Company,85509,First Financial Holding,first,strict alias; other words: education principles
202429647C,FIRST PRINCIPLES LEARNING PTE. LTD.,Local Company,70201,First Financial Holding,first,strict alias; other words: learning principles
202031661N,FIRST PRINCIPLES REHABILITATION THERAPY PTE. LTD.,Local Company,86909,First Financial Holding,first,strict alias; other words: principles rehabilitation therapy
199901353M,FIRST PRINTERS PTE LTD,Local Company,18129,First Financial Holding,first,strict alias; other words: printers
202234090K,FIRST PROJECT PTE. LTD.,Local Company,35102,First Financial Holding,first,strict alias; other words: project
200810939M,FIRST PROPERTIES PTE. LTD.,Local Company,70201,First Financial Holding,first,strict alias; other words: properties
198904409M,FIRST PROPERTY HOLDINGS PTE LTD,Local Company,64202,First Financial Holding,first,strict alias; other words: property
202414140M,FIRST PT PTE. LTD.,Local Company,86904,First Financial Holding,first,strict alias; other words: pt
202240169W,FIRST QUALITY FOODS PTE. LTD.,Local Company,56111,First Financial Holding,first,strict alias; other words: foods quality
201939613K,FIRST RATE SG PTE. LTD.,Local Company,62011,First Financial Holding,first,strict alias; other words: rate
202522058G,FIRST RAY CAPITAL MANAGEMENT PTE. LTD.,Local Company,66301,First Financial Holding,first,strict alias; other words: capital ray
202536385Z,FIRST RAY CAPITAL PTE. LTD.,Local Company,64202,First Financial Holding,first,strict alias; other words: capital ray
202345636E,FIRST RAY CONSTRUCTION & DEVELOPMENT PTE. LTD.,Local Company,71129,First Financial Holding,first,strict alias; other words: construction ray
202600622E,FIRST RAY CONSULTING PTE. LTD.,Local Company,70201,First Financial Holding,first,strict alias; other words: consulting ray
202141504W,FIRST RAYS PTE. LTD.,Local Company,46900,First Financial Holding,first,strict alias; other words: rays
197902946E,FIRST REALTY PRIVATE LIMITED,Local Company,68101,First Financial Holding,first,strict alias; other words: realty
202429766K,FIRST RECRUITMENT PTE. LTD.,Local Company,78104,First Financial Holding,first,strict alias; other words: recruitment
197701152N,FIRST RECYCLING INDUSTRIES PTE LTD,Local Company,24209,First Financial Holding,first,strict alias; other words: industries recycling
202011566W,FIRST REGAL GLOBAL VENTURES PTE. LTD.,Local Company,64202,First Financial Holding,first,strict alias; other words: regal
202305887R,FIRST REIT JAPAN HOLDINGS ONE PTE. LTD.,Local Company,64202,First Financial Holding,first,strict alias; other words: japan one reit
202305883M,FIRST REIT JAPAN HOLDINGS TWO PTE. LTD.,Local Company,64202,First Financial Holding,first,strict alias; other words: japan reit two
200607070D,FIRST REIT MANAGEMENT LIMITED,Local Company,66301,First Financial Holding,first,strict alias; other words: reit
199906200D,FIRST RELIANCE CAPITAL PTE. LTD.,Local Company,66199,First Financial Holding,first,strict alias; other words: capital reliance
200415931M,FIRST RESOURCES LIMITED,Local Company,74909,First Financial Holding,first,strict alias; other words: resources
201115522G,FIRST RESOURCES TRADING PTE. LTD.,Local Company,46225,First Financial Holding,first,strict alias; other words: resources
200812374N,FIRST RESPONSE MARINE PTE. LTD.,Local Company,50021,First Financial Holding,first,strict alias; other words: marine response
202605668D,FIRST REVIEW PTE. LTD.,Local Company,62090,First Financial Holding,first,strict alias; other words: review
201333477C,FIRST RIGHT SENDIRIAN BERHAD,Local Company,70201,First Financial Holding,first,strict alias; other words: berhad right sendirian
202627762C,FIRST RISE PTE. LTD.,Local Company,62011,First Financial Holding,first,strict alias; other words: rise
202521025Z,FIRST ROOK PTE. LTD.,Local Company,62011,First Financial Holding,first,strict alias; other words: rook
202441794M,FIRST ROUND ENTERTAINMENT PTE. LTD.,Local Company,93203,First Financial Holding,first,strict alias; other words: entertainment round
202527813Z,FIRST SAFETY PTE. LTD.,Local Company,62013,First Financial Holding,first,strict alias; other words: safety
201713966H,FIRST SCIENCE PTE. LTD.,Local Company,74909,First Financial Holding,first,strict alias; other words: science
201709670M,FIRST SEAFOOD GROUP PTE. LTD.,Local Company,46302,First Financial Holding,first,strict alias; other words: seafood
199503188N,FIRST SECURITY & PRIVATE INVESTIGATION (S) PTE LTD,Local Company,80100,First Financial Holding,first,strict alias; other words: investigation s security
196900420D,FIRST SENTIER INVESTORS (SINGAPORE),Local Company,66301,First Financial Holding,first,strict alias; other words: investors sentier
199901706Z,FIRST SENTIER INVESTORS (SINGAPORE) HOLDINGS LIMITED,Local Company,64202,First Financial Holding,first,strict alias; other words: investors sentier
202431179R,FIRST SERVE PTE. LTD.,Local Company,85507,First Financial Holding,first,strict alias; other words: serve
201830533K,FIRST SERVICE RENOVATION PRIVATE LIMITED,Local Company,46900,First Financial Holding,first,strict alias; other words: renovation
200808313G,FIRST SGC PTE. LTD.,Local Company,64202,First Financial Holding,first,strict alias; other words: sgc
201327434E,FIRST SHINE ENTERPRISE PTE. LTD.,Local Company,41001,First Financial Holding,first,strict alias; other words: enterprise shine
201221623H,FIRST SHINE PROPERTIES PTE. LTD.,Local Company,64202,First Financial Holding,first,strict alias; other words: properties shine
201426858Z,FIRST SHIPPING PTE. LTD.,Local Company,50021,First Financial Holding,first,strict alias; other words: shipping
202119492M,FIRST SHIPPING SERVICES PTE. LTD.,Local Company,50021,First Financial Holding,first,strict alias; other words: shipping
200814656G,FIRST SIGHT INTERNATIONAL PRIVATE LIMITED,Local Company,74113,First Financial Holding,first,strict alias; other words: sight
201823767M,FIRST SIGNATURE BUILDERS PTE. LTD.,Local Company,71129,First Financial Holding,first,strict alias; other words: builders signature
202436481G,FIRST SIP PTE. LTD.,Local Company,46223,First Financial Holding,first,strict alias; other words: sip
201024769C,FIRST SLP PTE. LTD.,Local Company,64202,First Financial Holding,first,strict alias; other words: slp
201113788E,FIRST SM CONSTRUCTION PTE. LTD.,Local Company,41009,First Financial Holding,first,strict alias; other words: construction sm
202210035G,FIRST SOLUTION BPO PTE. LTD.,Local Company,82200,First Financial Holding,first,strict alias; other words: bpo solution
201631639Z,FIRST SOLUTION CORPORATE SERVICES PTE. LTD.,Local Company,70201,First Financial Holding,first,strict alias; other words: corporate solution
200607856Z,FIRST SOLUTION PTE. LTD.,Local Company,46541,First Financial Holding,first,strict alias; other words: solution
201204051K,FIRST SOLUTION RESOURCES PTE. LTD.,Local Company,68103,First Financial Holding,first,strict alias; other words: resources solution
201312487C,FIRST SOURCE IMPEX PTE. LTD.,Local Company,46900,First Financial Holding,first,strict alias; other words: impex source
202418605N,FIRST SOURCE TECHNOLOGY PTE. LTD.,Local Company,62011,First Financial Holding,first,strict alias; other words: source
201816864E,FIRST SOURCING SERVICES PTE. LTD.,Local Company,64202,First Financial Holding,first,strict alias; other words: sourcing
202549792E,FIRST SPACE LABS PTE. LTD.,Local Company,62011,First Financial Holding,first,strict alias; other words: space
202306667W,FIRST SPECTRUM PTE. LTD.,Local Company,64202,First Financial Holding,first,strict alias; other words: spectrum
200812620K,FIRST SPLENDOR TRADING PTE. LTD.,Local Company,46900,First Financial Holding,first,strict alias; other words: splendor
T16FC0067B,FIRST SPONSOR GROUP LIMITED (Singapore Branch),Foreign Company Branch,64202,First Financial Holding,first,strict alias; other words: sponsor
197501815K,FIRST STANDARD PTE. LTD.,Local Company,46900,First Financial Holding,first,strict alias; other words: standard
201710467W,FIRST STAR AUTO PTE. LTD.,Local Company,95301,First Financial Holding,first,strict alias; other words: auto star
198702922N,FIRST STAR DEVELOPMENT PTE LTD,Local Company,68101,First Financial Holding,first,strict alias; other words: star
200601539E,FIRST STAR INVESTMENTS PTE. LTD.,Local Company,68101,First Financial Holding,first,strict alias; other words: star
201227938W,FIRST STATE CAPITAL PTE. LTD.,Local Company,64202,First Financial Holding,first,strict alias; other words: capital state
201101956D,FIRST STATION (T1) PTE. LTD.,Local Company,47219,First Financial Holding,first,strict alias; other words: station t1
202417492K,FIRST STEP (SGP) PTE. LTD.,Local Company,46414,First Financial Holding,first,strict alias; other words: sgp step
201717259M,FIRST STEP EDUCATION PTE. LTD.,Local Company,85509,First Financial Holding,first,strict alias; other words: education step
201431364M,FIRST STEP ELEVATOR PRIVATE LIMITED,Local Company,43291,First Financial Holding,first,strict alias; other words: elevator step
201226112N,FIRST STEP MONTESSORI HOUSE PTE. LTD.,Local Company,85100,First Financial Holding,first,strict alias; other words: house montessori step
202527560G,FIRST STEP SUPPLY CHAIN MANAGEMENT (SGP) PTE. LTD.,Local Company,46900,First Financial Holding,first,strict alias; other words: chain sgp step supply
202500785E,FIRST STEP TRADING & SERVICES PTE. LTD.,Local Company,70201,First Financial Holding,first,strict alias; other words: step
202518216D,FIRST STEPS CONSULTANCY PTE. LTD.,Local Company,70209,First Financial Holding,first,strict alias; other words: consultancy steps
201512209Z,FIRST STOP FOOD JUNCTION PTE. LTD.,Local Company,68104,First Financial Holding,first,strict alias; other words: food junction stop
202024267M,FIRST STOP KITCHEN PTE. LTD.,Local Company,56111,First Financial Holding,first,strict alias; other words: kitchen stop
202121275W,FIRST STOP MANAGEMENT & SERVICES PTE. LTD.,Local Company,81299,First Financial Holding,first,strict alias; other words: stop
202337762H,FIRST STOP STAR KITCHEN PTE. LTD.,Local Company,56122,First Financial Holding,first,strict alias; other words: kitchen star stop
201929323C,FIRST STRAITS PARTNERS PTE. LTD.,Local Company,70209,First Financial Holding,first,strict alias; other words: partners straits
202028071R,FIRST STREET PTE. LTD.,Local Company,56140,First Financial Holding,first,strict alias; other words: street
201714307M,FIRST STRENGTH PTE. LTD.,Local Company,78104,First Financial Holding,first,strict alias; other words: strength
201311536E,FIRST SUCCESS PTE. LTD.,Local Company,42100,First Financial Holding,first,strict alias; other words: success
200405482R,FIRST SUNRISE INDUSTRIES PTE. LTD.,Local Company,43301,First Financial Holding,first,strict alias; other words: industries sunrise
201930028D,FIRST SUNRISE TRADING PTE. LTD.,Local Company,46900,First Financial Holding,first,strict alias; other words: sunrise
201808739C,FIRST SUPREME CONSULTANCY PTE. LTD.,Local Company,82911,First Financial Holding,first,strict alias; other words: consultancy supreme
202331674K,FIRST TASTE PTE. LTD.,Local Company,70201,First Financial Holding,first,strict alias; other words: taste
202614106N,FIRST TEAM COLLECTIVES PTE. LTD.,Local Company,82303,First Financial Holding,first,strict alias; other words: collectives team
201531649H,FIRST TEAM CONSULTANTS PTE. LTD.,Local Company,78104,First Financial Holding,first,strict alias; other words: consultants team
202346164E,FIRST TECH ELECTRICAL ENGINEER PTE. LTD.,Local Company,41001,First Financial Holding,first,strict alias; other words: electrical engineer
201701647Z,FIRST TECH ELECTRICAL PTE. LTD.,Local Company,43210,First Financial Holding,first,strict alias; other words: electrical
198500207C,FIRST TECH EQUIPMENT PTE LTD,Local Company,61010,First Financial Holding,first,strict alias; other words: equipment
200303295R,FIRST TEL PTE. LTD.,Local Company,61020,First Financial Holding,first,strict alias; other words: tel
201128044H,FIRST TEL TECH PTE. LTD.,Local Company,62022,First Financial Holding,first,strict alias; other words: tel
202127655H,FIRST TESLA PTE. LTD.,Local Company,77101,First Financial Holding,first,strict alias; other words: tesla
202509233N,FIRST TO FLY PTE. LTD.,Local Company,62011,First Financial Holding,first,strict alias; other words: fly to
201118806W,FIRST TOUCH CONSULTING PTE. LTD.,Local Company,70201,First Financial Holding,first,strict alias; other words: consulting touch
201834014H,FIRST TRADE IMPORT & EXPORT PTE. LTD.,Local Company,46900,First Financial Holding,first,strict alias; other words: export import trade
199507969C,"FIRST TRADEGATE CO., PTE LTD",Local Company,46900,First Financial Holding,first,strict alias; other words: tradegate
201423993C,FIRST TRADERS NETWORK PTE. LTD.,Local Company,85509,First Financial Holding,first,strict alias; other words: traders
202206656K,FIRST TRAINING CENTER PTE. LTD.,Local Company,85502,First Financial Holding,first,strict alias; other words: training
201135106D,FIRST TRAVEL (PTE.) LTD.,Local Company,79102,First Financial Holding,first,strict alias; other words: travel
199300608H,FIRST TREE CAPITAL PTE. LTD.,Local Company,70201,First Financial Holding,first,strict alias; other words: capital tree
201633022R,FIRST TRISTAR CORP. PTE. LTD.,Local Company,68101,First Financial Holding,first,strict alias; other words: tristar
200516930C,FIRST TRUST ADVISORY PTE. LTD.,Local Company,70209,First Financial Holding,first,strict alias; other words: advisory trust
202004918E,FIRST TRUST CONSULTING (SINGAPORE) PTE. LTD.,Local Company,70201,First Financial Holding,first,strict alias; other words: consulting trust
200309759Z,FIRST TRUST CORPORATE SERVICES PTE. LTD.,Local Company,70209,First Financial Holding,first,strict alias; other words: corporate trust
200814244N,FIRST TRUST HOLDINGS PTE. LTD.,Local Company,64202,First Financial Holding,first,strict alias; other words: trust
202316287D,FIRST TRUST PORTFOLIOS ASIA PTE. LTD.,Local Company,66309,First Financial Holding,first,strict alias; other words: portfolios trust
200721675G,FIRST TRUST VENTURES PTE. LTD.,Local Company,66192,First Financial Holding,first,strict alias; other words: trust
202444541R,FIRST TWENTY PTE. LTD.,Local Company,70201,First Financial Holding,first,strict alias; other words: twenty
202124543K,FIRST UBUD VILLAS PTE. LTD.,Local Company,64202,First Financial Holding,first,strict alias; other words: ubud villas
199005526H,FIRST UNITED DEVELOPMENTS PTE LTD,Local Company,64201,First Financial Holding,first,strict alias; other words: developments united
202216228N,FIRST VALUATION PTE. LTD.,Local Company,64999,First Financial Holding,first,strict alias; other words: valuation
202307308E,FIRST VALUE (CAMBRIDGE) PTE. LTD.,Local Company,47102,First Financial Holding,first,strict alias; other words: cambridge value
202107665E,FIRST VALUE PTE. LTD.,Local Company,47102,First Financial Holding,first,strict alias; other words: value
201836166C,FIRST VENTURE LEASING PTE. LTD.,Local Company,49233,First Financial Holding,first,strict alias; other words: leasing venture
199803618H,FIRST VENTURE TRADING & INVESTMENT PTE LTD,Local Company,64202,First Financial Holding,first,strict alias; other words: venture
202514010D,FIRST VEP PTE. LTD.,Local Company,70201,First Financial Holding,first,strict alias; other words: vep
202532113N,FIRST VERSE PTE. LTD.,Local Company,93203,First Financial Holding,first,strict alias; other words: verse
202123725Z,FIRST VIEW HOLDINGS PTE. LTD.,Local Company,64202,First Financial Holding,first,strict alias; other words: view
202631833H,FIRST WAN PTE. LTD.,Local Company,47713,First Financial Holding,first,strict alias; other words: wan
202334027C,FIRST WATCH SINGAPORE PTE. LTD.,Local Company,62022,First Financial Holding,first,strict alias; other words: watch
200400003E,FIRST WAVE ENGINEERING PTE. LTD.,Local Company,46541,First Financial Holding,first,strict alias; other words: engineering wave
202101150G,FIRST WAVE MOTORING PTE. LTD.,Local Company,46100,First Financial Holding,first,strict alias; other words: motoring wave
200703292W,FIRST WAVE PTE. LTD.,Local Company,82302,First Financial Holding,first,strict alias; other words: wave
202108320M,FIRST WAVE TECHNOLOGY PTE. LTD.,Local Company,62021,First Financial Holding,first,strict alias; other words: wave
202203298R,FIRST WAVE VENTURES PTE. LTD.,Local Company,64202,First Financial Holding,first,strict alias; other words: wave
200709818G,FIRST WEALTH INVEST PTE. LTD.,Local Company,64202,First Financial Holding,first,strict alias; other words: invest wealth
201842600E,FIRST WERKZ PTE. LTD.,Local Company,49215,First Financial Holding,first,strict alias; other words: werkz
200416782N,FIRST WIND PTE. LTD.,Local Company,53200,First Financial Holding,first,strict alias; other words: wind
201702652N,FIRST WISDOM HOLDINGS PTE. LTD.,Local Company,64202,First Financial Holding,first,strict alias; other words: wisdom
201507835E,FIRST WORDS PTE. LTD.,Local Company,47610,First Financial Holding,first,strict alias; other words: words
201534440K,FIRST WORLD INDUSTRIAL TRADE COMPANY PTE. LTD.,Local Company,46900,First Financial Holding,first,strict alias; other words: industrial trade world
201426444E,FIRST WORLD PROBLEMS PTE. LTD.,Local Company,63209,First Financial Holding,first,strict alias; other words: problems world
201836826M,FIRST WORLD TECH PTE. LTD.,Local Company,62090,First Financial Holding,first,strict alias; other words: world
201534822E,FIRST XV TUTORIAL CENTRE PTE. LTD.,Local Company,85609,First Financial Holding,first,strict alias; other words: tutorial xv
201907637M,FIRST YANGON INVESTMENT PTE. LTD.,Local Company,64202,First Financial Holding,first,strict alias; other words: yangon
202211236D,FIRST YP PTE. LTD.,Local Company,43301,First Financial Holding,first,strict alias; other words: yp
199802927W,FIRST-2 MARKETING SPORTS PTE LTD,Local Company,46441,First Financial Holding,first,strict alias; other words: 2 sports
202228242E,FIRST-MAG BUSINESS MANAGEMENT PRIVATE LIMITED,Local Company,70209,First Financial Holding,first,strict alias; other words: business mag
201912752N,FIRST-TECH ENGINEERING PTE. LTD.,Local Company,43909,First Financial Holding,first,strict alias; other words: engineering
200415530D,FIRST.EYESIMAGE.COM PTE. LTD.,Local Company,47751,First Financial Holding,first,strict alias; other words: com eyesimage
202348802C,THE FIRST COLLAB PTE. LTD.,Local Company,64202,First Financial Holding,first,strict alias; other words: collab
202219550W,THE FIRST DEGREE PRIVATE LIMITED,Local Company,62090,First Financial Holding,first,strict alias; other words: degree
200516644N,THE FIRST GREEN STORE PTE. LTD.,Local Company,46900,First Financial Holding,first,strict alias; other words: green store
202039486R,THE FIRST ONE CONCRETE HOLDING PTE. LTD.,Local Company,46900,First Financial Holding,first,strict alias; other words: concrete one
202500441G,THE FIRST PORT  PTE. LTD.,Local Company,52226,First Financial Holding,first,strict alias; other words: port
202011397W,THE FIRST POUR PTE. LTD.,Local Company,46307,First Financial Holding,first,strict alias; other words: pour
202526351Z,THE FIRST PRINCIPLES ADVISORY SERVICES PTE. LTD.,Local Company,70201,First Financial Holding,first,strict alias; other words: advisory principles
199800055K,THE FIRST STOP SEAFOOD RESTAURANT PTE. LTD.,Local Company,56111,First Financial Holding,first,strict alias; other words: restaurant seafood stop
200616768C,FISERV MERCHANT SOLUTIONS PRIVATE LIMITED,Local Company,64202,Fiserv,fiserv,strict alias; other words: merchant
202427540W,FORTESCUE SHIPPING AMANDA PTE. LTD.,Local Company,50021,Fortescue,fortescue,strict alias; other words: amanda shipping
202427543K,FORTESCUE SHIPPING DAVID PTE. LTD.,Local Company,50021,Fortescue,fortescue,strict alias; other words: david shipping
202427931N,FORTESCUE SHIPPING GRACE PTE. LTD.,Local Company,50021,Fortescue,fortescue,strict alias; other words: grace shipping
202427549R,FORTESCUE SHIPPING MATILDA PTE. LTD.,Local Company,50021,Fortescue,fortescue,strict alias; other words: matilda shipping
202427554N,FORTESCUE SHIPPING NICOLA PTE. LTD.,Local Company,50021,Fortescue,fortescue,strict alias; other words: nicola shipping
202427556R,FORTESCUE SHIPPING NORTHERN SPIRIT PTE. LTD.,Local Company,50021,Fortescue,fortescue,strict alias; other words: northern shipping spirit
202427467E,FORTESCUE SHIPPING SINGAPORE PTE. LTD.,Local Company,50021,Fortescue,fortescue,strict alias; other words: shipping
202427557G,FORTESCUE SHIPPING SOPHIA PTE. LTD.,Local Company,50021,Fortescue,fortescue,strict alias; other words: shipping sophia
202427558W,FORTESCUE SHIPPING SYDNEY PTE. LTD.,Local Company,50021,Fortescue,fortescue,strict alias; other words: shipping sydney
202202114Z,FORTIS AGENCY PTE. LTD.,Local Company,70201,Fortis,fortis,strict alias; other words: agency
202323089E,FORTIS ALTERA RESOURCES PTE. LTD.,Local Company,46900,Fortis,fortis,strict alias; other words: altera resources
201013316M,FORTIS ASIA HEALTHCARE PTE. LTD.,Local Company,64202,Fortis,fortis,strict alias; other words: healthcare
202537312N,FORTIS ASSETS PTE. LTD.,Local Company,66199,Fortis,fortis,strict alias; other words: assets
202437251R,FORTIS CAPITAL & IMMIGRATION PTE. LTD.,Local Company,70201,Fortis,fortis,strict alias; other words: capital immigration
202540818R,FORTIS CAPITAL MANAGEMENT PTE. LTD.,Local Company,64202,Fortis,fortis,strict alias; other words: capital
202113098C,FORTIS CHAYIM PTE. LTD.,Local Company,46900,Fortis,fortis,strict alias; other words: chayim
202556878H,FORTIS CHEM GLOBAL PTE. LTD.,Local Company,46549,Fortis,fortis,strict alias; other words: chem
202510802D,FORTIS COMMERCE & TRADE PTE. LTD.,Local Company,46900,Fortis,fortis,strict alias; other words: commerce trade
202616258G,FORTIS COMPOSITE MATERIALS PTE. LTD.,Local Company,46900,Fortis,fortis,strict alias; other words: composite materials
201320226K,FORTIS CONSTRUCTION PTE. LTD.,Local Company,41001,Fortis,fortis,strict alias; other words: construction
202633775Z,FORTIS FORTUNATE TRADE PTE. LTD.,Local Company,28171,Fortis,fortis,strict alias; other words: fortunate trade
202625905N,FORTIS GENERAL SERVICES PTE. LTD.,Local Company,25939,Fortis,fortis,strict alias; other words: general
202534613Z,FORTIS HEALTH HOLDINGS PTE. LTD.,Local Company,86201,Fortis,fortis,strict alias; other words: health
202637080C,FORTIS INTEGRATED BUILDING SERVICES PTE. LTD.,Local Company,41001,Fortis,fortis,strict alias; other words: building integrated
202626266R,FORTIS INTEGRATED SERVICES PTE. LTD.,Local Company,25939,Fortis,fortis,strict alias; other words: integrated
201828819G,FORTIS INTELLIGENCE PTE. LTD.,Local Company,85509,Fortis,fortis,strict alias; other words: intelligence
202614506M,FORTIS INVESTMENT & CONSULTING PTE. LTD.,Local Company,70201,Fortis,fortis,strict alias; other words: consulting
201829626N,FORTIS INVICTA PTE. LTD.,Local Company,46900,Fortis,fortis,strict alias; other words: invicta
202636675N,FORTIS LAND HOLDINGS PTE. LTD.,Local Company,68101,Fortis,fortis,strict alias; other words: land
201024889C,FORTIS LAW CORPORATION,Local Company,69101,Fortis,fortis,strict alias; other words: law
201540474E,FORTIS LIFE GROUP PTE. LTD.,Local Company,64202,Fortis,fortis,strict alias; other words: life
201837242D,FORTIS LOGISTICS PTE. LTD.,Local Company,16293,Fortis,fortis,strict alias; other words: logistics
201311402H,FORTIS MARINE PTE. LTD.,Local Company,50022,Fortis,fortis,strict alias; other words: marine
202555465H,FORTIS MARKETING & CONSULTANCY PTE. LTD.,Local Company,70205,Fortis,fortis,strict alias; other words: consultancy
201819581D,FORTIS MONETA HOLDINGS PTE. LTD.,Local Company,70201,Fortis,fortis,strict alias; other words: moneta
201705436M,FORTIS RESOURCES PTE. LTD.,Local Company,46900,Fortis,fortis,strict alias; other words: resources
202549235H,FORTIS STEEL GROUP PTE. LTD.,Local Company,46900,Fortis,fortis,strict alias; other words: steel
202601141D,FORTIS STRUCTURE PTE. LTD.,Local Company,41001,Fortis,fortis,strict alias; other words: structure
202314781W,FOXCONN EV SINGAPORE HOLDINGS PTE. LTD.,Local Company,64202,Foxconn,foxconn,strict alias; other words: ev
200819428D,FOXCONN IMAGE & PRINTING PRODUCT PTE. LTD.,Local Company,26209,Foxconn,foxconn,strict alias; other words: image printing product
202323714D,FOXCONN INFINITE PTE. LTD.,Local Company,46522,Foxconn,foxconn,strict alias; other words: infinite
201316254G,FOXCONN INTERCONNECT TECHNOLOGY SINGAPORE PTE. LTD.,Local Company,46511,Foxconn,foxconn,strict alias; other words: interconnect
202625432G,FOXCONN MANUFACTURING PTE. LTD.,Local Company,16291,Foxconn,foxconn,strict alias; other words: manufacturing
201532793W,FOXCONN OE TECHNOLOGIES SINGAPORE PTE. LTD.,Local Company,46522,Foxconn,foxconn,strict alias; other words: oe
199404332G,FRESENIUS KABI (SINGAPORE) PTE LTD,Local Company,46461,Fresenius,fresenius,strict alias; other words: kabi
199700372D,FRESENIUS MEDICAL CARE SINGAPORE PTE. LTD.,Local Company,86203,Fresenius,fresenius,strict alias; other words: care medical
202529196E,FUBON LIFE SINGAPORE PTE. LTD.,Local Company,64202,Fubon Financial,fubon,strict alias; other words: life
T08FC7246K,WIPRO GE HEALTHCARE PRIVATE LIMITED Branch Office,Foreign Company Branch,46592,GE HealthCare Technologies,ge healthcare,alias not at start of name
202500986E,GLP BRAZIL INVESTMENT HOLDINGS 2 PTE. LTD.,Local Company,64202,GLP,glp,strict alias; other words: 2 brazil
201630360Z,GLP BRAZIL INVESTMENT HOLDINGS PTE. LTD.,Local Company,64202,GLP,glp,strict alias; other words: brazil
201131188C,GLP CAPITAL JAPAN 2 PRIVATE LIMITED,Local Company,64202,GLP,glp,strict alias; other words: 2 capital japan
201019878C,GLP CAPITAL JAPAN PRIVATE LIMITED,Local Company,64202,GLP,glp,strict alias; other words: capital japan
201408938E,GLP CAPITAL LP PTE. LTD.,Local Company,64202,GLP,glp,strict alias; other words: capital lp
202141166W,GLP CHINA INCOME PARTNERS V GP PTE. LTD.,Local Company,64300,GLP,glp,strict alias; other words: china gp income partners v
201321999K,GLP CHINA LEASING COMPANY PTE. LTD.,Local Company,64202,GLP,glp,strict alias; other words: china leasing
202143344M,GLP CHINA RENEWABLE ENERGY DEVELOPMENT FUND I HOLDINGS PTE. LTD.,Local Company,64202,GLP,glp,strict alias; other words: china energy fund i renewable
202129091C,GLP DH4 TMK HOLDINGS PTE. LTD.,Local Company,64202,GLP,glp,strict alias; other words: dh4 tmk
202303838K,GLP DH4 TMK2 HOLDINGS PTE. LTD.,Local Company,64202,GLP,glp,strict alias; other words: dh4 tmk2
202008544G,GLP GOLDEN LINCOLN A GP PTE. LTD.,Local Company,66309,GLP,glp,strict alias; other words: a golden gp lincoln
202008539H,GLP GOLDEN LINCOLN B GP PTE. LTD.,Local Company,66309,GLP,glp,strict alias; other words: b golden gp lincoln
202143951Z,GLP GV CHINA 6 OFFSHORE PTE. LTD.,Local Company,64202,GLP,glp,strict alias; other words: 6 china gv offshore
202122017K,GLP HH CHINA INVESTMENT 1 PTE. LTD.,Local Company,64202,GLP,glp,strict alias; other words: 1 china hh
202426286N,GLP HOSPITALITY PRIVATE LIMITED,Local Company,64202,GLP,glp,strict alias; other words: hospitality
201827650N,GLP INDIA CORE HOLDINGS PTE. LTD.,Local Company,64202,GLP,glp,strict alias; other words: core india
201827629N,GLP INDIA HOLDINGS PTE. LTD.,Local Company,64202,GLP,glp,strict alias; other words: india
201827654W,GLP INDIA ILP III HOLDINGS PTE. LTD.,Local Company,64202,GLP,glp,strict alias; other words: iii ilp india
201827634M,GLP INDIA MANAGEMENT HOLDINGS PTE. LTD.,Local Company,64202,GLP,glp,strict alias; other words: india
201416849Z,GLP JAPAN CAPITAL PARTNERS PTE. LTD.,Local Company,64202,GLP,glp,strict alias; other words: capital japan partners
201630893D,GLP JAPAN DEVELOPMENT 3 HOLDINGS PTE. LTD.,Local Company,64202,GLP,glp,strict alias; other words: 3 japan
201630911N,GLP JAPAN DEVELOPMENT 3 PE PTE. LTD.,Local Company,64202,GLP,glp,strict alias; other words: 3 japan pe
202129062N,GLP JAPAN DEVELOPMENT 4 HOLDINGS PTE. LTD.,Local Company,64202,GLP,glp,strict alias; other words: 4 japan
202129073W,GLP JAPAN DEVELOPMENT 4 PE PTE. LTD.,Local Company,64202,GLP,glp,strict alias; other words: 4 japan pe
202303841G,GLP JAPAN DEVELOPMENT 4 PE2 PTE. LTD.,Local Company,64202,GLP,glp,strict alias; other words: 4 japan pe2
201543569K,"GLP JAPAN DEVELOPMENT INVESTORS 2, PTE. LTD.",Local Company,64202,GLP,glp,strict alias; other words: 2 investors japan
202128106Z,"GLP JAPAN DEVELOPMENT INVESTORS 4, PTE. LTD.",Local Company,64202,GLP,glp,strict alias; other words: 4 investors japan
201839963N,"GLP JAPAN DEVELOPMENT INVESTORS III, PTE. LTD.",Local Company,64202,GLP,glp,strict alias; other words: iii investors japan
201127678C,"GLP JAPAN DEVELOPMENT INVESTORS, PTE. LTD.",Local Company,64202,GLP,glp,strict alias; other words: investors japan
202010597K,"GLP JAPAN INCOME FUND GP, PTE. LTD.",Local Company,64202,GLP,glp,strict alias; other words: fund gp income japan
202012440H,"GLP JAPAN INCOME INVESTORS, PTE. LTD.",Local Company,64202,GLP,glp,strict alias; other words: income investors japan
201502127K,GLP JAPAN INVESTMENT HOLDINGS PTE. LTD.,Local Company,64202,GLP,glp,strict alias; other words: japan
200903733M,GLP JAPAN PTE. LTD.,Local Company,64202,GLP,glp,strict alias; other words: japan
202130396K,GLP JDP4 FEEDER GP PTE. LTD.,Local Company,64202,GLP,glp,strict alias; other words: feeder gp jdp4
202128108C,GLP JDP4 GP PTE. LTD.,Local Company,64202,GLP,glp,strict alias; other words: gp jdp4
201543626C,GLP JDV2 PE HOLDINGS PTE. LTD.,Local Company,64202,GLP,glp,strict alias; other words: jdv2 pe
201543606R,GLP JDV2 SINGAPORE HOLDINGS PTE. LTD.,Local Company,64202,GLP,glp,strict alias; other words: jdv2
201416831Z,GLP JDV2 TMK HOLDINGS PTE. LTD.,Local Company,64202,GLP,glp,strict alias; other words: jdv2 tmk
202319548R,GLP JIF SMA FUND I GP PTE. LTD.,Local Company,64202,GLP,glp,strict alias; other words: fund gp i jif sma
202502748Z,GLP JIH 2 HOLDINGS PTE. LTD.,Local Company,64202,GLP,glp,strict alias; other words: 2 jih
202547132H,GLP JIH PTE. LTD.,Local Company,64202,GLP,glp,strict alias; other words: jih
202208260M,GLP LIBIAO SINGAPORE PTE. LTD.,Local Company,77399,GLP,glp,strict alias; other words: libiao
201134251K,GLP LIGHT YEAR INVESTMENT PTE. LTD.,Local Company,64202,GLP,glp,strict alias; other words: light year
201412982D,GLP OFFSHORE HOLDINGS PTE. LTD.,Local Company,64202,GLP,glp,strict alias; other words: offshore
202221252D,GLP PMA HOLDINGS PTE. LTD.,Local Company,64202,GLP,glp,strict alias; other words: pma
202436831C,GLP PROPERTY 2 GK PTE. LTD.,Local Company,64202,GLP,glp,strict alias; other words: 2 gk property
202436824C,GLP PROPERTY 2 PTE. LTD.,Local Company,64202,GLP,glp,strict alias; other words: 2 property
202123403H,GLP PROPERTY GK PTE. LTD.,Local Company,64202,GLP,glp,strict alias; other words: gk property
202112404E,GLP PROPERTY PTE. LTD.,Local Company,64202,GLP,glp,strict alias; other words: property
202131920Z,GLP RE HOLDINGS PTE. LTD.,Local Company,64202,GLP,glp,strict alias; other words: re
202122109N,GLP REIT INVESTMENT HOLDINGS PTE. LTD.,Local Company,64202,GLP,glp,strict alias; other words: reit
201933507H,GLP RENEWABLE X PTE. LTD.,Local Company,64202,GLP,glp,strict alias; other words: renewable x
201933506W,GLP RENEWABLE Y PTE. LTD.,Local Company,64202,GLP,glp,strict alias; other words: renewable y
202124581Z,GLP SAKAI GP PTE. LTD.,Local Company,64202,GLP,glp,strict alias; other words: gp sakai
202124570R,GLP SAKAI INVESTORS PTE. LTD.,Local Company,64202,GLP,glp,strict alias; other words: investors sakai
202134798R,GLP SG DEVELOPMENT 1 PTE. LTD.,Local Company,64202,GLP,glp,strict alias; other words: 1
202504401C,GLP SILO 1 SG PTE. LTD.,Local Company,64202,GLP,glp,strict alias; other words: 1 silo
202504402M,GLP SILO 2 SG PTE. LTD.,Local Company,64202,GLP,glp,strict alias; other words: 2 silo
201211950Z,GLP SOLAR PTE. LTD.,Local Company,64202,GLP,glp,strict alias; other words: solar
202345550K,GLP VISION EUROPE HOLDINGS PTE. LTD.,Local Company,64202,GLP,glp,strict alias; other words: europe vision
202345548E,GLP VISION JAPAN HOLDINGS PTE. LTD.,Local Company,64202,GLP,glp,strict alias; other words: japan vision
201814185G,"GLP-BROOKFIELD BLUESKY RENEWABLE ENERGY III CO., PTE. LTD.",Local Company,64202,GLP,glp,strict alias; other words: bluesky brookfield energy iii renewable
201814190E,"GLP-BROOKFIELD BLUESKY RENEWABLE ENERGY IV CO., PTE. LTD.",Local Company,64202,GLP,glp,strict alias; other words: bluesky brookfield energy iv renewable
201814183E,"GLP-BROOKFIELD BLUESKY RENEWABLE ENERGY ZHEJIANG CO., PTE. LTD.",Local Company,64202,GLP,glp,strict alias; other words: bluesky brookfield energy renewable zhejiang
201302947E,GLP-MC NANTONG LOGISTICS PROPERTY DEVELOPMENT PTE. LTD.,Local Company,64202,GLP,glp,strict alias; other words: logistics mc nantong property
201226675R,GLP-MC WUHAN LOGISTICS PROPERTY DEVELOPMENT PTE. LTD.,Local Company,64202,GLP,glp,strict alias; other words: logistics mc property wuhan
202612577Z,GSK 54 MAUDE PTE. LTD.,Local Company,46900,GSK plc,gsk,strict alias; other words: 54 maude
200410217H,GSK ADVANCE SERVICES PTE. LTD.,Local Company,46900,GSK plc,gsk,strict alias; other words: advance
200513836D,GSK ASSOCIATE BUILDERS PTE. LTD.,Local Company,41001,GSK plc,gsk,strict alias; other words: associate builders
202232451R,GSK CONSTRUCTION GROUP PTE. LTD.,Local Company,41001,GSK plc,gsk,strict alias; other words: construction
201532514W,GSK CREATIVE PTE. LTD.,Local Company,74192,GSK plc,gsk,strict alias; other words: creative
201803175Z,GSK DESIGN HOLDINGS PTE. LTD.,Local Company,68101,GSK plc,gsk,strict alias; other words: design
202307690R,GSK E & C PTE. LTD.,Local Company,43210,GSK plc,gsk,strict alias; other words: c e
199500652N,GSK ELECTRONICS PTE LTD,Local Company,46522,GSK plc,gsk,strict alias; other words: electronics
202141192M,GSK ELITE SYNERGY (PTE. LTD.),Local Company,46592,GSK plc,gsk,strict alias; other words: elite synergy
201230370W,GSK ENGINEERING & TRADING PTE. LTD.,Local Company,43210,GSK plc,gsk,strict alias; other words: engineering
201930091R,GSK FASHION STYLE PTE. LTD.,Local Company,47719,GSK plc,gsk,strict alias; other words: fashion style
201628492G,GSK GEOTECH PTE. LTD.,Local Company,43121,GSK plc,gsk,strict alias; other words: geotech
200202660C,GSK INTERNATIONAL (S) PTE. LTD.,Local Company,46900,GSK plc,gsk,strict alias; other words: s
202419832E,GSK MAJU RESTAURANT PTE. LTD.,Local Company,46900,GSK plc,gsk,strict alias; other words: maju restaurant
199506295W,GSK PROPERTY VALUATION PTE. LTD.,Local Company,68201,GSK plc,gsk,strict alias; other words: property valuation
202115874C,GSK SYNERGY PTE. LTD.,Local Company,46592,GSK plc,gsk,strict alias; other words: synergy
202514484N,GSK(26A) TRADERS PTE. LTD.,Local Company,46900,GSK plc,gsk,strict alias; other words: 26a traders
202510743K,NEW GALAXY ENTERTAINMENT (SINGAPORE) PTE. LTD.,Local Company,70205,Galaxy Entertainment,galaxy entertainment,alias not at start of name
202245245E,GALDERMA PRODUCTION SINGAPORE PTE. LTD.,Local Company,21011,Galderma Group,galderma,strict alias; other words: production
202511693R,GEELY AUTOMOBILE (SINGAPORE) PTE. LTD.,Local Company,64202,Geely,geely,strict alias; other words: automobile
202443215C,GEELY INTERNATIONAL TALENT DEVELOPMENT (SINGAPORE) PTE. LTD.,Local Company,64202,Geely,geely,strict alias; other words: talent
201827242E,GEELY LOGISTICS PTE. LTD.,Local Company,52292,Geely,geely,strict alias; other words: logistics
202226010D,GEELY MINING PTE. LTD.,Local Company,46900,Geely,geely,strict alias; other words: mining
201319221E,GENESYS (SE ASIA) PRIVATE LIMITED,Local Company,26304,Genesys,genesys,strict alias; other words: se
201603129M,GENESYS FOOD PTE. LTD.,Local Company,56111,Genesys,genesys,strict alias; other words: food
200815448D,AUTOMATE GENUINE PARTS PTE. LTD.,Local Company,46563,Genuine Parts Company,genuine parts,alias not at start of name
202513147R,NEXUS GLOBAL PAYMENTS LTD.,Local Company,66195,Global Payments,global payments,alias not at start of name
201610119H,GOODMAN ASIA CONSULTING PTE. LTD.,Local Company,70209,Goodman Group,goodman,strict alias; other words: consulting
202302998E,GOODMAN ASSETS PTE. LTD.,Local Company,64202,Goodman Group,goodman,strict alias; other words: assets
201834145M,GOODMAN CAPITAL (BAC) PTE. LTD.,Local Company,64202,Goodman Group,goodman,strict alias; other words: bac capital
201625204R,GOODMAN CAPITAL USA PTE. LTD.,Local Company,64202,Goodman Group,goodman,strict alias; other words: capital usa
201811020M,GOODMAN CREATIVES PTE. LTD.,Local Company,43301,Goodman Group,goodman,strict alias; other words: creatives
202116343R,GOODMAN ENTERPRISE PTE. LTD.,Local Company,74191,Goodman Group,goodman,strict alias; other words: enterprise
199703042K,GOODMAN ENVIRONMENTAL PTE LTD,Local Company,81211,Goodman Group,goodman,strict alias; other words: environmental
201214303K,GOODMAN FIELDER PTE. LTD.,Local Company,64202,Goodman Group,goodman,strict alias; other words: fielder
202225655Z,GOODMAN GURUS PTE. LTD.,Local Company,85332,Goodman Group,goodman,strict alias; other words: gurus
201808592M,GOODMAN INTERIOR (S) PTE. LTD.,Local Company,74191,Goodman Group,goodman,strict alias; other words: interior s
201714972N,GOODMAN INTERIOR PTE. LTD.,Local Company,42100,Goodman Group,goodman,strict alias; other words: interior
201019659W,GOODMAN REALTY PRIVATE LIMITED,Local Company,68101,Goodman Group,goodman,strict alias; other words: realty
202501142K,GOODMAN SG SERVICES NO.2 PTE. LIMITED,Local Company,70201,Goodman Group,goodman,strict alias; other words: 2 no
201330481Z,GOODMAN UNITED PTE. LTD.,Local Company,70201,Goodman Group,goodman,strict alias; other words: united
202611719W,GRAB ACADEMY PTE. LTD.,Local Company,85503,Grab Holdings,grab,strict alias; other words: academy
202209027E,GRAB AIRCON PTE. LTD.,Local Company,43220,Grab Holdings,grab,strict alias; other words: aircon
202510412W,GRAB FMCG PTE. LTD.,Local Company,46100,Grab Holdings,grab,strict alias; other words: fmcg
202127491G,GRAB FRUIT PTE. LTD.,Local Company,47211,Grab Holdings,grab,strict alias; other words: fruit
201731650K,GRAB GEO HOLDINGS PTE. LTD.,Local Company,64202,Grab Holdings,grab,strict alias; other words: geo
202505931H,GRAB HEALTH SOLUTIONS PTE. LTD.,Local Company,47214,Grab Holdings,grab,strict alias; other words: health
201802309G,GRAB LA PTE. LTD.,Local Company,64202,Grab Holdings,grab,strict alias; other words: la
202515698R,GRAB RENO PTE. LTD.,Local Company,43301,Grab Holdings,grab,strict alias; other words: reno
201617200G,GRAB RENTALS PTE. LTD.,Local Company,49215,Grab Holdings,grab,strict alias; other words: rentals
202111302M,GRAB TRUCKS PTE. LTD.,Local Company,52292,Grab Holdings,grab,strict alias; other words: trucks
202629705K,HCL ALLIANCE GROUP PTE. LTD.,Local Company,43904,HCL Technologies,hcl,strict alias; other words: alliance
202611033R,HCL BUSINESS SOLUTIONS PTE. LTD.,Local Company,70201,HCL Technologies,hcl,strict alias; other words: business
200909132M,HCL EDUCATION CENTRE PTE. LTD.,Local Company,85509,HCL Technologies,hcl,strict alias; other words: education
202449378D,HCL ELECTRICAL ENGINEERING PTE. LTD.,Local Company,43301,HCL Technologies,hcl,strict alias; other words: electrical engineering
202613412K,HCL INDUSTRIAL GROUP PTE. LTD.,Local Company,46639,HCL Technologies,hcl,strict alias; other words: industrial
T06FC6855H,HCL INFOSYSTEMS LIMITED,Foreign Company Branch,62011,HCL Technologies,hcl,strict alias; other words: infosystems
202339907H,HCL STUDENT CARE CENTRE PTE. LTD.,Local Company,88912,HCL Technologies,hcl,strict alias; other words: care student
201022491R,HP 99 ENGINEERING PTE. LTD.,Local Company,28191,HP,hp,strict alias; other words: 99 engineering
202220899C,HP ADVISORY PARTNERS PTE. LTD.,Local Company,70201,HP,hp,strict alias; other words: advisory partners
202528638G,HP AMARTAGAYA PTE. LTD.,Local Company,66306,HP,hp,strict alias; other words: amartagaya
202322107Z,HP ANG INVESTMENTS PTE. LTD.,Local Company,70209,HP,hp,strict alias; other words: ang
202202571C,HP CELLAGE  PRIVATE LIMITED,Local Company,70202,HP,hp,strict alias; other words: cellage
201912332K,HP COACH & LIMO SERVICES PTE. LTD.,Local Company,49212,HP,hp,strict alias; other words: coach limo
200408410N,HP COATING PTE. LTD.,Local Company,43304,HP,hp,strict alias; other words: coating
202301888C,HP CONSTRUCTION PTE. LTD.,Local Company,41009,HP,hp,strict alias; other words: construction
201510259K,HP CONTRACTOR PTE. LTD.,Local Company,42100,HP,hp,strict alias; other words: contractor
202034194C,HP DIGITAL WOOD WORKS PTE. LTD.,Local Company,16291,HP,hp,strict alias; other words: wood works
201523900W,HP ENERGY PTE. LTD.,Local Company,50021,HP,hp,strict alias; other words: energy
202441493W,HP EXCHANGE GROUP PTE. LTD.,Local Company,66122,HP,hp,strict alias; other words: exchange
202508445C,HP EXPRESS PTE. LTD.,Local Company,53200,HP,hp,strict alias; other words: express
202315413D,HP INFRA MARINE PTE. LTD.,Local Company,50022,HP,hp,strict alias; other words: infra marine
202451522K,HP INNOPATH PTE. LTD.,Local Company,46900,HP,hp,strict alias; other words: innopath
201225342E,HP LOGISTICS & SERVICES PTE. LTD.,Local Company,38100,HP,hp,strict alias; other words: logistics
200107170Z,HP MEDICAL (HV) PTE LTD,Local Company,86201,HP,hp,strict alias; other words: hv medical
201827485W,HP MOTO PTE. LTD.,Local Company,95301,HP,hp,strict alias; other words: moto
201507218E,HP PLASTIC & ENGINEERING PTE. LTD.,Local Company,22216,HP,hp,strict alias; other words: engineering plastic
201537571D,HP POWER PTE. LTD.,Local Company,47539,HP,hp,strict alias; other words: power
199608268H,HP PROPERTY AND FACILITY SERVICES PTE. LTD.,Local Company,68203,HP,hp,strict alias; other words: facility property
201838860K,HP PROPERTY INVESTMENTS PTE. LTD.,Local Company,64202,HP,hp,strict alias; other words: property
201829766Z,HP R&D SINGAPORE PTE. LTD.,Local Company,72102,HP,hp,strict alias; other words: d r
202441810C,HP RESOURCES PTE. LTD.,Local Company,62090,HP,hp,strict alias; other words: resources
200805411K,HP SHIPPING INVESTMENTS (S) PTE. LTD.,Local Company,96099,HP,hp,strict alias; other words: s shipping
202516010R,HP SINGAPORE FINANCING PTE. LTD.,Local Company,64202,HP,hp,strict alias; other words: financing
200907434E,HP WEALTH MANAGEMENT (S) PTE. LTD.,Local Company,66301,HP,hp,strict alias; other words: s wealth
200906687N,HP YAP PTE. LTD.,Local Company,64202,HP,hp,strict alias; other words: yap
200203344M,HP&S INTERNATIONAL PTE. LTD.,Local Company,70201,HP,hp,strict alias; other words: s
200514914G,HALLIBURTON EXPORT COMPANY PTE. LTD.,Local Company,46541,Halliburton,halliburton,strict alias; other words: export
199001491D,HALLIBURTON FAR EAST PTE LTD,Local Company,28242,Halliburton,halliburton,strict alias; other words: far
202243629H,HALLIBURTON GULF STATES HOLDING PTE. LTD.,Local Company,64202,Halliburton,halliburton,strict alias; other words: gulf states
197600791C,HALLIBURTON MYANMAR ENERGY SERVICES PTE. LTD.,Local Company,28242,Halliburton,halliburton,strict alias; other words: energy myanmar
201525994H,HENKEL APAC SUPPLY CHAIN PTE. LTD.,Local Company,52292,Henkel,henkel,strict alias; other words: chain supply
200913936M,HERMES 1 INVESTMENTS PTE. LTD.,Local Company,64202,Hermès,hermes,strict alias; other words: 1
200913939E,HERMES 2 INVESTMENTS PTE. LTD.,Local Company,64202,Hermès,hermes,strict alias; other words: 2
200913943M,HERMES 3 INVESTMENTS PTE. LTD.,Local Company,64202,Hermès,hermes,strict alias; other words: 3
198901768M,HERMES ABRASIVES PTE LTD,Local Company,70102,Hermès,hermes,strict alias; other words: abrasives
201133738W,HERMES AVIATION PTE. LTD.,Local Company,51001,Hermès,hermes,strict alias; other words: aviation
202340761C,HERMES DISTRIBUTION PTE. LTD.,Local Company,46900,Hermès,hermes,strict alias; other words: distribution
201910505C,HERMES E-MESA PTE. LTD.,Local Company,47719,Hermès,hermes,strict alias; other words: e mesa
201133706W,HERMES GPE (SINGAPORE) PTE. LTD.,Local Company,66309,Hermès,hermes,strict alias; other words: gpe
201209539G,HERMES LOGISTICS PTE. LTD.,Local Company,52292,Hermès,hermes,strict alias; other words: logistics
202500481W,HERMES MARINE SOLUTIONS PTE. LTD.,Local Company,70206,Hermès,hermes,strict alias; other words: marine
201132417C,HERMES MARITIME PTE. LTD.,Local Company,52226,Hermès,hermes,strict alias; other words: maritime
201705664W,HERMES OIL PTE. LTD.,Local Company,46610,Hermès,hermes,strict alias; other words: oil
197800430W,HERMES SHIPPING & TRANSPORT FAR EAST PTE LTD,Local Company,52292,Hermès,hermes,strict alias; other words: far shipping transport
202026227N,HERMES SHIPS AND SERVICES PTE. LTD.,Local Company,52226,Hermès,hermes,strict alias; other words: ships
200416614M,HERMES SUPPLIES PTE. LTD.,Local Company,46900,Hermès,hermes,strict alias; other words: supplies
202544874N,HERMES TESTING SOLUTIONS SINGAPORE PTE. LTD.,Local Company,28273,Hermès,hermes,strict alias; other words: testing
198404311E,HERMES TRAVEL RETAIL ASIA PTE. LTD.,Local Company,46412,Hermès,hermes,strict alias; other words: travel
199200780N,HERMES-EPITEK CORPORATION PTE LTD,Local Company,28274,Hermès,hermes,strict alias; other words: epitek
202505244M,HPE AIRCON PTE. LTD.,Local Company,28191,Hewlett Packard Enterprise,hpe,strict alias; other words: aircon
202450836N,HPE ATALANTA PTE. LTD.,Local Company,64202,Hewlett Packard Enterprise,hpe,strict alias; other words: atalanta
199800274N,HPE FINANCIAL SERVICES (SINGAPORE) PTE. LTD.,Local Company,77341,Hewlett Packard Enterprise,hpe,strict alias; other words: financial
201734341N,HPE MACHINERY PTE. LTD.,Local Company,46900,Hewlett Packard Enterprise,hpe,strict alias; other words: machinery
200819401C,HILTON CONSTRUCTION AND ENGINEERING PTE. LTD.,Local Company,71122,Hilton Worldwide,hilton,strict alias; other words: construction engineering
198303066Z,HILTON GIFTS COLLECTIONS PTE LTD,Local Company,47744,Hilton Worldwide,hilton,strict alias; other words: collections gifts
201601184C,HOLCIM SHIPPING PTE. LTD.,Local Company,50021,Holcim Group,holcim,strict alias; other words: shipping
201531109E,HONDA KOREAN FOOD PTE. LTD.,Local Company,56112,Honda,honda,strict alias; other words: food korean
197903067G,AMARA HOTEL PROPERTIES PTE LTD,Local Company,55101,Hotel Properties Limited,hotel properties,alias not at start of name
199400505E,BMS HOTEL PROPERTIES PTE LTD,Local Company,55101,Hotel Properties Limited,hotel properties,alias not at start of name
202415008K,INTEGRATED HOTEL PROPERTIES INVESTMENTS PTE. LTD.,Local Company,64202,Hotel Properties Limited,hotel properties,alias not at start of name
202619453K,HOYA BEAUTY SPA PTE. LTD.,Local Company,96029,Hoya,hoya,strict alias; other words: beauty spa
201113850N,HOYA ELECTRONICS SINGAPORE PTE. LTD.,Local Company,26129,Hoya,hoya,strict alias; other words: electronics
202432525D,HOYA FINANCIAL MANAGEMENT SINGAPORE PTE. LTD.,Local Company,64994,Hoya,hoya,strict alias; other words: financial
202001952C,HOYA GEMAX MEDICAL PTE. LTD.,Local Company,70201,Hoya,hoya,strict alias; other words: gemax medical
198402883R,HOYA LENS (S) PTE LTD,Local Company,46491,Hoya,hoya,strict alias; other words: lens s
200211144H,HOYA MEDICAL SINGAPORE PTE. LTD.,Local Company,26709,Hoya,hoya,strict alias; other words: medical
T21FC0038E,HOYA TECHNOSURGICAL CORPORATION Singapore Branch,Foreign Company Branch,32909,Hoya,hoya,strict alias; other words: technosurgical
199403798K,HUBBELL INTERNATIONAL (1976) PTE LTD,Local Company,71200,Hubbell,hubbell,strict alias; other words: 1976
202012333N,HUBBELL SING HOLDCO PTE. LTD.,Local Company,64202,Hubbell,hubbell,strict alias; other words: holdco sing
202424995E,HUMANA MEDICAL PTE. LIMITED,Local Company,46306,Humana,humana,strict alias; other words: medical
201541637M,IBM IMPEX PTE. LTD.,Local Company,46100,IBM,ibm,strict alias; other words: impex
202345465D,IBM INTERNATIONAL CAPITAL PTE. LTD.,Local Company,64202,IBM,ibm,strict alias; other words: capital
201511087N,IBM MANUFACTURING SOLUTIONS PTE. LTD.,Local Company,26201,IBM,ibm,strict alias; other words: manufacturing
202345468R,IBM SG HOLDINGS II PTE. LTD.,Local Company,64202,IBM,ibm,strict alias; other words: ii
201105251M,IQVIA LABORATORIES ASIA PTE. LTD.,Local Company,72106,IQVIA,iqvia,strict alias; other words: laboratories
199501912D,IQVIA RDS EAST ASIA PTE. LTD.,Local Company,72106,IQVIA,iqvia,strict alias; other words: rds
201024879H,ITC ADVISORS PTE. LTD.,Local Company,58110,ITC,itc,strict alias; other words: advisors
202028732W,ITC CERTIFICATIONS PTE. LTD.,Local Company,85509,ITC,itc,strict alias; other words: certifications
T10FC0076C,ITC INFOTECH LIMITED Singapore Branch,Foreign Company Branch,62021,ITC,itc,strict alias; other words: infotech
202312534E,ITC MECHATRONICS PTE. LTD.,Local Company,71129,ITC,itc,strict alias; other words: mechatronics
201135063M,ITC REFRIGERATION PTE. LTD.,Local Company,41001,ITC,itc,strict alias; other words: refrigeration
202128004D,ITC RESOURCES PTE. LTD.,Local Company,46900,ITC,itc,strict alias; other words: resources
202446729Z,ITC SUPER MART PTE. LTD.,Local Company,47102,ITC,itc,strict alias; other words: mart super
201835525C,ITC SYSTEMS GLOBAL (S) PTE. LTD.,Local Company,90390,ITC,itc,strict alias; other words: s
201128321N,ITC TRADELINK PTE. LTD.,Local Company,46900,ITC,itc,strict alias; other words: tradelink
199401113N,ITT FLUID TECHNOLOGY ASIA PTE LTD,Local Company,96099,ITT,itt,strict alias; other words: fluid
T23FC0056L,ILLUMINA CAMBRIDGE LIMITED Singapore Branch,Foreign Company Branch,72101,Illumina,illumina,strict alias; other words: cambridge
202631809R,ILLUMINA DATA SCIENCE PTE. LTD.,Local Company,72101,Illumina,illumina,strict alias; other words: science
202431750Z,ILLUMINA FINANCIAL PTE. LTD.,Local Company,70201,Illumina,illumina,strict alias; other words: financial
202535323E,ILLUMINA INTERNATIONAL GENOMICS PTE. LTD.,Local Company,46592,Illumina,illumina,strict alias; other words: genomics
202500075K,ILLUMINA SINGAPORE GENOMICS PTE. LTD.,Local Company,46592,Illumina,illumina,strict alias; other words: genomics
201323470G,ZARA @ ISOTEAM PTE. LTD.,Local Company,74191,Inditex,zara,strict alias; other words: isoteam
202538040D,ZARA AFRAH PTE. LTD.,Local Company,47102,Inditex,zara,strict alias; other words: afrah
202012448R,ZARA BISTRO PTE. LTD.,Local Company,56111,Inditex,zara,strict alias; other words: bistro
202326411R,ZARA COACH PTE. LTD.,Local Company,49212,Inditex,zara,strict alias; other words: coach
202541855K,ZARA COLLECTION PTE. LTD.,Local Company,46413,Inditex,zara,strict alias; other words: collection
201816204C,ZARA CONSULTANCY & ENGINEERING PTE. LTD.,Local Company,43210,Inditex,zara,strict alias; other words: consultancy engineering
202540276D,ZARA JAVA PTE. LTD.,Local Company,78102,Inditex,zara,strict alias; other words: java
202142598M,ZARA MART SG PTE. LTD.,Local Company,47102,Inditex,zara,strict alias; other words: mart
201331723E,INPEX ENERGY TRADING SINGAPORE PTE. LTD.,Local Company,46900,Inpex,inpex,strict alias; other words: energy
201701104D,INPEX FINANCIAL SERVICES SINGAPORE PTE. LTD.,Local Company,64994,Inpex,inpex,strict alias; other words: financial
202237256D,INSPUR COMMUNICATION SERVICES SINGAPORE PTE. LTD.,Local Company,63111,Inspur,inspur,strict alias; other words: communication
201818775G,INTEL 471 PTE. LTD.,Local Company,62090,Intel,intel,strict alias; other words: 471
202512187K,INTEL BUILDER PTE. LTD.,Local Company,41001,Intel,intel,strict alias; other words: builder
202435713G,INTEL FOUNDRY SERVICES PTE. LTD.,Local Company,71200,Intel,intel,strict alias; other words: foundry
202608866Z,INDIGO ARCHIVE PTE. LTD.,Local Company,46900,InterGlobe Aviation,indigo,strict alias; other words: archive
200910649E,INDIGO ATLANTIC PTE. LTD.,Local Company,64999,InterGlobe Aviation,indigo,strict alias; other words: atlantic
201331086M,INDIGO B. PROFESSIONAL SERVICES PTE. LTD.,Local Company,70201,InterGlobe Aviation,indigo,strict alias; other words: b professional
202404118D,INDIGO BEAUTIE COMPANY PTE. LTD.,Local Company,20233,InterGlobe Aviation,indigo,strict alias; other words: beautie
201634365Z,INDIGO BLUE INTERNATIONAL INVESTMENT PTE. LTD.,Local Company,64202,InterGlobe Aviation,indigo,strict alias; other words: blue
202403614R,INDIGO BRICKS PTE. LTD.,Local Company,64202,InterGlobe Aviation,indigo,strict alias; other words: bricks
200615736E,INDIGO CAPITAL II PTE. LTD.,Local Company,70201,InterGlobe Aviation,indigo,strict alias; other words: capital ii
200106984R,INDIGO CAPITAL PTE LTD,Local Company,70201,InterGlobe Aviation,indigo,strict alias; other words: capital
202408159K,INDIGO CAPITAL VENTURES PTE. LTD.,Local Company,64202,InterGlobe Aviation,indigo,strict alias; other words: capital
198402291Z,INDIGO CHAKRAS PTE. LTD.,Local Company,78104,InterGlobe Aviation,indigo,strict alias; other words: chakras
201422176R,INDIGO CHARTERING PTE. LTD.,Local Company,70201,InterGlobe Aviation,indigo,strict alias; other words: chartering
202350220E,INDIGO COACHING PTE. LTD.,Local Company,88991,InterGlobe Aviation,indigo,strict alias; other words: coaching
201601349N,INDIGO CONSEIL PTE. LTD.,Local Company,70209,InterGlobe Aviation,indigo,strict alias; other words: conseil
202040190K,INDIGO CONSULTING PTE. LTD.,Local Company,70201,InterGlobe Aviation,indigo,strict alias; other words: consulting
201511908N,INDIGO CORPORATE SERVICES PTE. LTD.,Local Company,46514,InterGlobe Aviation,indigo,strict alias; other words: corporate
202531050C,INDIGO DC INVESTMENTS PTE. LTD.,Local Company,64202,InterGlobe Aviation,indigo,strict alias; other words: dc
202009737M,INDIGO DREAMS PTE. LTD.,Local Company,14101,InterGlobe Aviation,indigo,strict alias; other words: dreams
201024401N,INDIGO EDUCATION CENTRE PTE. LTD.,Local Company,85502,InterGlobe Aviation,indigo,strict alias; other words: education
202447892D,INDIGO EVENTS GROUP PTE. LTD.,Local Company,82303,InterGlobe Aviation,indigo,strict alias; other words: events
202313548W,INDIGO GARMENT GROUP PTE. LTD.,Local Company,46900,InterGlobe Aviation,indigo,strict alias; other words: garment
202110274M,INDIGO HOLDCO PTE. LTD.,Local Company,64202,InterGlobe Aviation,indigo,strict alias; other words: holdco
201623209W,INDIGO INTEGRATED INVESTMENTS PTE. LTD.,Local Company,70201,InterGlobe Aviation,indigo,strict alias; other words: integrated
201936243C,INDIGO INVESTMENT ADVISORS PTE. LTD.,Local Company,66306,InterGlobe Aviation,indigo,strict alias; other words: advisors
202332358C,INDIGO LAKE PTE. LTD.,Local Company,62011,InterGlobe Aviation,indigo,strict alias; other words: lake
202538451E,INDIGO LAKE SHIPPING PTE. LTD.,Local Company,50021,InterGlobe Aviation,indigo,strict alias; other words: lake shipping
200802950N,INDIGO LAO DDP PTE. LTD.,Local Company,74113,InterGlobe Aviation,indigo,strict alias; other words: ddp lao
200812427W,INDIGO LIFESTYLE PTE. LTD.,Local Company,46900,InterGlobe Aviation,indigo,strict alias; other words: lifestyle
202417079D,INDIGO LIGHT PTE. LTD.,Local Company,82110,InterGlobe Aviation,indigo,strict alias; other words: light
202416669C,INDIGO LUNA VENTURES PTE. LTD.,Local Company,64202,InterGlobe Aviation,indigo,strict alias; other words: luna
202523944W,INDIGO LUNA YARN PTE. LTD.,Local Company,47510,InterGlobe Aviation,indigo,strict alias; other words: luna yarn
201605764H,INDIGO MANDARIN PTE. LTD.,Local Company,70201,InterGlobe Aviation,indigo,strict alias; other words: mandarin
202631437N,INDIGO MARKETING COMMUNICATIONS PTE. LTD.,Local Company,70201,InterGlobe Aviation,indigo,strict alias; other words: communications
202110268D,INDIGO MIDCO PTE. LTD.,Local Company,64202,InterGlobe Aviation,indigo,strict alias; other words: midco
201208007W,INDIGO NOMBRES PTE. LTD.,Local Company,69201,InterGlobe Aviation,indigo,strict alias; other words: nombres
201019755H,INDIGO ORIGINS PTE. LTD.,Local Company,46900,InterGlobe Aviation,indigo,strict alias; other words: origins
200910683K,INDIGO PALACE BEAUTY AND HAIR STYLING PTE. LTD.,Local Company,96022,InterGlobe Aviation,indigo,strict alias; other words: beauty hair palace styling
201230220Z,INDIGO PARADIGM 13 PTE. LTD.,Local Company,64202,InterGlobe Aviation,indigo,strict alias; other words: 13 paradigm
201428070N,INDIGO PRECIOUS METALS PTE. LTD.,Local Company,66123,InterGlobe Aviation,indigo,strict alias; other words: metals precious
202608410M,INDIGO PROJECT PTE. LTD.,Local Company,64202,InterGlobe Aviation,indigo,strict alias; other words: project
202343850C,INDIGO PROPERTIES PRIVATE LIMITED,Local Company,68101,InterGlobe Aviation,indigo,strict alias; other words: properties
202634356D,INDIGO PULSE SINGAPORE PTE. LTD.,Local Company,70201,InterGlobe Aviation,indigo,strict alias; other words: pulse
202540599E,INDIGO REALTY PTE. LTD.,Local Company,68101,InterGlobe Aviation,indigo,strict alias; other words: realty
202316282H,INDIGO ROUTE PTE. LTD.,Local Company,46610,InterGlobe Aviation,indigo,strict alias; other words: route
201204942Z,INDIGO TELECOM ASIA PACIFIC PTE. LIMITED,Local Company,61090,InterGlobe Aviation,indigo,strict alias; other words: telecom
202110264Z,INDIGO TOPCO PTE. LTD.,Local Company,64202,InterGlobe Aviation,indigo,strict alias; other words: topco
202427278Z,INDIGO TX PTE. LTD.,Local Company,70201,InterGlobe Aviation,indigo,strict alias; other words: tx
201100896D,INDIGO VINTNERS PTE. LTD.,Local Company,47220,InterGlobe Aviation,indigo,strict alias; other words: vintners
201614895N,INDIGO WINE CO. PTE. LTD.,Local Company,46900,InterGlobe Aviation,indigo,strict alias; other words: wine
200820627M,WANXIANG INTERNATIONAL FLAVORS & FRAGRANCES PTE. LTD.,Local Company,64202,International Flavors & Fragrances,international flavors and fragrances,alias not at start of name
202116982D,ANGARA (SINGAPORE) INTERNATIONAL HOLDING COMPANY PTE. LTD.,Local Company,46900,International Holding Company,international holding company,alias not at start of name
201840180C,INTUIT MANAGEMENT CONSULTANCY PTE. LTD.,Local Company,70201,Intuit,intuit,strict alias; other words: consultancy
202509743Z,INTUIT RECRUITMENT PTE. LTD.,Local Company,78104,Intuit,intuit,strict alias; other words: recruitment
201434574D,INTUIT RESEARCH CONSULTANTS PTE. LTD.,Local Company,73200,Intuit,intuit,strict alias; other words: consultants
198400703G,"ITOCHU PETROLEUM CO., (SINGAPORE) PTE. LTD.",Local Company,46610,Itochu,itochu,strict alias; other words: petroleum
198801314D,ITOCHU PLASTICS PTE. LTD.,Local Company,46643,Itochu,itochu,strict alias; other words: plastics
200802184Z,ITOCHU TREASURY CENTRE ASIA PTE. LTD.,Local Company,70201,Itochu,itochu,strict alias; other words: treasury
202342658D,JLL F&B PTE. LTD.,Local Company,56122,JLL,jll,strict alias; other words: b f
201835027K,JLL REAL ESTATE CAPITAL PTE. LTD.,Local Company,64202,JLL,jll,strict alias; other words: capital estate real
201634049N,JLL SINGAPORE CAPITAL PTE. LTD.,Local Company,64202,JLL,jll,strict alias; other words: capital
201208105K,JONES LANG LASALLE INDIA INVESTMENT MANAGEMENT PTE. LTD.,Local Company,82999,JLL,jones lang lasalle,ambiguous: JLL | Jones Lang LaSalle
198004794D,JONES LANG LASALLE PROPERTY CONSULTANTS PTE LTD,Local Company,68201,JLL,jones lang lasalle,ambiguous: JLL | Jones Lang LaSalle
200719295G,JONES LANG LASALLE TECHNOLOGY SERVICES PTE. LTD.,Local Company,63119,JLL,jones lang lasalle,ambiguous: JLL | Jones Lang LaSalle
200203640M,JABIL CIRCUIT (SINGAPORE) PTE. LTD.,Local Company,26202,Jabil,jabil,strict alias; other words: circuit
201412425G,JABIL INTERNATIONAL TREASURY PTE. LTD.,Local Company,64994,Jabil,jabil,strict alias; other words: treasury
202336354D,JABIL PROCUREMENT AND SUPPLY CHAIN SERVICES PTE. LTD.,Local Company,70201,Jabil,jabil,strict alias; other words: chain procurement supply
202617801K,JIO ENTERPRISES PTE. LTD.,Local Company,64202,Jio Financial Services,jio,strict alias; other words: enterprises
202517463G,JIO FINANCE PTE. LTD.,Local Company,70205,Jio Financial Services,jio,strict alias; other words: finance
202605788D,JIO HARMONY SHIPPING PTE. LTD.,Local Company,52226,Jio Financial Services,jio,strict alias; other words: harmony shipping
202340226M,JIO KAKIS PTE. LTD.,Local Company,47640,Jio Financial Services,jio,strict alias; other words: kakis
202309795W,JIO KOPITIAM 107 PTE. LTD.,Local Company,56122,Jio Financial Services,jio,strict alias; other words: 107 kopitiam
202301675G,JIO KOPITIAM PTE. LTD.,Local Company,56122,Jio Financial Services,jio,strict alias; other words: kopitiam
201208105K,JONES LANG LASALLE INDIA INVESTMENT MANAGEMENT PTE. LTD.,Local Company,82999,Jones Lang LaSalle,jones lang lasalle,ambiguous: JLL | Jones Lang LaSalle
198004794D,JONES LANG LASALLE PROPERTY CONSULTANTS PTE LTD,Local Company,68201,Jones Lang LaSalle,jones lang lasalle,ambiguous: JLL | Jones Lang LaSalle
200719295G,JONES LANG LASALLE TECHNOLOGY SERVICES PTE. LTD.,Local Company,63119,Jones Lang LaSalle,jones lang lasalle,ambiguous: JLL | Jones Lang LaSalle
T07FC7005G,BANK JULIUS BAER & CO. LTD.,Foreign Company Branch,64130,Julius Baer,julius baer,alias not at start of name
200722146D,BANK JULIUS BAER NOMINEES (SINGAPORE) PTE. LTD.,Local Company,66191,Julius Baer,julius baer,alias not at start of name
199001039R,KBC ADVANCED TECHNOLOGY PTE LTD,Local Company,71129,KBC,kbc,strict alias; other words: advanced
S98FC5546B,KBC BANK N.V.,Foreign Company Branch,64130,KBC,kbc,strict alias; other words: bank n v
202343986Z,KBC INDIA PTE. LTD.,Local Company,56111,KBC,kbc,strict alias; other words: india
201725561G,KBC PARTNERS INVESTMENT PTE. LTD.,Local Company,46219,KBC,kbc,strict alias; other words: partners
201411953Z,KDDI SUMMIT GLOBAL SINGAPORE PTE. LTD.,Local Company,64202,KDDI,kddi,strict alias; other words: summit
202118380G,KE AI JI (EAST) PTE. LTD.,Local Company,56140,KE Holdings,ke,strict alias; other words: ai ji
202118379M,KE AI JI (NORTH) PTE. LTD.,Local Company,56140,KE Holdings,ke,strict alias; other words: ai ji
202118382H,KE AI JI (WEST) PTE. LTD.,Local Company,56140,KE Holdings,ke,strict alias; other words: ai ji
202118348D,KE AI JI F&B PTE. LTD.,Local Company,56122,KE Holdings,ke,strict alias; other words: ai b f ji
202030003R,KE ALLIANCE PTE. LTD.,Local Company,70201,KE Holdings,ke,strict alias; other words: alliance
202619514E,KE AN JIN HUE PTE. LTD.,Local Company,70201,KE Holdings,ke,strict alias; other words: an hue jin
201836748E,KE BEAUTY PTE. LTD.,Local Company,96029,KE Holdings,ke,strict alias; other words: beauty
202520079K,KE DE JEWELRY PTE. LTD.,Local Company,47731,KE Holdings,ke,strict alias; other words: de jewelry
202033383K,KE INNOVATIONS PTE. LTD.,Local Company,46900,KE Holdings,ke,strict alias; other words: innovations
201923637D,KE JEMIE PTE. LTD.,Local Company,46900,KE Holdings,ke,strict alias; other words: jemie
202630114R,KE LAN BUSINESS TRADE PTE. LTD.,Local Company,62021,KE Holdings,ke,strict alias; other words: business lan trade
201403365C,KE NETCAL PTE. LTD.,Local Company,46900,KE Holdings,ke,strict alias; other words: netcal
202026689K,KE PARTNERS PTE. LTD.,Local Company,86204,KE Holdings,ke,strict alias; other words: partners
202336303H,KE QI INTERNATIONAL PTE. LTD.,Local Company,46900,KE Holdings,ke,strict alias; other words: qi
201803123N,KE RUN SG PTE. LTD.,Local Company,46900,KE Holdings,ke,strict alias; other words: run
202235016K,KE SHI CONSTRUCTION PTE. LTD.,Local Company,43220,KE Holdings,ke,strict alias; other words: construction shi
202030004G,KE TRUST PAC,Local Company,69201,KE Holdings,ke,strict alias; other words: pac trust
202608848R,KE UNIFORMS PTE. LTD.,Local Company,47712,KE Holdings,ke,strict alias; other words: uniforms
202542949M,KE WAI HUO DONG PTE. LTD.,Local Company,82303,KE Holdings,ke,strict alias; other words: dong huo wai
201703006D,KE WEALTH CREATION LTD.,Local Company,70201,KE Holdings,ke,strict alias; other words: creation wealth
202442560W,KE XIN CONSTRUCTION PTE. LTD.,Local Company,41009,KE Holdings,ke,strict alias; other words: construction xin
202240837Z,KE XIN L&L FOOD INDUSTRIES PTE. LTD.,Local Company,46900,KE Holdings,ke,strict alias; other words: food industries l xin
202405411G,KE XING PTE. LTD.,Local Company,64202,KE Holdings,ke,strict alias; other words: xing
197900177E,KE-CHO (PTE.) LTD.,Local Company,64202,KE Holdings,ke,strict alias; other words: cho
202522811R,KE-GRACEFUL PTE. LTD.,Local Company,56111,KE Holdings,ke,strict alias; other words: graceful
201708270W,KE-NENG SOLUTION PTE. LTD.,Local Company,41009,KE Holdings,ke,strict alias; other words: neng solution
201113403E,KE-SOURCE PROFESSIONAL SERVICES PTE. LTD.,Local Company,62021,KE Holdings,ke,strict alias; other words: professional source
195500144H,KGI SECURITIES (SINGAPORE) PTE. LTD.,Local Company,66121,KGI Financial Holding,kgi,strict alias; other words: securities
201913788N,KKR 100AM PTE. LTD.,Local Company,56111,KKR & Co.,kkr,strict alias; other words: 100am
201731483M,KKR ARK HOLDINGS PTE. LTD.,Local Company,64202,KKR & Co.,kkr,strict alias; other words: ark
202427251W,KKR ASIA CLIMATE HOLDINGS PTE. LTD.,Local Company,64202,KKR & Co.,kkr,strict alias; other words: climate
202446024D,KKR ASIA CLIMATE SBS HOLDINGS PTE. LTD.,Local Company,64202,KKR & Co.,kkr,strict alias; other words: climate sbs
201325235N,KKR ASIA II ESC PTE. LTD.,Local Company,64202,KKR & Co.,kkr,strict alias; other words: esc ii
201315183D,KKR ASIA II FUND INVESTMENTS PTE. LTD.,Local Company,64202,KKR & Co.,kkr,strict alias; other words: fund ii
201325230Z,KKR ASIA II SBS PTE. LTD.,Local Company,64202,KKR & Co.,kkr,strict alias; other words: ii sbs
201714052W,KKR ASIA III (EEA) PTE. LTD.,Local Company,64202,KKR & Co.,kkr,strict alias; other words: eea iii
201718470E,KKR ASIA III ESC PTE. LTD.,Local Company,64202,KKR & Co.,kkr,strict alias; other words: esc iii
201713656M,KKR ASIA III FUND INVESTMENTS PTE. LTD.,Local Company,64202,KKR & Co.,kkr,strict alias; other words: fund iii
201718467H,KKR ASIA III SBS PTE. LTD.,Local Company,64202,KKR & Co.,kkr,strict alias; other words: iii sbs
202031210C,KKR ASIA IV ESC PTE. LTD.,Local Company,64202,KKR & Co.,kkr,strict alias; other words: esc iv
202112851N,KKR ASIA IV FUND CO-INVEST PTE. LTD.,Local Company,64202,KKR & Co.,kkr,strict alias; other words: fund invest iv
202017605D,KKR ASIA IV FUND INVESTMENTS PTE. LTD.,Local Company,64202,KKR & Co.,kkr,strict alias; other words: fund iv
202031220N,KKR ASIA IV SBS PTE. LTD.,Local Company,64202,KKR & Co.,kkr,strict alias; other words: iv sbs
202401705R,KKR ASIA NEXT GENERATION TECHNOLOGY GROWTH FUND ESC PTE. LTD.,Local Company,64202,KKR & Co.,kkr,strict alias; other words: esc fund generation growth next
202228833K,KKR ASIA NEXT GENERATION TECHNOLOGY GROWTH FUND PTE. LTD.,Local Company,64202,KKR & Co.,kkr,strict alias; other words: fund generation growth next
202401706G,KKR ASIA NEXT GENERATION TECHNOLOGY GROWTH FUND SBS PTE. LTD.,Local Company,64202,KKR & Co.,kkr,strict alias; other words: fund generation growth next sbs
202100841K,KKR ASIA PACIFIC INFRASTRUCTURE ESC HOLDINGS PTE. LTD.,Local Company,64202,KKR & Co.,kkr,strict alias; other words: esc infrastructure
202232127Z,KKR ASIA PACIFIC INFRASTRUCTURE HOLDINGS II PTE. LTD.,Local Company,64202,KKR & Co.,kkr,strict alias; other words: ii infrastructure
202527762W,KKR ASIA PACIFIC INFRASTRUCTURE HOLDINGS III PTE. LTD.,Local Company,64202,KKR & Co.,kkr,strict alias; other words: iii infrastructure
201942232K,KKR ASIA PACIFIC INFRASTRUCTURE HOLDINGS PTE. LTD.,Local Company,64202,KKR & Co.,kkr,strict alias; other words: infrastructure
202343893E,KKR ASIA PACIFIC INFRASTRUCTURE II ESC HOLDINGS PTE. LTD.,Local Company,64202,KKR & Co.,kkr,strict alias; other words: esc ii infrastructure
202343861E,KKR ASIA PACIFIC INFRASTRUCTURE II SBS HOLDINGS PTE. LTD.,Local Company,64202,KKR & Co.,kkr,strict alias; other words: ii infrastructure sbs
202100852N,KKR ASIA PACIFIC INFRASTRUCTURE SBS HOLDINGS PTE. LTD.,Local Company,64202,KKR & Co.,kkr,strict alias; other words: infrastructure sbs
202207042D,KKR ASIA PROPERTY HOLDINGS PTE. LTD.,Local Company,64202,KKR & Co.,kkr,strict alias; other words: property
202103596N,KKR ASIA REAL ESTATE HOLDINGS PARALLEL PTE. LTD.,Local Company,64202,KKR & Co.,kkr,strict alias; other words: estate parallel real
201920557E,KKR ASIA REAL ESTATE HOLDINGS PTE. LTD.,Local Company,64202,KKR & Co.,kkr,strict alias; other words: estate real
202103621E,KKR ASIA REAL ESTATE HOLDINGS SBS PTE. LTD.,Local Company,64202,KKR & Co.,kkr,strict alias; other words: estate real sbs
202306816M,KKR ASIA REAL ESTATE II HOLDINGS PTE. LTD.,Local Company,64202,KKR & Co.,kkr,strict alias; other words: estate ii real
202524531K,KKR ASIA REAL ESTATE II HOLDINGS SBS PTE. LTD.,Local Company,64202,KKR & Co.,kkr,strict alias; other words: estate ii real sbs
202243862M,KKR ASIA TACTICAL CREDIT INVESTMENTS PTE. LTD.,Local Company,64202,KKR & Co.,kkr,strict alias; other words: credit tactical
202605317E,KKR ASIA V FUND INVESTMENTS PTE. LTD.,Local Company,64202,KKR & Co.,kkr,strict alias; other words: fund v
201316280C,KKR CAPSTONE SINGAPORE PTE. LTD.,Local Company,70201,KKR & Co.,kkr,strict alias; other words: capstone
201843240N,KKR CORE HOLDING COMPANY ASIA PTE. LTD.,Local Company,64202,KKR & Co.,kkr,strict alias; other words: core
202004298E,KKR CREDIT ADVISORS (SINGAPORE) PTE. LTD.,Local Company,66309,KKR & Co.,kkr,strict alias; other words: advisors credit
201331787E,KKR CREDIT OPPORTUNITIES INDIA FUND PTE. LTD.,Local Company,64202,KKR & Co.,kkr,strict alias; other words: credit fund india opportunities
202128329G,KKR DIVERSIFIED CORE INFRASTRUCTURE HOLDINGS PTE. LTD.,Local Company,64202,KKR & Co.,kkr,strict alias; other words: core diversified infrastructure
202524703D,KKR DYNAMO GP PTE. LTD.,Local Company,64202,KKR & Co.,kkr,strict alias; other words: dynamo gp
202601668W,KKR EMERALD GP PTE. LTD.,Local Company,64202,KKR & Co.,kkr,strict alias; other words: emerald gp
201319664G,KKR FLOORLINE INVESTMENTS PTE. LTD.,Local Company,64202,KKR & Co.,kkr,strict alias; other words: floorline
202346001C,KKR GIF ASIA II ESC HOLDINGS PTE. LTD.,Local Company,64202,KKR & Co.,kkr,strict alias; other words: esc gif ii
202346003D,KKR GIF ASIA II SBS HOLDINGS PTE. LTD.,Local Company,64202,KKR & Co.,kkr,strict alias; other words: gif ii sbs
202429314G,KKR GLOBAL CLIMATE TRANSITION HOLDINGS PTE. LTD.,Local Company,64202,KKR & Co.,kkr,strict alias; other words: climate transition
201936569R,KKR GLOBAL CREDIT OPPORTUNITIES ACCESS FUND GP PTE. LTD.,Local Company,64202,KKR & Co.,kkr,strict alias; other words: access credit fund gp opportunities
202124509E,KKR GO HOLDINGS PTE. LTD.,Local Company,64202,KKR & Co.,kkr,strict alias; other words: go
201617871N,KKR GO INVESTMENTS PTE. LTD.,Local Company,64202,KKR & Co.,kkr,strict alias; other words: go
202504384C,KKR HECTOR GP PTE. LTD.,Local Company,64202,KKR & Co.,kkr,strict alias; other words: gp hector
202547663K,KKR ILLUMINATE GP PTE. LTD.,Local Company,64202,KKR & Co.,kkr,strict alias; other words: gp illuminate
201331792D,KKR INDIA ASSET INVESTMENTS PTE. LTD.,Local Company,64202,KKR & Co.,kkr,strict alias; other words: asset india
201318867M,KKR INDIA FINANCIAL INVESTMENTS PTE. LTD.,Local Company,64202,KKR & Co.,kkr,strict alias; other words: financial india
201507052C,KKR INDIA RECONSTRUCTION PTE. LTD.,Local Company,64202,KKR & Co.,kkr,strict alias; other words: india reconstruction
202443521N,KKR INFINITY ASIA AGGREGATOR GP PTE. LTD.,Local Company,64202,KKR & Co.,kkr,strict alias; other words: aggregator gp infinity
201529376D,KKR JUPITER INVESTORS PTE. LTD.,Local Company,64202,KKR & Co.,kkr,strict alias; other words: investors jupiter
202231964W,KKR MIC ASIA (HOLDCO) PTE. LTD.,Local Company,64202,KKR & Co.,kkr,strict alias; other words: holdco mic
202532638G,KKR MVP HOLDINGS PTE. LTD.,Local Company,64202,KKR & Co.,kkr,strict alias; other words: mvp
202434646G,KKR NIGHT HERON PTE. LTD.,Local Company,64202,KKR & Co.,kkr,strict alias; other words: heron night
202557185D,KKR OPAL COINVEST GP PTE. LTD.,Local Company,64202,KKR & Co.,kkr,strict alias; other words: coinvest gp opal
202553218R,KKR OPAL SGD AGGREGATOR GP PTE. LTD.,Local Company,64202,KKR & Co.,kkr,strict alias; other words: aggregator gp opal sgd
202554308N,KKR OPAL TOPCO GP PTE. LTD.,Local Company,64202,KKR & Co.,kkr,strict alias; other words: gp opal topco
202552347C,KKR OPAL USD AGGREGATOR GP PTE. LTD.,Local Company,64202,KKR & Co.,kkr,strict alias; other words: aggregator gp opal usd
202438685M,KKR PEREGRINE INVESTMENTS PTE. LTD.,Local Company,64202,KKR & Co.,kkr,strict alias; other words: peregrine
201331372Z,KKR RECOI (SINGAPORE) PTE. LTD.,Local Company,82999,KKR & Co.,kkr,strict alias; other words: recoi
202555519D,KKR STELLA AGGREGATOR PTE. LTD.,Local Company,64202,KKR & Co.,kkr,strict alias; other words: aggregator stella
202444131E,KKR TRADERS PTE. LTD.,Local Company,46900,KKR & Co.,kkr,strict alias; other words: traders
202618131D,KKR XPEDITION GP PTE. LTD.,Local Company,64202,KKR & Co.,kkr,strict alias; other words: gp xpedition
202305384K,KLA FINCO PTE. LTD.,Local Company,64994,KLA,kla,strict alias; other words: finco
202632375E,KLA-CAR PTE. LTD.,Local Company,47311,KLA,kla,strict alias; other words: car
202129461C,KPN OLEO PTE. LTD.,Local Company,64202,KPN,kpn,strict alias; other words: oleo
200200415K,KAO & TAN FAMILY MEDICAL CENTRE & SURGERY PTE. LTD.,Local Company,86201,Kao,kao,strict alias; other words: family medical surgery tan
199508641C,KAO FOO ENTERPRISE PTE LTD,Local Company,46900,Kao,kao,strict alias; other words: enterprise foo
202212895M,KAO KELE PTE. LTD.,Local Company,64202,Kao,kao,strict alias; other words: kele
202434683E,KAO KUANG TRADING PTE. LTD.,Local Company,46302,Kao,kao,strict alias; other words: kuang
199200559E,KAO LEE ALUMINIUM INDUSTRIAL PTE. LTD.,Local Company,25111,Kao,kao,strict alias; other words: aluminium industrial lee
200507798N,KAO LEE INVESTMENT (I) PTE. LTD.,Local Company,64202,Kao,kao,strict alias; other words: i lee
201412653M,KAO PINK PTE. LTD.,Local Company,47739,Kao,kao,strict alias; other words: pink
202019370G,KAO RAHAI HOLDING PTE. LTD.,Local Company,64202,Kao,kao,strict alias; other words: rahai
197803087H,KAO SAN TRADING PTE LTD,Local Company,68103,Kao,kao,strict alias; other words: san
201811135N,KAO SEN CONSTRUCTION PTE. LTD.,Local Company,43301,Kao,kao,strict alias; other words: construction sen
200202279N,KAO SHEN PROPERTIES PRIVATE LIMITED,Local Company,68103,Kao,kao,strict alias; other words: properties shen
201433933D,KEPPEL ALMERE PTE. LTD.,Local Company,64202,Keppel,keppel,strict alias; other words: almere
200721147W,KEPPEL ANHUI FOOD LOGISTICS PARK PTE. LTD.,Local Company,64202,Keppel,keppel,strict alias; other words: anhui food logistics park
201824221Z,KEPPEL ASIA INFRA FUND (GP) PTE. LTD.,Local Company,66309,Keppel,keppel,strict alias; other words: fund gp infra
201935859K,KEPPEL ASIA MACRO TRENDS FUND IV PRIVATE LIMITED,Local Company,64202,Keppel,keppel,strict alias; other words: fund iv macro trends
197501786R,KEPPEL BAY PTE LTD,Local Company,68101,Keppel,keppel,strict alias; other words: bay
201819938N,KEPPEL CAPITAL CHINA (SG) PTE. LTD.,Local Company,66309,Keppel,keppel,strict alias; other words: capital china
201302079N,KEPPEL CAPITAL HOLDINGS PTE. LTD.,Local Company,64202,Keppel,keppel,strict alias; other words: capital
201614292N,KEPPEL CAPITAL INTERNATIONAL PTE. LTD.,Local Company,70201,Keppel,keppel,strict alias; other words: capital
201633284D,KEPPEL CAPITAL INVESTMENT HOLDINGS PTE. LTD.,Local Company,64202,Keppel,keppel,strict alias; other words: capital
201714863W,KEPPEL CAPITAL JANUS PTE. LTD.,Local Company,66309,Keppel,keppel,strict alias; other words: capital janus
201806779Z,KEPPEL CAPITAL MANAGEMENT PTE. LTD.,Local Company,64202,Keppel,keppel,strict alias; other words: capital
201302083C,KEPPEL CAPITAL PTE. LTD.,Local Company,64924,Keppel,keppel,strict alias; other words: capital
201824232D,KEPPEL CAPITAL THREE PTE. LTD.,Local Company,64202,Keppel,keppel,strict alias; other words: capital three
201718431E,KEPPEL CAPITAL TWO PTE. LTD.,Local Company,64202,Keppel,keppel,strict alias; other words: capital two
201706684Z,KEPPEL CAPITAL VENTURES PTE. LTD.,Local Company,64202,Keppel,keppel,strict alias; other words: capital
201120171W,KEPPEL CARE FOUNDATION LIMITED,Local Company,94991,Keppel,keppel,strict alias; other words: care foundation
200723271W,KEPPEL CHINA MARINA HOLDINGS PTE. LTD.,Local Company,64202,Keppel,keppel,strict alias; other words: china marina
201827939K,KEPPEL CHINA PTE. LTD.,Local Company,64202,Keppel,keppel,strict alias; other words: china
198200406H,KEPPEL COMMUNICATIONS PTE LTD,Local Company,61020,Keppel,keppel,strict alias; other words: communications
199404996N,KEPPEL CONTAINER LINE PTE LTD,Local Company,52222,Keppel,keppel,strict alias; other words: container line
201323429C,KEPPEL CONTRACTORS PTE. LTD.,Local Company,74191,Keppel,keppel,strict alias; other words: contractors
202243348Z,KEPPEL CORE INFRA FUND GP PTE. LTD.,Local Company,66309,Keppel,keppel,strict alias; other words: core fund gp infra
201541513H,KEPPEL CREDIT FUND MANAGEMENT PTE. LTD.,Local Company,66309,Keppel,keppel,strict alias; other words: credit fund
201102276D,KEPPEL DATA CENTRES HOLDING PTE. LTD.,Local Company,82999,Keppel,keppel,strict alias; other words: centres
199706702K,KEPPEL DATA CENTRES PTE. LTD.,Local Company,64202,Keppel,keppel,strict alias; other words: centres
199005264N,KEPPEL DC INVESTMENT HOLDINGS PTE. LTD.,Local Company,64202,Keppel,keppel,strict alias; other words: dc
201427947G,KEPPEL DC REIT FIN. COMPANY PTE. LTD.,Local Company,64999,Keppel,keppel,strict alias; other words: dc fin reit
199508930C,KEPPEL DC REIT MANAGEMENT PTE. LTD.,Local Company,66309,Keppel,keppel,strict alias; other words: dc reit
201714136K,KEPPEL DC REIT MTN PTE. LTD.,Local Company,64999,Keppel,keppel,strict alias; other words: dc mtn reit
201928358W,KEPPEL DC SERVICES PTE. LTD.,Local Company,62023,Keppel,keppel,strict alias; other words: dc
199307735D,KEPPEL DC SINGAPORE 1 LTD.,Local Company,82999,Keppel,keppel,strict alias; other words: 1 dc
200001470C,KEPPEL DC SINGAPORE 2 PTE. LTD.,Local Company,82999,Keppel,keppel,strict alias; other words: 2 dc
201627708E,KEPPEL DCS3 SERVICES PTE. LTD.,Local Company,68203,Keppel,keppel,strict alias; other words: dcs3
201529761N,KEPPEL DHCS O&M PTE. LTD.,Local Company,71125,Keppel,keppel,strict alias; other words: dhcs m o
199804799M,KEPPEL DHCS PTE. LTD.,Local Company,36000,Keppel,keppel,strict alias; other words: dhcs
201331914M,KEPPEL EAAS PTE. LTD.,Local Company,35102,Keppel,keppel,strict alias; other words: eaas
202211337H,KEPPEL ECOMMERCE PTE. LTD.,Local Company,47640,Keppel,keppel,strict alias; other words: ecommerce
201918574K,KEPPEL EDUCATION ASSET FUND (GP) PTE. LTD.,Local Company,66309,Keppel,keppel,strict alias; other words: asset education fund gp
202416214E,KEPPEL EDUCATION ASSET FUND II (GP) PTE. LTD.,Local Company,66309,Keppel,keppel,strict alias; other words: asset education fund gp ii
199704013Z,KEPPEL ELECTRIC PTE LTD,Local Company,35103,Keppel,keppel,strict alias; other words: electric
202236631E,KEPPEL ENERGY INDONESIA PTE. LTD.,Local Company,64202,Keppel,keppel,strict alias; other words: energy indonesia
200502942M,KEPPEL ENERGY NEXUS PTE. LTD.,Local Company,42301,Keppel,keppel,strict alias; other words: energy nexus
199000046Z,KEPPEL ENERGY PTE. LTD.,Local Company,71125,Keppel,keppel,strict alias; other words: energy
200815398M,KEPPEL ENERGY VENTURES PTE. LTD.,Local Company,64202,Keppel,keppel,strict alias; other words: energy
202225953C,KEPPEL ENSERVICES INVESTMENT PTE. LTD.,Local Company,64202,Keppel,keppel,strict alias; other words: enservices
200103980D,KEPPEL FUND MANAGEMENT LIMITED,Local Company,66309,Keppel,keppel,strict alias; other words: fund
198804464K,KEPPEL FUNDS INVESTMENT PTE. LTD.,Local Company,64202,Keppel,keppel,strict alias; other words: funds
200413498Z,KEPPEL GAS PTE. LTD.,Local Company,35200,Keppel,keppel,strict alias; other words: gas
201112208N,KEPPEL GMTN PTE. LTD.,Local Company,64202,Keppel,keppel,strict alias; other words: gmtn
200720514H,KEPPEL GROUP ECO-CITY INVESTMENTS PTE. LTD.,Local Company,64202,Keppel,keppel,strict alias; other words: city eco
202129829R,KEPPEL INDIA FPI ONE PTE. LTD.,Local Company,64202,Keppel,keppel,strict alias; other words: fpi india one
202227169R,KEPPEL INDIA OFFICE FUND PRIVATE LIMITED,Local Company,64202,Keppel,keppel,strict alias; other words: fund india
202304161G,KEPPEL INFRA FUND GP PTE. LTD.,Local Company,66309,Keppel,keppel,strict alias; other words: fund gp infra
200803959H,KEPPEL INFRASTRUCTURE FUND MANAGEMENT PTE. LTD.,Local Company,64202,Keppel,keppel,strict alias; other words: fund infrastructure
201305009N,KEPPEL INFRASTRUCTURE HOLDINGS PTE. LTD.,Local Company,64202,Keppel,keppel,strict alias; other words: infrastructure
197702876C,KEPPEL INTEGRATED ENGINEERING LIMITED,Local Company,64202,Keppel,keppel,strict alias; other words: engineering integrated
199105035C,KEPPEL INVESTMENT HOLDINGS I PTE. LTD.,Local Company,64202,Keppel,keppel,strict alias; other words: i
202020767Z,KEPPEL ISLAND FOODS PTE. LTD.,Local Company,46302,Keppel,keppel,strict alias; other words: foods island
201134713N,KEPPEL JILIN FOOD LOGISTICS PARK PTE. LIMITED,Local Company,64202,Keppel,keppel,strict alias; other words: food jilin logistics park
201905537E,KEPPEL KDCF II GP PTE. LTD.,Local Company,66309,Keppel,keppel,strict alias; other words: gp ii kdcf
202419887D,KEPPEL KDCF III GP PTE. LTD.,Local Company,66309,Keppel,keppel,strict alias; other words: gp iii kdcf
201832637C,KEPPEL KONNECT PTE. LTD.,Local Company,64202,Keppel,keppel,strict alias; other words: konnect
201930450M,KEPPEL KRUGER HOLDINGS PTE. LTD.,Local Company,64202,Keppel,keppel,strict alias; other words: kruger
201624003Z,KEPPEL LAND (INDONESIA) PTE. LTD.,Local Company,64202,Keppel,keppel,strict alias; other words: indonesia land
201632026D,KEPPEL LAND (REGIONAL INVESTMENTS) PTE. LTD.,Local Company,64202,Keppel,keppel,strict alias; other words: land
199602383R,KEPPEL LAND CHINA MANAGEMENT PTE. LTD.,Local Company,64202,Keppel,keppel,strict alias; other words: china land
199506870E,KEPPEL LAND ESTATE PTE LTD,Local Company,64202,Keppel,keppel,strict alias; other words: estate land
200005290D,KEPPEL LAND FINANCIAL SERVICES PTE. LTD.,Local Company,70201,Keppel,keppel,strict alias; other words: financial land
200104516W,KEPPEL LAND INVESTMENTS (INDIA) PTE. LTD.,Local Company,64202,Keppel,keppel,strict alias; other words: india land
199106326Z,KEPPEL LAND PLATFORM SERVICES PTE. LTD.,Local Company,55101,Keppel,keppel,strict alias; other words: land platform
199000918N,KEPPEL LAND REALTY PTE LTD,Local Company,68101,Keppel,keppel,strict alias; other words: land realty
199505625K,KEPPEL LAND VIETNAM PROPERTIES PTE. LTD.,Local Company,64202,Keppel,keppel,strict alias; other words: land properties vietnam
202138376R,KEPPEL LOGISTICS AND TRANSPORT PTE. LTD.,Local Company,52292,Keppel,keppel,strict alias; other words: logistics transport
199506641H,KEPPEL MERLIMAU COGEN PTE LTD,Local Company,35101,Keppel,keppel,strict alias; other words: cogen merlimau
201839743Z,KEPPEL MIDGARD HOLDINGS PTE. LTD.,Local Company,61010,Keppel,keppel,strict alias; other words: midgard
201828216G,KEPPEL NETWORKS INFRASTRUCTURE PTE. LTD.,Local Company,61010,Keppel,keppel,strict alias; other words: infrastructure
202124074G,KEPPEL NETWORKS O&M PTE. LTD.,Local Company,61010,Keppel,keppel,strict alias; other words: m o
201810823E,KEPPEL NEW ENERGY PTE. LTD.,Local Company,35102,Keppel,keppel,strict alias; other words: energy new
202631570D,KEPPEL OFFSHORE FUND GP PTE. LTD.,Local Company,66309,Keppel,keppel,strict alias; other words: fund gp offshore
202632897E,KEPPEL OFFSHORE FUND INVESTMENT PTE. LTD.,Local Company,64202,Keppel,keppel,strict alias; other words: fund offshore
195800001C,KEPPEL OIL & GAS PTE. LTD.,Local Company,64202,Keppel,keppel,strict alias; other words: gas oil
198501150K,KEPPEL OPERATIONS NERVE CENTRE PTE. LTD.,Local Company,72104,Keppel,keppel,strict alias; other words: nerve
202207982E,KEPPEL ORYZA HOLDINGS PTE. LTD.,Local Company,61010,Keppel,keppel,strict alias; other words: oryza
201216446C,KEPPEL PBSA INVESTMENT PTE. LTD.,Local Company,64202,Keppel,keppel,strict alias; other words: pbsa
198400494H,KEPPEL POINT PTE LTD,Local Company,64202,Keppel,keppel,strict alias; other words: point
199407544Z,KEPPEL REAL ESTATE (CHINA) LIMITED,Local Company,64202,Keppel,keppel,strict alias; other words: china estate real
197903093C,KEPPEL REAL ESTATE (SINGAPORE) PTE. LTD.,Local Company,70209,Keppel,keppel,strict alias; other words: estate real
201632207W,KEPPEL REAL ESTATE MANAGEMENT PTE. LTD.,Local Company,68101,Keppel,keppel,strict alias; other words: estate real
201632046H,KEPPEL REAL ESTATE SERVICES PTE. LTD.,Local Company,68209,Keppel,keppel,strict alias; other words: estate real
201001972C,KEPPEL REIT (AUSTRALIA) PTE. LTD.,Local Company,64202,Keppel,keppel,strict alias; other words: australia reit
202233864R,KEPPEL REIT (JAPAN) HOLDINGS PTE. LTD.,Local Company,64202,Keppel,keppel,strict alias; other words: japan reit
202233865G,KEPPEL REIT (JAPAN) INVESTMENTS PTE. LTD.,Local Company,64202,Keppel,keppel,strict alias; other words: japan reit
201912292M,KEPPEL REIT (KOREA) PTE. LTD.,Local Company,64202,Keppel,keppel,strict alias; other words: korea reit
202040036E,KEPPEL REIT (SINGAPORE) PTE. LTD.,Local Company,64202,Keppel,keppel,strict alias; other words: reit
201129420N,KEPPEL REIT FIN. COMPANY PTE. LTD.,Local Company,64202,Keppel,keppel,strict alias; other words: fin reit
199604196E,KEPPEL REIT INVESTMENT PTE. LTD.,Local Company,64202,Keppel,keppel,strict alias; other words: reit
200411357K,KEPPEL REIT MANAGEMENT LIMITED,Local Company,66192,Keppel,keppel,strict alias; other words: reit
200822093D,KEPPEL REIT MTN PTE. LTD.,Local Company,64202,Keppel,keppel,strict alias; other words: mtn reit
201907077R,KEPPEL RENEWABLE ENERGY PTE. LTD.,Local Company,71123,Keppel,keppel,strict alias; other words: energy renewable
200613160W,KEPPEL RENEWABLE INVESTMENTS PTE. LTD.,Local Company,64202,Keppel,keppel,strict alias; other words: renewable
200816422H,KEPPEL SAKRA COGEN PTE. LTD.,Local Company,35103,Keppel,keppel,strict alias; other words: cogen sakra
197402060R,KEPPEL SEGHERS ENGINEERING SINGAPORE PTE. LTD.,Local Company,28300,Keppel,keppel,strict alias; other words: engineering seghers
200306164C,KEPPEL SEGHERS NEWATER DEVELOPMENT CO PTE. LTD.,Local Company,28291,Keppel,keppel,strict alias; other words: newater seghers
200303556Z,KEPPEL SEGHERS PTE. LTD.,Local Company,28300,Keppel,keppel,strict alias; other words: seghers
200514433H,KEPPEL SEGHERS TUAS WASTE-TO-ENERGY PLANT PTE. LTD.,Local Company,38100,Keppel,keppel,strict alias; other words: energy plant seghers to tuas waste
201107599G,KEPPEL SENIOR WELLNESS PTE. LTD.,Local Company,64202,Keppel,keppel,strict alias; other words: senior wellness
202141844M,KEPPEL SMIT OVERSEAS PTE. LTD.,Local Company,64202,Keppel,keppel,strict alias; other words: overseas smit
198102908M,KEPPEL SUSTAINABILITY SOLUTIONS PTE. LTD.,Local Company,71122,Keppel,keppel,strict alias; other words: sustainability
201103780Z,KEPPEL TIANJIN ECO-CITY FIVE PTE. LTD.,Local Company,64202,Keppel,keppel,strict alias; other words: city eco five tianjin
201103778N,KEPPEL TIANJIN ECO-CITY FOUR PTE. LTD.,Local Company,64202,Keppel,keppel,strict alias; other words: city eco four tianjin
200916209N,KEPPEL TIANJIN ECO-CITY HOLDINGS PTE. LTD.,Local Company,64202,Keppel,keppel,strict alias; other words: city eco tianjin
200916185W,KEPPEL TIANJIN ECO-CITY INVESTMENTS PTE. LTD.,Local Company,64202,Keppel,keppel,strict alias; other words: city eco tianjin
201000286Z,KEPPEL TIANJIN ECO-CITY ONE PTE. LTD.,Local Company,64202,Keppel,keppel,strict alias; other words: city eco one tianjin
201103776M,KEPPEL TIANJIN ECO-CITY THREE PTE. LTD.,Local Company,64202,Keppel,keppel,strict alias; other words: city eco three tianjin
201000288C,KEPPEL TIANJIN ECO-CITY TWO PTE. LTD.,Local Company,64202,Keppel,keppel,strict alias; other words: city eco tianjin two
201021512D,KEPPEL TIANJIN LOGISTICS PTE. LTD.,Local Company,82999,Keppel,keppel,strict alias; other words: logistics tianjin
201839244W,KEPPEL VENTURES (PROPERTY) PTE. LTD.,Local Company,64202,Keppel,keppel,strict alias; other words: property
201925828D,KEPPEL VN ASSET (GP) PTE. LTD.,Local Company,66309,Keppel,keppel,strict alias; other words: asset gp vn
201934442G,KEPPEL-MMP INDONESIA LOGISTICS FUND PRIVATE LIMITED,Local Company,64202,Keppel,keppel,strict alias; other words: fund indonesia logistics mmp
202143734W,KERRY CAPITAL PTE. LTD.,Local Company,70209,Kerry Group,kerry,strict alias; other words: capital
202211013R,KERRY CONSULTING GROUP PTE. LTD.,Local Company,62021,Kerry Group,kerry,strict alias; other words: consulting
200307397W,KERRY CONSULTING PTE. LTD.,Local Company,78104,Kerry Group,kerry,strict alias; other words: consulting
202533593K,KERRY DIXON 9 PTE. LTD.,Local Company,64202,Kerry Group,kerry,strict alias; other words: 9 dixon
199706407C,KERRY INGREDIENTS (S) PTE LTD,Local Company,82999,Kerry Group,kerry,strict alias; other words: ingredients s
202109907G,KERRY INTERIM PTE. LTD.,Local Company,78104,Kerry Group,kerry,strict alias; other words: interim
201939566M,KERRY PRESERVATION PTE. LTD.,Local Company,46900,Kerry Group,kerry,strict alias; other words: preservation
201226564W,KERRY SECURITY PTE. LTD.,Local Company,43307,Kerry Group,kerry,strict alias; other words: security
202222639H,KERRY SHIPPING PTE. LTD.,Local Company,50021,Kerry Group,kerry,strict alias; other words: shipping
199904023Z,KIA ENGINEERING & CONSTRUCTION PTE LTD,Local Company,41009,Kia,kia,strict alias; other words: construction engineering
201930807D,KIA INTERIOR DESIGN PTE. LTD.,Local Company,74191,Kia,kia,strict alias; other words: design interior
202204816R,KIA ORANA PTE. LTD.,Local Company,70201,Kia,kia,strict alias; other words: orana
202136497N,KINGSPAN INSULATED PANELS PTE. LTD.,Local Company,46900,Kingspan Group,kingspan,strict alias; other words: insulated panels
T17FC0058J,KINGSPAN INSULATED PANELS PTY LIMITED (Singapore Branch),Foreign Company Branch,46900,Kingspan Group,kingspan,strict alias; other words: insulated panels pty
202218049N,KINGSPAN INSULATION PTE. LTD.,Local Company,46639,Kingspan Group,kingspan,strict alias; other words: insulation
202516604N,KNORR-BREMSE SINGAPORE (AP HOLDING) PRIVATE LIMITED,Local Company,64202,Knorr-Bremse,knorr bremse,strict alias; other words: ap
201219701H,KONAMI DIGITAL ENTERTAINMENT PTE. LTD.,Local Company,70201,Konami Holdings,konami,strict alias; other words: entertainment
T12FC0138J,"KONAMI GAMING, INC. Singapore Branch",Foreign Company Branch,62011,Konami Holdings,konami,strict alias; other words: gaming
201320373R,KUBOTA RICE INDUSTRY (SGP) PTE. LTD.,Local Company,46900,Kubota,kubota,strict alias; other words: industry rice sgp
200210334H,KYOCERA AVX COMPONENTS (SINGAPORE) PTE. LTD.,Local Company,26121,Kyocera,kyocera,strict alias; other words: avx components
199002815Z,KYOCERA AVX COMPONENTS PTE. LTD.,Local Company,82999,Kyocera,kyocera,strict alias; other words: avx components
201305759Z,KYOCERA COMMUNICATION SYSTEMS SINGAPORE PTE. LTD.,Local Company,62090,Kyocera,kyocera,strict alias; other words: communication
197501708R,KYOCERA DOCUMENT SOLUTIONS SINGAPORE PTE. LTD.,Local Company,46591,Kyocera,kyocera,strict alias; other words: document
200605848R,LPL CREATIONS PTE. LIMITED,Local Company,64202,LPL Financial,lpl,strict alias; other words: creations
202617167K,LY & PARTNERS PTE. LTD.,Local Company,78103,LY Corporation,ly,strict alias; other words: partners
202006246M,LY AIRCON PTE. LTD.,Local Company,43220,LY Corporation,ly,strict alias; other words: aircon
202134960Z,LY CLEANING & MANPOWER PTE. LTD.,Local Company,81212,LY Corporation,ly,strict alias; other words: cleaning manpower
202127597G,LY CLOUD ACCOUNTING SERVICE PTE. LTD.,Local Company,69202,LY Corporation,ly,strict alias; other words: accounting
202288899C,LY CONSULTATION PTE. LTD.,Local Company,62021,LY Corporation,ly,strict alias; other words: consultation
201300311C,LY CONSULTING PTE. LTD.,Local Company,70201,LY Corporation,ly,strict alias; other words: consulting
201527136K,LY CORPORATE SERVICES PTE. LTD.,Local Company,70201,LY Corporation,ly,strict alias; other words: corporate
199706237K,LY ENVIRONMENTAL SERVICES PTE LTD,Local Company,41001,LY Corporation,ly,strict alias; other words: environmental
201934763G,LY FAMILY OFFICE PTE. LTD.,Local Company,70201,LY Corporation,ly,strict alias; other words: family
202432967N,LY FASHION PTE. LTD.,Local Company,46412,LY Corporation,ly,strict alias; other words: fashion
202418745Z,LY FIVE ELEMENTS PTE. LTD.,Local Company,96093,LY Corporation,ly,strict alias; other words: elements five
202346755K,LY GARMENTS & CLEANING PTE. LTD.,Local Company,47510,LY Corporation,ly,strict alias; other words: cleaning garments
201808042R,LY GENERAL CONTRACTORS PTE. LTD.,Local Company,68101,LY Corporation,ly,strict alias; other words: contractors general
202546310N,LY GREEN SOLUTIONS PTE. LTD.,Local Company,41001,LY Corporation,ly,strict alias; other words: green
202232209K,LY HAIR SALON PTE. LTD.,Local Company,96022,LY Corporation,ly,strict alias; other words: hair salon
201907164E,LY HUB ENGINEERING PTE. LTD.,Local Company,25111,LY Corporation,ly,strict alias; other words: engineering
201803338K,LY IDH PTE. LTD.,Local Company,64202,LY Corporation,ly,strict alias; other words: idh
202548513H,LY INTERIOR DESIGN CONCEPT PTE. LTD.,Local Company,74191,LY Corporation,ly,strict alias; other words: concept design interior
199305770G,LY LANDSCAPE & DEVELOPMENT PTE LTD,Local Company,81300,LY Corporation,ly,strict alias; other words: landscape
200706046W,LY MINH HOLDINGS PTE. LTD.,Local Company,64202,LY Corporation,ly,strict alias; other words: minh
202419381E,LY POLARIS PTE. LTD.,Local Company,64202,LY Corporation,ly,strict alias; other words: polaris
202025504D,LY PRECISION PTE. LTD.,Local Company,25997,LY Corporation,ly,strict alias; other words: precision
202312618W,LY RENOVATION & ID PTE. LTD.,Local Company,43301,LY Corporation,ly,strict alias; other words: id renovation
202626862Z,LY SEW PTE. LTD.,Local Company,47102,LY Corporation,ly,strict alias; other words: sew
202524332M,LY SHOWERS PRIVATE LIMITED,Local Company,46900,LY Corporation,ly,strict alias; other words: showers
200912654R,LY STRUCTURE ENGINEERING PTE. LTD.,Local Company,41001,LY Corporation,ly,strict alias; other words: engineering structure
202345164H,LY TECH AIR-CON PTE. LTD.,Local Company,43909,LY Corporation,ly,strict alias; other words: air con
201221832Z,LY TEDOEN HOLDINGS PTE. LTD.,Local Company,64202,LY Corporation,ly,strict alias; other words: tedoen
202331283N,LY TOOLS SINGAPORE PTE. LTD.,Local Company,46900,LY Corporation,ly,strict alias; other words: tools
201941690G,LY TRAINING ACADEMY & CONSULTANTS PTE. LTD.,Local Company,78103,LY Corporation,ly,strict alias; other words: academy consultants training
202405240E,LY WORKZ & TRADING PTE. LTD.,Local Company,46900,LY Corporation,ly,strict alias; other words: workz
201632799G,LY-LIFESTYLE (S) PTE. LTD.,Local Company,46900,LY Corporation,ly,strict alias; other words: lifestyle s
202547838R,LY.GROUND PTE. LTD.,Local Company,74191,LY Corporation,ly,strict alias; other words: ground
197200606M,LEGRAND (S) PTE LTD,Local Company,46544,Legrand,legrand,strict alias; other words: s
202120234Z,LEGRAND CELLARS PTE. LTD.,Local Company,46307,Legrand,legrand,strict alias; other words: cellars
202014652E,SINGAPORE LENS TECHNOLOGY PTE. LTD.,Local Company,46900,Lens Technology,lens technology,alias not at start of name
202554942G,LEONARDO OCEAN MARINE PTE. LTD.,Local Company,46900,Leonardo,leonardo,strict alias; other words: marine ocean
T16FC0013D,LEONARDO S.P.A. Singapore Branch,Foreign Company Branch,62090,Leonardo,leonardo,strict alias; other words: a p s
199104055K,LINDE AMT SINGAPORE PTE. LTD.,Local Company,46610,Linde,linde,strict alias; other words: amt
199708568R,LINDE GAS ASIA PTE. LTD.,Local Company,70101,Linde,linde,strict alias; other words: gas
199303758R,LINDE GAS SINGAPORE PTE. LTD.,Local Company,20111,Linde,linde,strict alias; other words: gas
201606024M,LINDE INDUSTRIAL GASES SINGAPORE PTE. LTD.,Local Company,20111,Linde,linde,strict alias; other words: gases industrial
202448866E,LINDE LIENHWA GASES (SINGAPORE) PTE. LTD.,Local Company,77109,Linde,linde,strict alias; other words: gases lienhwa
199407183C,LINDE MATERIAL HANDLING ASIA PACIFIC PTE LTD,Local Company,46541,Linde,linde,strict alias; other words: handling material
T26FC0057L,BANK LOMBARD ODIER & CO LTD Singapore Branch,Foreign Company Branch,64140,Lombard Odier,lombard odier,alias not at start of name
200614708M,LONZA BIOLOGICS TUAS PTE. LTD.,Local Company,21022,Lonza,lonza,strict alias; other words: biologics tuas
200901608C,LONZA BIOSCIENCE SINGAPORE PTE. LTD.,Local Company,21022,Lonza,lonza,strict alias; other words: bioscience
202140178R,WALLEX M-DAQ SPV PTE. LTD.,Local Company,64202,M-DAQ Global,m daq,alias not at start of name
202540386K,MTN ELECTRONICS PTE. LTD.,Local Company,46900,MTN Group,mtn,strict alias; other words: electronics
200601535C,MTR HR CONSULTANCY PTE. LTD.,Local Company,78104,MTR Corporation,mtr,strict alias; other words: consultancy hr
200514372N,"MAGNA AUTOMOTIVE PARTS (SUZHOU) CO., PTE. LTD.",Local Company,64202,Magna International,magna,strict alias; other words: automotive parts suzhou
202420939G,MAGNA AVIATION PTE. LTD.,Local Company,77320,Magna International,magna,strict alias; other words: aviation
201334048M,MAGNA DESIGN STUDIO PTE. LTD.,Local Company,74192,Magna International,magna,strict alias; other words: design studio
201809268M,MAGNA EDUCATION PTE. LTD.,Local Company,64202,Magna International,magna,strict alias; other words: education
202116833R,MAGNA EXPORT & TRADING PTE. LTD.,Local Company,47411,Magna International,magna,strict alias; other words: export
201135644E,MAGNA FLEET (S) PTE. LTD.,Local Company,46900,Magna International,magna,strict alias; other words: fleet s
199801900Z,MAGNA FORTE PTE LTD,Local Company,66129,Magna International,magna,strict alias; other words: forte
200514376W,MAGNA FUZHOU AUTOMOTIVE SEATING CO. PTE. LTD.,Local Company,64202,Magna International,magna,strict alias; other words: automotive fuzhou seating
201826218R,MAGNA LAW LLC,Local Company,69101,Magna International,magna,strict alias; other words: law llc
201811661C,MAGNA PORTA PTE. LTD.,Local Company,70209,Magna International,magna,strict alias; other words: porta
199707936W,MAGNA PRECISION ENGINEERING (S) PTE LTD,Local Company,28224,Magna International,magna,strict alias; other words: engineering precision s
201701964R,MAGNA PROJECTS PTE. LTD.,Local Company,46900,Magna International,magna,strict alias; other words: projects
201203249W,MAGNA PROPERTY INVESTMENT PTE. LTD.,Local Company,68103,Magna International,magna,strict alias; other words: property
200716057Z,MAGNA RESOURCES CORPORATION PTE. LTD.,Local Company,64202,Magna International,magna,strict alias; other words: resources
200403545Z,MAGNA SYSTEMS & ENGINEERING (S) PTE. LTD.,Local Company,62090,Magna International,magna,strict alias; other words: engineering s
201712791G,MAGNA TYRES SINGAPORE PTE. LTD.,Local Company,46563,Magna International,magna,strict alias; other words: tyres
200803600D,MAGNA-KRON ASIA PACIFIC PTE. LTD.,Local Company,46900,Magna International,magna,strict alias; other words: kron
199203357D,MAGNA-TAG PTE LTD,Local Company,46900,Magna International,magna,strict alias; other words: tag
201320295H,MANPOWER ACCESS PTE. LTD.,Local Company,78104,ManpowerGroup,manpower,strict alias; other words: access
202020451W,MANPOWER ADVISORS PRIVATE LIMITED,Local Company,78104,ManpowerGroup,manpower,strict alias; other words: advisors
200413950N,MANPOWER CHANNEL PTE. LTD.,Local Company,78104,ManpowerGroup,manpower,strict alias; other words: channel
200615079G,MANPOWER LINK PTE. LTD.,Local Company,78103,ManpowerGroup,manpower,strict alias; other words: link
201629617E,MANPOWER PERMATA PTE. LTD.,Local Company,78103,ManpowerGroup,manpower,strict alias; other words: permata
201135797R,MANPOWER PROFESSIONAL SINGAPORE PTE. LTD.,Local Company,62090,ManpowerGroup,manpower,strict alias; other words: professional
201524075G,MANPOWER SOLUTION PTE. LTD.,Local Company,78104,ManpowerGroup,manpower,strict alias; other words: solution
199505951H,MANPOWER STAFFING SERVICES (SINGAPORE) PTE LTD,Local Company,78104,ManpowerGroup,manpower,strict alias; other words: staffing
T15FC0072L,"MAPFRE RE, COMPANIA DE REASEGUROS, S.A. (Singapore Branch)",Foreign Company Branch,65201,Mapfre,mapfre,strict alias; other words: a compania de re reaseguros s
202135346H,MARSH MCLENNAN INTERNATIONAL TREASURY SERVICES PTE. LTD.,Local Company,64999,Marsh & McLennan Companies,marsh,strict alias; other words: treasury
199406830K,MARSH RE (SINGAPORE) PTE. LTD.,Local Company,66299,Marsh & McLennan Companies,marsh,strict alias; other words: re
201527033D,MERCER HEALTH & BENEFITS (SINGAPORE) PTE. LTD.,Local Company,66222,Marsh & McLennan Companies,mercer,strict alias; other words: benefits health
202231286D,MERCER ISLAND MANAGEMENT PTE. LTD.,Local Company,70201,Marsh & McLennan Companies,mercer,strict alias; other words: island
202421697N,MERCER LAL PTE. LTD.,Local Company,46900,Marsh & McLennan Companies,mercer,strict alias; other words: lal
201012916D,MARUBENI ASIAN POWER SINGAPORE PTE. LTD.,Local Company,70101,Marubeni,marubeni,strict alias; other words: power
201114064K,MARUBENI AVIATION MANAGEMENT ASIA PTE. LTD.,Local Company,77320,Marubeni,marubeni,strict alias; other words: aviation
202120083D,MARUBENI GREEN POWER ASSET SINGAPORE PTE. LTD.,Local Company,64202,Marubeni,marubeni,strict alias; other words: asset green power
202142827R,MARUBENI GROWTH CAPITAL ASIA PTE. LTD.,Local Company,64202,Marubeni,marubeni,strict alias; other words: capital growth
198804744H,MARUBENI INTERNATIONAL PETROLEUM (SINGAPORE) PTE LTD,Local Company,46610,Marubeni,marubeni,strict alias; other words: petroleum
201301863R,MARUBENI PHARMACEUTICALS ASIA PACIFIC PTE. LTD.,Local Company,70101,Marubeni,marubeni,strict alias; other words: pharmaceuticals
200000868W,MARUBENI-ITOCHU STEEL PTE LTD,Local Company,46620,Marubeni,marubeni,strict alias; other words: itochu steel
198002599R,MARUBENI-ITOCHU TUBULARS ASIA PTE LTD,Local Company,46620,Marubeni,marubeni,strict alias; other words: itochu tubulars
200812589K,MAYBANK ASSET MANAGEMENT SINGAPORE PTE. LTD.,Local Company,66309,Maybank,maybank,strict alias; other words: asset
198900204D,MAYBANK IBG HOLDINGS LIMITED,Local Company,64201,Maybank,maybank,strict alias; other words: ibg
198101551E,MAYBANK NOMINEES (SINGAPORE) PRIVATE LIMITED,Local Company,66191,Maybank,maybank,strict alias; other words: nominees
198802627H,MAYBANK PROPERTIES PTE. LTD.,Local Company,68103,Maybank,maybank,strict alias; other words: properties
197201360R,MAYBANK SECURITIES NOMINEES PTE. LTD.,Local Company,66191,Maybank,maybank,strict alias; other words: nominees securities
197201256N,MAYBANK SECURITIES PTE. LTD.,Local Company,66121,Maybank,maybank,strict alias; other words: securities
196600067C,MCDONALD INDUSTRIES (SINGAPORE ) PRIVATE LIMITED,Local Company,70102,McDonald,mcdonald,strict alias; other words: industries
201917398N,MCDONALD PATAFTA GROUP PTE. LTD.,Local Company,70201,McDonald,mcdonald,strict alias; other words: patafta
201714322D,MCDONALD PELZ GLOBAL COMMODITIES ASIA PTE. LTD.,Local Company,47109,McDonald,mcdonald,strict alias; other words: commodities pelz
202213857Z,MEDLINE CARE PTE. LTD.,Local Company,64202,Medline,medline,strict alias; other words: care
201402248W,MEDLINE INDUSTRIES ASIA PTE. LTD.,Local Company,64202,Medline,medline,strict alias; other words: industries
201821505M,MEDLINE INDUSTRIES SINGAPORE PTE. LTD.,Local Company,46900,Medline,medline,strict alias; other words: industries
197300581H,MERCEDES-BENZ FINANCIAL SERVICES SINGAPORE LTD.,Local Company,64910,Mercedes-Benz,mercedes benz,strict alias; other words: financial
199803778Z,MERCEDES-BENZ FLEET MANAGEMENT SINGAPORE PTE. LTD.,Local Company,49215,Mercedes-Benz,mercedes benz,strict alias; other words: fleet
202516644E,MSD  LOGISTICS PTE. LTD.,Local Company,46900,Merck,msd,strict alias; other words: logistics
199900548G,MSD ANIMAL HEALTH INNOVATION PTE. LTD.,Local Company,72109,Merck,msd,strict alias; other words: animal health
202400651E,MSD ELECTRICAL & PLUMBING PTE. LTD.,Local Company,43210,Merck,msd,strict alias; other words: electrical plumbing
T25FC0042K,"MSD EUROPE, L.L.C. (Singapore Branch)",Foreign Company Branch,70101,Merck,msd,strict alias; other words: c europe l
202125833W,MSD INDUSTRIES PTE. LTD.,Local Company,61020,Merck,msd,strict alias; other words: industries
201129235M,MSD PHARMA (SINGAPORE) PTE. LTD.,Local Company,46461,Merck,msd,strict alias; other words: pharma
201924847C,MSD SPECIALTY PTE. LTD.,Local Company,46900,Merck,msd,strict alias; other words: specialty
201112616D,MERCK PERFORMANCE MATERIALS PTE. LTD.,Local Company,46649,Merck KGaA,merck,strict alias; other words: materials performance
201609829M,MICHELIN ASIA-PACIFIC EXPORT (SG) PTE. LTD.,Local Company,46563,Michelin,michelin,strict alias; other words: export
201609823G,MICHELIN ASIA-PACIFIC IMPORT (SG) PTE. LTD.,Local Company,46563,Michelin,michelin,strict alias; other words: import
201609835C,MICHELIN ASIA-PACIFIC IMPORT-EXPORT (SG) PTE. LTD.,Local Company,46563,Michelin,michelin,strict alias; other words: export import
201719657C,MICHELIN IMAGING PTE. LTD.,Local Company,74200,Michelin,michelin,strict alias; other words: imaging
202512362Z,MIDEA (SINGAPORE) PRODUCT PTE. LTD.,Local Company,46900,Midea,midea,strict alias; other words: product
201000748D,MIDEA AIR-CONDITIONING EQUIPMENT PTE. LTD.,Local Company,28191,Midea,midea,strict alias; other words: air conditioning equipment
201135586D,MIDEA AIRNOVATES PTE. LTD.,Local Company,41009,Midea,midea,strict alias; other words: airnovates
200800970G,MIDEA ELECTRIC TRADING (SINGAPORE) CO. PTE. LTD.,Local Company,46900,Midea,midea,strict alias; other words: electric
202540411C,MIDEA IMAGING SINGAPORE PTE. LTD.,Local Company,72106,Midea,midea,strict alias; other words: imaging
202506327K,MINDRAY CONSULTING PTE. LTD.,Local Company,70201,Mindray,mindray,strict alias; other words: consulting
201217854G,MIZUHO ASIA PARTNERS PTE. LTD.,Local Company,66301,Mizuho Financial Group,mizuho,strict alias; other words: partners
S74FC2413J,"MIZUHO BANK, LTD.",Foreign Company Branch,64120,Mizuho Financial Group,mizuho,strict alias; other words: bank
201016058K,MIZUHO LEASING (SINGAPORE) PTE. LTD.,Local Company,64910,Mizuho Financial Group,mizuho,strict alias; other words: leasing
202308317D,MIZUHO MARKETS FUTURES SINGAPORE PTE. LTD.,Local Company,66124,Mizuho Financial Group,mizuho,strict alias; other words: futures markets
198501802K,MIZUHO SECURITIES (SINGAPORE) PTE. LTD.,Local Company,66121,Mizuho Financial Group,mizuho,strict alias; other words: securities
202216473M,MODERNA BIOTECH SINGAPORE PTE. LTD.,Local Company,46461,Moderna,moderna,strict alias; other words: biotech
200303828G,MODERNA HOMES PTE. LTD.,Local Company,41001,Moderna,moderna,strict alias; other words: homes
199409079M,MULTIPLY CAPITAL LIMITED,Local Company,64991,Multiply Group,multiply,strict alias; other words: capital
201014004K,MULTIPLY INTERIOR PTE. LTD.,Local Company,74191,Multiply Group,multiply,strict alias; other words: interior
201508703G,MULTIPLY PLUS ONE PTE. LTD.,Local Company,74199,Multiply Group,multiply,strict alias; other words: one plus
202424444W,MULTIPLY STUDIO PTE. LTD.,Local Company,41009,Multiply Group,multiply,strict alias; other words: studio
201229544C,NEC CAPITAL SOLUTIONS SINGAPORE PTE. LIMITED,Local Company,64910,NEC Corp,nec,strict alias; other words: capital
202532486Z,NEC MONEY PTE. LTD.,Local Company,64999,NEC Corp,nec,strict alias; other words: money
S86FC3711E,NEC NETWORKS & SYSTEM INTEGRATION CORPORATION (Singapore Branch),Foreign Company Branch,63909,NEC Corp,nec,strict alias; other words: integration system
202347127D,NEC TRANSPORT PTE. LTD.,Local Company,49231,NEC Corp,nec,strict alias; other words: transport
202636389G,NEC TRAVELS PTE. LTD.,Local Company,79101,NEC Corp,nec,strict alias; other words: travels
201423600K,NN BIZ CONSULTANCY PTE. LTD.,Local Company,70201,NN Group,nn,strict alias; other words: biz consultancy
202320189K,NN DESIGN STUDIO PTE. LTD.,Local Company,74191,NN Group,nn,strict alias; other words: design studio
202005532D,NN ENGINEERING AND CONSTRUCTION PTE. LTD.,Local Company,41001,NN Group,nn,strict alias; other words: construction engineering
202632603W,NN WORKFORCE SOLUTIONS PTE. LTD.,Local Company,78103,NN Group,nn,strict alias; other words: workforce
202217909W,NN&CC HOLDINGS PTE. LTD.,Local Company,46900,NN Group,nn,strict alias; other words: cc
T19FC0096C,NTT ADVANCED TECHNOLOGY CORPORATION Singapore Branch,Foreign Company Branch,62090,NTT,ntt,strict alias; other words: advanced
200508068K,NTT CLOUD COMMUNICATIONS SINGAPORE PTE. LTD.,Local Company,61090,NTT,ntt,strict alias; other words: communications
200902909M,NTT COMMUNICATIONS WORLD NETWORK (S) PTE. LTD.,Local Company,61010,NTT,ntt,strict alias; other words: communications s world
201905518K,NTT COPIER MACHINES & SUPPLIES PTE. LTD.,Local Company,77342,NTT,ntt,strict alias; other words: copier machines supplies
202450721M,NTT DC REIT MANAGER PTE. LTD.,Local Company,66303,NTT,ntt,strict alias; other words: dc manager reit
202514569W,NTT DCR SINGAPORE 1 PTE. LTD.,Local Company,64202,NTT,ntt,strict alias; other words: 1 dcr
202514575G,NTT DCR SINGAPORE 2 PTE. LTD.,Local Company,64202,NTT,ntt,strict alias; other words: 2 dcr
202514578Z,NTT DCR SINGAPORE 3 PTE. LTD.,Local Company,64202,NTT,ntt,strict alias; other words: 3 dcr
202514467C,NTT DCR SINGAPORE 4 PTE. LTD.,Local Company,64202,NTT,ntt,strict alias; other words: 4 dcr
201228945N,NTT DOCOMO ASIA PTE. LTD.,Local Company,63909,NTT,ntt,strict alias; other words: docomo
202407614C,NTT E-ASIA PTE. LTD.,Local Company,70101,NTT,ntt,strict alias; other words: e
202537930E,NTT ECOM PTE. LTD.,Local Company,63201,NTT,ntt,strict alias; other words: ecom
202222970E,NTT GLOBAL DATA CENTERS HOLDING ASIA BLR4 PTE. LTD.,Local Company,64202,NTT,ntt,strict alias; other words: blr4 centers
202017202M,NTT GLOBAL DATA CENTERS HOLDING ASIA BOM8 PTE. LTD.,Local Company,64202,NTT,ntt,strict alias; other words: bom8 centers
202450529K,NTT GLOBAL DATA CENTERS HOLDING ASIA CM2 PTE. LTD.,Local Company,64202,NTT,ntt,strict alias; other words: centers cm2
202450538M,NTT GLOBAL DATA CENTERS HOLDING ASIA CNN3 PTE. LTD.,Local Company,64202,NTT,ntt,strict alias; other words: centers cnn3
202222975Z,NTT GLOBAL DATA CENTERS HOLDING ASIA DEL2 PTE. LTD.,Local Company,64202,NTT,ntt,strict alias; other words: centers del2
202450546D,NTT GLOBAL DATA CENTERS HOLDING ASIA HYD1 PTE. LTD.,Local Company,64202,NTT,ntt,strict alias; other words: centers hyd1
202516897K,NTT GLOBAL DATA CENTERS HOLDING ASIA JHB1A PTE. LTD.,Local Company,64202,NTT,ntt,strict alias; other words: centers jhb1a
202516898C,NTT GLOBAL DATA CENTERS HOLDING ASIA JHB1B PTE. LTD.,Local Company,64202,NTT,ntt,strict alias; other words: centers jhb1b
202516900N,NTT GLOBAL DATA CENTERS HOLDING ASIA JHB1C PTE. LTD.,Local Company,64202,NTT,ntt,strict alias; other words: centers jhb1c
202516901E,NTT GLOBAL DATA CENTERS HOLDING ASIA JHB1D PTE. LTD.,Local Company,64202,NTT,ntt,strict alias; other words: centers jhb1d
202516902R,NTT GLOBAL DATA CENTERS HOLDING ASIA JHB1E PTE. LTD.,Local Company,64202,NTT,ntt,strict alias; other words: centers jhb1e
202516904W,NTT GLOBAL DATA CENTERS HOLDING ASIA JHB1F PTE. LTD.,Local Company,64202,NTT,ntt,strict alias; other words: centers jhb1f
202327599R,NTT GLOBAL DATA CENTERS HOLDING ASIA KOL1 PTE. LTD.,Local Company,64202,NTT,ntt,strict alias; other words: centers kol1
202212757H,NTT GLOBAL DATA CENTERS HOLDING ASIA NAV2 PTE. LTD.,Local Company,64202,NTT,ntt,strict alias; other words: centers nav2
202016301Z,NTT GLOBAL DATA CENTERS HOLDING ASIA PTE. LTD.,Local Company,62021,NTT,ntt,strict alias; other words: centers
202540565D,NTT GLOBAL DATA CENTERS SG1 TLS PTE. LTD.,Local Company,64202,NTT,ntt,strict alias; other words: centers sg1 tls
201409308R,NTT LEASING SINGAPORE PTE. LTD.,Local Company,64910,NTT,ntt,strict alias; other words: leasing
200713793Z,NTT MARINE CONSULTANCY PTE. LTD.,Local Company,52252,NTT,ntt,strict alias; other words: consultancy marine
200923995R,NTT PRECISION PTE. LTD.,Local Company,28223,NTT,ntt,strict alias; other words: precision
201830182E,NTT TOP PTE. LTD.,Local Company,64202,NTT,ntt,strict alias; other words: top
200008686D,NTT TRANSPORT PTE LTD,Local Company,49231,NTT,ntt,strict alias; other words: transport
201941399C,NTT UD ASIA PTE. LTD.,Local Company,68101,NTT,ntt,strict alias; other words: ud
202519134H,NVR-51 PTE. LTD.,Local Company,70201,NVR,nvr,strict alias; other words: 51
S85FC3595J,NATWEST MARKETS PLC,Foreign Company Branch,64130,NatWest Group,natwest,strict alias; other words: markets
201931099Z,NETEASE INTERACTIVE ENTERTAINMENT PTE. LTD.,Local Company,62012,NetEase,netease,strict alias; other words: entertainment interactive
199800193N,NEWS ACCESSORIES PTE LTD,Local Company,47732,News Corp,news,strict alias; other words: accessories
202326624K,NEWS ENVIRO PTE. LTD.,Local Company,81211,News Corp,news,strict alias; other words: enviro
201223064R,NEWS FEED CONSULTANCY PTE. LTD.,Local Company,70209,News Corp,news,strict alias; other words: consultancy feed
200706884D,NEWS MARINE CONSULTANCY PTE. LTD.,Local Company,52252,News Corp,news,strict alias; other words: consultancy marine
200610515W,NEWS SEARCH (SINGAPORE) PTE. LTD.,Local Company,18200,News Corp,news,strict alias; other words: search
201331994N,NEWS SERVICES AGENCY DISTRIBUTION PTE. LTD.,Local Company,60301,News Corp,news,strict alias; other words: agency distribution
202300772M,NEXON BLOCK SINGAPORE PTE. LTD.,Local Company,58201,Nexon,nexon,strict alias; other words: block
202215159M,NEXON BUILDER PTE. LTD.,Local Company,41001,Nexon,nexon,strict alias; other words: builder
201721353C,NEXON ENERGY PTE. LTD.,Local Company,71122,Nexon,nexon,strict alias; other words: energy
201416907C,NEXON ENGINEERING PTE. LTD.,Local Company,43210,Nexon,nexon,strict alias; other words: engineering
202200302C,NEXON GATES (S) PTE. LTD.,Local Company,46900,Nexon,nexon,strict alias; other words: gates s
202024969R,NEXON RENEWABLES PTE. LTD.,Local Company,46900,Nexon,nexon,strict alias; other words: renewables
202639968G,NEXT AESTHETIC GROUP PTE. LTD.,Local Company,96029,Next plc,next,strict alias; other words: aesthetic
202030721C,NEXT ALLIANCE PTE. LTD.,Local Company,46900,Next plc,next,strict alias; other words: alliance
202538213G,NEXT AND BIO SINGAPORE PTE. LTD.,Local Company,72106,Next plc,next,strict alias; other words: bio
202634228M,NEXT BATCH FOODS PTE. LTD.,Local Company,10799,Next plc,next,strict alias; other words: batch foods
202436741Z,NEXT BIG HIT SPORTS PTE. LTD.,Local Company,85507,Next plc,next,strict alias; other words: big hit sports
202426404Z,NEXT BIG THING DIGITAL PTE. LTD.,Local Company,73100,Next plc,next,strict alias; other words: big thing
202122919D,NEXT BILLION TECH PTE. LTD.,Local Company,62011,Next plc,next,strict alias; other words: billion
202530246G,NEXT BOLD MOVE PTE. LTD.,Local Company,85509,Next plc,next,strict alias; other words: bold move
202102972G,NEXT BOX SOLUTIONS PTE. LTD.,Local Company,77109,Next plc,next,strict alias; other words: box
202324380G,NEXT BRICK PTE. LTD.,Local Company,70201,Next plc,next,strict alias; other words: brick
202546286N,NEXT BRIDGE PTE. LTD.,Local Company,70201,Next plc,next,strict alias; other words: bridge
201023744E,NEXT CAPITAL ENTERTAINMENT PTE. LTD.,Local Company,56111,Next plc,next,strict alias; other words: capital entertainment
199905077D,NEXT CAREER CONSULTING PTE LTD,Local Company,70204,Next plc,next,strict alias; other words: career consulting
202128005N,NEXT CENTURY LIFE PTE. LTD.,Local Company,47214,Next plc,next,strict alias; other words: century life
202544347R,NEXT CFO PTE. LTD.,Local Company,70201,Next plc,next,strict alias; other words: cfo
202504390K,NEXT CHANGE LAB PTE. LTD.,Local Company,70201,Next plc,next,strict alias; other words: change lab
202510542K,NEXT CHAPTER F&B PTE. LTD.,Local Company,56111,Next plc,next,strict alias; other words: b chapter f
202524822M,NEXT CHAPTER GLOBAL PTE. LTD.,Local Company,64202,Next plc,next,strict alias; other words: chapter
202553290K,NEXT CHAPTER HOMES SINGAPORE PTE. LTD.,Local Company,68201,Next plc,next,strict alias; other words: chapter homes
202448229Z,NEXT CHAPTER MEDIA (PTE. LTD.),Local Company,73100,Next plc,next,strict alias; other words: chapter media
202112465M,NEXT COMMERCE PTE. LTD.,Local Company,62011,Next plc,next,strict alias; other words: commerce
201431230R,NEXT CONNECTION PRIVATE LIMITED,Local Company,62090,Next plc,next,strict alias; other words: connection
201901900D,NEXT CONSTRUCTION & ENGINEERING (S) PTE. LTD.,Local Company,42100,Next plc,next,strict alias; other words: construction engineering s
200413525M,NEXT CORPORATE COACHING SERVICES PTE. LTD.,Local Company,70209,Next plc,next,strict alias; other words: coaching corporate
202617219D,NEXT DAY COURIERS PTE. LTD.,Local Company,53200,Next plc,next,strict alias; other words: couriers day
202245380R,NEXT DIGITAL INNOVATIONS PTE. LTD.,Local Company,58201,Next plc,next,strict alias; other words: innovations
202621366H,NEXT DIGITAL MEDIA PTE. LTD.,Local Company,73100,Next plc,next,strict alias; other words: media
202234138R,NEXT DOOR CLINIC PTE. LTD.,Local Company,86201,Next plc,next,strict alias; other words: clinic door
201114359R,NEXT DOOR DELI PTE. LTD.,Local Company,10712,Next plc,next,strict alias; other words: deli door
202427326H,NEXT DOOR GROUP PTE. LTD.,Local Company,82303,Next plc,next,strict alias; other words: door
201902644K,NEXT DRIVE PTE. LTD.,Local Company,47311,Next plc,next,strict alias; other words: drive
202502303R,NEXT EDGE PTE. LTD.,Local Company,64202,Next plc,next,strict alias; other words: edge
202003227H,NEXT EMPLOYMENT PTE. LTD.,Local Company,78104,Next plc,next,strict alias; other words: employment
201615558H,NEXT ENGINEERING & INSPECTIONS PTE. LTD.,Local Company,41001,Next plc,next,strict alias; other words: engineering inspections
200721356H,NEXT ENGINEERING CONSTRUCTION PTE. LTD.,Local Company,30110,Next plc,next,strict alias; other words: construction engineering
201306962C,NEXT ENGINEERING SERVICES PTE. LTD.,Local Company,30110,Next plc,next,strict alias; other words: engineering
202320807H,NEXT ENTERPRISE PTE. LTD.,Local Company,96099,Next plc,next,strict alias; other words: enterprise
202225233N,NEXT EPISODE PTE. LTD.,Local Company,93203,Next plc,next,strict alias; other words: episode
202547669R,NEXT ERA EDUCATION PTE. LTD.,Local Company,70201,Next plc,next,strict alias; other words: education era
201414382H,NEXT ERA PTE. LTD.,Local Company,62090,Next plc,next,strict alias; other words: era
201525453N,NEXT ESSENTIAL PTE. LTD.,Local Company,47214,Next plc,next,strict alias; other words: essential
200713611C,NEXT FACTOR PTE. LTD.,Local Company,47742,Next plc,next,strict alias; other words: factor
202009044K,NEXT FOODS PTE. LTD.,Local Company,10799,Next plc,next,strict alias; other words: foods
202318776E,NEXT FORTUNE PTE. LTD.,Local Company,58131,Next plc,next,strict alias; other words: fortune
202436510C,NEXT FRAME SCIENCE PTE. LTD.,Local Company,62011,Next plc,next,strict alias; other words: frame science
202344887M,NEXT FRONTIER (SG) PTE. LTD.,Local Company,56112,Next plc,next,strict alias; other words: frontier
201435952K,NEXT FRONTIER PRIVATE LIMITED,Local Company,70201,Next plc,next,strict alias; other words: frontier
200712591M,NEXT FUSION PTE. LTD.,Local Company,74192,Next plc,next,strict alias; other words: fusion
202420709Z,NEXT FUSION TECH PTE. LTD.,Local Company,62011,Next plc,next,strict alias; other words: fusion
202340028E,NEXT FUTURE SINGAPORE PTE. LTD.,Local Company,64202,Next plc,next,strict alias; other words: future
202203452H,NEXT GAMES GENERATION (PRIVATE) LIMITED,Local Company,62021,Next plc,next,strict alias; other words: games generation
202430887M,NEXT GEN BADMINTON PRIVATE LIMITED,Local Company,93120,Next plc,next,strict alias; other words: badminton gen
201529870K,NEXT GEN CONCEPTS PTE. LTD.,Local Company,47711,Next plc,next,strict alias; other words: concepts gen
202439439Z,NEXT GEN CONSULTANCY PTE. LTD.,Local Company,70201,Next plc,next,strict alias; other words: consultancy gen
201941062D,NEXT GEN FOODS PTE. LTD.,Local Company,10795,Next plc,next,strict alias; other words: foods gen
202403437E,NEXT GEN INDUSTRY SOLUTIONS PTE. LTD.,Local Company,26511,Next plc,next,strict alias; other words: gen industry
201907567R,NEXT GEN INTERNATIONAL PTE. LTD.,Local Company,46639,Next plc,next,strict alias; other words: gen
202001770R,NEXT GEN INVESTMENT PTE. LTD.,Local Company,64202,Next plc,next,strict alias; other words: gen
202132038E,NEXT GEN INVESTORS ENDOWMENT LTD.,Local Company,88913,Next plc,next,strict alias; other words: endowment gen investors
202135751E,NEXT GEN LOGISTICS TECHNOLOGIES PTE. LTD.,Local Company,62090,Next plc,next,strict alias; other words: gen logistics
201527215H,NEXT GEN SERVICES PTE. LTD.,Local Company,62090,Next plc,next,strict alias; other words: gen
202006568D,NEXT GEN SOFTWARE PTE. LTD.,Local Company,62011,Next plc,next,strict alias; other words: gen
201832309C,NEXT GEN TMI MARKETING INTELLIGENCE PTE. LTD.,Local Company,70201,Next plc,next,strict alias; other words: gen intelligence tmi
202246437Z,NEXT GENERATION BUILDERS PTE. LTD.,Local Company,42100,Next plc,next,strict alias; other words: builders generation
202038361E,NEXT GENERATION GRAPHICS PTE. LTD.,Local Company,46541,Next plc,next,strict alias; other words: generation graphics
200815624D,NEXT GENERATION HOLDINGS PTE. LIMITED,Local Company,64202,Next plc,next,strict alias; other words: generation
202413048H,NEXT GENERATION LLM PTE. LTD.,Local Company,47102,Next plc,next,strict alias; other words: generation llm
202410601Z,NEXT GENERATION NG PTE. LTD.,Local Company,47101,Next plc,next,strict alias; other words: generation ng
199608331H,NEXT GENERATION PROVIDER PTE. LTD.,Local Company,42302,Next plc,next,strict alias; other words: generation provider
201807928K,NEXT GENERATION SOLAR TECHNOLOGIES PTE. LTD.,Local Company,43294,Next plc,next,strict alias; other words: generation solar
200411639K,NEXT GENERATION TECHNOLOGIES PTE. LTD.,Local Company,62011,Next plc,next,strict alias; other words: generation
200803448M,NEXT GENERATION TELECOM PTE. LTD.,Local Company,27321,Next plc,next,strict alias; other words: generation telecom
200708751K,NEXT GENERATION TELECOMMUNICATION PTE. LTD.,Local Company,64202,Next plc,next,strict alias; other words: generation telecommunication
202542025M,NEXT GENERATION VENTURES PTE. LIMITED,Local Company,66309,Next plc,next,strict alias; other words: generation
202521718C,NEXT GLOW PTE. LTD.,Local Company,41001,Next plc,next,strict alias; other words: glow
202616583N,NEXT GRAIN PTE. LTD.,Local Company,10799,Next plc,next,strict alias; other words: grain
201429094Z,NEXT GROWTH INVESTMENTS PTE. LTD.,Local Company,70201,Next plc,next,strict alias; other words: growth
202108225M,NEXT HEALTH PTE. LTD.,Local Company,86909,Next plc,next,strict alias; other words: health
202433651H,NEXT HIGHER FOODS BEVERAGES PTE. LTD.,Local Company,93203,Next plc,next,strict alias; other words: beverages foods higher
202102567K,NEXT HIT PRIVATE LIMITED,Local Company,64202,Next plc,next,strict alias; other words: hit
202439014C,NEXT HOME PTE. LTD.,Local Company,73100,Next plc,next,strict alias; other words: home
202217904D,NEXT HOP IT SERVICE PROVIDER PTE. LTD.,Local Company,63111,Next plc,next,strict alias; other words: hop it provider
202417957G,NEXT HORIZON PTE. LTD.,Local Company,70201,Next plc,next,strict alias; other words: horizon
201820339H,NEXT IN INNOVATION PTE. LTD.,Local Company,26513,Next plc,next,strict alias; other words: in
202550419G,NEXT INFRASTRUCTURE PARTNERS PTE. LTD.,Local Company,85505,Next plc,next,strict alias; other words: infrastructure partners
202041455N,NEXT INNO TECH PTE. LTD.,Local Company,70201,Next plc,next,strict alias; other words: inno
201130064C,NEXT INVEST ASIA (PTE.) LTD.,Local Company,64202,Next plc,next,strict alias; other words: invest
202425486G,NEXT LAW CHAMBERS LLC,Local Company,69101,Next plc,next,strict alias; other words: chambers law llc
201900768C,NEXT LEADERS' INITIATIVE FOR SUSTAINABILITY SINGAPORE LTD.,Local Company,94995,Next plc,next,strict alias; other words: for initiative leaders sustainability
202018243K,NEXT LEVEL AGENCY PTE. LTD.,Local Company,62021,Next plc,next,strict alias; other words: agency level
202121315R,NEXT LEVEL E-COMMERCE PTE. LTD.,Local Company,85509,Next plc,next,strict alias; other words: commerce e level
202513065E,NEXT LEVEL ENRICHMENT PTE. LTD.,Local Company,85609,Next plc,next,strict alias; other words: enrichment level
202241098G,NEXT LEVEL GENOMICS PTE. LTD.,Local Company,72101,Next plc,next,strict alias; other words: genomics level
201719947M,NEXT LEVEL GLOBAL VENTURES PTE. LTD.,Local Company,64300,Next plc,next,strict alias; other words: level
202605426C,NEXT LEVEL INFORMATION PTE. LTD.,Local Company,58201,Next plc,next,strict alias; other words: information level
201900233R,NEXT LEVEL INVEST PTE. LTD.,Local Company,85509,Next plc,next,strict alias; other words: invest level
202605329Z,NEXT LEVEL LEARNING SOLUTIONS PTE. LTD.,Local Company,70201,Next plc,next,strict alias; other words: learning level
202339168Z,NEXT LEVEL PLAY PTE. LTD.,Local Company,62011,Next plc,next,strict alias; other words: level play
202125556M,NEXT LEVEL RACING SIMULATIONS PTE. LTD.,Local Company,47412,Next plc,next,strict alias; other words: level racing simulations
201727485N,NEXT LEVEL SG PTE. LTD.,Local Company,62011,Next plc,next,strict alias; other words: level
202201640K,NEXT LEVEL TENNIS PTE. LTD.,Local Company,85507,Next plc,next,strict alias; other words: level tennis
202436261M,NEXT LEVEL UP PTE. LTD.,Local Company,62021,Next plc,next,strict alias; other words: level up
201838199E,NEXT LEVEL VENTURES PTE. LTD.,Local Company,70201,Next plc,next,strict alias; other words: level
202434676E,NEXT LEVEL YOU PTE. LTD.,Local Company,96099,Next plc,next,strict alias; other words: level you
201919601Z,NEXT LIFE BOOK PTE. LTD.,Local Company,63209,Next plc,next,strict alias; other words: book life
201926270H,NEXT LOGISTICS PTE. LTD.,Local Company,49231,Next plc,next,strict alias; other words: logistics
201214294C,NEXT MARITIME SINGAPORE PTE. LTD.,Local Company,52222,Next plc,next,strict alias; other words: maritime
202614821G,NEXT MATERIALS PTE. LTD.,Local Company,70201,Next plc,next,strict alias; other words: materials
202555862N,NEXT MILE LOGISTICS PTE. LTD.,Local Company,53200,Next plc,next,strict alias; other words: logistics mile
201326610H,NEXT MILLENNIUM PTE. LTD.,Local Company,46424,Next plc,next,strict alias; other words: millennium
202557643D,NEXT MOMENTUM EVENTS PTE. LTD.,Local Company,82301,Next plc,next,strict alias; other words: events momentum
202509114E,NEXT NETWORK CAPITAL PTE. LTD.,Local Company,64202,Next plc,next,strict alias; other words: capital
202128042M,NEXT NEW WORLD PTE. LTD.,Local Company,47109,Next plc,next,strict alias; other words: new world
202449671K,NEXT ORDER PTE. LTD.,Local Company,64202,Next plc,next,strict alias; other words: order
202243640R,NEXT ORTHO INVESTMENT HOLDINGS PTE. LTD.,Local Company,64202,Next plc,next,strict alias; other words: ortho
202037167E,NEXT PERCENT PTE. LTD.,Local Company,64202,Next plc,next,strict alias; other words: percent
202324748C,NEXT PERCY PTE. LTD.,Local Company,46900,Next plc,next,strict alias; other words: percy
201133224H,NEXT PHASE GALLERY PTE. LTD.,Local Company,47539,Next plc,next,strict alias; other words: gallery phase
202552525D,NEXT PHASE INTERIOR PTE. LTD.,Local Company,74191,Next plc,next,strict alias; other words: interior phase
202507488H,NEXT POWER ENGINEERING PTE. LTD.,Local Company,46900,Next plc,next,strict alias; other words: engineering power
202554022K,NEXT POWER PTE. LTD.,Local Company,35102,Next plc,next,strict alias; other words: power
202634820M,NEXT PR ASIA PTE. LTD.,Local Company,70201,Next plc,next,strict alias; other words: pr
202101054R,NEXT RENEWABLE GLOBAL PTE. LTD.,Local Company,71129,Next plc,next,strict alias; other words: renewable
201837709C,NEXT SHIPPING PTE. LTD.,Local Company,50021,Next plc,next,strict alias; other words: shipping
202500698R,NEXT SPACE STUDIO  PTE. LTD.,Local Company,74191,Next plc,next,strict alias; other words: space studio
202246040W,NEXT STAGE 23 TRADING PTE. LTD.,Local Company,46900,Next plc,next,strict alias; other words: 23 stage
201918005Z,NEXT STAGE CORPORATION PTE. LTD.,Local Company,46900,Next plc,next,strict alias; other words: stage
201020145Z,NEXT STATION PTE. LTD.,Local Company,78104,Next plc,next,strict alias; other words: station
202429242H,NEXT STEP DIGITAL PTE. LTD.,Local Company,62011,Next plc,next,strict alias; other words: step
202029376K,NEXT STEP LEARNING PTE. LTD.,Local Company,73100,Next plc,next,strict alias; other words: learning step
200700395R,NEXT STEP PTE. LTD.,Local Company,70201,Next plc,next,strict alias; other words: step
202519103Z,NEXT STEP VENTURE PTE. LTD.,Local Company,70201,Next plc,next,strict alias; other words: step venture
202501804D,NEXT STEPS COACHING PTE. LTD.,Local Company,70201,Next plc,next,strict alias; other words: coaching steps
201321884H,NEXT TECHNICAL SERVICES PTE. LTD.,Local Company,27109,Next plc,next,strict alias; other words: technical
201218043D,NEXT TELECOMMUNICATION PTE. LTD.,Local Company,61020,Next plc,next,strict alias; other words: telecommunication
201917476C,NEXT TIDE PTE. LTD.,Local Company,70201,Next plc,next,strict alias; other words: tide
200708794N,NEXT TIER GLOBAL COMMUNICATIONS PTE. LTD.,Local Company,62021,Next plc,next,strict alias; other words: communications tier
202005922H,NEXT TO SILENCE PTE. LTD.,Local Company,56122,Next plc,next,strict alias; other words: silence to
202636400C,NEXT TOKEN PTE. LTD.,Local Company,70201,Next plc,next,strict alias; other words: token
201506639D,NEXT TRIBE PTE. LTD.,Local Company,64202,Next plc,next,strict alias; other words: tribe
202629613G,NEXT TYRES PTE. LTD.,Local Company,46900,Next plc,next,strict alias; other words: tyres
200506959G,NEXT U PTE. LTD.,Local Company,70201,Next plc,next,strict alias; other words: u
202621078Z,NEXT VISION ENGINEERING PTE. LTD.,Local Company,41001,Next plc,next,strict alias; other words: engineering vision
202535852E,NEXT VISION PACIFIC PTE. LTD.,Local Company,82302,Next plc,next,strict alias; other words: vision
202537840D,NEXT WAVE COLLECTIVE PTE. LTD.,Local Company,73100,Next plc,next,strict alias; other words: collective wave
202001365Z,NEXT WAVE MEDIA PTE. LTD.,Local Company,73100,Next plc,next,strict alias; other words: media wave
202102568C,NEXT WAVE PRIVATE LIMITED,Local Company,64202,Next plc,next,strict alias; other words: wave
201800852N,NEXT WAVE SUMMIT PTE. LTD.,Local Company,70201,Next plc,next,strict alias; other words: summit wave
202637873W,NEXT WORLD HOLDINGS PTE. LTD.,Local Company,64202,Next plc,next,strict alias; other words: world
202223015H,NEXT XR PTE. LTD.,Local Company,58201,Next plc,next,strict alias; other words: xr
202319713M,NEXT YOU CAREER PTE. LTD.,Local Company,78104,Next plc,next,strict alias; other words: career you
201841822E,NEXT-AUTOMATION PTE. LTD.,Local Company,71122,Next plc,next,strict alias; other words: automation
202624834K,NEXT-GEN OUTSTANDING ACCESS & HARMONY (NOAH) PTE. LTD.,Local Company,62011,Next plc,next,strict alias; other words: access gen harmony noah outstanding
202115986K,NEXT-GEN PERFORMANCE PTE. LTD.,Local Company,47314,Next plc,next,strict alias; other words: gen performance
202605015Z,NEXT-ON MANAGEMENT PTE. LTD.,Local Company,53200,Next plc,next,strict alias; other words: on
202505484M,THE NEXT ACE PTE. LTD.,Local Company,85507,Next plc,next,strict alias; other words: ace
202003670N,THE NEXT CHAPTER GROUP PTE. LTD.,Local Company,59112,Next plc,next,strict alias; other words: chapter
202246355H,THE NEXT COMMS PTE. LTD.,Local Company,70205,Next plc,next,strict alias; other words: comms
202322703D,THE NEXT CONNECT PTE. LTD.,Local Company,62021,Next plc,next,strict alias; other words: connect
202008788K,THE NEXT ENTERTAINMENT PTE. LTD.,Local Company,82303,Next plc,next,strict alias; other words: entertainment
202338924E,THE NEXT EXPERIENCE PTE. LTD.,Local Company,70201,Next plc,next,strict alias; other words: experience
202521137H,THE NEXT FRONTIER ADVISORY PTE. LTD.,Local Company,70209,Next plc,next,strict alias; other words: advisory frontier
201834107D,THE NEXT LAP EDU CENTRE PTE. LTD.,Local Company,88912,Next plc,next,strict alias; other words: edu lap
202431741W,THE NEXT LEAF PTE. LTD.,Local Company,70209,Next plc,next,strict alias; other words: leaf
202545789D,THE NEXT PROJECT PTE. LTD.,Local Company,42100,Next plc,next,strict alias; other words: project
202328454M,THE NEXT STOP PTE. LTD.,Local Company,85609,Next plc,next,strict alias; other words: stop
201302630M,THE NEXT STORY PTE. LTD.,Local Company,85509,Next plc,next,strict alias; other words: story
201700961G,THE NEXT TWENTY PRIVATE LIMITED,Local Company,47219,Next plc,next,strict alias; other words: twenty
202223101G,THE NEXT UNIVERSE PTE. LTD.,Local Company,62021,Next plc,next,strict alias; other words: universe
198403813D,"NIDEC COMPONENT TECHNOLOGY CO., LTD.",Local Company,25999,Nidec,nidec,strict alias; other words: component
198000130K,NIDEC INDUSTRIAL AUTOMATION SINGAPORE PTE. LTD.,Local Company,46900,Nidec,nidec,strict alias; other words: automation industrial
197801009R,NIDEC INSTRUMENTS (SINGAPORE) PTE. LTD.,Local Company,26512,Nidec,nidec,strict alias; other words: instruments
200303555H,NIDEC SV PROBE PTE. LTD.,Local Company,28273,Nidec,nidec,strict alias; other words: probe sv
202607243W,NIKE ESTATE PLANNING ADVISORY PTE. LTD.,Local Company,64999,Nike,nike,strict alias; other words: advisory estate planning
T16FC0027D,NIKE GLOBAL TRADING B.V. Singapore Branch,Foreign Company Branch,46900,Nike,nike,strict alias; other words: b v
T08FC7221J,NIKE TRADING COMPANY B.V. Singapore Branch,Foreign Company Branch,46900,Nike,nike,strict alias; other words: b v
201305407K,NINTENDO STUDIOS SINGAPORE PTE. LTD.,Local Company,62011,Nintendo,nintendo,strict alias; other words: studios
201723718R,NIUM (S) PTE. LTD.,Local Company,46594,Nium,nium,strict alias; other words: s
202206177N,NIUM FINTECH INTERNATIONAL PTE. LTD.,Local Company,64202,Nium,nium,strict alias; other words: fintech
200822075Z,NOMURA ASIA INVESTMENT (FIXED INCOME) PTE. LTD.,Local Company,64202,Nomura Holdings,nomura,strict alias; other words: fixed income
200820556E,NOMURA ASIA INVESTMENT (INDIA POWAI) PTE. LTD.,Local Company,64202,Nomura Holdings,nomura,strict alias; other words: india powai
198800900W,NOMURA ASSET MANAGEMENT SINGAPORE LIMITED,Local Company,66301,Nomura Holdings,nomura,strict alias; other words: asset
200821283D,NOMURA DESIGN & ENGINEERING SINGAPORE PTE. LTD.,Local Company,71121,Nomura Holdings,nomura,strict alias; other words: design engineering
201212290E,NOMURA INTERNATIONAL FUNDING PTE. LTD.,Local Company,64999,Nomura Holdings,nomura,strict alias; other words: funding
202448462D,NOMURA MICRO SCIENCE SINGAPORE PTE. LTD.,Local Company,43299,Nomura Holdings,nomura,strict alias; other words: micro science
201508074E,NOMURA REAL ESTATE ASIA PTE. LTD.,Local Company,70201,Nomura Holdings,nomura,strict alias; other words: estate real
198702521E,NOMURA SECURITIES SINGAPORE PTE. LTD.,Local Company,66121,Nomura Holdings,nomura,strict alias; other words: securities
200902112M,NOMURA SPECIAL INVESTMENTS SINGAPORE PTE. LTD.,Local Company,46900,Nomura Holdings,nomura,strict alias; other words: special
200500798Z,NOMURA TRUST COMPANY (SINGAPORE) LTD.,Local Company,66191,Nomura Holdings,nomura,strict alias; other words: trust
199803787C,NORDSON ADVANCED TECHNOLOGY (SINGAPORE) PTE. LTD.,Local Company,26119,Nordson,nordson,strict alias; other words: advanced
201412984E,NORDSON ADVANCED TECHNOLOGY INTERNATIONAL PTE. LTD.,Local Company,46541,Nordson,nordson,strict alias; other words: advanced
198703657Z,NORDSON S. E. ASIA (PTE) LIMITED,Local Company,28299,Nordson,nordson,strict alias; other words: e s
202237480E,SANDOZ SINGAPORE PTE. LTD.,Local Company,46461,Novartis,sandoz,ambiguous: Novartis | Sandoz Group
201332913W,NOVATEK GAS & POWER ASIA PTE. LTD.,Local Company,46610,Novatek,novatek,strict alias; other words: gas power
201218467K,OMV SUPPLY & TRADING SINGAPORE PTE. LTD.,Local Company,46610,OMV,omv,strict alias; other words: supply
201926667K,ORIX HIGHTECH GLOBAL PTE. LTD.,Local Company,46900,ORIX,orix,strict alias; other words: hightech
197201173M,ORIX LEASING SINGAPORE LIMITED,Local Company,64910,ORIX,orix,strict alias; other words: leasing
199507400N,ORIX RENTEC (SINGAPORE) PTE. LTD.,Local Company,77341,ORIX,orix,strict alias; other words: rentec
T26FC0056D,ORLEN LNG TRADING LIMITED (Singapore Branch),Foreign Company Branch,46610,ORLEN,orlen,strict alias; other words: lng
201610003R,ONGC VIDESH SINGAPORE PTE. LTD.,Local Company,9001,Oil & Natural Gas,ongc,strict alias; other words: videsh
201610267E,ONGC VIDESH VANKORNEFT PTE. LTD.,Local Company,9001,Oil & Natural Gas,ongc,strict alias; other words: vankorneft videsh
201541838M,OLYMPUS ACF PTE. LTD.,Local Company,64202,Olympus,olympus,strict alias; other words: acf
201915836R,OLYMPUS CAPITAL ASIA PTE. LTD.,Local Company,66309,Olympus,olympus,strict alias; other words: capital
202406071C,OLYMPUS ENGINEERING PTE. LTD.,Local Company,71122,Olympus,olympus,strict alias; other words: engineering
201100010Z,OLYMPUS LEARNING ACADEMY PTE. LTD.,Local Company,85509,Olympus,olympus,strict alias; other words: academy learning
202508249R,OLYMPUS OFFSHORE PTE. LTD.,Local Company,50021,Olympus,olympus,strict alias; other words: offshore
202323630K,OLYMPUS SLEEP TECHNOLOGIES PTE. LTD.,Local Company,47532,Olympus,olympus,strict alias; other words: sleep
202325249R,OLYMPUS SYSTEM PTE. LTD.,Local Company,62011,Olympus,olympus,strict alias; other words: system
202130981K,OLYMPUS WELLNESS & REHAB PTE. LTD.,Local Company,86201,Olympus,olympus,strict alias; other words: rehab wellness
201328566R,ORACLE AI HEALTH PTE. LTD.,Local Company,47214,Oracle,oracle,strict alias; other words: ai health
202314954C,ORACLE AV PTE. LTD.,Local Company,77391,Oracle,oracle,strict alias; other words: av
T08FC7164D,ORACLE CAPAC SERVICES UNLIMITED COMPANY (Singapore Branch),Foreign Company Branch,82999,Oracle,oracle,strict alias; other words: capac unlimited
202629470C,ORACLE CARD HOUSE PTE. LTD.,Local Company,46900,Oracle,oracle,strict alias; other words: card house
200416105W,ORACLE COLLECTION PTE. LTD.,Local Company,82911,Oracle,oracle,strict alias; other words: collection
201839724E,ORACLE COMMODITIES PTE. LTD.,Local Company,46642,Oracle,oracle,strict alias; other words: commodities
202440446K,ORACLE EVENT & PRODUCTION PTE. LTD.,Local Company,82303,Oracle,oracle,strict alias; other words: event production
200005170D,ORACLE FINANCIAL SERVICES CONSULTING PTE. LTD.,Local Company,62021,Oracle,oracle,strict alias; other words: consulting financial
201315597W,ORACLE FINANCIAL SERVICES PRIVATE LIMITED,Local Company,56112,Oracle,oracle,strict alias; other words: financial
200107453K,ORACLE FINANCIAL SERVICES SOFTWARE PTE. LTD.,Local Company,63909,Oracle,oracle,strict alias; other words: financial
202320245K,ORACLE FUNERAL PTE. LTD.,Local Company,96030,Oracle,oracle,strict alias; other words: funeral
201611155M,ORACLE GLOBAL HEALTHCARE PTE. LTD.,Local Company,46592,Oracle,oracle,strict alias; other words: healthcare
201800633K,ORACLE INTERNATIONAL ENTERPRISE PTE. LTD.,Local Company,46900,Oracle,oracle,strict alias; other words: enterprise
200904572Z,ORACLE LAW CORPORATION,Local Company,69101,Oracle,oracle,strict alias; other words: law
202322097Z,ORACLE LUBRICANTS TECHNOLOGY PTE. LTD.,Local Company,46610,Oracle,oracle,strict alias; other words: lubricants
202516859C,ORACLE MOTORS PTE. LTD.,Local Company,47311,Oracle,oracle,strict alias; other words: motors
202140500W,ORACLE NICKEL PTE. LTD.,Local Company,64202,Oracle,oracle,strict alias; other words: nickel
202431375C,ORACLE OF BANDUNG PTE. LTD.,Local Company,64202,Oracle,oracle,strict alias; other words: bandung
201919412N,ORACLE TANKERS PTE. LTD.,Local Company,50022,Oracle,oracle,strict alias; other words: tankers
201415269C,ORACLE-CULTURE MANAGEMENT DEVELOPMENT PTE. LTD.,Local Company,46900,Oracle,oracle,strict alias; other words: culture
201726539M,OTSUKA PHARMACEUTICALS (SINGAPORE) PTE. LTD.,Local Company,46461,Otsuka Holdings,otsuka,strict alias; other words: pharmaceuticals
201119556N,PNC CAFE HOLDINGS PTE. LTD.,Local Company,56112,PNC Financial Services,pnc,strict alias; other words: cafe
200413832R,PNC ENGINEERING PRODUCTS PTE. LTD.,Local Company,46900,PNC Financial Services,pnc,strict alias; other words: engineering
202124762N,PNC ENTERPRISE PTE. LTD.,Local Company,68103,PNC Financial Services,pnc,strict alias; other words: enterprise
200720454E,PNC GLOBALTRADE PTE. LTD.,Local Company,46900,PNC Financial Services,pnc,strict alias; other words: globaltrade
202615260R,PNC SEALING SOLUTIONS PTE. LTD.,Local Company,71126,PNC Financial Services,pnc,strict alias; other words: sealing
T10FC0109B,"POSCO ENGINEERING & CONSTRUCTION CO., LTD.",Foreign Company Branch,42200,POSCO,posco,strict alias; other words: construction engineering
201404279Z,PPL ACCOUNTING CONSULTANCY PTE. LTD.,Local Company,69201,PPL,ppl,strict alias; other words: accounting consultancy
202501972E,PPL EDUCATION CONSULTANCY PTE. LTD.,Local Company,70201,PPL,ppl,strict alias; other words: consultancy education
202417725W,PPL EMPLOYMENT CONSULTANCY PTE. LTD.,Local Company,78104,PPL,ppl,strict alias; other words: consultancy employment
201941817K,PPL INTERNATIONAL TRADINGS PTE. LTD.,Local Company,46900,PPL,ppl,strict alias; other words: tradings
202553466G,PPL LOGISTICS SINGAPORE PTE. LTD.,Local Company,46900,PPL,ppl,strict alias; other words: logistics
202127702G,PPL TRAVELLING CONSULTANCY PTE. LTD.,Local Company,79101,PPL,ppl,strict alias; other words: consultancy travelling
202516211R,PTC AUTO PTE. LTD.,Local Company,46900,PTC,ptc,strict alias; other words: auto
198202740K,PTC BUSINESS SYSTEMS PTE LTD,Local Company,46591,PTC,ptc,strict alias; other words: business
200107898N,PTC CONSTRUCTION PTE LTD,Local Company,41001,PTC,ptc,strict alias; other words: construction
200514860M,PTC DELIVERY2HOME PTE. LTD.,Local Company,49231,PTC,ptc,strict alias; other words: delivery2home
200710797N,PTC EXPRESS PTE. LTD.,Local Company,49231,PTC,ptc,strict alias; other words: express
201910394R,PTC LOGISTICS SCM PTE. LTD.,Local Company,64202,PTC,ptc,strict alias; other words: logistics scm
198904622K,PTC PILING EQUIPMENT (FAR EAST) PTE LTD,Local Company,46541,PTC,ptc,strict alias; other words: equipment far piling
199102881H,PTC SYSTEM (S) PTE LTD,Local Company,62090,PTC,ptc,strict alias; other words: s system
199705415R,PTC-CHIEN LI TRANSPORTATION PTE LTD,Local Company,49231,PTC,ptc,strict alias; other words: chien li transportation
201106320N,PTT COMMUNICATIONS PTE. LTD.,Local Company,46900,PTT PCL,ptt,strict alias; other words: communications
201323107K,PTT FAMILY F&B SINGAPORE PTE. LTD.,Local Company,64202,PTT PCL,ptt,strict alias; other words: b f family
200716957K,PTT GREEN ENERGY PTE. LTD.,Local Company,10401,PTT PCL,ptt,strict alias; other words: energy green
201804494N,PTT TRADING SERVICE (S) PTE. LTD.,Local Company,46900,PTT PCL,ptt,strict alias; other words: s
202445261N,PALANTIR SECURITY PTE. LTD.,Local Company,62013,Palantir,palantir,strict alias; other words: security
202229532M,PARTNERS 4P'S PTE. LTD.,Local Company,64202,Partners Group,partners,strict alias; other words: 4p s
202206895Z,PARTNERS BAY PTE. LTD.,Local Company,66199,Partners Group,partners,strict alias; other words: bay
201524129C,PARTNERS CAPITAL INVESTMENT GROUP (ASIA) PTE. LTD.,Local Company,66309,Partners Group,partners,strict alias; other words: capital
200210370R,PARTNERS CONFERENCE & EVENT MANAGEMENT PTE. LTD.,Local Company,82301,Partners Group,partners,strict alias; other words: conference event
202112837N,PARTNERS CONSULTING PTE. LTD.,Local Company,78104,Partners Group,partners,strict alias; other words: consulting
202246229Z,PARTNERS ENGINEERING & RENOVATION PTE. LTD.,Local Company,43220,Partners Group,partners,strict alias; other words: engineering renovation
202322973C,PARTNERS EXPERIENCE PTE. LTD.,Local Company,82304,Partners Group,partners,strict alias; other words: experience
201729441M,PARTNERS IN ACTION PTE. LTD.,Local Company,56111,Partners Group,partners,strict alias; other words: action in
200816192N,PARTNERS IN BRASS PTE. LTD.,Local Company,46445,Partners Group,partners,strict alias; other words: brass in
202522335M,PARTNERS IN GROWTH PTE. LTD.,Local Company,85509,Partners Group,partners,strict alias; other words: growth in
201112914E,PARTNERS IN INFRASTRUCTURE PTE. LTD.,Local Company,72105,Partners Group,partners,strict alias; other words: in infrastructure
200600083N,PARTNERS IN MEDIA ASIA PTE. LTD.,Local Company,82302,Partners Group,partners,strict alias; other words: in media
200613135N,PARTNERS IN WINE ASIA PTE. LTD.,Local Company,46900,Partners Group,partners,strict alias; other words: in wine
202626922D,PARTNERS PROPERTY MANAGEMENT PTE. LTD.,Local Company,68203,Partners Group,partners,strict alias; other words: property
202104437K,PARTNERS TERRA PTE. LTD.,Local Company,64202,Partners Group,partners,strict alias; other words: terra
199203377H,PARTNERS WORLDWIDE & ASSOCIATES PTE LTD,Local Company,70201,Partners Group,partners,strict alias; other words: associates
202615765D,TAN PING AN PTE. LTD.,Local Company,68105,Ping An Insurance,ping an,alias not at start of name
202301663M,SINGAPORE P&G ALUMNI CHAPTER LTD.,Local Company,94999,Procter & Gamble,p and g,alias not at start of name
202400724N,PROLOGIS (SINGAPORE) SOLAR PTE. LTD.,Local Company,35102,Prologis,prologis,strict alias; other words: solar
200814360K,PROLOGIS ASAMA PTE. LTD.,Local Company,64202,Prologis,prologis,strict alias; other words: asama
201329462N,PROLOGIS CDLQ LOGISTICS CENTER PTE. LTD.,Local Company,64202,Prologis,prologis,strict alias; other words: cdlq logistics
201635000C,PROLOGIS CDQBJ PTE. LTD.,Local Company,64202,Prologis,prologis,strict alias; other words: cdqbj
200704949H,PROLOGIS CHANGI NORTH 1 PTE. LTD.,Local Company,64202,Prologis,prologis,strict alias; other words: 1 changi
200805890Z,PROLOGIS CHANGI SOUTH 1 PTE. LTD.,Local Company,64202,Prologis,prologis,strict alias; other words: 1 changi
201619308C,PROLOGIS CHENGDU XINDU PTE. LTD.,Local Company,64202,Prologis,prologis,strict alias; other words: chengdu xindu
201330453D,PROLOGIS CHINA LOGISTICS 2 (HOLDING) PTE. LTD.,Local Company,64202,Prologis,prologis,strict alias; other words: 2 china logistics
201727277N,PROLOGIS CHINA LOGISTICS 3 (HOLDING) PTE. LTD.,Local Company,64202,Prologis,prologis,strict alias; other words: 3 china logistics
202123690Z,PROLOGIS CHINA PROPERTY HOLDING TRS PTE. LTD.,Local Company,64202,Prologis,prologis,strict alias; other words: china property trs
202122239G,PROLOGIS CHINA SOLAR PTE. LTD.,Local Company,64202,Prologis,prologis,strict alias; other words: china solar
201325880K,PROLOGIS CHONGQING AIRPORT LOGISTICS CENTER PTE. LTD.,Local Company,64202,Prologis,prologis,strict alias; other words: airport chongqing logistics
201228041Z,PROLOGIS CHONGQING LIANGJIANG LOGISTICS CENTER PTE. LTD.,Local Company,64202,Prologis,prologis,strict alias; other words: chongqing liangjiang logistics
201806012E,PROLOGIS CHONGQING WEST LOGISTICS CENTER PTE. LTD.,Local Company,64202,Prologis,prologis,strict alias; other words: chongqing logistics
201204929K,PROLOGIS DONGGUAN CHENGZHI DISTRIBUTION CENTER PTE. LTD.,Local Company,64202,Prologis,prologis,strict alias; other words: chengzhi distribution dongguan
201408152H,PROLOGIS DONGGUAN HONGMEI PTE. LTD.,Local Company,64202,Prologis,prologis,strict alias; other words: dongguan hongmei
201331137N,PROLOGIS FOSHAN DATANG PTE. LTD.,Local Company,64202,Prologis,prologis,strict alias; other words: datang foshan
201537719D,PROLOGIS FOSHAN GAOMING PTE. LTD.,Local Company,64202,Prologis,prologis,strict alias; other words: foshan gaoming
201206480H,PROLOGIS FUND MANAGEMENT PTE. LTD.,Local Company,66303,Prologis,prologis,strict alias; other words: fund
201315041R,PROLOGIS GASSAN PTE. LTD.,Local Company,64202,Prologis,prologis,strict alias; other words: gassan
201624743M,PROLOGIS GEDIAN PTE. LTD.,Local Company,64202,Prologis,prologis,strict alias; other words: gedian
202113021R,PROLOGIS GUANGYANG 1 PTE. LTD.,Local Company,64202,Prologis,prologis,strict alias; other words: 1 guangyang
201025794C,PROLOGIS HAKUBA PTE. LTD.,Local Company,64202,Prologis,prologis,strict alias; other words: hakuba
201414589N,PROLOGIS HUIYANG PTE. LTD.,Local Company,64202,Prologis,prologis,strict alias; other words: huiyang
202124116G,PROLOGIS HUIZHOU BOLUO PTE. LTD.,Local Company,64202,Prologis,prologis,strict alias; other words: boluo huizhou
201816808M,PROLOGIS HUZHOU PTE. LTD.,Local Company,64202,Prologis,prologis,strict alias; other words: huzhou
201530726H,PROLOGIS HZRH LOGISTICS CENTER PTE. LTD.,Local Company,64202,Prologis,prologis,strict alias; other words: hzrh logistics
201914615N,PROLOGIS JAPAN FUND HOLDING PTE. LTD.,Local Company,64202,Prologis,prologis,strict alias; other words: fund japan
201231330D,PROLOGIS JAPAN SG HOLDING PTE. LTD.,Local Company,64202,Prologis,prologis,strict alias; other words: japan
201811913D,PROLOGIS JINAN AIRPORT LOGISTICS CENTER PTE. LTD.,Local Company,64202,Prologis,prologis,strict alias; other words: airport jinan logistics
201817393R,PROLOGIS JINAN WEST LOGISTICS CENTER PTE. LTD.,Local Company,64202,Prologis,prologis,strict alias; other words: jinan logistics
201321346G,PROLOGIS JINCHANG NEW DISTRICT SUZHOU PTE. LTD.,Local Company,64202,Prologis,prologis,strict alias; other words: district jinchang new suzhou
202136995E,PROLOGIS JIYANG I PTE. LTD.,Local Company,64202,Prologis,prologis,strict alias; other words: i jiyang
202107356Z,PROLOGIS LANGFANG BAZHOU PTE. LTD.,Local Company,64202,Prologis,prologis,strict alias; other words: bazhou langfang
201420527H,PROLOGIS NJ JIANGNING AIRPORT DC PTE. LTD.,Local Company,64202,Prologis,prologis,strict alias; other words: airport dc jiangning nj
201818082E,PROLOGIS NJ LIUHE PTE. LTD.,Local Company,64202,Prologis,prologis,strict alias; other words: liuhe nj
202126917G,PROLOGIS PROSPECTS 2 PTE. LTD.,Local Company,64202,Prologis,prologis,strict alias; other words: 2 prospects
201319898W,PROLOGIS SCM PTE. LTD.,Local Company,64202,Prologis,prologis,strict alias; other words: scm
201223480R,PROLOGIS SHANGHAI JINSHAN LOGISTICS CENTER 1 PTE. LTD.,Local Company,64202,Prologis,prologis,strict alias; other words: 1 jinshan logistics shanghai
201131855M,PROLOGIS SHENYANG HUNNAN LOGISTICS CENTER PTE. LTD.,Local Company,64202,Prologis,prologis,strict alias; other words: hunnan logistics shenyang
200700929W,PROLOGIS SIN LOGISTICS CENTER 1 PTE. LTD.,Local Company,64202,Prologis,prologis,strict alias; other words: 1 logistics sin
200722859K,PROLOGIS SIN LOGISTICS CENTER 2 PTE. LTD.,Local Company,64202,Prologis,prologis,strict alias; other words: 2 logistics sin
202314788N,PROLOGIS SOUTH ASIA FF1 PTE. LTD.,Local Company,64202,Prologis,prologis,strict alias; other words: ff1
202439565H,PROLOGIS SOUTH ASIA FF2 PTE. LTD.,Local Company,64202,Prologis,prologis,strict alias; other words: ff2
202449251G,PROLOGIS SOUTH ASIA FF3 PTE. LTD.,Local Company,64202,Prologis,prologis,strict alias; other words: ff3
202317006W,PROLOGIS SOUTH ASIA GP PTE. LTD.,Local Company,64202,Prologis,prologis,strict alias; other words: gp
202314757E,PROLOGIS SOUTH ASIA INVESTMENT 1 PTE. LTD.,Local Company,64202,Prologis,prologis,strict alias; other words: 1
202531287E,PROLOGIS SOUTH ASIA INVESTMENT 10 PTE. LTD.,Local Company,64202,Prologis,prologis,strict alias; other words: 10
202541223D,PROLOGIS SOUTH ASIA INVESTMENT 11 PTE. LTD.,Local Company,64202,Prologis,prologis,strict alias; other words: 11
202621340W,PROLOGIS SOUTH ASIA INVESTMENT 12 PTE. LTD.,Local Company,64202,Prologis,prologis,strict alias; other words: 12
202629363G,PROLOGIS SOUTH ASIA INVESTMENT 13 PTE. LTD.,Local Company,64202,Prologis,prologis,strict alias; other words: 13
202629393E,PROLOGIS SOUTH ASIA INVESTMENT 14 PTE. LTD.,Local Company,64202,Prologis,prologis,strict alias; other words: 14
202629403E,PROLOGIS SOUTH ASIA INVESTMENT 15 PTE. LTD.,Local Company,64202,Prologis,prologis,strict alias; other words: 15
202629417C,PROLOGIS SOUTH ASIA INVESTMENT 16 PTE. LTD.,Local Company,64202,Prologis,prologis,strict alias; other words: 16
202340282E,PROLOGIS SOUTH ASIA INVESTMENT 2 PTE. LTD.,Local Company,64202,Prologis,prologis,strict alias; other words: 2
202340286H,PROLOGIS SOUTH ASIA INVESTMENT 3 PTE. LTD.,Local Company,64202,Prologis,prologis,strict alias; other words: 3
202433590N,PROLOGIS SOUTH ASIA INVESTMENT 4 PTE. LTD.,Local Company,64202,Prologis,prologis,strict alias; other words: 4
202433595H,PROLOGIS SOUTH ASIA INVESTMENT 5 PTE. LTD.,Local Company,64202,Prologis,prologis,strict alias; other words: 5
202510384N,PROLOGIS SOUTH ASIA INVESTMENT 6 PTE. LTD.,Local Company,64202,Prologis,prologis,strict alias; other words: 6
202510390D,PROLOGIS SOUTH ASIA INVESTMENT 7 PTE. LTD.,Local Company,64202,Prologis,prologis,strict alias; other words: 7
202531280H,PROLOGIS SOUTH ASIA INVESTMENT 8 PTE. LTD.,Local Company,64202,Prologis,prologis,strict alias; other words: 8
202531284M,PROLOGIS SOUTH ASIA INVESTMENT 9 PTE. LTD.,Local Company,64202,Prologis,prologis,strict alias; other words: 9
201128473N,PROLOGIS SUZHOU NEW DISTRICT DISTRIBUTION CENTER 1 PTE. LTD.,Local Company,64202,Prologis,prologis,strict alias; other words: 1 distribution district new suzhou
201717874K,PROLOGIS SYSX PTE. LTD.,Local Company,64202,Prologis,prologis,strict alias; other words: sysx
201129522K,PROLOGIS TIANJIN JINGBIN LOGISTICS CENTER PTE. LTD.,Local Company,64202,Prologis,prologis,strict alias; other words: jingbin logistics tianjin
201510712R,PROLOGIS TIANJIN JINNAN PTE. LTD.,Local Company,64202,Prologis,prologis,strict alias; other words: jinnan tianjin
201203956Z,PROLOGIS TIANJIN NINGHE LOGISTICS CENTER PTE. LTD.,Local Company,64202,Prologis,prologis,strict alias; other words: logistics ninghe tianjin
201929717K,PROLOGIS TONGZHOU PTE. LTD.,Local Company,64202,Prologis,prologis,strict alias; other words: tongzhou
200711553G,PROLOGIS TUAS 1 PTE. LTD.,Local Company,64202,Prologis,prologis,strict alias; other words: 1 tuas
202126371K,PROLOGIS VENTURE PROSPECTS 1 PTE. LTD.,Local Company,64202,Prologis,prologis,strict alias; other words: 1 prospects venture
202126908E,PROLOGIS VENTURE PROSPECTS 2 PTE. LTD.,Local Company,64202,Prologis,prologis,strict alias; other words: 2 prospects venture
201634299G,PROLOGIS WHJX PTE. LTD.,Local Company,64202,Prologis,prologis,strict alias; other words: whjx
201537723K,PROLOGIS WUHAN CAIDIAN PTE. LTD.,Local Company,64202,Prologis,prologis,strict alias; other words: caidian wuhan
201223666E,PROLOGIS WXMC LOGISTICS CENTER PTE. LTD.,Local Company,64202,Prologis,prologis,strict alias; other words: logistics wxmc
201715180E,PROLOGIS XAFX PTE. LTD.,Local Company,64202,Prologis,prologis,strict alias; other words: xafx
201327724R,PROLOGIS XI'AN ITL PTE. LTD.,Local Company,64202,Prologis,prologis,strict alias; other words: an itl xi
201923478R,PROLOGIS ZHENGZHOU AIRPORT LOGISTICS CENTER PTE. LTD.,Local Company,64202,Prologis,prologis,strict alias; other words: airport logistics zhengzhou
199403599M,PRYSMIAN CABLES ASIA-PACIFIC PTE. LTD.,Local Company,64201,Prysmian Group,prysmian,strict alias; other words: cables
T09FC0004G,PRYSMIAN POWERLINK S.R.L. Singapore Branch,Foreign Company Branch,43210,Prysmian Group,prysmian,strict alias; other words: l powerlink r s
201708855N,PWC BUSINESS ADVISORY SERVICES (US) PTE. LTD.,Local Company,70201,PwC,pwc,strict alias; other words: advisory business us
202340039H,PWC US BUSINESS ADVISORY PRIVATE LTD.,Local Company,70201,PwC,pwc,strict alias; other words: advisory business us
202443646H,RTX BILLION TRADING PTE. LTD.,Local Company,46900,RTX,rtx,strict alias; other words: billion
201019660M,RWE SUPPLY & TRADING ASIA-PACIFIC PTE. LTD.,Local Company,46900,RWE,rwe,strict alias; other words: supply
202555918K,INDEED SCAPE PTE. LTD.,Local Company,70201,Recruit,indeed,strict alias; other words: scape
202522100K,RELIANCE ADVISORS PRIVATE LIMITED,Local Company,70201,Reliance Inc,reliance,strict alias; other words: advisors
202007282R,RELIANCE ADVISORY PTE. LTD.,Local Company,70201,Reliance Inc,reliance,strict alias; other words: advisory
201417729R,RELIANCE ADVISORY SERVICES PTE. LTD.,Local Company,70209,Reliance Inc,reliance,strict alias; other words: advisory
201925317G,RELIANCE AEROSPACE SERVICES PTE. LTD.,Local Company,70201,Reliance Inc,reliance,strict alias; other words: aerospace
202021620N,RELIANCE AGRO COMMODITIES PTE. LTD.,Local Company,46900,Reliance Inc,reliance,strict alias; other words: agro commodities
202214158E,RELIANCE APPRAISAL PTE. LTD.,Local Company,95303,Reliance Inc,reliance,strict alias; other words: appraisal
202308888R,RELIANCE AUDIT PAC,Local Company,69201,Reliance Inc,reliance,strict alias; other words: audit pac
201711979C,RELIANCE AUTOHUB PTE. LTD.,Local Company,47311,Reliance Inc,reliance,strict alias; other words: autohub
201027277H,RELIANCE B.M.S PTE. LTD.,Local Company,69201,Reliance Inc,reliance,strict alias; other words: b m s
202542400K,RELIANCE BIZ PTE. LTD.,Local Company,70201,Reliance Inc,reliance,strict alias; other words: biz
199905994G,RELIANCE BROTHERS PTE. LTD.,Local Company,70209,Reliance Inc,reliance,strict alias; other words: brothers
201934473R,RELIANCE BUILDING ROOF PTE. LTD.,Local Company,41001,Reliance Inc,reliance,strict alias; other words: building roof
201800068R,RELIANCE CERTIFICATION PTE. LTD.,Local Company,70201,Reliance Inc,reliance,strict alias; other words: certification
200712776K,RELIANCE COMMERCIAL LAND PTE. LTD.,Local Company,68203,Reliance Inc,reliance,strict alias; other words: commercial land
201217066E,RELIANCE CONSTRUCTION (SINGAPORE) PTE. LTD.,Local Company,41001,Reliance Inc,reliance,strict alias; other words: construction
201924498W,RELIANCE CONSULTING PTE. LTD.,Local Company,70201,Reliance Inc,reliance,strict alias; other words: consulting
201202099R,RELIANCE CONSULTING SERVICES PTE. LTD.,Local Company,69201,Reliance Inc,reliance,strict alias; other words: consulting
202426344R,RELIANCE ELECTRIC PTE. LTD.,Local Company,46522,Reliance Inc,reliance,strict alias; other words: electric
201538560R,RELIANCE ELECTRICAL ENGINEERING PRIVATE LIMITED,Local Company,43210,Reliance Inc,reliance,strict alias; other words: electrical engineering
202625023G,RELIANCE ENGINEERING (S) PTE. LTD.,Local Company,41001,Reliance Inc,reliance,strict alias; other words: engineering s
201907034M,RELIANCE ENGINEERING PTE. LTD.,Local Company,43210,Reliance Inc,reliance,strict alias; other words: engineering
201735365Z,RELIANCE ENTERPRISE INT PTE. LTD.,Local Company,46900,Reliance Inc,reliance,strict alias; other words: enterprise int
201426223Z,RELIANCE ETHANE HOLDING PTE. LTD.,Local Company,64202,Reliance Inc,reliance,strict alias; other words: ethane
201529919G,RELIANCE FOOD AUTOMATION PTE. LTD.,Local Company,28252,Reliance Inc,reliance,strict alias; other words: automation food
202308068N,RELIANCE FREIGHT PTE. LTD.,Local Company,52292,Reliance Inc,reliance,strict alias; other words: freight
201902280Z,RELIANCE GLOBAL CORE PTE. LTD.,Local Company,64202,Reliance Inc,reliance,strict alias; other words: core
200816056M,RELIANCE GLOBAL ENERGY SERVICES (SINGAPORE) PTE. LTD.,Local Company,46610,Reliance Inc,reliance,strict alias; other words: energy
202316665N,RELIANCE GREEN ENERGY PTE. LTD.,Local Company,71123,Reliance Inc,reliance,strict alias; other words: energy green
200609111E,RELIANCE HEALTH PARTNERS PTE. LTD.,Local Company,64202,Reliance Inc,reliance,strict alias; other words: health partners
201922319Z,RELIANCE HORIZON PTE. LTD.,Local Company,64202,Reliance Inc,reliance,strict alias; other words: horizon
202430663N,RELIANCE HOSPITALITY PTE. LTD.,Local Company,64202,Reliance Inc,reliance,strict alias; other words: hospitality
201413455C,RELIANCE HYDRAULIC TECHNOLOGY AND ENGINEERING PTE. LTD.,Local Company,25994,Reliance Inc,reliance,strict alias; other words: engineering hydraulic
202600223W,RELIANCE INDUSTRIAL PTE. LTD.,Local Company,41001,Reliance Inc,reliance,strict alias; other words: industrial
200816090W,RELIANCE INTERTRADE PTE. LTD.,Local Company,46561,Reliance Inc,reliance,strict alias; other words: intertrade
201303361N,RELIANCE JIO INFOCOMM PTE. LTD.,Local Company,61020,Reliance Inc,reliance,strict alias; other words: infocomm jio
201526309W,RELIANCE KITCHEN EQUIPMENT PTE. LTD.,Local Company,46593,Reliance Inc,reliance,strict alias; other words: equipment kitchen
202527039N,RELIANCE LEARNING LAB (S) PTE. LTD.,Local Company,85609,Reliance Inc,reliance,strict alias; other words: lab learning s
201607248G,RELIANCE MANPOWER SERVICES PTE. LTD.,Local Company,78104,Reliance Inc,reliance,strict alias; other words: manpower
201023670E,RELIANCE MANPOWER SINGAPORE PTE. LTD.,Local Company,78104,Reliance Inc,reliance,strict alias; other words: manpower
200005133E,RELIANCE MARINE ENGINEERING PTE LTD,Local Company,28112,Reliance Inc,reliance,strict alias; other words: engineering marine
200406344H,RELIANCE MARINE PTE. LTD.,Local Company,52222,Reliance Inc,reliance,strict alias; other words: marine
201914683C,RELIANCE MEDICAL TECHNOLOGY PTE. LTD.,Local Company,64202,Reliance Inc,reliance,strict alias; other words: medical
200816491G,RELIANCE METALCENTER ASIA PACIFIC PTE. LTD.,Local Company,46620,Reliance Inc,reliance,strict alias; other words: metalcenter
200606997Z,RELIANCE MGT PTE. LTD.,Local Company,69201,Reliance Inc,reliance,strict alias; other words: mgt
201431142R,RELIANCE MOBILES PTE. LTD.,Local Company,47411,Reliance Inc,reliance,strict alias; other words: mobiles
201011542D,RELIANCE MOVING & STORAGE PTE. LTD.,Local Company,49232,Reliance Inc,reliance,strict alias; other words: moving storage
200809738C,RELIANCE NATURAL RESOURCES (SINGAPORE) PTE. LTD.,Local Company,64202,Reliance Inc,reliance,strict alias; other words: natural resources
202415443E,RELIANCE OCEANS HARVEST PTE. LTD.,Local Company,70209,Reliance Inc,reliance,strict alias; other words: harvest oceans
202239049G,RELIANCE PAINTS PTE. LTD.,Local Company,43304,Reliance Inc,reliance,strict alias; other words: paints
201001908W,RELIANCE PROPERTIES PTE. LTD.,Local Company,64202,Reliance Inc,reliance,strict alias; other words: properties
201301312H,RELIANCE PROPERTY NETWORK PTE. LTD.,Local Company,68209,Reliance Inc,reliance,strict alias; other words: property
202615562C,RELIANCE READY-MIX SPV PTE. LTD.,Local Company,64202,Reliance Inc,reliance,strict alias; other words: mix ready spv
200723107Z,RELIANCE SAFETY GLASS PTE. LTD.,Local Company,23100,Reliance Inc,reliance,strict alias; other words: glass safety
201423226D,RELIANCE SAFETY SERVICES PTE. LTD.,Local Company,70201,Reliance Inc,reliance,strict alias; other words: safety
201829642R,RELIANCE SEA SHIPPING PTE. LTD.,Local Company,50021,Reliance Inc,reliance,strict alias; other words: sea shipping
198100996M,RELIANCE SECURITY SERVICES PTE LTD,Local Company,80100,Reliance Inc,reliance,strict alias; other words: security
202307929H,RELIANCE SHIPPING LINES PTE. LTD.,Local Company,52222,Reliance Inc,reliance,strict alias; other words: lines shipping
202415456K,RELIANCE SOLUTION PTE. LTD.,Local Company,69202,Reliance Inc,reliance,strict alias; other words: solution
201413226E,RELIANCE SUPERMART PTE. LTD.,Local Company,47102,Reliance Inc,reliance,strict alias; other words: supermart
201200924K,RELIANCE SURVEYORS PTE. LTD.,Local Company,71129,Reliance Inc,reliance,strict alias; other words: surveyors
200506024D,RELIANCE TAX SERVICES PTE. LTD.,Local Company,70209,Reliance Inc,reliance,strict alias; other words: tax
198002061W,RELIANCE TRAVEL AGENCIES (S) PTE LTD,Local Company,79102,Reliance Inc,reliance,strict alias; other words: agencies s travel
200703694W,RELIANCE UNIVERSAL MARKETING PTE. LTD.,Local Company,46900,Reliance Inc,reliance,strict alias; other words: universal
202038984K,RESMED DIGITAL HEALTH SOLUTIONS PTE. LTD.,Local Company,46592,ResMed,resmed,strict alias; other words: health
198102227E,RESONA MERCHANT BANK ASIA LIMITED,Local Company,64140,Resona Holdings,resona,strict alias; other words: bank merchant
200209539C,RESONAC HD SINGAPORE PTE. LTD.,Local Company,26801,Resonac Holdings Corporation,resonac,strict alias; other words: hd
197900754N,RESONAC POWDERED METALS SINGAPORE PTE. LTD.,Local Company,28229,Resonac Holdings Corporation,resonac,strict alias; other words: metals powdered
200007138M,RESONAC SPECIALTY GAS SINGAPORE PTE. LTD.,Local Company,46649,Resonac Holdings Corporation,resonac,strict alias; other words: gas specialty
200909605Z,REVVITY IVD PTE. LTD.,Local Company,64202,Revvity,revvity,strict alias; other words: ivd
201427420M,RHEINMETALL ELECTRONICS SINGAPORE PTE. LTD.,Local Company,82999,Rheinmetall,rheinmetall,strict alias; other words: electronics
199407903R,RHEINMETALL NAVAL ASIA PTE. LTD.,Local Company,46551,Rheinmetall,rheinmetall,strict alias; other words: naval
200710132R,RHEINMETALL NAVAL MARINE TECHNOLOGY PTE. LTD.,Local Company,30110,Rheinmetall,rheinmetall,strict alias; other words: marine naval
202412558W,RIVERSTONE CAPITAL ADVISORS PTE. LTD.,Local Company,70201,Riverstone Holdings,riverstone,strict alias; other words: advisors capital
201322356R,RIVERSTONE FARM PTE. LTD.,Local Company,64202,Riverstone Holdings,riverstone,strict alias; other words: farm
202544427E,RIVERSTONE HUMAN CAPITAL ADVISORY PTE. LTD.,Local Company,70204,Riverstone Holdings,riverstone,strict alias; other words: advisory capital human
199804573M,RIVERSTONE RESOURCES (S) PTE LTD,Local Company,46900,Riverstone Holdings,riverstone,strict alias; other words: resources s
202619437H,TEH ROCKET LAB PTE. LTD.,Local Company,62011,Rocket Lab,rocket lab,alias not at start of name
202402091C,ROKU ART & FURNISHINGS PTE. LTD.,Local Company,46431,Roku,roku,strict alias; other words: art furnishings
202408197Z,ROKU CARE PTE. LTD.,Local Company,46900,Roku,roku,strict alias; other words: care
202536192K,RBC HR ADVISORY PTE. LTD.,Local Company,78104,Royal Bank Of Canada,rbc,strict alias; other words: advisory hr
199504677Z,RBC TRUST COMPANY (SINGAPORE) LIMITED,Local Company,66191,Royal Bank Of Canada,rbc,strict alias; other words: trust
S93FC4535G,SAAB KOCKUMS AKTIEBOLAG (Singapore Branch),Foreign Company Branch,82999,SAAB AB,saab,strict alias; other words: aktiebolag kockums
197901916K,SABIC INNOVATIVE PLASTICS (SEA) PTE. LTD.,Local Company,46643,SABIC,sabic,strict alias; other words: innovative plastics sea
200711069M,SABIC INNOVATIVE PLASTICS HOLDING SINGAPORE PTE. LTD.,Local Company,64202,SABIC,sabic,strict alias; other words: innovative plastics
201512204E,SABIC SK NEXLENE COMPANY PTE. LTD.,Local Company,46643,SABIC,sabic,strict alias; other words: nexlene sk
202023584M,CONCUR ENGINEERING PTE. LTD.,Local Company,42100,SAP,concur,strict alias; other words: engineering
201734621M,SAP CAPITAL PTE. LTD.,Local Company,46900,SAP,sap,strict alias; other words: capital
202302112C,SAP ENGINEERING PTE. LTD.,Local Company,43210,SAP,sap,strict alias; other words: engineering
202121209M,SAP FIONEER SINGAPORE PTE. LTD.,Local Company,62021,SAP,sap,strict alias; other words: fioneer
202516151M,SAP FOOD AND TRADING PTE. LTD.,Local Company,46900,SAP,sap,strict alias; other words: food
201830169R,SAP HEAVY DUTY SERVICES PTE. LTD.,Local Company,52292,SAP,sap,strict alias; other words: duty heavy
199601141W,SAP INDIA (HOLDING) PTE. LTD.,Local Company,64201,SAP,sap,strict alias; other words: india
200310170K,SAP MEDIA SINGAPORE PTE. LTD.,Local Company,58132,SAP,sap,strict alias; other words: media
201228711D,SCB & ASSOCIATES PTE. LTD.,Local Company,66124,SCB,scb,strict alias; other words: associates
199604218Z,SCB BUILDING CONSTRUCTION  PTE. LTD.,Local Company,41001,SCB,scb,strict alias; other words: building construction
201105287R,SCB CONSTRUCTION PTE. LTD.,Local Company,41001,SCB,scb,strict alias; other words: construction
202217886M,SCB CORPORATE PTE. LTD.,Local Company,69202,SCB,scb,strict alias; other words: corporate
201806986H,SCB LEISURE PTE. LTD.,Local Company,70203,SCB,scb,strict alias; other words: leisure
200805828W,SCB TERRAFORM PTE. LTD.,Local Company,68101,SCB,scb,strict alias; other words: terraform
202528889K,SCB TRAIDE PTE. LTD.,Local Company,64300,SCB,scb,strict alias; other words: traide
201117093G,SCB TUAS PTE. LTD.,Local Company,68101,SCB,scb,strict alias; other words: tuas
201315258N,SCREEN BAR PTE. LTD.,Local Company,56112,SCREEN Holdings,screen,strict alias; other words: bar
202323029H,SCREEN IV. PTE. LTD.,Local Company,58202,SCREEN Holdings,screen,strict alias; other words: iv
202640065N,SCREEN OUT PTE. LTD.,Local Company,47769,SCREEN Holdings,screen,strict alias; other words: out
200513438G,SCREEN PLAY PTE. LTD.,Local Company,74192,SCREEN Holdings,screen,strict alias; other words: play
197902488E,SCREEN SPE SINGAPORE PTE. LTD.,Local Company,28273,SCREEN Holdings,screen,strict alias; other words: spe
202331578Z,SCREEN TENNIS SINGAPORE PRIVATE LIMITED,Local Company,85507,SCREEN Holdings,screen,strict alias; other words: tennis
202541203W,SCREEN TIME AND SPACE TRADING PTE. LTD.,Local Company,47719,SCREEN Holdings,screen,strict alias; other words: space time
202110509C,SCREEN TROOPERS (S) PTE. LTD.,Local Company,59112,SCREEN Holdings,screen,strict alias; other words: s troopers
201104632Z,SGS 3I PTE. LTD.,Local Company,86904,SGS,sgs,strict alias; other words: 3i
201316597N,SGS CAPITAL PTE. LTD.,Local Company,70201,SGS,sgs,strict alias; other words: capital
200618031W,SGS CONNECTION SERVICES PTE. LTD.,Local Company,47522,SGS,sgs,strict alias; other words: connection
201734775N,SGS CONSTRUCTION PTE. LTD.,Local Company,41001,SGS,sgs,strict alias; other words: construction
201733097D,SGS CONTRACTORS PTE. LTD.,Local Company,41001,SGS,sgs,strict alias; other words: contractors
202030055C,SGS ELECTRICAL ENGINEERING PTE. LTD.,Local Company,43210,SGS,sgs,strict alias; other words: electrical engineering
201524585M,SGS ENGINEERING PTE. LTD.,Local Company,43210,SGS,sgs,strict alias; other words: engineering
202429338R,SGS ENGRG PTE. LTD.,Local Company,43210,SGS,sgs,strict alias; other words: engrg
202331092G,SGS ENTERPRISE PTE. LTD.,Local Company,41001,SGS,sgs,strict alias; other words: enterprise
201334705K,SGS GALAXY ENGG PTE. LTD.,Local Company,28300,SGS,sgs,strict alias; other words: engg galaxy
202548452N,SGS INSPECTION & ENGINEERING SERVICES SINGAPORE PTE. LTD.,Local Company,71129,SGS,sgs,strict alias; other words: engineering inspection
199902369G,SGS INTERNATIONAL CERTIFICATION SERVICES SINGAPORE PTE LTD,Local Company,70201,SGS,sgs,strict alias; other words: certification
201305005K,SGS PROPERTY PTE. LTD.,Local Company,64202,SGS,sgs,strict alias; other words: property
197902517Z,SGS SINGAPORE DIVING PTE. LTD.,Local Company,30110,SGS,sgs,strict alias; other words: diving
202405705C,SGS TECHO PTE. LTD.,Local Company,62011,SGS,sgs,strict alias; other words: techo
199404065N,SGS TESTING & CONTROL SERVICES SINGAPORE PTE LTD,Local Company,71200,SGS,sgs,strict alias; other words: control testing
202616297G,SGS TRADING (S) PTE. LTD.,Local Company,46900,SGS,sgs,strict alias; other words: s
201026530H,SITC LOGISTICS INVESTMENT PTE. LIMITED,Local Company,52292,SITC International,sitc,strict alias; other words: logistics
200811545Z,SITC SHIPPING ASIA PTE. LIMITED,Local Company,82999,SITC International,sitc,strict alias; other words: shipping
202127943W,SAKAI SK HOLDINGS PTE. LTD.,Local Company,64202,SK Group,sk holdings,alias not at start of name
202445161Z,SK INNOVATION INVESTMENT PTE. LTD.,Local Company,52222,SK Group,sk innovation,ambiguous: SK Group | SK Innovation
202445161Z,SK INNOVATION INVESTMENT PTE. LTD.,Local Company,52222,SK Innovation,sk innovation,ambiguous: SK Group | SK Innovation
202604510C,SKF  ENGINEERING  &  CONSTRUCTION PTE. LTD.,Local Company,43210,SKF,skf,strict alias; other words: construction engineering
202600513H,SKF ANIMATION PTE. LTD.,Local Company,59114,SKF,skf,strict alias; other words: animation
T26FC0058G,SKF AUTOMOTIVE MALAYSIA Singapore Branch,Foreign Company Branch,46563,SKF,skf,strict alias; other words: automotive malaysia
202002494W,SKF CONSULTANTS PTE. LTD.,Local Company,70201,SKF,skf,strict alias; other words: consultants
201230854H,SKF LUBRICATION PTE. LTD.,Local Company,46599,SKF,skf,strict alias; other words: lubrication
201019772C,SKF MARINE SINGAPORE PTE. LTD.,Local Company,46900,SKF,skf,strict alias; other words: marine
200008297H,SCHLUMBERGER OILFIELD (S) PTE LTD,Local Company,71126,SLB,schlumberger,strict alias; other words: oilfield s
200813440D,SCHLUMBERGER TECHNOLOGIES (S) PTE. LTD.,Local Company,71126,SLB,schlumberger,strict alias; other words: s
202536795K,SLB (CS) PTE. LTD.,Local Company,64202,SLB,slb,strict alias; other words: cs
202535301W,SLB (JP) PTE. LTD.,Local Company,64202,SLB,slb,strict alias; other words: jp
202029970M,SLB (MB) PTE. LTD.,Local Company,64202,SLB,slb,strict alias; other words: mb
201813734D,SLB (NIR) PTE. LTD.,Local Company,64202,SLB,slb,strict alias; other words: nir
202217442Z,SLB (RS) PTE. LTD.,Local Company,68101,SLB,slb,strict alias; other words: rs
202430725Z,SLB (TB) PTE. LTD.,Local Company,68101,SLB,slb,strict alias; other words: tb
201510046R,SLB ENTERO PTE. LTD.,Local Company,70201,SLB,slb,strict alias; other words: entero
200820809W,SLB FOUNDATION PTE. LTD.,Local Company,41009,SLB,slb,strict alias; other words: foundation
201510045E,SLB GASTRO PTE. LTD.,Local Company,70201,SLB,slb,strict alias; other words: gastro
201510061G,SLB GENESIS PTE. LTD.,Local Company,70201,SLB,slb,strict alias; other words: genesis
201510052E,SLB HEPATO PTE. LTD.,Local Company,70201,SLB,slb,strict alias; other words: hepato
201510067M,SLB LEGACY PTE. LTD.,Local Company,70201,SLB,slb,strict alias; other words: legacy
201510070H,SLB MEDICAL PTE. LTD.,Local Company,70201,SLB,slb,strict alias; other words: medical
202210811N,SLB NCR (1) PTE. LTD.,Local Company,68101,SLB,slb,strict alias; other words: 1 ncr
202509694Z,SLB SR PTE. LTD.,Local Company,70201,SLB,slb,strict alias; other words: sr
201931714E,SLB STARCAP PTE. LTD.,Local Company,64202,SLB,slb,strict alias; other words: starcap
201810591H,SLB-OXLEY (NIR) PTE. LTD.,Local Company,68101,SLB,slb,strict alias; other words: nir oxley
199707110K,SMC AUTO PTE LTD,Local Company,95301,SMC corp,smc,strict alias; other words: auto
200000770H,SMC BARGES PTE LTD,Local Company,50021,SMC corp,smc,strict alias; other words: barges
201129464H,SMC ELECTRICAL & AIRCON ENGINEERING PTE. LTD.,Local Company,43210,SMC corp,smc,strict alias; other words: aircon electrical engineering
202114069K,SMC ENGINEERING PTE. LTD.,Local Company,28300,SMC corp,smc,strict alias; other words: engineering
200311771E,SMC EXPRESS LOGISTICS PTE. LTD.,Local Company,52292,SMC corp,smc,strict alias; other words: express logistics
199401858C,SMC INDUSTRIAL PTE LTD,Local Company,24201,SMC corp,smc,strict alias; other words: industrial
201206698W,SMC INVEST PTE. LTD.,Local Company,64202,SMC corp,smc,strict alias; other words: invest
198601974Z,SMC MANUFACTURING (SINGAPORE) PTE LTD,Local Company,28222,SMC corp,smc,strict alias; other words: manufacturing
200816315N,SMC MARINE MANAGEMENT PTE. LTD.,Local Company,52226,SMC corp,smc,strict alias; other words: marine
199901346M,SMC MARINE SERVICES (PTE) LTD,Local Company,50021,SMC corp,smc,strict alias; other words: marine
199903821W,SMC OFFSHORE SERVICES PTE LTD,Local Company,50021,SMC corp,smc,strict alias; other words: offshore
199202424K,SMC SHIN-HEUNG MACHINE (S) PTE LTD,Local Company,71122,SMC corp,smc,strict alias; other words: heung machine s shin
200000790N,SMC TOWAGE PTE LTD,Local Company,50021,SMC corp,smc,strict alias; other words: towage
199400274Z,SMIC ENGINEERING (ASIA) PTE LTD,Local Company,41009,SMIC,smic,strict alias; other words: engineering
201828432W,SSE CONSTRUCTION PTE. LTD.,Local Company,42903,SSE,sse,strict alias; other words: construction
200820246H,SSE HEAVYLIFT PTE. LTD.,Local Company,50022,SSE,sse,strict alias; other words: heavylift
200820243R,SSE MARINE LOGISTICS PTE. LTD.,Local Company,50022,SSE,sse,strict alias; other words: logistics marine
200103847N,SSE MARINE PTE. LTD.,Local Company,52229,SSE,sse,strict alias; other words: marine
200800728C,SSE OFFSHORE PTE. LTD.,Local Company,28241,SSE,sse,strict alias; other words: offshore
202118822E,SSE RESOURCES PRIVATE LIMITED,Local Company,82199,SSE,sse,strict alias; other words: resources
201539334H,SSE SOLUTION PTE. LTD.,Local Company,43210,SSE,sse,strict alias; other words: solution
201539491G,SSE TOWAGE PTE. LTD.,Local Company,50022,SSE,sse,strict alias; other words: towage
201706693C,SSE TRAINING CENTRE PRIVATE LIMITED,Local Company,85509,SSE,sse,strict alias; other words: training
201000610D,PRO ST ENGINEERING WORKS PTE. LTD.,Local Company,43210,ST Engineering,st engineering,alias not at start of name
200807076R,SAFRAN AEROSYSTEMS SERVICES ASIA PTE. LTD.,Local Company,30302,Safran,safran,strict alias; other words: aerosystems
202315635Z,SAFRAN ELECTRICAL & POWER SINGAPORE PTE. LTD.,Local Company,32909,Safran,safran,strict alias; other words: electrical power
198901923R,SAFRAN ELECTRONICS & DEFENSE SERVICES ASIA PTE. LTD.,Local Company,46552,Safran,safran,strict alias; other words: defense electronics
202624796N,SAFRAN ELECTRONICS & DEFENSE SINGAPORE PRIVATE LIMITED,Local Company,46599,Safran,safran,strict alias; other words: defense electronics
199003216Z,SAFRAN HELICOPTER ENGINES ASIA PTE. LTD.,Local Company,46599,Safran,safran,strict alias; other words: engines helicopter
199908275Z,SAFRAN LANDING SYSTEMS ASIA PTE. LTD.,Local Company,46552,Safran,safran,strict alias; other words: landing
199408919K,SAFRAN LANDING SYSTEMS HOLDINGS SINGAPORE PTE. LTD.,Local Company,66192,Safran,safran,strict alias; other words: landing
198803518H,SAFRAN LANDING SYSTEMS SERVICES SINGAPORE PTE. LTD.,Local Company,30302,Safran,safran,strict alias; other words: landing
201942527R,SAFRAN SEATS ASIA PTE. LTD.,Local Company,30302,Safran,safran,strict alias; other words: seats
T10FC0017B,"SAFRAN TEST CELLS, INC. (Singapore Branch)",Foreign Company Branch,41001,Safran,safran,strict alias; other words: cells test
202547906K,SAMSARA ECO SINGAPORE PTE. LTD.,Local Company,70101,Samsara,samsara,strict alias; other words: eco
202139275G,SAMSARA EXPRESS PTE. LTD.,Local Company,49231,Samsara,samsara,strict alias; other words: express
202348150C,SANDISK STORAGE PTE. LTD.,Local Company,46522,Sandisk,sandisk,strict alias; other words: storage
202237480E,SANDOZ SINGAPORE PTE. LTD.,Local Company,46461,Sandoz Group,sandoz,ambiguous: Novartis | Sandoz Group
201413694K,SANDVIK MARINE SERVICES PTE. LTD.,Local Company,46551,Sandvik,sandvik,strict alias; other words: marine
200101776N,SANDVIK MINING AND CONSTRUCTION S.E.A. PTE. LTD.,Local Company,52292,Sandvik,sandvik,strict alias; other words: a construction e mining s
202302916C,SANTOS HORIZON PTE. LTD.,Local Company,9001,Santos,santos,strict alias; other words: horizon
202328469Z,SANTOS SINGAPORE HOLD CO PTE. LTD.,Local Company,64202,Santos,santos,strict alias; other words: hold
202328824M,SANTOS SINGAPORE SHIPPING PTE. LTD.,Local Company,50021,Santos,santos,strict alias; other words: shipping
201523075K,SARTORIUS FIT PTE. LTD.,Local Company,86201,Sartorius,sartorius,strict alias; other words: fit
200704824N,SARTORIUS STEDIM SINGAPORE PTE. LTD.,Local Company,86909,Sartorius,sartorius,strict alias; other words: stedim
197401497M,SCHINDLER LIFTS (SINGAPORE) PTE. LTD.,Local Company,41009,Schindler Group,schindler,strict alias; other words: lifts
202014704W,YR SEA GROUP PTE. LTD.,Local Company,52226,Sea Limited,sea group,alias not at start of name
198804607R,SECOM INVESTMENT (S) PTE LTD,Local Company,64202,Secom,secom,strict alias; other words: s
201325105C,SECOM MEDICAL SYSTEM (SINGAPORE) PRIVATE LIMITED,Local Company,64202,Secom,secom,strict alias; other words: medical system
202016295D,SECOM SMART (SINGAPORE) PTE. LTD.,Local Company,43210,Secom,secom,strict alias; other words: smart
202120998C,SEMPRA INFRASTRUCTURE ASIA-PACIFIC PTE. LTD.,Local Company,9002,Sempra,sempra,strict alias; other words: infrastructure
200921649Z,QATARENERGY AND SHELL SINGAPORE PTE. LTD.,Local Company,64202,Shell,shell singapore,alias not at start of name
202207501N,SHINHAN ASIA GROWTH I GP (SINGAPORE) PTE. LTD.,Local Company,64202,Shinhan Financial Group,shinhan,strict alias; other words: gp growth i
S90FC4179K,SHINHAN BANK,Foreign Company Branch,64130,Shinhan Financial Group,shinhan,strict alias; other words: bank
201920309N,SHINHAN BUILDERS PTE. LTD.,Local Company,41001,Shinhan Financial Group,shinhan,strict alias; other words: builders
201736986Z,SHOPIFY COMMERCE SINGAPORE PTE. LTD.,Local Company,62011,Shopify,shopify,strict alias; other words: commerce
202516800Z,SITIME SEMICONDUCTOR PTE. LTD.,Local Company,26512,SiTime,sitime,strict alias; other words: semiconductor
199902891K,FUGRO SINGAPORE LAND PTE. LTD.,Local Company,43121,Singapore Land,singapore land,alias not at start of name
202520091H,VALENT ENERGY (SINGAPORE) LAND HOLDINGS PTE. LTD.,Local Company,64202,Singapore Land,singapore land,alias not at start of name
198001191N,NCS COLD STORES (S) PTE LTD,Local Company,52102,Singtel,ncs,strict alias; other words: cold s stores
199603123G,NCS COMMUNICATIONS ENGINEERING PTE. LTD.,Local Company,71125,Singtel,ncs,strict alias; other words: communications engineering
200812663N,NCS ENTERPRISES PTE. LTD.,Local Company,41009,Singtel,ncs,strict alias; other words: enterprises
202332450H,NCS GARAGE PRIVATE LIMITED,Local Company,95301,Singtel,ncs,strict alias; other words: garage
200815055E,NCS LINE SINGAPORE PTE. LTD.,Local Company,52292,Singtel,ncs,strict alias; other words: line
201925883E,NCS MARINE PTE. LTD.,Local Company,50021,Singtel,ncs,strict alias; other words: marine
202040785Z,NCS MOTORWERKZ PTE. LTD.,Local Company,95301,Singtel,ncs,strict alias; other words: motorwerkz
201113189H,NCS NOBLE DESIGN & BUILD PTE. LTD.,Local Company,41001,Singtel,ncs,strict alias; other words: build design noble
202550485M,NCS PERFORMANCE PTE. LTD.,Local Company,95301,Singtel,ncs,strict alias; other words: performance
201819805H,NCS TRADING SUPPLIES PTE. LTD.,Local Company,46303,Singtel,ncs,strict alias; other words: supplies
200107102M,NCS WASTE MANAGEMENT (S) PTE. LTD.,Local Company,46549,Singtel,ncs,strict alias; other words: s waste
202143477W,SINOPAC CONSULTANT SERVICES (S) PRIVATE LIMITED,Local Company,70201,Sinopac Financial Holdings,sinopac,strict alias; other words: consultant s
201315479Z,SINOPEC CENTURY BRIGHT CAPITAL INVESTMENT (SINGAPORE) PTE. LTD.,Local Company,64994,Sinopec,sinopec,strict alias; other words: bright capital century
201421144Z,SINOPEC CHEMICAL COMMERCIAL HOLDING (SINGAPORE) PTE. LTD.,Local Company,46649,Sinopec,sinopec,strict alias; other words: chemical commercial
T22FC0008F,"SINOPEC FIFTH CONSTRUCTION CO., LTD. (Singapore Branch)",Foreign Company Branch,41001,Sinopec,sinopec,strict alias; other words: construction fifth
201018000M,SINOPEC FUEL OIL (SINGAPORE) PTE. LTD.,Local Company,46610,Sinopec,sinopec,strict alias; other words: fuel oil
199104802K,SINOPEC HONG KONG (SINGAPORE) PTE. LTD.,Local Company,46610,Sinopec,sinopec,strict alias; other words: hong kong
201010257K,SINOPEC LUBRICANT (SINGAPORE) PTE. LTD.,Local Company,19202,Sinopec,sinopec,strict alias; other words: lubricant
202335343D,SINOPEC OVERSEAS INVESTMENT HOLDING (SINGAPORE) PTE. LTD.,Local Company,64202,Sinopec,sinopec,strict alias; other words: overseas
201924831D,SNAP-ON LENDCO SINGAPORE PTE. LTD.,Local Company,64999,Snap-on,snap on,strict alias; other words: lendco
199507295N,SNAP-ON TOOLS SINGAPORE PTE LTD,Local Company,46900,Snap-on,snap on,strict alias; other words: tools
201608505D,SOFTBANK GROUP CAPITAL APAC I PTE. LTD.,Local Company,64202,SoftBank Corp.,softbank,strict alias; other words: capital i
201608953D,SOFTBANK GROUP CAPITAL APAC II PTE. LTD.,Local Company,64202,SoftBank Corp.,softbank,strict alias; other words: capital ii
201921913E,SOFTBANK ROBOTICS SINGAPORE PTE. LTD.,Local Company,46599,SoftBank Corp.,softbank,strict alias; other words: robotics
202531256R,SOFTBANK SINGAPORE PTE. LTD.,Local Company,70209,SoftBank Corp.,softbank,ambiguous: SoftBank Corp. | SoftBank Group Corp.
201608505D,SOFTBANK GROUP CAPITAL APAC I PTE. LTD.,Local Company,64202,SoftBank Group Corp.,softbank,strict alias; other words: capital i
201608953D,SOFTBANK GROUP CAPITAL APAC II PTE. LTD.,Local Company,64202,SoftBank Group Corp.,softbank,strict alias; other words: capital ii
201921913E,SOFTBANK ROBOTICS SINGAPORE PTE. LTD.,Local Company,46599,SoftBank Group Corp.,softbank,strict alias; other words: robotics
202531256R,SOFTBANK SINGAPORE PTE. LTD.,Local Company,70209,SoftBank Group Corp.,softbank,ambiguous: SoftBank Corp. | SoftBank Group Corp.
202123117C,SONOVA CONSUMER HEARING SINGAPORE PTE. LTD.,Local Company,46900,Sonova,sonova,strict alias; other words: hearing
202235301G,SPACEX MOBILE PTE. LTD.,Local Company,47411,SpaceX,spacex,strict alias; other words: mobile
202336790H,STERIS TOMOE SINGAPORE PTE. LTD.,Local Company,96099,Steris,steris,strict alias; other words: tomoe
202300510E,STRYKER LOGISTICS PTE. LTD.,Local Company,52292,Stryker Corporation,stryker,strict alias; other words: logistics
201001946G,ADITYA BIRLA SUN LIFE ASSET MANAGEMENT COMPANY PTE. LTD.,Local Company,66301,Sun Life Financial,sun life,alias not at start of name
202039985W,SINGAPORE SUPER HI DINING PTE. LTD.,Local Company,46900,Super Hi International,super hi,alias not at start of name
198404211K,SOBI MARINE PTE LTD,Local Company,46302,Swedish Orphan Biovitrum,sobi,strict alias; other words: marine
201714584K,AEG T&D PTE. LTD.,Local Company,71123,T&D Holdings,t and d,alias not at start of name
202332785E,AHA T&D PTE. LTD.,Local Company,42302,T&D Holdings,t and d,alias not at start of name
201911252E,ARK T&D SERVICES PTE. LTD.,Local Company,71129,T&D Holdings,t and d,alias not at start of name
201821383D,POWER T & D PTE. LTD.,Local Company,27104,T&D Holdings,t and d,alias not at start of name
201504369E,T & D LOGISTICS PTE. LTD.,Local Company,52292,T&D Holdings,t and d,strict alias; other words: logistics
202427901R,TDK ADVISORY PTE. LTD.,Local Company,70201,TDK,tdk,strict alias; other words: advisory
201611494R,TDK COMPONENTS PTE. LTD.,Local Company,46522,TDK,tdk,strict alias; other words: components
201603996E,TDK ENGINEERING PTE. LTD.,Local Company,41001,TDK,tdk,strict alias; other words: engineering
202427448K,TDK SENSEI PTE. LTD.,Local Company,64202,TDK,tdk,strict alias; other words: sensei
198000098Z,TDK-LAMBDA SINGAPORE PTE. LTD.,Local Company,82999,TDK,tdk,strict alias; other words: lambda
202321336Z,TJX BIOENGINEERING INTERNATIONAL PTE. LTD.,Local Company,74111,TJX Companies,tjx,strict alias; other words: bioengineering
201732904K,TJX CAPITAL PTE. LTD.,Local Company,62011,TJX Companies,tjx,strict alias; other words: capital
201015824H,TPG ASIA SF V PTE. LTD.,Local Company,64202,TPG Inc.,tpg,strict alias; other words: sf v
201411961K,TPG ASIA VI INDIA MARKETS PTE. LTD.,Local Company,64202,TPG Inc.,tpg,strict alias; other words: india markets vi
201228334D,TPG ASIA VI SF PTE. LTD.,Local Company,64202,TPG Inc.,tpg,strict alias; other words: sf vi
201724102G,TPG ASIA VII SF PTE. LTD.,Local Company,64202,TPG Inc.,tpg,strict alias; other words: sf vii
202223565E,TPG ASIA VIII INDIA MARKETS PTE. LTD.,Local Company,64202,TPG Inc.,tpg,strict alias; other words: india markets viii
202222280R,TPG ASIA VIII SF PTE. LTD.,Local Company,64202,TPG Inc.,tpg,strict alias; other words: sf viii
199706060D,TPG CAPITAL (S) PTE. LTD.,Local Company,66309,TPG Inc.,tpg,strict alias; other words: capital s
201710938D,TPG DODLA DAIRY HOLDINGS PTE. LTD.,Local Company,64202,TPG Inc.,tpg,strict alias; other words: dairy dodla
202334305W,TPG ENRICH SG PTE. LTD.,Local Company,64202,TPG Inc.,tpg,strict alias; other words: enrich
202136206Z,TPG FETT HOLDINGS PTE. LTD.,Local Company,64202,TPG Inc.,tpg,strict alias; other words: fett
201626077E,TPG GROWTH II MARKETS HOLDINGS PTE. LTD.,Local Company,64202,TPG Inc.,tpg,strict alias; other words: growth ii markets
201401292Z,TPG GROWTH II MARKETS PTE. LTD.,Local Company,64202,TPG Inc.,tpg,strict alias; other words: growth ii markets
201135036G,TPG GROWTH II SF PTE. LTD.,Local Company,64202,TPG Inc.,tpg,strict alias; other words: growth ii sf
201529659N,TPG GROWTH III ASIA INTERNET HOLDINGS PTE. LTD.,Local Company,64202,TPG Inc.,tpg,strict alias; other words: growth iii internet
201509100D,TPG GROWTH III SF PTE. LTD.,Local Company,64202,TPG Inc.,tpg,strict alias; other words: growth iii sf
201731044N,TPG GROWTH IV SF PTE. LTD.,Local Company,64202,TPG Inc.,tpg,strict alias; other words: growth iv sf
202032458E,TPG GROWTH V SF MARKETS PTE. LTD.,Local Company,64202,TPG Inc.,tpg,strict alias; other words: growth markets sf v
202441389R,TPG GROWTH VI SF PTE. LTD.,Local Company,64202,TPG Inc.,tpg,strict alias; other words: growth sf vi
202224556Z,TPG GUSTO SG PTE. LTD.,Local Company,64202,TPG Inc.,tpg,strict alias; other words: gusto
202436521E,TPG HAZEL HOLDINGS PTE. LTD.,Local Company,64202,TPG Inc.,tpg,strict alias; other words: hazel
202445534M,TPG HAZEL SG PTE. LTD.,Local Company,64202,TPG Inc.,tpg,strict alias; other words: hazel
202509411R,TPG KEPLER BIDCO PTE. LTD.,Local Company,64202,TPG Inc.,tpg,strict alias; other words: bidco kepler
202509381K,TPG KEPLER HOLDCO PTE. LTD.,Local Company,64202,TPG Inc.,tpg,strict alias; other words: holdco kepler
202300596M,TPG MAGAZINE HOLDINGS PTE. LTD.,Local Company,64202,TPG Inc.,tpg,strict alias; other words: magazine
202203220Z,TPG MIRCHI HOLDINGS PTE. LTD.,Local Company,64202,TPG Inc.,tpg,strict alias; other words: mirchi
200402208C,TPG MOTORS & DRIVES (SINGAPORE) PTE. LTD.,Local Company,46900,TPG Inc.,tpg,strict alias; other words: drives motors
202449999G,TPG NICOBAR SG PTE. LTD.,Local Company,64202,TPG Inc.,tpg,strict alias; other words: nicobar
202509837E,TPG NUTRACEUTICALS PTE. LTD.,Local Company,46309,TPG Inc.,tpg,strict alias; other words: nutraceuticals
202244080R,TPG PERSEUS PTE. LTD.,Local Company,64202,TPG Inc.,tpg,strict alias; other words: perseus
202509853G,TPG REGEN HOLDCO SG PTE. LTD.,Local Company,64202,TPG Inc.,tpg,strict alias; other words: holdco regen
202509860G,TPG REGEN SG PTE. LTD.,Local Company,64202,TPG Inc.,tpg,strict alias; other words: regen
202544528K,TPG RISE CLIMATE GSI HOLDINGS SF PTE. LTD.,Local Company,64202,TPG Inc.,tpg,strict alias; other words: climate gsi rise sf
202449997E,TPG RISE CLIMATE GSI SF PTE. LTD.,Local Company,64202,TPG Inc.,tpg,strict alias; other words: climate gsi rise sf
202545962K,TPG RISE CLIMATE GSI TERABYTE HOLDINGS PTE. LTD.,Local Company,64202,TPG Inc.,tpg,strict alias; other words: climate gsi rise terabyte
202134751H,TPG RISE CLIMATE SF PTE. LTD.,Local Company,64202,TPG Inc.,tpg,strict alias; other words: climate rise sf
202027998M,TPG RISE CLIMATE TOPGUN PTE. LTD.,Local Company,64202,TPG Inc.,tpg,strict alias; other words: climate rise topgun
202503793E,TPG SCION HOLDCO SG PTE. LTD.,Local Company,64202,TPG Inc.,tpg,strict alias; other words: holdco scion
202441885E,TPG SCION SG PTE. LTD.,Local Company,64202,TPG Inc.,tpg,strict alias; other words: scion
202518725W,TPG SG ARKADY HOLDCO PTE. LTD.,Local Company,64202,TPG Inc.,tpg,strict alias; other words: arkady holdco
202300600G,TPG SG MAGAZINE PTE. LTD.,Local Company,64202,TPG Inc.,tpg,strict alias; other words: magazine
202202799D,TPG TECH ADJACENCIES II SF PTE. LTD.,Local Company,64202,TPG Inc.,tpg,strict alias; other words: adjacencies ii sf
202008706G,TPG TECH ADJACENCIES SF PTE. LTD.,Local Company,64202,TPG Inc.,tpg,strict alias; other words: adjacencies sf
202545988C,TPG TERABYTE BIDCO PTE. LTD.,Local Company,64202,TPG Inc.,tpg,strict alias; other words: bidco terabyte
202545967E,TPG TERABYTE HOLDCO 1 PTE. LTD.,Local Company,64202,TPG Inc.,tpg,strict alias; other words: 1 holdco terabyte
202545982R,TPG TERABYTE HOLDCO 2 PTE. LTD.,Local Company,64202,TPG Inc.,tpg,strict alias; other words: 2 holdco terabyte
202537297R,TPG TITANIUM HOLDINGS PTE. LTD.,Local Company,64202,TPG Inc.,tpg,strict alias; other words: titanium
202537299W,TPG TITANIUM SG BIDCO PTE. LTD.,Local Company,64202,TPG Inc.,tpg,strict alias; other words: bidco titanium
199308006K,TAISHIN BUILDERS PTE LTD,Local Company,41001,Taishin Financial Holdings,taishin,strict alias; other words: builders
T13FC0195A,"TAISHIN INTERNATIONAL BANK CO., LTD. Singapore Branch",Foreign Company Branch,64130,Taishin Financial Holdings,taishin,strict alias; other words: bank
202632723W,TAPESTRY ARTS PTE. LTD.,Local Company,90201,Tapestry,tapestry,strict alias; other words: arts
202638588W,TAPESTRY LAB PTE. LTD.,Local Company,91300,Tapestry,tapestry,strict alias; other words: lab
202504289C,TAPESTRY MOSAIC PTE. LTD.,Local Company,70201,Tapestry,tapestry,strict alias; other words: mosaic
201313127W,TAPESTRY PLAYBACK THEATRE LTD.,Local Company,90209,Tapestry,tapestry,strict alias; other words: playback theatre
202445785R,TAPESTRY TRENDS PTE. LTD.,Local Company,47719,Tapestry,tapestry,strict alias; other words: trends
202018963W,THE TAPESTRY PROJECT LIMITED,Local Company,88992,Tapestry,tapestry,strict alias; other words: project
201415535D,TELENOR GO PTE. LTD.,Local Company,78300,Telenor,telenor,strict alias; other words: go
202107994R,TELENOR MALAYSIA INVESTMENTS PTE. LTD.,Local Company,64202,Telenor,telenor,strict alias; other words: malaysia
202108016C,TELENOR PAKISTAN INVESTMENTS PTE. LTD.,Local Company,64202,Telenor,telenor,strict alias; other words: pakistan
201701434E,TELENOR PROCUREMENT COMPANY PTE. LTD.,Local Company,61020,Telenor,telenor,strict alias; other words: procurement
202107805W,TELENOR THAILAND INVESTMENTS PTE. LTD.,Local Company,64202,Telenor,telenor,strict alias; other words: thailand
199203217W,TENARIS GLOBAL SERVICES FAR EAST PTE. LTD.,Local Company,46620,Tenaris,tenaris,strict alias; other words: far
199005106E,TESCO ENGINEERING PTE LTD,Local Company,71129,Tesco,tesco,strict alias; other words: engineering
202507326R,TESCO FOOD PTE. LTD.,Local Company,46900,Tesco,tesco,strict alias; other words: food
200205146W,TESCO OILFIELD & INDUSTRIAL SUPPLY PTE. LTD.,Local Company,46900,Tesco,tesco,strict alias; other words: industrial oilfield supply
201840380K,TESLA CAPITAL II PTE. LTD.,Local Company,64202,Tesla,tesla,strict alias; other words: capital ii
201011709W,TESLA CAPITAL PTE. LTD.,Local Company,70209,Tesla,tesla,strict alias; other words: capital
201225447N,TESLA CONSULTANTS PTE. LTD.,Local Company,86902,Tesla,tesla,strict alias; other words: consultants
200816240D,TESLA CONSULTING PTE. LTD.,Local Company,62021,Tesla,tesla,strict alias; other words: consulting
201326317C,TESLA CONTROL SYSTEM PTE. LTD.,Local Company,27104,Tesla,tesla,strict alias; other words: control system
202552963K,TESLA FOOD PTE. LTD.,Local Company,56122,Tesla,tesla,strict alias; other words: food
201808311K,TESLA GREEN PTE. LTD.,Local Company,46900,Tesla,tesla,strict alias; other words: green
201329151G,TESLA MOTORS SINGAPORE HOLDINGS PTE. LTD.,Local Company,64202,Tesla,tesla,strict alias; other words: motors
201010405N,TESLA MOTORS SINGAPORE PRIVATE LIMITED,Local Company,46900,Tesla,tesla,strict alias; other words: motors
202515365C,TESLA TRADE PTE. LTD.,Local Company,46511,Tesla,tesla,strict alias; other words: trade
202235096M,THALES AEROSPACE COMMUNICATIONS SINGAPORE PTE. LTD.,Local Company,46552,Thales,thales,strict alias; other words: aerospace communications
T08FC7206A,THALES ATM PTY LTD Singapore Branch,Foreign Company Branch,52239,Thales,thales,strict alias; other words: atm pty
S95FC4884H,THALES AUSTRALIA LIMITED,Foreign Company Branch,26309,Thales,thales,strict alias; other words: australia
198904921D,THALES DIS (SINGAPORE) PTE. LTD.,Local Company,26204,Thales,thales,strict alias; other words: dis
200002967N,THALES DIS HOLDING (SINGAPORE) PTE. LTD.,Local Company,46522,Thales,thales,strict alias; other words: dis
202607076Z,THALES ENTERPRISE PTE. LTD.,Local Company,64202,Thales,thales,strict alias; other words: enterprise
199903110M,THALES NSEA PTE. LTD.,Local Company,64202,Thales,thales,strict alias; other words: nsea
T10FC0145E,CIGNA EUROPE INSURANCE COMPANY S.A.-N.V. Singapore Branch,Foreign Company Branch,65124,The Cigna Group,cigna,strict alias; other words: a europe insurance n s v
202431889K,CIGNA MARINE SERVICE PTE. LTD.,Local Company,46661,The Cigna Group,cigna,strict alias; other words: marine
202126311N,PHOENIX  ASIA CAPITAL HOLDINGS PTE. LTD.,Local Company,85609,The Phoenix Holdings,phoenix,strict alias; other words: capital
202140817K,PHOENIX 2 RE PTE. LTD.,Local Company,65202,The Phoenix Holdings,phoenix,strict alias; other words: 2 re
202503758H,PHOENIX 27 PTE. LTD.,Local Company,46100,The Phoenix Holdings,phoenix,strict alias; other words: 27
202243842G,PHOENIX 3 RE PTE. LTD.,Local Company,65202,The Phoenix Holdings,phoenix,strict alias; other words: 3 re
200411355H,PHOENIX 35 PTE. LTD.,Local Company,64202,The Phoenix Holdings,phoenix,strict alias; other words: 35
202610350R,PHOENIX 7 PTE. LTD.,Local Company,70209,The Phoenix Holdings,phoenix,strict alias; other words: 7
202612589N,PHOENIX 9 AI PTE. LTD.,Local Company,46530,The Phoenix Holdings,phoenix,strict alias; other words: 9 ai
202443424M,PHOENIX 95 CONSTRUCTION PTE. LTD.,Local Company,43304,The Phoenix Holdings,phoenix,strict alias; other words: 95 construction
201429327G,PHOENIX 99 PTE. LTD.,Local Company,64202,The Phoenix Holdings,phoenix,strict alias; other words: 99
202006537N,PHOENIX ACCOUNTING GLOBAL HOLDINGS PTE. LTD.,Local Company,64202,The Phoenix Holdings,phoenix,strict alias; other words: accounting
201209211K,PHOENIX ACCOUNTING SINGAPORE PTE. LTD.,Local Company,69201,The Phoenix Holdings,phoenix,strict alias; other words: accounting
200819423H,PHOENIX ADJUSTERS AND SURVEYORS PTE. LTD.,Local Company,66299,The Phoenix Holdings,phoenix,strict alias; other words: adjusters surveyors
200903469M,PHOENIX ADVISERS PTE. LTD.,Local Company,70201,The Phoenix Holdings,phoenix,strict alias; other words: advisers
202552154M,PHOENIX ADVISORS PTE. LTD.,Local Company,70201,The Phoenix Holdings,phoenix,strict alias; other words: advisors
202528676R,PHOENIX ADVISORY PTE. LTD.,Local Company,70201,The Phoenix Holdings,phoenix,strict alias; other words: advisory
202500159D,PHOENIX AERO SERVICES PTE. LTD.,Local Company,52234,The Phoenix Holdings,phoenix,strict alias; other words: aero
202330060K,PHOENIX ALLIANCE FAMILY PTE. LTD.,Local Company,66306,The Phoenix Holdings,phoenix,strict alias; other words: alliance family
202514520H,PHOENIX ASCEND PTE. LTD.,Local Company,85508,The Phoenix Holdings,phoenix,strict alias; other words: ascend
202138049G,PHOENIX ASIA CONSULTING PTE. LTD.,Local Company,70201,The Phoenix Holdings,phoenix,strict alias; other words: consulting
201325259D,PHOENIX ASIA M&A PARTNERS PTE. LTD.,Local Company,66192,The Phoenix Holdings,phoenix,strict alias; other words: a m partners
202535681D,PHOENIX ATHFLOW PTE. LTD.,Local Company,47711,The Phoenix Holdings,phoenix,strict alias; other words: athflow
202516880C,PHOENIX AURORA PTE. LTD.,Local Company,46900,The Phoenix Holdings,phoenix,strict alias; other words: aurora
202521812K,PHOENIX AVIATION SERVICES LEASING & ASSETS PTE. LTD.,Local Company,46552,The Phoenix Holdings,phoenix,strict alias; other words: assets aviation leasing
202345117W,PHOENIX BATTERY PTE. LTD.,Local Company,27201,The Phoenix Holdings,phoenix,strict alias; other words: battery
202437760K,PHOENIX BRIDGE PTE. LTD.,Local Company,70201,The Phoenix Holdings,phoenix,strict alias; other words: bridge
202525869R,PHOENIX BROADCAST SOLUTION PTE. LTD.,Local Company,59119,The Phoenix Holdings,phoenix,strict alias; other words: broadcast solution
202207655R,PHOENIX BUSINESS SOLUTIONS PTE. LTD.,Local Company,70201,The Phoenix Holdings,phoenix,strict alias; other words: business
202323109W,PHOENIX CAPITAL INVESTMENT PTE. LTD.,Local Company,66309,The Phoenix Holdings,phoenix,strict alias; other words: capital
201832561Z,PHOENIX CAPITAL MANAGEMENT PTE. LTD.,Local Company,62021,The Phoenix Holdings,phoenix,strict alias; other words: capital
201026022E,PHOENIX CAPITAL PARTNERS PTE. LTD.,Local Company,70209,The Phoenix Holdings,phoenix,strict alias; other words: capital partners
201720492Z,PHOENIX CAPITAL SG PTE. LTD.,Local Company,64202,The Phoenix Holdings,phoenix,strict alias; other words: capital
202301296E,PHOENIX CARPENTRY PTE. LTD.,Local Company,43303,The Phoenix Holdings,phoenix,strict alias; other words: carpentry
202420822D,PHOENIX CENTURY SERVICES PTE. LTD.,Local Company,69202,The Phoenix Holdings,phoenix,strict alias; other words: century
202010118C,PHOENIX COLLECTIVE SINGPORE PTE. LTD.,Local Company,47711,The Phoenix Holdings,phoenix,strict alias; other words: collective singpore
201805800K,PHOENIX COMMERCIAL PTE. LTD.,Local Company,68101,The Phoenix Holdings,phoenix,strict alias; other words: commercial
201704552M,PHOENIX CONNECTION PTE. LTD.,Local Company,47411,The Phoenix Holdings,phoenix,strict alias; other words: connection
201331603E,PHOENIX CONNEXION PTE. LTD.,Local Company,46900,The Phoenix Holdings,phoenix,strict alias; other words: connexion
200806442R,PHOENIX CONSTRUCTION & LANDSCAPING PTE. LTD.,Local Company,41009,The Phoenix Holdings,phoenix,strict alias; other words: construction landscaping
201135278H,PHOENIX CONSTRUCTION PTE. LTD.,Local Company,41001,The Phoenix Holdings,phoenix,strict alias; other words: construction
202117944K,PHOENIX CONSULT- & DEVELOPMENT PTE. LTD.,Local Company,71124,The Phoenix Holdings,phoenix,strict alias; other words: consult
202115679G,PHOENIX CONSULTANTS & ADVISORS (PRIVATE LIMITED),Local Company,70201,The Phoenix Holdings,phoenix,strict alias; other words: advisors consultants
198900942N,PHOENIX CONSULTANTS (S.E.A.) PTE. LTD.,Local Company,70201,The Phoenix Holdings,phoenix,strict alias; other words: a consultants e s
202444311H,PHOENIX CONSULTING JAPAN PTE. LTD.,Local Company,70201,The Phoenix Holdings,phoenix,strict alias; other words: consulting japan
199707872K,PHOENIX CONTACT (SEA) PTE LTD,Local Company,46522,The Phoenix Holdings,phoenix,strict alias; other words: contact sea
201224311Z,PHOENIX CORONET PTE. LTD.,Local Company,46900,The Phoenix Holdings,phoenix,strict alias; other words: coronet
200820566W,PHOENIX CORPORATE ADVISORY SINGAPORE PTE. LTD.,Local Company,70201,The Phoenix Holdings,phoenix,strict alias; other words: advisory corporate
200821250M,PHOENIX CORPORATE TRAINING PTE. LTD.,Local Company,85509,The Phoenix Holdings,phoenix,strict alias; other words: corporate training
201015839R,PHOENIX DARTS PTE. LTD.,Local Company,46900,The Phoenix Holdings,phoenix,strict alias; other words: darts
201333622M,PHOENIX DESIGN PTE. LTD.,Local Company,74192,The Phoenix Holdings,phoenix,strict alias; other words: design
202531890H,PHOENIX DUNEARN PTE. LTD.,Local Company,68101,The Phoenix Holdings,phoenix,strict alias; other words: dunearn
202112294K,PHOENIX ELITE LOGISTICS PTE. LTD.,Local Company,53200,The Phoenix Holdings,phoenix,strict alias; other words: elite logistics
201419367Z,PHOENIX ENGINEERING & TECHNOLOGIES PTE. LTD.,Local Company,43291,The Phoenix Holdings,phoenix,strict alias; other words: engineering
201103468W,PHOENIX ENGINEERING PTE. LTD.,Local Company,43210,The Phoenix Holdings,phoenix,strict alias; other words: engineering
202637458H,PHOENIX ENGINEERING SOLUTIONS PTE. LTD.,Local Company,41009,The Phoenix Holdings,phoenix,strict alias; other words: engineering
201702278G,PHOENIX ENGINEERING WORKS PTE. LTD.,Local Company,41001,The Phoenix Holdings,phoenix,strict alias; other words: engineering works
201302183R,PHOENIX ENTERPRISE PTE. LTD.,Local Company,47711,The Phoenix Holdings,phoenix,strict alias; other words: enterprise
199400195C,PHOENIX ENTERTAINMENT KARAOKE TV MUSIC LOUNGE PTE LTD,Local Company,82999,The Phoenix Holdings,phoenix,strict alias; other words: entertainment karaoke lounge music tv
202321165W,PHOENIX FASHION PTE. LTD.,Local Company,64202,The Phoenix Holdings,phoenix,strict alias; other words: fashion
202408589G,PHOENIX FIBERTECH PTE. LTD.,Local Company,46900,The Phoenix Holdings,phoenix,strict alias; other words: fibertech
201702743G,PHOENIX FILMS PRIVATE LIMITED,Local Company,59131,The Phoenix Holdings,phoenix,strict alias; other words: films
202451988K,PHOENIX FORCE PTE. LTD.,Local Company,64202,The Phoenix Holdings,phoenix,strict alias; other words: force
202120375R,PHOENIX FORTUNE FO PTE. LTD.,Local Company,70201,The Phoenix Holdings,phoenix,strict alias; other words: fo fortune
202120374E,PHOENIX FORTUNE FUND I PTE. LTD.,Local Company,64202,The Phoenix Holdings,phoenix,strict alias; other words: fortune fund i
202537575M,PHOENIX G550-04 PTE. LTD.,Local Company,64202,The Phoenix Holdings,phoenix,strict alias; other words: 04 g550
201834829M,PHOENIX GLOBAL CAPITAL PTE. LTD.,Local Company,62011,The Phoenix Holdings,phoenix,strict alias; other words: capital
202545489Z,PHOENIX GLOBAL LOGISTICS PTE. LTD.,Local Company,49231,The Phoenix Holdings,phoenix,strict alias; other words: logistics
202551285Z,PHOENIX GLOBAL PROPERTY PTE. LTD.,Local Company,70201,The Phoenix Holdings,phoenix,strict alias; other words: property
202427894H,PHOENIX GLOBAL RESOURCES PTE. LTD.,Local Company,23999,The Phoenix Holdings,phoenix,strict alias; other words: resources
202620143E,PHOENIX GLOBAL TRADE PTE. LTD.,Local Company,46900,The Phoenix Holdings,phoenix,strict alias; other words: trade
200404745E,PHOENIX GLOBEX PTE. LTD.,Local Company,46599,The Phoenix Holdings,phoenix,strict alias; other words: globex
202523879R,PHOENIX GLOW PTE. LTD.,Local Company,96022,The Phoenix Holdings,phoenix,strict alias; other words: glow
201711852E,PHOENIX GROUP (S) PTE. LTD.,Local Company,70201,The Phoenix Holdings,phoenix,strict alias; other words: s
202546772K,PHOENIX GROVE PTE. LTD.,Local Company,70201,The Phoenix Holdings,phoenix,strict alias; other words: grove
202232151M,PHOENIX HAIRDRESSING PTE. LTD.,Local Company,96021,The Phoenix Holdings,phoenix,strict alias; other words: hairdressing
201722008E,PHOENIX HEALTHCARE PTE. LTD.,Local Company,46900,The Phoenix Holdings,phoenix,strict alias; other words: healthcare
202430246D,PHOENIX HEALTHCARE SOLUTIONS PTE. LTD.,Local Company,64202,The Phoenix Holdings,phoenix,strict alias; other words: healthcare
196700203N,PHOENIX HEIGHTS ESTATE (PRIVATE) LIMITED,Local Company,64202,The Phoenix Holdings,phoenix,strict alias; other words: estate heights
201918929Z,PHOENIX HEIGHTS VENTURES PTE. LTD.,Local Company,70201,The Phoenix Holdings,phoenix,strict alias; other words: heights
201734619G,PHOENIX HOLDINGS & ADVISORY PTE. LTD.,Local Company,64202,The Phoenix Holdings,phoenix,strict alias; other words: advisory
202538544Z,PHOENIX HOLDINGS 1 PTE. LTD.,Local Company,64202,The Phoenix Holdings,phoenix,strict alias; other words: 1
202538545K,PHOENIX HOLDINGS 2 PTE. LTD.,Local Company,64202,The Phoenix Holdings,phoenix,strict alias; other words: 2
201130377K,PHOENIX HOLIDAY PTE. LTD.,Local Company,79102,The Phoenix Holdings,phoenix,strict alias; other words: holiday
201615911Z,PHOENIX HOLIDAYS INVESTMENTS PTE. LTD.,Local Company,64202,The Phoenix Holdings,phoenix,strict alias; other words: holidays
201818397R,PHOENIX HOME PTE. LTD.,Local Company,43301,The Phoenix Holdings,phoenix,strict alias; other words: home
202023298E,PHOENIX INDUSTRIAL PTE. LTD.,Local Company,46900,The Phoenix Holdings,phoenix,strict alias; other words: industrial
T20FC0084H,PHOENIX INDUSTRIES PTY. LTD. (Singapore Branch),Foreign Company Branch,28122,The Phoenix Holdings,phoenix,strict alias; other words: industries pty
201820357M,PHOENIX INFOTECH PTE. LTD.,Local Company,61020,The Phoenix Holdings,phoenix,strict alias; other words: infotech
201711132W,PHOENIX INN RESTAURANT PTE. LTD.,Local Company,56111,The Phoenix Holdings,phoenix,strict alias; other words: inn restaurant
202556861Z,PHOENIX INTELLIGENCE LABS PTE. LTD.,Local Company,62011,The Phoenix Holdings,phoenix,strict alias; other words: intelligence
202631889W,PHOENIX INTERLINK COMMERCE PTE. LTD.,Local Company,27501,The Phoenix Holdings,phoenix,strict alias; other words: commerce interlink
202319567K,PHOENIX INTERNATIONAL CAPITAL PTE. LTD.,Local Company,66192,The Phoenix Holdings,phoenix,strict alias; other words: capital
201840841D,PHOENIX INTERNATIONAL CONSULTANCY PTE. LTD.,Local Company,70201,The Phoenix Holdings,phoenix,strict alias; other words: consultancy
202340914Z,PHOENIX INTERNATIONAL EDUCATION PTE. LTD.,Local Company,85509,The Phoenix Holdings,phoenix,strict alias; other words: education
202442550E,PHOENIX INTERNATIONAL FREIGHT SERVICES PTE. LTD.,Local Company,50021,The Phoenix Holdings,phoenix,strict alias; other words: freight
202112205G,PHOENIX INTERNATIONAL TRADE AGENCIES PTE. LTD.,Local Company,46900,The Phoenix Holdings,phoenix,strict alias; other words: agencies trade
202415147E,PHOENIX INVESTMENTS I PTE. LTD.,Local Company,64202,The Phoenix Holdings,phoenix,strict alias; other words: i
202415165H,PHOENIX INVESTMENTS II PTE. LTD.,Local Company,64202,The Phoenix Holdings,phoenix,strict alias; other words: ii
201112880R,PHOENIX INVESTORS PTE. LTD.,Local Company,68103,The Phoenix Holdings,phoenix,strict alias; other words: investors
202530594M,PHOENIX IT SOLUTIONS PTE. LTD.,Local Company,46522,The Phoenix Holdings,phoenix,strict alias; other words: it
202537712M,PHOENIX JV 1 PTE. LTD.,Local Company,64202,The Phoenix Holdings,phoenix,strict alias; other words: 1 jv
202537725W,PHOENIX JV 2 PTE. LTD.,Local Company,64202,The Phoenix Holdings,phoenix,strict alias; other words: 2 jv
202618586Z,PHOENIX KALLANG PTE. LTD.,Local Company,68101,The Phoenix Holdings,phoenix,strict alias; other words: kallang
200707164M,PHOENIX KITCHEN PTE. LTD.,Local Company,68104,The Phoenix Holdings,phoenix,strict alias; other words: kitchen
201614481Z,PHOENIX LAND DEVELOPMENT PTE. LTD.,Local Company,64202,The Phoenix Holdings,phoenix,strict alias; other words: land
201107036E,PHOENIX LANDSCAPE & CONSTRUCTION PTE. LTD.,Local Company,81300,The Phoenix Holdings,phoenix,strict alias; other words: construction landscape
201822246G,PHOENIX LAW CORPORATION,Local Company,69101,The Phoenix Holdings,phoenix,strict alias; other words: law
202112786M,PHOENIX LC FO PTE. LTD.,Local Company,66306,The Phoenix Holdings,phoenix,strict alias; other words: fo lc
202112850D,PHOENIX LC INVESTMENT PTE. LTD.,Local Company,64202,The Phoenix Holdings,phoenix,strict alias; other words: lc
202244755N,PHOENIX LI FAMILY OFFICE PTE. LTD.,Local Company,66306,The Phoenix Holdings,phoenix,strict alias; other words: family li
202529284E,PHOENIX M & E SOLUTIONS PTE. LTD.,Local Company,43210,The Phoenix Holdings,phoenix,strict alias; other words: e m
202231277C,PHOENIX MARINE PTE. LTD.,Local Company,46610,The Phoenix Holdings,phoenix,strict alias; other words: marine
202626982Z,PHOENIX MASTER TECHNOLOGY PTE. LTD.,Local Company,46900,The Phoenix Holdings,phoenix,strict alias; other words: master
202556311D,PHOENIX MAX PTE. LTD.,Local Company,64202,The Phoenix Holdings,phoenix,strict alias; other words: max
199506086G,PHOENIX MECANO S.E. ASIA PTE LTD,Local Company,27900,The Phoenix Holdings,phoenix,strict alias; other words: e mecano s
201107796D,PHOENIX MEDICAL GROUP PTE. LTD.,Local Company,86201,The Phoenix Holdings,phoenix,strict alias; other words: medical
199503373R,PHOENIX MEGATRADE PTE LTD,Local Company,46900,The Phoenix Holdings,phoenix,strict alias; other words: megatrade
201406227G,PHOENIX MOLECULAR PTE. LTD.,Local Company,72106,The Phoenix Holdings,phoenix,strict alias; other words: molecular
202536474K,PHOENIX MOTORS PTE. LTD.,Local Company,47311,The Phoenix Holdings,phoenix,strict alias; other words: motors
202020228G,PHOENIX MOUNTAIN PTE. LTD.,Local Company,70201,The Phoenix Holdings,phoenix,strict alias; other words: mountain
201400084D,PHOENIX MOVER PTE. LTD.,Local Company,49232,The Phoenix Holdings,phoenix,strict alias; other words: mover
201618151D,PHOENIX MOVING AND LOGISTICS PTE. LTD.,Local Company,52292,The Phoenix Holdings,phoenix,strict alias; other words: logistics moving
201634422K,PHOENIX NAP SG PTE. LTD.,Local Company,63112,The Phoenix Holdings,phoenix,strict alias; other words: nap
202008285E,PHOENIX NAVIGATOR PTE. LTD.,Local Company,50021,The Phoenix Holdings,phoenix,strict alias; other words: navigator
202549708R,PHOENIX NEW ENERGY INTERNATIONAL TRADING PTE. LTD.,Local Company,47220,The Phoenix Holdings,phoenix,strict alias; other words: energy new
202540646D,PHOENIX NEXUS PTE. LTD.,Local Company,62011,The Phoenix Holdings,phoenix,strict alias; other words: nexus
202119456E,PHOENIX OCEAN PTE. LTD.,Local Company,41009,The Phoenix Holdings,phoenix,strict alias; other words: ocean
201807916R,PHOENIX OCEANUS PTE. LTD.,Local Company,50021,The Phoenix Holdings,phoenix,strict alias; other words: oceanus
199602919Z,PHOENIX OIL & GAS PTE. LTD.,Local Company,28242,The Phoenix Holdings,phoenix,strict alias; other words: gas oil
201942627K,PHOENIX OIL PTE. LTD.,Local Company,46900,The Phoenix Holdings,phoenix,strict alias; other words: oil
202621141Z,PHOENIX ONE PTE. LTD.,Local Company,50021,The Phoenix Holdings,phoenix,strict alias; other words: one
201327608Z,PHOENIX ONESOFT SINGAPORE PTE. LTD.,Local Company,62011,The Phoenix Holdings,phoenix,strict alias; other words: onesoft
202339956C,PHOENIX OPCO PTE. LTD.,Local Company,55101,The Phoenix Holdings,phoenix,strict alias; other words: opco
202329977Z,PHOENIX OVERSEAS INVESTMENTS 3 PTE. LTD.,Local Company,64202,The Phoenix Holdings,phoenix,strict alias; other words: 3 overseas
201726828M,PHOENIX OVERSEAS INVESTMENTS PTE. LTD.,Local Company,64202,The Phoenix Holdings,phoenix,strict alias; other words: overseas
201713969C,PHOENIX PARTNERS ADVISORY PTE. LTD.,Local Company,70201,The Phoenix Holdings,phoenix,strict alias; other words: advisory partners
201004275C,PHOENIX PARTNERS PTE. LTD.,Local Company,70201,The Phoenix Holdings,phoenix,strict alias; other words: partners
201712866W,PHOENIX PEAK PTE. LTD.,Local Company,70201,The Phoenix Holdings,phoenix,strict alias; other words: peak
201411115N,PHOENIX PHARMA SINGAPORE PTE. LTD.,Local Company,46461,The Phoenix Holdings,phoenix,strict alias; other words: pharma
202539009G,PHOENIX PLUS PTE. LTD.,Local Company,46900,The Phoenix Holdings,phoenix,strict alias; other words: plus
202236085E,PHOENIX POWER (SINGAPORE) PTE. LTD.,Local Company,64202,The Phoenix Holdings,phoenix,strict alias; other words: power
202302024C,PHOENIX POWER APAC PTE. LTD.,Local Company,46900,The Phoenix Holdings,phoenix,strict alias; other words: power
202555072K,PHOENIX PRECISION GLOBAL PTE. LTD.,Local Company,28300,The Phoenix Holdings,phoenix,strict alias; other words: precision
202314263C,PHOENIX PRECISION PTE. LTD.,Local Company,71129,The Phoenix Holdings,phoenix,strict alias; other words: precision
200919374M,PHOENIX PRIMEDIA PTE. LTD.,Local Company,18111,The Phoenix Holdings,phoenix,strict alias; other words: primedia
202450394R,PHOENIX PRINTS PTE. LTD.,Local Company,32909,The Phoenix Holdings,phoenix,strict alias; other words: prints
202539090D,PHOENIX PROPERTY 1 PTE. LTD.,Local Company,64202,The Phoenix Holdings,phoenix,strict alias; other words: 1 property
202539093R,PHOENIX PROPERTY 2 PTE. LTD.,Local Company,64202,The Phoenix Holdings,phoenix,strict alias; other words: 2 property
201330733C,PHOENIX PROPERTY INVESTORS (SINGAPORE) PTE. LIMITED,Local Company,70101,The Phoenix Holdings,phoenix,strict alias; other words: investors property
202328287N,PHOENIX PROPERTY PTE. LTD.,Local Company,55101,The Phoenix Holdings,phoenix,strict alias; other words: property
202548002M,PHOENIX PROSPER SOLUTIONS PTE. LTD.,Local Company,70209,The Phoenix Holdings,phoenix,strict alias; other words: prosper
202411670N,PHOENIX PROSPERITY PTE. LTD.,Local Company,68203,The Phoenix Holdings,phoenix,strict alias; other words: prosperity
200205697E,PHOENIX QA PTE. LTD.,Local Company,71129,The Phoenix Holdings,phoenix,strict alias; other words: qa
202003836W,PHOENIX RECRUITMENT PTE. LTD.,Local Company,78104,The Phoenix Holdings,phoenix,strict alias; other words: recruitment
202406024K,PHOENIX RED PTE. LTD.,Local Company,62011,The Phoenix Holdings,phoenix,strict alias; other words: red
201728465E,PHOENIX REHAB NOVENA PTE. LTD.,Local Company,86909,The Phoenix Holdings,phoenix,strict alias; other words: novena rehab
202346165R,PHOENIX REHAB SERANGOON PTE. LTD.,Local Company,86909,The Phoenix Holdings,phoenix,strict alias; other words: rehab serangoon
202442805Z,PHOENIX REHAB TAMPINES PTE. LTD.,Local Company,86909,The Phoenix Holdings,phoenix,strict alias; other words: rehab tampines
202602377M,PHOENIX RESEARCH AND CONSULTING PTE. LTD.,Local Company,70201,The Phoenix Holdings,phoenix,strict alias; other words: consulting
201804169G,PHOENIX RESIDENTIAL PTE. LTD.,Local Company,68101,The Phoenix Holdings,phoenix,strict alias; other words: residential
202315209G,PHOENIX REWARD PTE. LTD.,Local Company,66305,The Phoenix Holdings,phoenix,strict alias; other words: reward
202539680W,PHOENIX RISE (S) PTE. LTD.,Local Company,64202,The Phoenix Holdings,phoenix,strict alias; other words: rise s
202513666D,PHOENIX RISE HOLDINGS PTE. LTD.,Local Company,96029,The Phoenix Holdings,phoenix,strict alias; other words: rise
202516861G,PHOENIX RISE TRADING PTE. LTD.,Local Company,46424,The Phoenix Holdings,phoenix,strict alias; other words: rise
202556660Z,PHOENIX RISING CAPITAL PTE. LTD.,Local Company,64202,The Phoenix Holdings,phoenix,strict alias; other words: capital rising
202636044W,PHOENIX RISING HORIZON PTE. LTD.,Local Company,70201,The Phoenix Holdings,phoenix,strict alias; other words: horizon rising
202436863C,PHOENIX RISING INTERACTIVE PTE. LTD.,Local Company,62021,The Phoenix Holdings,phoenix,strict alias; other words: interactive rising
202216193N,PHOENIX RISING SG PTE. LTD.,Local Company,64202,The Phoenix Holdings,phoenix,strict alias; other words: rising
200606819E,PHOENIX RISK SERVICES (S) PTE. LTD.,Local Company,66221,The Phoenix Holdings,phoenix,strict alias; other words: risk s
202240651K,PHOENIX ROYAL SINGAPORE PTE. LTD.,Local Company,46900,The Phoenix Holdings,phoenix,strict alias; other words: royal
201626866W,PHOENIX S A TRADING PTE. LTD.,Local Company,46900,The Phoenix Holdings,phoenix,strict alias; other words: a s
201933263W,PHOENIX SA INTERNATIONAL PTE. LTD.,Local Company,59112,The Phoenix Holdings,phoenix,strict alias; other words: sa
202128817E,PHOENIX SEA VESSEL PTE. LTD.,Local Company,50021,The Phoenix Holdings,phoenix,strict alias; other words: sea vessel
202408536K,PHOENIX SEIKO PTE. LTD.,Local Company,64202,The Phoenix Holdings,phoenix,strict alias; other words: seiko
201115532Z,PHOENIX SEMITECH PTE. LTD.,Local Company,46522,The Phoenix Holdings,phoenix,strict alias; other words: semitech
201230657M,PHOENIX SHIPPING & TRADING PTE. LTD.,Local Company,52227,The Phoenix Holdings,phoenix,strict alias; other words: shipping
201539342Z,PHOENIX SHIPPING PTE. LTD.,Local Company,52292,The Phoenix Holdings,phoenix,strict alias; other words: shipping
201025658Z,PHOENIX SOLUTIONS (S) PTE. LTD.,Local Company,62011,The Phoenix Holdings,phoenix,strict alias; other words: s
202235718N,PHOENIX SPA PTE. LTD.,Local Company,96029,The Phoenix Holdings,phoenix,strict alias; other words: spa
202636024M,PHOENIX SPORTS SOLUTIONS PTE. LTD.,Local Company,93112,The Phoenix Holdings,phoenix,strict alias; other words: sports
201942943R,PHOENIX STAR INTERNATIONAL PTE. LTD.,Local Company,70201,The Phoenix Holdings,phoenix,strict alias; other words: star
201230797W,PHOENIX STEEL PTE. LTD.,Local Company,46900,The Phoenix Holdings,phoenix,strict alias; other words: steel
202608489Z,PHOENIX STRATEGIC PTE. LTD.,Local Company,70201,The Phoenix Holdings,phoenix,strict alias; other words: strategic
202535060Z,PHOENIX STRATEGY GROUP PTE. LTD.,Local Company,70201,The Phoenix Holdings,phoenix,strict alias; other words: strategy
202201774G,PHOENIX SUN MANAGEMENT PTE. LTD.,Local Company,66306,The Phoenix Holdings,phoenix,strict alias; other words: sun
202503409M,PHOENIX SYSTEM TECH PTE. LTD.,Local Company,63111,The Phoenix Holdings,phoenix,strict alias; other words: system
202230333E,PHOENIX TAIL PTE. LTD.,Local Company,62011,The Phoenix Holdings,phoenix,strict alias; other words: tail
202335681R,PHOENIX TCM PTE. LTD.,Local Company,86202,The Phoenix Holdings,phoenix,strict alias; other words: tcm
202024230W,PHOENIX TRADE PTE. LTD.,Local Company,46900,The Phoenix Holdings,phoenix,strict alias; other words: trade
201842562H,PHOENIX TRADE SOLUTIONS PTE. LTD.,Local Company,46631,The Phoenix Holdings,phoenix,strict alias; other words: trade
202228016C,PHOENIX TREASURES PTE. LTD.,Local Company,70205,The Phoenix Holdings,phoenix,strict alias; other words: treasures
202002963C,PHOENIX TREE CAPITAL PTE. LTD.,Local Company,70201,The Phoenix Holdings,phoenix,strict alias; other words: capital tree
202618433H,PHOENIX TRUST PTE. LTD.,Local Company,66191,The Phoenix Holdings,phoenix,strict alias; other words: trust
202621153N,PHOENIX TWO PTE. LTD.,Local Company,50021,The Phoenix Holdings,phoenix,strict alias; other words: two
202537762R,PHOENIX UNIVERSUS GROUP PTE. LTD.,Local Company,46900,The Phoenix Holdings,phoenix,strict alias; other words: universus
198001210R,PHOENIX VIDEO PTE LTD,Local Company,77299,The Phoenix Holdings,phoenix,strict alias; other words: video
202551976Z,PHOENIX WELLNESS SPA PTE. LTD.,Local Company,96022,The Phoenix Holdings,phoenix,strict alias; other words: spa wellness
202323135M,PHOENIX WILL WRITING PTE. LTD.,Local Company,94120,The Phoenix Holdings,phoenix,strict alias; other words: will writing
201409451W,PHOENIX WONG GROUP PTE. LTD.,Local Company,47711,The Phoenix Holdings,phoenix,strict alias; other words: wong
202339351Z,PHOENIX WOOD PRIVATE LIMITED,Local Company,86202,The Phoenix Holdings,phoenix,strict alias; other words: wood
202231017R,PHOENIX WORLD LOGISTICS PTE. LTD.,Local Company,49231,The Phoenix Holdings,phoenix,strict alias; other words: logistics world
202238878N,PHOENIX YACHTING SOLUTIONS PTE. LTD.,Local Company,70201,The Phoenix Holdings,phoenix,strict alias; other words: yachting
202508977N,THE PHOENIX PROTOCOL PTE. LTD.,Local Company,62011,The Phoenix Holdings,phoenix,strict alias; other words: protocol
202550869H,THE PHOENIX SINGAPOREAN PTE. LTD.,Local Company,64202,The Phoenix Holdings,phoenix,strict alias; other words: singaporean
201417892D,TOAST DELIGHT MARKETING PTE. LTD.,Local Company,46304,Toast,toast,strict alias; other words: delight
201736720H,TOAST INN TWO PTE. LTD.,Local Company,10791,Toast,toast,strict alias; other words: inn two
201534133G,TOAST ME PTE. LTD.,Local Company,64993,Toast,toast,strict alias; other words: me
201912546R,TOAST N BAKE PTE. LTD.,Local Company,47213,Toast,toast,strict alias; other words: bake n
201929171N,TOAST TO LIFE PTE. LTD.,Local Company,56122,Toast,toast,strict alias; other words: life to
202316696D,TOAST TO SUCCESS PTE. LTD.,Local Company,56112,Toast,toast,strict alias; other words: success to
202541195Z,TOSS SECURITIES GLOBAL PTE. LTD.,Local Company,64202,Toss,toss,strict alias; other words: securities
202447077R,TOSS-EX PR PTE. LTD.,Local Company,78104,Toss,toss,strict alias; other words: ex pr
200509159Z,TOSS-EX PTE. LTD.,Local Company,62090,Toss,toss,strict alias; other words: ex
202000205M,TOYOTA FINANCIAL SERVICES SINGAPORE PTE. LTD.,Local Company,64910,Toyota,toyota,strict alias; other words: financial
201524832Z,TOYOTA INDUSTRIES SINGAPORE PTE. LTD.,Local Company,82999,Toyota,toyota,strict alias; other words: industries
T05FC6694A,TRADEWEB EUROPE LIMITED Singapore Branch,Foreign Company Branch,70102,Tradeweb,tradeweb,strict alias; other words: europe
199603888Z,TRANSURBAN PROPERTIES PTE. LTD.,Local Company,68101,Transurban,transurban,strict alias; other words: properties
202200834N,TRENT & GRIB CONSULTING PTE. LTD.,Local Company,70201,Trent Limited,trent,strict alias; other words: consulting grib
201838045D,TRENT ASSETS PTE. LTD.,Local Company,64202,Trent Limited,trent,strict alias; other words: assets
200400538K,TRENT GLOBAL COLLEGE OF TECHNOLOGY & MANAGEMENT PTE. LTD.,Local Company,85404,Trent Limited,trent,strict alias; other words: college
201512822R,TRENT INTERNATIONAL INSTITUTE PTE. LTD.,Local Company,85320,Trent Limited,trent,strict alias; other words: institute
201815566G,TRENT PORT SERVICES PTE. LTD.,Local Company,52223,Trent Limited,trent,strict alias; other words: port
202623853H,TRENT SOFT PTE. LTD.,Local Company,62011,Trent Limited,trent,strict alias; other words: soft
S98FC5560C,UBS AG,Foreign Company Branch,64130,UBS,ubs,strict alias; other words: ag
199308367C,UBS ASSET MANAGEMENT (SINGAPORE) LTD.,Local Company,66301,UBS,ubs,strict alias; other words: asset
200400620E,UBS CONSULTANTS PTE. LTD.,Local Company,62021,UBS,ubs,strict alias; other words: consultants
201934901W,UBS OPTIMUS FOUNDATION SINGAPORE LTD.,Local Company,88992,UBS,ubs,strict alias; other words: foundation optimus
199506770K,UBS PRINCIPAL CAPITAL ASIA LTD.,Local Company,64201,UBS,ubs,strict alias; other words: capital principal
201839672M,UBS REAL ESTATE GP (SINGAPORE) PTE. LIMITED,Local Company,64202,UBS,ubs,strict alias; other words: estate gp real
198500648C,UBS SECURITIES PTE. LTD.,Local Company,66129,UBS,ubs,strict alias; other words: securities
201211092C,UBS TRADE PTE. LTD.,Local Company,46900,UBS,ubs,strict alias; other words: trade
200005801G,UBS TRUSTEES (SINGAPORE) LTD,Local Company,66191,UBS,ubs,strict alias; other words: trustees
199501338G,UCB ENGINEERING PTE. LTD.,Local Company,29100,UCB,ucb,strict alias; other words: engineering
202302830G,UCB EXCHANGE (SG) PTE. LTD.,Local Company,64993,UCB,ucb,strict alias; other words: exchange
198702729C,UOL CAPITAL INVESTMENTS PTE. LTD.,Local Company,64202,UOL Group,uol,strict alias; other words: capital
200614511Z,UOL CLAYMORE INVESTMENT PTE. LTD.,Local Company,55101,UOL Group,uol,strict alias; other words: claymore
202007293Z,UOL DEVELOPMENT (NO. 1) PTE. LTD.,Local Company,64202,UOL Group,uol,strict alias; other words: 1 no
202217872R,UOL DEVELOPMENT (NO. 2) PTE. LTD.,Local Company,64202,UOL Group,uol,strict alias; other words: 2 no
197300618K,UOL EQUITY INVESTMENTS PTE LTD,Local Company,64202,UOL Group,uol,strict alias; other words: equity
202604569D,UOL HARMONY 1 PTE. LTD.,Local Company,64202,UOL Group,uol,strict alias; other words: 1 harmony
202604874E,UOL HARMONY 2 PTE. LTD.,Local Company,70201,UOL Group,uol,strict alias; other words: 2 harmony
202605187E,UOL HARMONY 3 PTE. LTD.,Local Company,70201,UOL Group,uol,strict alias; other words: 3 harmony
202605532E,UOL HARMONY 4 PTE. LTD.,Local Company,64202,UOL Group,uol,strict alias; other words: 4 harmony
202633245H,UOL HARMONY 5 PTE. LTD.,Local Company,64202,UOL Group,uol,strict alias; other words: 5 harmony
202549621K,UOL HOTEL INVESTMENTS (ORCHARD) PTE. LTD.,Local Company,55101,UOL Group,uol,strict alias; other words: hotel orchard
201838289G,UOL INVESTMENTS (AUSTRALIA) PTE. LTD.,Local Company,64202,UOL Group,uol,strict alias; other words: australia
199408449R,UOL OVERSEAS DEVELOPMENT PTE. LTD.,Local Company,68101,UOL Group,uol,strict alias; other words: overseas
200200102C,UOL PROJECT MANAGEMENT SERVICES PTE. LTD.,Local Company,71121,UOL Group,uol,strict alias; other words: project
197100099H,UOL PROPERTY INVESTMENTS PTE LTD,Local Company,64202,UOL Group,uol,strict alias; other words: property
200801950W,UOL SOMERSET INVESTMENTS PTE. LTD.,Local Company,68102,UOL Group,uol,strict alias; other words: somerset
201134049R,UOL TREASURY SERVICES PTE. LTD.,Local Company,64999,UOL Group,uol,strict alias; other words: treasury
198105123R,UOL VENTURE INVESTMENTS PTE. LTD.,Local Company,64202,UOL Group,uol,strict alias; other words: venture
202118026M,UBIQUITI (SINGAPORE) DISTRIBUTION CO. PTE. LTD.,Local Company,63201,Ubiquiti,ubiquiti,strict alias; other words: distribution
S95FC4997C,UNICREDIT BANK GMBH,Foreign Company Branch,64130,UniCredit,unicredit,strict alias; other words: bank
T12FC0169J,UNIPER GLOBAL COMMODITIES SE Singapore Branch,Foreign Company Branch,46610,Uniper,uniper,strict alias; other words: commodities se
198404132M,UPS SCS (SINGAPORE) PTE. LTD.,Local Company,52222,United Parcel Service,ups,strict alias; other words: scs
202513768Z,UPS SYSTEM ENGINEERING PTE. LTD.,Local Company,43210,United Parcel Service,ups,strict alias; other words: engineering system
200311884E,VAT IT SINGAPORE PTE. LTD.,Local Company,70201,VAT Group,vat,strict alias; other words: it
202340972N,TERRA VALE INTERNATIONAL REFINED OIL PRODUCT TRADING PTE. LTD.,Local Company,46643,Vale,vale international,alias not at start of name
202019328K,VENTAS BIO PTE. LTD.,Local Company,32509,Ventas,ventas,strict alias; other words: bio
201410646Z,ARVIS VENTURE CORPORATION PTE. LTD.,Local Company,70201,Venture Corporation,venture corporation,alias not at start of name
201409767Z,EDG VENTURE CORPORATION PTE. LTD.,Local Company,70201,Venture Corporation,venture corporation,alias not at start of name
200505739R,ENTRACO VENTURE CORPORATION PTE. LTD.,Local Company,30110,Venture Corporation,venture corporation,alias not at start of name
202216947K,MEDS VENTURE GLOBAL PTE. LTD.,Local Company,71123,Venture Global,venture global,alias not at start of name
201414514K,PROGRESSIVE VENTURE GLOBAL PTE. LTD.,Local Company,46900,Venture Global,venture global,alias not at start of name
202505778G,X-VENTURE GLOBAL SOLUTIONS PTE. LTD.,Local Company,62011,Venture Global,venture global,alias not at start of name
200004963D,VEOLIA ENERGY ASIA PTE. LTD.,Local Company,70209,Veolia,veolia,strict alias; other words: energy
199708423R,VEOLIA ENVIRONMENTAL SERVICES ASIA PTE. LTD.,Local Company,64202,Veolia,veolia,strict alias; other words: environmental
198703108N,VEOLIA ES SINGAPORE INDUSTRIAL PTE. LTD.,Local Company,38200,Veolia,veolia,strict alias; other words: es industrial
199606579D,VEOLIA WATER (SEA) HOLDING PTE. LTD.,Local Company,64202,Veolia,veolia,strict alias; other words: sea water
199700089H,VEOLIA WATER TECHNOLOGIES & SOLUTIONS ASIA PTE. LTD.,Local Company,64202,Veolia,veolia,strict alias; other words: water
197702436M,VEOLIA WATER TECHNOLOGIES & SOLUTIONS SINGAPORE PTE. LTD.,Local Company,20119,Veolia,veolia,strict alias; other words: water
198602434M,VEOLIA WATER TECHNOLOGIES (SEA) PTE. LTD.,Local Company,46900,Veolia,veolia,strict alias; other words: sea water
199701686Z,VERIZON COMMUNICATIONS SINGAPORE PTE. LTD.,Local Company,61010,Verizon,verizon,strict alias; other words: communications
201839848H,VERIZON ENGINEERING PTE. LTD.,Local Company,43210,Verizon,verizon,strict alias; other words: engineering
202118813D,VERIZON RESOURCES PTE. LTD.,Local Company,46900,Verizon,verizon,strict alias; other words: resources
201223959H,VIATRIS PHARMACEUTICALS PTE. LTD.,Local Company,21012,Viatris,viatris,strict alias; other words: pharmaceuticals
200923915N,VINCI ARTS & MEDIA PTE. LTD.,Local Company,91201,Vinci,vinci,strict alias; other words: arts media
201011666G,VINCI CONCESSIONS PTE. LTD.,Local Company,70209,Vinci,vinci,strict alias; other words: concessions
201435096N,VINCI ENERGIES ASIA PACIFIC PTE. LTD.,Local Company,70102,Vinci,vinci,strict alias; other words: energies
198104964W,VOLVO CAR SINGAPORE PTE. LTD.,Local Company,46561,Volvo Group,volvo,strict alias; other words: car
197901793K,VOLVO CONSTRUCTION EQUIPMENT SINGAPORE (PTE.) LTD.,Local Company,46542,Volvo Group,volvo,strict alias; other words: construction equipment
199400094R,VOLVO TREASURY ASIA LTD,Local Company,64150,Volvo Group,volvo,strict alias; other words: treasury
200802673H,WESCO AIRCRAFT SEA PTE. LTD.,Local Company,46552,WESCO International,wesco,strict alias; other words: aircraft sea
199901286H,WESCO DISTRIBUTION PTE. LTD.,Local Company,46900,WESCO International,wesco,strict alias; other words: distribution
200307113D,WESCO ENGINEERING PTE. LTD.,Local Company,32909,WESCO International,wesco,strict alias; other words: engineering
202515372C,WABTEC INSPECTION TECHNOLOGIES SINGAPORE PTE. LTD.,Local Company,46900,Wabtec,wabtec,strict alias; other words: inspection
202517399R,WALMART MARKETPLACE MANAGEMENT SINGAPORE PRIVATE LIMITED,Local Company,70201,Walmart,walmart,strict alias; other words: marketplace
200103370D,WARTSILA VOYAGE PACIFIC PTE. LTD.,Local Company,52229,Wartsila,wartsila,strict alias; other words: voyage
198601155H,800 SUPER WASTE MANAGEMENT PTE LTD,Local Company,38100,Waste Management,waste management,alias not at start of name
202230246R,AGNI BIO-MEDICAL WASTE MANAGEMENT PTE. LTD.,Local Company,38200,Waste Management,waste management,alias not at start of name
201911898H,ARIBA WASTE MANAGEMENT PTE. LTD.,Local Company,38301,Waste Management,waste management,alias not at start of name
202130762G,AUSTRALIA WASTE MANAGEMENT HOLDINGS PTE. LTD.,Local Company,64202,Waste Management,waste management,alias not at start of name
202130789H,AUSTRALIA WASTE MANAGEMENT INVESTMENTS PTE. LTD.,Local Company,64202,Waste Management,waste management,alias not at start of name
200922620M,BNL WASTE MANAGEMENT PTE. LTD.,Local Company,38200,Waste Management,waste management,alias not at start of name
201430777Z,CT INDUSTRIAL WASTE MANAGEMENT PTE. LTD.,Local Company,38200,Waste Management,waste management,alias not at start of name
202230593K,ECO GREEN WASTE MANAGEMENT PTE. LTD.,Local Company,38100,Waste Management,waste management,alias not at start of name
199704908M,ECO SPECIAL WASTE MANAGEMENT PTE LTD,Local Company,38200,Waste Management,waste management,alias not at start of name
202213146N,ECOZEAL WASTE MANAGEMENT PTE. LTD.,Local Company,38100,Waste Management,waste management,alias not at start of name
202135930W,ENG LENG WASTE MANAGEMENT PTE. LTD.,Local Company,38100,Waste Management,waste management,alias not at start of name
201324941H,EVERGREEN WASTE MANAGEMENT PTE. LTD.,Local Company,38100,Waste Management,waste management,alias not at start of name
201625537K,GG WASTE MANAGEMENT PTE. LTD.,Local Company,38100,Waste Management,waste management,alias not at start of name
201906489M,GREEN PLANET WASTE MANAGEMENT PTE. LTD.,Local Company,38200,Waste Management,waste management,alias not at start of name
200412740R,GREENWAY ENVIRONMENTAL WASTE MANAGEMENT PTE. LTD.,Local Company,38100,Waste Management,waste management,alias not at start of name
199305775C,HOCK CHUAN HONG WASTE MANAGEMENT PTE LTD,Local Company,38100,Waste Management,waste management,alias not at start of name
201023432G,HX WASTE MANAGEMENT PTE. LTD.,Local Company,38100,Waste Management,waste management,alias not at start of name
200107102M,NCS WASTE MANAGEMENT (S) PTE. LTD.,Local Company,46549,Waste Management,waste management,alias not at start of name
199701183N,NSL OILCHEM WASTE MANAGEMENT PTE. LTD.,Local Company,38200,Waste Management,waste management,alias not at start of name
202543064H,OURO GREENTECH WASTE MANAGEMENT PTE. LTD.,Local Company,38200,Waste Management,waste management,alias not at start of name
201906264D,POLYGO WASTE MANAGEMENT PTE. LTD.,Local Company,38301,Waste Management,waste management,alias not at start of name
201839465D,SE-CURE WASTE MANAGEMENT PTE. LTD.,Local Company,38301,Waste Management,waste management,alias not at start of name
202623658N,SEACURE WASTE MANAGEMENT PTE. LTD.,Local Company,38100,Waste Management,waste management,alias not at start of name
201702490N,SKAP WASTE MANAGEMENT PTE. LTD.,Local Company,38100,Waste Management,waste management,alias not at start of name
198903352H,SME WASTE MANAGEMENT PTE. LTD.,Local Company,38309,Waste Management,waste management,alias not at start of name
202629618C,SUPER WASTE MANAGEMENT PTE. LTD.,Local Company,38100,Waste Management,waste management,alias not at start of name
202012985G,TIDY WASTE MANAGEMENT GROUP PTE. LTD.,Local Company,81211,Waste Management,waste management,alias not at start of name
199307523Z,TMC WASTE MANAGEMENT PTE. LTD.,Local Company,41009,Waste Management,waste management,alias not at start of name
201736643M,UES WASTE MANAGEMENT CO. PTE. LTD.,Local Company,64202,Waste Management,waste management,alias not at start of name
200815698R,UNIQUE WASTE MANAGEMENT PTE. LTD.,Local Company,38100,Waste Management,waste management,alias not at start of name
198601439K,WESFARMERS RISK MANAGEMENT (SINGAPORE) PTE. LTD.,Local Company,65122,Wesfarmers,wesfarmers,strict alias; other words: risk
201414428M,WILLIS DESIGN PTE. LTD.,Local Company,41001,Willis Towers Watson,willis,strict alias; other words: design
201424972C,WILLIS LEASE SINGAPORE PTE. LTD.,Local Company,46552,Willis Towers Watson,willis,strict alias; other words: lease
202538204E,WILLIS LEE ADVISORY PTE. LTD.,Local Company,70201,Willis Towers Watson,willis,strict alias; other words: advisory lee
200516543H,WILMAR AFRICA INVESTMENTS PTE. LTD.,Local Company,64202,Wilmar International,wilmar,strict alias; other words: africa
199706092D,WILMAR AFRICA RESOURCES PTE. LTD.,Local Company,46900,Wilmar International,wilmar,strict alias; other words: africa resources
200717135D,WILMAR AIR PTE. LTD.,Local Company,64202,Wilmar International,wilmar,strict alias; other words: air
200616541K,WILMAR CHINA NEW INVESTMENTS PTE. LTD.,Local Company,64202,Wilmar International,wilmar,strict alias; other words: china new
200913437K,WILMAR CONSULTANCY SERVICES PTE. LTD.,Local Company,64202,Wilmar International,wilmar,strict alias; other words: consultancy
201937227R,WILMAR DISTRIBUTION PTE. LTD.,Local Company,46900,Wilmar International,wilmar,strict alias; other words: distribution
201631848K,WILMAR ETHIOPIA HOLDINGS PTE. LTD.,Local Company,64202,Wilmar International,wilmar,strict alias; other words: ethiopia
201418705D,WILMAR GF SINGAPORE HOLDINGS PTE. LTD.,Local Company,64202,Wilmar International,wilmar,strict alias; other words: gf
202321621R,WILMAR KITCHEN (SINGAPORE) PTE. LTD.,Local Company,10750,Wilmar International,wilmar,strict alias; other words: kitchen
202410611M,WILMAR KITCHEN CONCEPTS PTE. LTD.,Local Company,56140,Wilmar International,wilmar,strict alias; other words: concepts kitchen
202408000N,WILMAR LOGISTICS (SINGAPORE) PTE. LTD.,Local Company,52101,Wilmar International,wilmar,strict alias; other words: logistics
202614203R,WILMAR NIGERIA HOLDINGS PTE. LTD.,Local Company,64202,Wilmar International,wilmar,strict alias; other words: nigeria
199700720R,WILMAR PAKISTAN HOLDINGS PTE. LTD.,Local Company,64202,Wilmar International,wilmar,strict alias; other words: pakistan
201714922K,WILMAR RICE TRADING PTE. LTD.,Local Company,46219,Wilmar International,wilmar,strict alias; other words: rice
200719341N,WILMAR SHIP HOLDINGS PTE. LTD.,Local Company,64202,Wilmar International,wilmar,strict alias; other words: ship
201305234G,WILMAR SHWE INVESTMENTS PTE. LTD.,Local Company,64202,Wilmar International,wilmar,strict alias; other words: shwe
201320818G,WILMAR SUGAR (MYANMAR) HOLDINGS PTE. LTD.,Local Company,64202,Wilmar International,wilmar,strict alias; other words: myanmar sugar
202017964M,WILMAR SUGAR AMERICAS TRADING PTE. LTD.,Local Company,46303,Wilmar International,wilmar,strict alias; other words: americas sugar
200513041E,WILMAR SUGAR AND ENERGY PTE. LTD.,Local Company,64202,Wilmar International,wilmar,strict alias; other words: energy sugar
201023718K,WILMAR SUGAR PTE. LTD.,Local Company,46900,Wilmar International,wilmar,strict alias; other words: sugar
201808551K,WILMAR TANZANIA PTE. LTD.,Local Company,64202,Wilmar International,wilmar,strict alias; other words: tanzania
201801804H,WILMAR TEA PTE. LTD.,Local Company,46900,Wilmar International,wilmar,strict alias; other words: tea
198901130Z,WILMAR TRADING (CHINA) PTE. LTD.,Local Company,64202,Wilmar International,wilmar,strict alias; other words: china
200721533Z,WILMAR-DELTA HOLDINGS PTE. LTD.,Local Company,64202,Wilmar International,wilmar,strict alias; other words: delta
201013494G,WILMAR-ELEVANCE 2 PTE. LTD.,Local Company,64202,Wilmar International,wilmar,strict alias; other words: 2 elevance
201216639K,WILMAR-HWAYUAN PTE. LTD.,Local Company,46900,Wilmar International,wilmar,strict alias; other words: hwayuan
197901485R,WIPRO CONSUMER CARE SINGAPORE PTE. LTD.,Local Company,96099,Wipro,wipro,strict alias; other words: care
T08FC7246K,WIPRO GE HEALTHCARE PRIVATE LIMITED Branch Office,Foreign Company Branch,46592,Wipro,wipro,strict alias; other words: ge healthcare
202539209R,WIPRO LOGISTICS PTE. LTD.,Local Company,52219,Wipro,wipro,strict alias; other words: logistics
200200633D,WIPRO UNZA HOLDINGS LIMITED,Local Company,64202,Wipro,wipro,strict alias; other words: unza
199800934E,WIPRO UNZA INDOCHINA PTE. LIMITED,Local Company,64202,Wipro,wipro,strict alias; other words: indochina unza
199503889G,WOODWARD CONTROL SOLUTIONS PTE. LTD.,Local Company,26512,Woodward,woodward,strict alias; other words: control
201006812M,WOODWARD ENERGY CONTROLS SINGAPORE PTE. LTD.,Local Company,64202,Woodward,woodward,strict alias; other words: controls energy
202310980K,WOOLWORTHS CAPTIVE INSURANCE PTE. LIMITED,Local Company,65122,Woolworths Group,woolworths,strict alias; other words: captive insurance
S80FC2925K,WOORI BANK,Foreign Company Branch,64130,Woori Financial Group,woori,strict alias; other words: bank
202204957M,WOORI INTERIORS PTE. LTD.,Local Company,74191,Woori Financial Group,woori,strict alias; other words: interiors
201403807Z,WOORI OCEANS PTE. LTD.,Local Company,50021,Woori Financial Group,woori,strict alias; other words: oceans
202601901H,WOORI SPORTS SOUTHEAST ASIA PTE. LTD.,Local Company,47630,Woori Financial Group,woori,strict alias; other words: sports
T22FC0050H,"WOORI VENTURE PARTNERS CO., LTD. Singapore Branch",Foreign Company Branch,66305,Woori Financial Group,woori,strict alias; other words: partners venture
202423754W,WOORI WELLNESS PTE. LTD.,Local Company,47214,Woori Financial Group,woori,strict alias; other words: wellness
201316382W,XERO FLOR SINGAPORE PTE. LTD.,Local Company,71112,Xero,xero,strict alias; other words: flor
202506407Z,XERO GRAVITY PTE. LTD.,Local Company,70201,Xero,xero,strict alias; other words: gravity
202637340N,XERO ONE TECH MANAGEMENT PTE. LTD.,Local Company,46599,Xero,xero,strict alias; other words: one
201839231M,XYLEM INDUSTRIES SINGAPORE PTE. LTD.,Local Company,64202,Xylem,xylem,strict alias; other words: industries
198204818G,XYLEM WATER SOLUTIONS SINGAPORE PTE. LTD.,Local Company,28300,Xylem,xylem,strict alias; other words: water
202508433G,YAGEO ASIA ELECTRONICS PTE. LTD.,Local Company,64202,Yageo,yageo,strict alias; other words: electronics
202217060E,YAGEO ELECTRONICS HOLDING (S) PTE. LTD.,Local Company,64202,Yageo,yageo,strict alias; other words: electronics s
202217201H,YAGEO ELECTRONICS INVESTMENT (S) PTE. LTD.,Local Company,64202,Yageo,yageo,strict alias; other words: electronics s
202348343K,YILI CONSULTING PTE. LTD.,Local Company,46900,Yili Group,yili,strict alias; other words: consulting
202632693M,YILI ENGINEERING PTE. LTD.,Local Company,42909,Yili Group,yili,strict alias; other words: engineering
201544359E,YILI INDUSTRY EQUIPMENT PTE. LTD.,Local Company,46900,Yili Group,yili,strict alias; other words: equipment industry
202315780D,YILI MACHINERY AND ELECTRIC PTE. LIMITED,Local Company,46900,Yili Group,yili,strict alias; other words: electric machinery
202553235H,YILI STUDIO PTE. LTD.,Local Company,85508,Yili Group,yili,strict alias; other words: studio
199606124G,YILI VEGETATION & TRADING PTE LTD,Local Company,46301,Yili Group,yili,strict alias; other words: vegetation
202136742Z,YUANTA SECURITIES ASIA FINANCIAL SERVICES PRIVATE LIMITED,Local Company,70101,Yuanta Financial Holding,yuanta,strict alias; other words: securities
202215031E,YUANTA WEALTH MANAGEMENT (SINGAPORE) PTE. LTD.,Local Company,66301,Yuanta Financial Holding,yuanta,strict alias; other words: wealth
202543922G,TRIPLE Z AI PTE. LTD.,Local Company,62011,Z.AI,z ai,alias not at start of name
T17FC0074B,ZOETIS BELGIUM S.A. (Singapore Branch),Foreign Company Branch,21013,Zoetis,zoetis,strict alias; other words: a belgium s
202033361D,ZOOM 365 PTE. LTD.,Local Company,52292,Zoom,zoom,strict alias; other words: 365
201803905G,ZOOM AUFA PTE. LTD.,Local Company,49212,Zoom,zoom,strict alias; other words: aufa
201725603G,ZOOM AUTOWERKS PTE. LTD.,Local Company,95301,Zoom,zoom,strict alias; other words: autowerks
202017456H,ZOOM DELIVERY SERVICES HOLDINGS PTE. LIMITED,Local Company,64202,Zoom,zoom,strict alias; other words: delivery
200512028Z,ZOOM ENGINEERING PTE. LTD.,Local Company,25999,Zoom,zoom,strict alias; other words: engineering
202548121C,ZOOM ENTERPRISE PTE. LTD.,Local Company,47311,Zoom,zoom,strict alias; other words: enterprise
202554420G,ZOOM EXPRESS LOGISTICS PTE. LTD.,Local Company,49231,Zoom,zoom,strict alias; other words: express logistics
202207615E,ZOOM EXPRESS LOGISTICS SERVICES PTE. LTD.,Local Company,49231,Zoom,zoom,strict alias; other words: express logistics
202402543M,ZOOM EXPRESS SERVICES SG PRIVATE LIMITED,Local Company,49231,Zoom,zoom,strict alias; other words: express
200907517G,ZOOM FIRST PTE. LTD.,Local Company,10619,Zoom,zoom,strict alias; other words: first
201914903D,ZOOM HANDS ENGINEERING PTE. LTD.,Local Company,95220,Zoom,zoom,strict alias; other words: engineering hands
202440867E,ZOOM LOGISTICS SOLUTIONS PTE. LTD.,Local Company,49231,Zoom,zoom,strict alias; other words: logistics
201606336K,ZOOM SALON (CITY LINK) PTE. LTD.,Local Company,96021,Zoom,zoom,strict alias; other words: city link salon
202415880C,ZOOM TEN INTERNATIONAL PTE. LTD.,Local Company,66305,Zoom,zoom,strict alias; other words: ten
201601340R,ZOOM TRAVEL INTERNATIONAL PTE. LTD.,Local Company,79101,Zoom,zoom,strict alias; other words: travel
201622327Z,ZOOM VISUAL PTE. LTD.,Local Company,46900,Zoom,zoom,strict alias; other words: visual
200502771K,ZOOM WORLD PTE. LTD.,Local Company,46900,Zoom,zoom,strict alias; other words: world
202121724R,ZOOM ZOOM LEASING PTE. LTD.,Local Company,77101,Zoom,zoom,strict alias; other words: leasing
201814386G,ZOOM.IN TECH PTE. LTD.,Local Company,69202,Zoom,zoom,strict alias; other words: in
