uen,entity_name,entity_type_description,entity_status_description,level_no,unit_no,postal_code,primary_ssic_code,secondary_ssic_code,name_norm,addr,entities_at_address,source,parent_name,hq_country,needs_review,global_tier,size_segment,mnc_basis
S69FC1952H,UCO BANK,Foreign Company Branch,Live Company,na,na,048617,64120,na,uco bank,048617|na|na,2,foreign_branch,uco bank,Foreign (branch),False,n,unclassified,
S81FC3040G,UNION DE BANQUES ARABES ET FRANCAISES-UBAF,Foreign Company Branch,Live Company,10,02/03,038986,64130,na,union de banques arabes et francaises ubaf,038986|10|02/03,1,foreign_branch,union de banques arabes et francaises ubaf,Foreign (branch),False,n,unclassified,
S88FC3845E,"UNISYS WORLD TRADE, INC",Foreign Company Branch,Live Company,14,07,098632,46900,na,unisys world trade,098632|14|07,409,foreign_branch,unisys world trade,Foreign (branch),False,n,unclassified,
S95FC4997C,UNICREDIT BANK GMBH,Foreign Company Branch,Live Company,19,02,189773,64130,64130,unicredit bank,189773|19|02,1,foreign_branch,unicredit bank,Foreign (branch),False,n,unclassified,
S98FC5526C,UYENO TRANSTECH LTD,Foreign Company Branch,Live Company,14,04,089763,50023,na,uyeno transtech,089763|14|04,6,foreign_branch,uyeno transtech,Foreign (branch),False,n,unclassified,
S98FC5560C,UBS AG,Foreign Company Branch,Live Company,na,na,238459,64130,na,ubs,238459|na|na,8,foreign_branch,ubs,Foreign (branch),False,n,unclassified,
T01FC6024L,"UNIPLAS CORPORATION, Singapore Branch",Foreign Company Branch,Live Company,21,08,228208,46599,46900,uniplas,228208|21|08,41,foreign_branch,uniplas,Foreign (branch),False,n,unclassified,
T08FC7158E,UTMOST INTERNATIONAL ISLE OF MAN LIMITED Singapore Branch,Foreign Company Branch,Live Company,16,02,049909,65110,na,utmost international isle of man,049909|16|02,2,foreign_branch,utmost international isle of man,Foreign (branch),False,n,unclassified,
T10FC0084E,"ULTRAPURE & INDUSTRIAL SERVICES, LLC (Singapore Branch)",Foreign Company Branch,Live Company,27,00,049315,28291,na,ultrapure industrial services llc,049315|27|00,12,foreign_branch,ultrapure industrial services llc,Foreign (branch),False,n,unclassified,
T10FC0110K,"UTMOST WORLDWIDE LIMITED, Singapore Branch",Foreign Company Branch,Live Company,16,02,049909,65110,na,utmost worldwide,049909|16|02,2,foreign_branch,utmost worldwide,Foreign (branch),False,n,unclassified,
T11FC0108L,URBAN LAND INSTITUTE Branch Office Singapore,Foreign Company Branch,Live Company,26,00,199555,74909,na,urban land institute office,199555|26|00,17,foreign_branch,urban land institute office,Foreign (branch),False,n,unclassified,
T12FC0169J,UNIPER GLOBAL COMMODITIES SE Singapore Branch,Foreign Company Branch,Live Company,35,01,018960,46610,na,uniper global commodities se,018960|35|01,1,foreign_branch,uniper global commodities se,Foreign (branch),False,n,unclassified,
T12FC0202J,UNIGRA' S.P.A. (Singapore Branch),Foreign Company Branch,Live Company,na,na,089264,10409,46304,unigra p a,089264|na|na,1,foreign_branch,unigra p a,Foreign (branch),False,n,unclassified,
T13FC0154G,"UNION BANCAIRE PRIVEE, UBP SA",Foreign Company Branch,Live Company,38,01,048583,64130,na,union bancaire privee ubp,048583|38|01,1,foreign_branch,union bancaire privee ubp,Foreign (branch),False,n,unclassified,
T14FC0168A,"UNIONPAY INTERNATIONAL CO., LTD. Singapore Branch",Foreign Company Branch,Live Company,16,06,018982,64999,na,unionpay international,018982|16|06,1,foreign_branch,unionpay international,Foreign (branch),False,n,unclassified,
T15FC0106F,UNDERWRITEME TECHNOLOGY SOLUTIONS LIMITED Singapore Branch,Foreign Company Branch,Live Company,07,01/02,069547,62011,62090,underwriteme technology solutions,069547|07|01/02,3,foreign_branch,underwriteme technology solutions,Foreign (branch),False,n,unclassified,
T15FC0163D,UNITED CREATION PACKAGING SOLUTIONS (JH) SDN. BHD. (Singapore Branch),Foreign Company Branch,Live Company,17,00,048542,17010,na,united creation packaging solutions jh sdn bhd,048542|17|00,132,foreign_branch,united creation packaging solutions jh sdn bhd,Foreign (branch),False,n,unclassified,
T16FC0094G,US-BANGLA AIRLINES LTD. (Singapore Branch),Foreign Company Branch,Live Company,02,31A,208511,51003,51004,us bangla airlines,208511|02|31A,5,foreign_branch,us bangla airlines,Foreign (branch),False,n,unclassified,
T16FC0168L,ULTRAMAIN INTERNATIONAL LIMITED (Singapore Branch),Foreign Company Branch,Live Company,07,12,169876,62021,na,ultramain international,169876|07|12,364,foreign_branch,ultramain international,Foreign (branch),False,n,unclassified,
T16FC0183H,"UNIVERSAL AIR TRAVEL PLAN, INC. Singapore Branch",Foreign Company Branch,Live Company,11,00,238877,63119,na,universal air travel plan,238877|11|00,82,foreign_branch,universal air travel plan,Foreign (branch),False,n,unclassified,
T17FC0099C,UBIDY LTD Singapore Branch,Foreign Company Branch,Live Company,05,01,188778,78300,na,ubidy,188778|05|01,123,foreign_branch,ubidy,Foreign (branch),False,n,unclassified,
T18FC0092C,"UFA, INC. Branch Office Singapore",Foreign Company Branch,Live Company,15,04,068804,70101,na,ufa office,068804|15|04,244,foreign_branch,ufa office,Foreign (branch),False,n,unclassified,
T21FC0006J,"UNITED PHARMA AND CHEMICAL CO., LIMITED (Singapore Branch)",Foreign Company Branch,Live Company,02,07,418944,46461,na,united pharma and chemical,418944|02|07,13,foreign_branch,united pharma and chemical,Foreign (branch),False,n,unclassified,
T22FC0005G,UNIQUEST CORPORATION Singapore Branch,Foreign Company Branch,Live Company,17,12,189767,46522,na,uniquest,189767|17|12,219,foreign_branch,uniquest,Foreign (branch),False,n,unclassified,
T22FC0013J,UNIFEEDER FZCO Singapore Branch,Foreign Company Branch,Live Company,15,01,039190,50023,52222,unifeeder fzco,039190|15|01,4,foreign_branch,unifeeder fzco,Foreign (branch),False,n,unclassified,
T23FC0032F,UNION BULK A/S (Singapore Branch),Foreign Company Branch,Live Company,06,01,068893,50021,na,union bulk a,068893|06|01,42,foreign_branch,union bulk a,Foreign (branch),False,n,unclassified,
T23FC0045K,URC CONSTRUCTION PRIVATE LIMITED (Singapore Branch),Foreign Company Branch,Live Company,04,01C,368089,41001,na,urc construction,368089|04|01C,1,foreign_branch,urc construction,Foreign (branch),False,n,unclassified,
T23FC0047B,UNITED BIBLE SOCIETIES ASSOCIATION Singapore Branch,Foreign Company Branch,Live Company,10,06,308900,94919,na,united bible societies association,308900|10|06,19,foreign_branch,united bible societies association,Foreign (branch),False,n,unclassified,
S77FC2640L,EASTMAN CHEMICAL LTD.,Foreign Company Branch,Live Company,05,04,138588,46649,na,eastman chemical,138588|05|04,10,foreign_branch,eastman chemical,Foreign (branch),False,n,unclassified,
S90FC4114L,EMIRATES,Foreign Company Branch,Live Company,06,12,188721,51003,na,emirates,188721|06|12,1,foreign_branch,emirates,Foreign (branch),False,n,unclassified,
S91FC4269A,EVA AIRWAYS CORPORATION,Foreign Company Branch,Live Company,06,02,529653,51003,51004,eva airways,529653|06|02,1,foreign_branch,eva airways,Foreign (branch),False,n,unclassified,
S93FC4538F,EBS DEALING RESOURCES INTERNATIONAL LIMITED,Foreign Company Branch,Live Company,21,01,018983,64999,na,ebs dealing resources international,018983|21|01,6,foreign_branch,ebs dealing resources international,Foreign (branch),False,n,unclassified,
S94FC4778B,"ENERCON SYSTEMS INTERNATIONAL, L.L.C.",Foreign Company Branch,Live Company,09,18/19,728653,46541,na,enercon systems international l l c,728653|09|18/19,6,foreign_branch,enercon systems international l l c,Foreign (branch),False,n,unclassified,
S96FC5147B,"ETS-LINDGREN INC., Singapore Branch",Foreign Company Branch,Live Company,07,303,199591,46522,46592,ets lindgren,199591|07|303,1,foreign_branch,ets lindgren,Foreign (branch),False,n,unclassified,
S97FC5352C,"ED. ZUBLIN AG, Singapore Branch",Foreign Company Branch,Live Company,02,01,609914,42909,46900,ed zublin,609914|02|01,1,foreign_branch,ed zublin,Foreign (branch),False,n,unclassified,
S97FC5357E,ESS Singapore Branch,Foreign Company Branch,Live Company,06,01,138577,59132,60200,ess,138577|06|01,12,foreign_branch,ess,Foreign (branch),False,n,unclassified,
S97FC5411L,EVEREST REINSURANCE COMPANY,Foreign Company Branch,Live Company,10,01,048622,65202,na,everest reinsurance,048622|10|01,2,foreign_branch,everest reinsurance,Foreign (branch),False,n,unclassified,
S99FC5678E,ERICO LIMITED Singapore Branch,Foreign Company Branch,Live Company,16,01,079027,46544,46639,erico,079027|16|01,517,foreign_branch,erico,Foreign (branch),False,n,unclassified,
T00FC5987G,"EXSIF WORLDWIDE, INC.",Foreign Company Branch,Live Company,12,03,048581,77109,52292,exsif worldwide,048581|12|03,1,foreign_branch,exsif worldwide,Foreign (branch),False,n,unclassified,
T01FC6147L,"ENERGY INTELLIGENCE GROUP, INC.",Foreign Company Branch,Live Company,08,01,048659,82999,na,energy intelligence group,048659|08|01,9,foreign_branch,energy intelligence group,Foreign (branch),False,n,unclassified,
T03FC6371J,EFG BANK AG (EFG BANK SA) (EFG BANK LTD),Foreign Company Branch,Live Company,18,01,068897,64130,64130,efg bank efg bank efg bank,068897|18|01,1,foreign_branch,efg bank efg bank efg bank,Foreign (branch),False,n,unclassified,
T04FC6587K,ESSAR STEEL LIMITED (Singapore Branch),Foreign Company Branch,Live Company,10,12,208787,46900,na,essar steel,208787|10|12,63,foreign_branch,essar steel,Foreign (branch),False,n,unclassified,
T06FC6938K,ENTRUST ASIA PACIFIC LIMITED (Singapore Branch),Foreign Company Branch,Live Company,12,05/08,189721,73200,62022,entrust asia pacific,189721|12|05/08,1,foreign_branch,entrust asia pacific,Foreign (branch),False,n,unclassified,
T07FC7067G,ETIHAD AIRWAYS PJSC,Foreign Company Branch,Live Company,B16,12,819643,51001,na,etihad airways pjsc,819643|B16|12,1,foreign_branch,etihad airways pjsc,Foreign (branch),False,n,unclassified,
T08FC7191J,ENDURANCE SPECIALTY INSURANCE LTD. Singapore Branch,Foreign Company Branch,Live Company,38,03,018982,65202,na,endurance specialty insurance,018982|38|03,4,foreign_branch,endurance specialty insurance,Foreign (branch),False,n,unclassified,
T10FC0052J,ENGIE GLOBAL MARKETS  Singapore Branch,Foreign Company Branch,Live Company,34,01,018960,66124,na,engie global markets,018960|34|01,2,foreign_branch,engie global markets,Foreign (branch),False,n,unclassified,
T10FC0072H,EMIRATES NBD BANK (P.J.S.C),Foreign Company Branch,Live Company,25,01/05,049315,64130,na,emirates nbd bank p j c,049315|25|01/05,1,foreign_branch,emirates nbd bank p j c,Foreign (branch),False,n,unclassified,
T10FC0130J,"ESRI GLOBAL, INC. (Singapore Branch)",Foreign Company Branch,Live Company,23,11,189767,82999,62021,esri global,189767|23|11,532,foreign_branch,esri global,Foreign (branch),False,n,unclassified,
T11FC0003G,"EDOM TECHNOLOGY CO., LTD Singapore Branch",Foreign Company Branch,Live Company,07,08,569628,46900,72102,edom technology,569628|07|08,1,foreign_branch,edom technology,Foreign (branch),False,n,unclassified,
T11FC0197E,"EBSCO INTERNATIONAL, INC. Singapore Branch",Foreign Company Branch,Live Company,05,12,150167,73200,na,ebsco international,150167|05|12,68,foreign_branch,ebsco international,Foreign (branch),False,n,unclassified,
T12FC0063J,"E.SUN COMMERCIAL BANK, LTD.",Foreign Company Branch,Live Company,09,01,018981,64130,64130,e sun commercial bank,018981|09|01,1,foreign_branch,e sun commercial bank,Foreign (branch),False,n,unclassified,
T12FC0154B,EVERLLENCE SCHWEIZ AG Singapore Branch,Foreign Company Branch,Live Company,31,01,079903,28300,na,everllence schweiz,079903|31|01,119,foreign_branch,everllence schweiz,Foreign (branch),False,n,unclassified,
T13FC0130B,ELFAB LIMITED (Singapore Branch),Foreign Company Branch,Live Company,06,20,128383,25997,26513,elfab,128383|06|20,2,foreign_branch,elfab,Foreign (branch),False,n,unclassified,
T13FC0142K,EULER HERMES Singapore Branch,Foreign Company Branch,Live Company,09,01,068897,65123,na,euler hermes,068897|09|01,10,foreign_branch,euler hermes,Foreign (branch),False,n,unclassified,
T13FC0173K,ETHIOPIAN AIRLINES GROUP (Singapore Branch),Foreign Company Branch,Live Company,17,10,238868,51003,51004,ethiopian airlines group,238868|17|10,2,foreign_branch,ethiopian airlines group,Foreign (branch),False,n,unclassified,
T13FC0194E,E1 CORPORATION Singapore Branch,Foreign Company Branch,Live Company,11,03,048616,46900,46610,e1,048616|11|03,1,foreign_branch,e1,Foreign (branch),False,n,unclassified,
T14FC0032H,ENERSTRY GROUP LIMITED (Singapore Branch),Foreign Company Branch,Live Company,13,02,068913,64202,na,enerstry group,068913|13|02,2,foreign_branch,enerstry group,Foreign (branch),False,n,unclassified,
T14FC0042B,"ECHOLOGICS, LLC. Singapore Branch",Foreign Company Branch,Live Company,26,01,048619,71129,na,echologics llc,048619|26|01,2453,foreign_branch,echologics llc,Foreign (branch),False,n,unclassified,
T14FC0098C,"EWISE SYSTEMS NA, INC. (Singapore Branch)",Foreign Company Branch,Live Company,14,02/03,307591,62011,na,ewise systems na,307591|14|02/03,131,foreign_branch,ewise systems na,Foreign (branch),False,n,unclassified,
T14FC0100C,EVERSTONE III PARTNERS LTD (Singapore Branch),Foreign Company Branch,Live Company,08,01,238463,64202,na,everstone iii partners,238463|08|01,130,foreign_branch,everstone iii partners,Foreign (branch),False,n,unclassified,
T15FC0019H,ECP TEXAS CO-INVESTMENT LIMITED (Singapore Branch),Foreign Company Branch,Live Company,26,01,048619,64202,na,ecp texas investment,048619|26|01,2453,foreign_branch,ecp texas investment,Foreign (branch),False,n,unclassified,
T15FC0082E,ENERGY ASPECTS LTD Singapore Branch,Foreign Company Branch,Live Company,na,na,058751,74909,na,energy aspects,058751|na|na,95,foreign_branch,energy aspects,Foreign (branch),False,n,unclassified,
T15FC0091C,ESP GLOBAL SERVICES LIMITED (Singapore Branch),Foreign Company Branch,Live Company,na,na,208099,62090,na,esp global services,208099|na|na,207,foreign_branch,esp global services,Foreign (branch),False,n,unclassified,
T15FC0100H,EDINBURGH DESIGNS LIMITED Singapore Branch,Foreign Company Branch,Live Company,21,08,228208,43909,na,edinburgh designs,228208|21|08,41,foreign_branch,edinburgh designs,Foreign (branch),False,n,unclassified,
T15FC0149C,EPSON HONG KONG LIMITED Singapore Branch,Foreign Company Branch,Live Company,03,08,339941,46522,46549,epson hong kong,339941|03|08,1,foreign_branch,epson hong kong,Foreign (branch),False,n,unclassified,
T16FC0025A,ENSAVIOR TECHNOLOGIES PVT LTD Branch Office Singapore,Foreign Company Branch,Live Company,12,55,409051,46900,na,ensavior technologies pvt office,409051|12|55,89,foreign_branch,ensavior technologies pvt office,Foreign (branch),False,n,unclassified,
T16FC0033C,ENEOS GLOBE CORPORATION Singapore Branch,Foreign Company Branch,Live Company,18,02,068807,46900,73200,eneos globe,068807|18|02,1,foreign_branch,eneos globe,Foreign (branch),False,n,unclassified,
T16FC0096K,EXPORT DEVELOPMENT CANADA (Singapore Branch),Foreign Company Branch,Live Company,26,01,048619,64929,na,export development canada,048619|26|01,2453,foreign_branch,export development canada,Foreign (branch),False,n,unclassified,
T16FC0127F,"EPRI INTERNATIONAL, INC. Singapore Branch",Foreign Company Branch,Live Company,10,01,049145,70101,72105,epri international,049145|10|01,208,foreign_branch,epri international,Foreign (branch),False,n,unclassified,
T16FC0147E,ELEVATE EDUCATION (Singapore Branch),Foreign Company Branch,Live Company,33,03,048581,85509,82303,elevate education,048581|33|03,560,foreign_branch,elevate education,Foreign (branch),False,n,unclassified,
T17FC0066L,ELETTRONICA SPA Singapore Branch,Foreign Company Branch,Live Company,02,02,576151,72102,74111,elettronica spa,576151|02|02,1,foreign_branch,elettronica spa,Foreign (branch),False,n,unclassified,
T17FC0188D,"ESTCHEM CO., LTD. Singapore Branch",Foreign Company Branch,Live Company,35,02A,038988,46641,46649,estchem,038988|35|02A,38,foreign_branch,estchem,Foreign (branch),False,n,unclassified,
T18FC0015F,ELENIX INC. (Singapore Branch),Foreign Company Branch,Live Company,06,21B,737854,27900,na,elenix,737854|06|21B,1,foreign_branch,elenix,Foreign (branch),False,n,unclassified,
T18FC0043G,ENSONO LIMITED (Singapore Branch),Foreign Company Branch,Live Company,26,01,048619,63111,62023,ensono,048619|26|01,2453,foreign_branch,ensono,Foreign (branch),False,n,unclassified,
T18FC0050B,ENEL GLOBAL TRADING S.P.A. Singapore Branch,Foreign Company Branch,Live Company,40,17,049315,66124,na,enel global trading p a,049315|40|17,1,foreign_branch,enel global trading p a,Foreign (branch),False,n,unclassified,
T18FC0093K,ENCOMPASS DIGITAL MEDIA SERVICES LIMITED Singapore Branch,Foreign Company Branch,Live Company,na,na,508984,60100,60200,encompass digital media services,508984|na|na,2,foreign_branch,encompass digital media services,Foreign (branch),False,n,unclassified,
T20FC0009C,"ENZAN KOUBOU CO., LTD. Singapore Branch",Foreign Company Branch,Live Company,02,05,209264,43909,71129,enzan koubou,209264|02|05,1,foreign_branch,enzan koubou,Foreign (branch),False,n,unclassified,
T20FC0053H,"ENERGY METALS, LLC Singapore Branch",Foreign Company Branch,Live Company,12,01,068808,70101,70102,energy metals llc,068808|12|01,541,foreign_branch,energy metals llc,Foreign (branch),False,n,unclassified,
T20FC0065E,EWIE EUROPE LIMITED Singapore Branch,Foreign Company Branch,Live Company,06,06,209000,70209,na,ewie europe,209000|06|06,65,foreign_branch,ewie europe,Foreign (branch),False,n,unclassified,
T20FC0076F,ENI GLOBAL ENERGY MARKETS S.P.A. Singapore Branch,Foreign Company Branch,Live Company,22,03,238873,46900,na,eni global energy markets p a,238873|22|03,1,foreign_branch,eni global energy markets p a,Foreign (branch),False,n,unclassified,
T20FC0077B,ENI TRADE & BIOFUELS S.P.A. Singapore Branch,Foreign Company Branch,Live Company,22,03-08,238873,46610,na,eni trade biofuels p a,238873|22|03-08,2,foreign_branch,eni trade biofuels p a,Foreign (branch),False,n,unclassified,
T21FC0071J,ECOVYST CATALYST TECHNOLOGIES LLC,Foreign Company Branch,Live Company,17,00,048542,20297,na,ecovyst catalyst technologies llc,048542|17|00,132,foreign_branch,ecovyst catalyst technologies llc,Foreign (branch),False,n,unclassified,
T22FC0017D,"ENI ENERGY (SHANGHAI) CO., LTD. (Singapore Branch)",Foreign Company Branch,Live Company,29,01,038989,46610,na,eni energy shanghai,038989|29|01,62,foreign_branch,eni energy shanghai,Foreign (branch),False,n,unclassified,
T22FC0023C,"EVEREST INTERNATIONAL REINSURANCE, LTD. Singapore Branch",Foreign Company Branch,Live Company,10,01,048622,65124,65121,everest international reinsurance,048622|10|01,2,foreign_branch,everest international reinsurance,Foreign (branch),False,n,unclassified,
T23FC0003J,ETG COMMODITIES B.V. Singapore Branch,Foreign Company Branch,Live Company,32,11,079903,46900,64202,etg commodities b v,079903|32|11,5,foreign_branch,etg commodities b v,Foreign (branch),False,n,unclassified,
T23FC0060G,EUROPEAN SOCIETY FOR MEDICAL ONCOLOGY (ESMO) Singapore Branch,Foreign Company Branch,Live Company,11,01,018981,94120,na,european society for medical oncology esmo,018981|11|01,28,foreign_branch,european society for medical oncology esmo,Foreign (branch),False,n,unclassified,
T23FC0069D,EMBRAER CAE TRAINING SERVICES (NL) B.V. (Singapore Branch),Foreign Company Branch,Live Company,na,na,486852,52239,na,embraer cae training services nl b v,486852|na|na,3,foreign_branch,embraer cae training services nl b v,Foreign (branch),False,n,unclassified,
T24FC0003C,EQUATE MARKETING CO. Singapore Branch,Foreign Company Branch,Live Company,20,02,038988,46649,46643,equate marketing,038988|20|02,2,foreign_branch,equate marketing,Foreign (branch),False,n,unclassified,
T24FC0029L,EDGILY TECHNOLOGIES PRIVATE LIMITED (Singapore Branch),Foreign Company Branch,Live Company,04,414,310186,62021,na,edgily technologies,310186|04|414,1,foreign_branch,edgily technologies,Foreign (branch),False,n,unclassified,
T24FC0035K,EKSONS CORPORATION BERHAD (Singapore Branch),Foreign Company Branch,Live Company,03,19,239924,64202,70209,eksons berhad,239924|03|19,1,foreign_branch,eksons berhad,Foreign (branch),False,n,unclassified,
T24FC0071B,EUROCLEAR BANK SA/NV,Foreign Company Branch,Live Company,43,02/03,048948,64130,na,euroclear bank,048948|43|02/03,2,foreign_branch,euroclear bank,Foreign (branch),False,n,unclassified,
T26FC0002F,EXPRESS FREIGHTERS AUSTRALIA PTY LIMITED (Singapore Branch),Foreign Company Branch,Live Company,14,01,048623,51004,na,express freighters australia pty,048623|14|01,27,foreign_branch,express freighters australia pty,Foreign (branch),False,n,unclassified,
T26FC0012L,ENEOS DRILLING LIMITED Singapore Branch,Foreign Company Branch,Live Company,01,06,508986,82999,na,eneos drilling,508986|01|06,2,foreign_branch,eneos drilling,Foreign (branch),False,n,unclassified,
T26FC0034B,ESPERANZA FINTECH (COMMODITIES) LIMITED Singapore Branch,Foreign Company Branch,Live Company,13,02,069538,66123,70102,esperanza fintech commodities,069538|13|02,290,foreign_branch,esperanza fintech commodities,Foreign (branch),False,n,unclassified,
T26FC0046K,"ELECTRIC POWER DEVELOPMENT CO., LTD Singapore Branch",Foreign Company Branch,Live Company,14,01,078881,9002,na,electric power development,078881|14|01,76,foreign_branch,electric power development,Foreign (branch),False,n,unclassified,
S52FC1065L,PT. GARUDA INDONESIA (PERSERO) TBK,Foreign Company Branch,Live Company,B1,22/23,819663,51003,na,pt garuda indonesia persero tbk,819663|B1|22/23,1,foreign_branch,pt garuda indonesia persero tbk,Foreign (branch),False,n,unclassified,
S54FC1114B,P.T PELAYARAN NASIONAL INDONESIA,Foreign Company Branch,Live Company,02,03,098829,52222,na,p t pelayaran nasional indonesia,098829|02|03,2,foreign_branch,p t pelayaran nasional indonesia,Foreign (branch),False,n,unclassified,
S55FC1160D,P.T. BANK NEGARA INDONESIA (PERSERO) TBK,Foreign Company Branch,Live Company,26,01,048622,64120,na,p t bank negara indonesia persero tbk,048622|26|01,2,foreign_branch,p t bank negara indonesia persero tbk,Foreign (branch),False,n,unclassified,
S65FC1678A,PENTA-OCEAN CONSTRUCTION COMPANY LIMITED,Foreign Company Branch,Live Company,13,01,098633,42909,41009,penta ocean construction,098633|13|01,14,foreign_branch,penta ocean construction,Foreign (branch),False,n,unclassified,
S70FC1978G,"PHILIPPINE AIR LINES, INC.",Foreign Company Branch,Live Company,10,02,188307,51003,na,philippine air lines,188307|10|02,1,foreign_branch,philippine air lines,Foreign (branch),False,n,unclassified,
S71FC2085B,PANSAR COMPANY SDN BHD (Singapore Branch),Foreign Company Branch,Live Company,04,02,577185,46900,51001,pansar sdn bhd,577185|04|02,4,foreign_branch,pansar sdn bhd,Foreign (branch),False,n,unclassified,
S74FC2441K,PAKISTAN INTERNATIONAL AIRLINES CORPORATION,Foreign Company Branch,Live Company,05,01,048695,51003,na,pakistan international airlines,048695|05|01,222,foreign_branch,pakistan international airlines,Foreign (branch),False,n,unclassified,
S79FC2767E,PHILIPPINE NATIONAL BANK,Foreign Company Branch,Live Company,03,02/07,238863,64130,na,philippine national bank,238863|03|02/07,1,foreign_branch,philippine national bank,Foreign (branch),False,n,unclassified,
S82FC3113J,PACIFIC CONSTRUCTION CO. LTD.,Foreign Company Branch,Live Company,12,15,079903,41001,68101,pacific construction,079903|12|15,50,foreign_branch,pacific construction,Foreign (branch),False,n,unclassified,
S82FC3195H,PILECON ENGINEERING BERHAD,Foreign Company Branch,Live Company,02,03,389493,42909,na,pilecon engineering berhad,389493|02|03,20,foreign_branch,pilecon engineering berhad,Foreign (branch),False,n,unclassified,
S88FC3893E,"PARTECH, INC.",Foreign Company Branch,Live Company,02,00,068898,62011,62021,partech,068898|02|00,25,foreign_branch,partech,Foreign (branch),False,n,unclassified,
S90FC4111A,"PT.  BIRO KLASIFIKASI INDONESIA (PERSERO), Singapore Branch",Foreign Company Branch,Live Company,24,03,119962,52251,52252,pt biro klasifikasi indonesia persero,119962|24|03,3,foreign_branch,pt biro klasifikasi indonesia persero,Foreign (branch),False,n,unclassified,
S92FC4395F,PT. FREEPORT INDONESIA,Foreign Company Branch,Live Company,26,01,048619,9002,46900,pt freeport indonesia,048619|26|01,2453,foreign_branch,pt freeport indonesia,Foreign (branch),False,n,unclassified,
S92FC4433H,PACIFIC SOWA CORPORATION,Foreign Company Branch,Live Company,16,06,068914,46620,na,pacific sowa,068914|16|06,1,foreign_branch,pacific sowa,Foreign (branch),False,n,unclassified,
S95FC4911J,PT. DAIKIN APPLIED SOLUTIONS INDONESIA Singapore Branch,Foreign Company Branch,Live Company,05,01,238852,28191,46900,pt daikin applied solutions indonesia,238852|05|01,97,foreign_branch,pt daikin applied solutions indonesia,Foreign (branch),False,n,unclassified,
S97FC5457G,PETER CREMER (SINGAPORE) GMBH,Foreign Company Branch,Live Company,11,07,089058,46649,46620,peter cremer,089058|11|07,3,foreign_branch,peter cremer,Foreign (branch),False,n,unclassified,
S99FC5733G,PT BANK MANDIRI (PERSERO) TBK,Foreign Company Branch,Live Company,19,01,018961,64130,na,pt bank mandiri persero tbk,018961|19|01,1,foreign_branch,pt bank mandiri persero tbk,Foreign (branch),False,n,unclassified,
T00FC5826A,"PENNENGINEERING (SINGAPORE), LLC",Foreign Company Branch,Live Company,04,05/06,417939,46900,na,pennengineering llc,417939|04|05/06,1,foreign_branch,pennengineering llc,Foreign (branch),False,n,unclassified,
T00FC5828D,PRINTRONIX SCHWEIZ GMBH,Foreign Company Branch,Live Company,11,22,409051,46511,26209,printronix schweiz,409051|11|22,294,foreign_branch,printronix schweiz,Foreign (branch),False,n,unclassified,
T01FC6031F,PRITHVI INFORMATION SOLUTIONS LIMITED,Foreign Company Branch,Live Company,02,04,329507,62011,62021,prithvi information solutions,329507|02|04,1,foreign_branch,prithvi information solutions,Foreign (branch),False,n,unclassified,
T01FC6133L,"PACIFIC ELECTRIC WIRE & CABLE CO., LTD., Singapore Branch",Foreign Company Branch,Live Company,na,na,629909,46620,na,pacific electric wire cable,629909|na|na,7,foreign_branch,pacific electric wire cable,Foreign (branch),False,n,unclassified,
T01FC6173J,PALTEK CORPORATION (Singapore Branch),Foreign Company Branch,Live Company,16,01,079120,46522,na,paltek,079120|16|01,2,foreign_branch,paltek,Foreign (branch),False,n,unclassified,
T02FC6319H,PETRONAS TRADING CORPORATION SDN. BHD.,Foreign Company Branch,Live Company,31,01,079903,96099,na,petronas trading sdn bhd,079903|31|01,119,foreign_branch,petronas trading sdn bhd,Foreign (branch),False,n,unclassified,
T03FC6362L,PT. LION MENTARI,Foreign Company Branch,Live Company,02,121,819665,51003,na,pt lion mentari,819665|02|121,4,foreign_branch,pt lion mentari,Foreign (branch),False,n,unclassified,
T03FC6478E,"PENINSULA COMPONENTS, INC. (Singapore Branch)",Foreign Company Branch,Live Company,06,21,389838,82999,46900,peninsula components,389838|06|21,2,foreign_branch,peninsula components,Foreign (branch),False,n,unclassified,
T05FC6628E,PSK ASIA INC. (Singapore Branch),Foreign Company Branch,Live Company,04,05,737663,28273,na,psk asia,737663|04|05,1,foreign_branch,psk asia,Foreign (branch),False,n,unclassified,
T05FC6675J,PEACE MARK LIMITED (Singapore Branch),Foreign Company Branch,Live Company,05,01,238852,46900,na,peace mark,238852|05|01,97,foreign_branch,peace mark,Foreign (branch),False,n,unclassified,
T05FC6757D,PT. ADAM SKYCONNECTION AIRLINES (Singapore Branch),Foreign Company Branch,Live Company,na,na,819642,51003,63204,pt adam skyconnection airlines,819642|na|na,2,foreign_branch,pt adam skyconnection airlines,Foreign (branch),False,n,unclassified,
T05FC6785E,"PRECIPIA SYSTEMS, INC (Singapore Branch)",Foreign Company Branch,Live Company,06,01,536985,62021,62011,precipia systems,536985|06|01,2,foreign_branch,precipia systems,Foreign (branch),False,n,unclassified,
T07FC6992C,PASTEL LIMITED (Singapore Branch),Foreign Company Branch,Live Company,07,31,408600,64202,na,pastel,408600|07|31,73,foreign_branch,pastel,Foreign (branch),False,n,unclassified,
T08FC7165L,PRESTO INFO SOLUTIONS PRIVATE LIMITED (Singapore Branch),Foreign Company Branch,Live Company,20,01,068877,62021,61020,presto info solutions,068877|20|01,2520,foreign_branch,presto info solutions,Foreign (branch),False,n,unclassified,
T08FC7181D,PREFERRED TRAVEL GROUP,Foreign Company Branch,Live Company,08,08,238164,70203,na,preferred travel group,238164|08|08,2,foreign_branch,preferred travel group,Foreign (branch),False,n,unclassified,
T08FC7217B,PT. INDONESIA AIRASIA (Singapore Branch),Foreign Company Branch,Live Company,17,05,188979,51001,51001,pt indonesia airasia,188979|17|05,82,foreign_branch,pt indonesia airasia,Foreign (branch),False,n,unclassified,
T08FC7220B,PINSENT MASONS LLP Singapore Branch,Foreign Company Branch,Live Company,32,01,069547,69101,na,pinsent masons,069547|32|01,3,foreign_branch,pinsent masons,Foreign (branch),False,n,unclassified,
T08FC7245C,"PRINCETON ADVISORY GROUP, INC. (Singapore Branch)",Foreign Company Branch,Live Company,26,04,079903,73200,70101,princeton advisory group,079903|26|04,124,foreign_branch,princeton advisory group,Foreign (branch),False,n,unclassified,
T09FC0004G,PRYSMIAN POWERLINK S.R.L. Singapore Branch,Foreign Company Branch,Live Company,na,na,619094,43210,46544,prysmian powerlink r l,619094|na|na,3,foreign_branch,prysmian powerlink r l,Foreign (branch),False,n,unclassified,
T09FC0102F,PRIME SOURCE TECHNOLOGIES PVT LTD (Singapore Branch),Foreign Company Branch,Live Company,10,12,208787,46511,na,prime source technologies pvt,208787|10|12,63,foreign_branch,prime source technologies pvt,Foreign (branch),False,n,unclassified,
T09FC0103B,PROACTIVE DATA SYSTEMS PRIVATE LIMITED Singapore Branch,Foreign Company Branch,Live Company,19,03,179094,46900,62021,proactive data systems,179094|19|03,183,foreign_branch,proactive data systems,Foreign (branch),False,n,unclassified,
T09FC0137A,PRATT & WHITNEY MATERIALS INTERNATIONAL SINGAPORE SARL,Foreign Company Branch,Live Company,na,na,797560,46552,na,pratt whitney materials international sarl,797560|na|na,6,foreign_branch,pratt whitney materials international sarl,Foreign (branch),False,n,unclassified,
T10FC0030G,PT BAKRIE & BROTHERS TBK Singapore Branch,Foreign Company Branch,Live Company,24,03/04,048424,64202,na,pt bakrie brothers tbk,048424|24|03/04,133,foreign_branch,pt bakrie brothers tbk,Foreign (branch),False,n,unclassified,
T10FC0109B,"POSCO ENGINEERING & CONSTRUCTION CO., LTD.",Foreign Company Branch,Live Company,12,01A,069538,42200,na,posco engineering construction,069538|12|01A,95,foreign_branch,posco engineering construction,Foreign (branch),False,n,unclassified,
T10FC0132A,PT. TRAKINDO UTAMA Singapore Branch,Foreign Company Branch,Live Company,05,01,238852,82999,na,pt trakindo utama,238852|05|01,97,foreign_branch,pt trakindo utama,Foreign (branch),False,n,unclassified,
T11FC0154H,PRINGLES INTERNATIONAL OPERATIONS SARL Singapore Branch,Foreign Company Branch,Live Company,10,01,307685,46309,64202,pringles international operations sarl,307685|10|01,2,foreign_branch,pringles international operations sarl,Foreign (branch),False,n,unclassified,
T12FC0031B,PT. NOF MAS CHEMICAL INDUSTRIES Singapore Branch,Foreign Company Branch,Live Company,18,09,079903,70101,70102,pt nof mas chemical industries,079903|18|09,2,foreign_branch,pt nof mas chemical industries,Foreign (branch),False,n,unclassified,
T12FC0101L,PENTAGON SYSTEM & SERVICES PRIVATE LIMITED Singapore Branch,Foreign Company Branch,Live Company,19,03,179094,62090,62021,pentagon system services,179094|19|03,183,foreign_branch,pentagon system services,Foreign (branch),False,n,unclassified,
T12FC0130H,PT. CHITRA PARATAMA Singapore Branch,Foreign Company Branch,Live Company,na,na,608502,82999,na,pt chitra paratama,608502|na|na,14,foreign_branch,pt chitra paratama,Foreign (branch),False,n,unclassified,
T15FC0024L,PARK FIRST LIMITED Singapore Branch,Foreign Company Branch,Live Company,28,01,048424,68101,na,park first,048424|28|01,5,foreign_branch,park first,Foreign (branch),False,n,unclassified,
T15FC0033J,PT SURVEYOR INDONESIA (Singapore Branch),Foreign Company Branch,Live Company,24,03,119962,71200,52252,pt surveyor indonesia,119962|24|03,3,foreign_branch,pt surveyor indonesia,Foreign (branch),False,n,unclassified,
T15FC0039G,PT BANK RAKYAT INDONESIA (PERSERO) TBK Singapore Branch,Foreign Company Branch,Live Company,08,06,049321,64130,na,pt bank rakyat indonesia persero tbk,049321|08|06,1,foreign_branch,pt bank rakyat indonesia persero tbk,Foreign (branch),False,n,unclassified,
T16FC0062L,PWW INTERNATIONAL LTD (Singapore Branch),Foreign Company Branch,Live Company,20,01,068877,64202,na,pww international,068877|20|01,2520,foreign_branch,pww international,Foreign (branch),False,n,unclassified,
T16FC0095C,POWDER SYSTEMS LIMITED (Singapore Branch),Foreign Company Branch,Live Company,08,01,069542,28299,28300,powder systems,069542|08|01,8,foreign_branch,powder systems,Foreign (branch),False,n,unclassified,
T16FC0101J,PETERS ASIA PACIFIC (HONG KONG) LIMITED Singapore Branch,Foreign Company Branch,Live Company,18,21,048619,46900,na,peters asia pacific hong kong,048619|18|21,383,foreign_branch,peters asia pacific hong kong,Foreign (branch),False,n,unclassified,
T16FC0161F,PORTLAND PR LIMITED Singapore Branch,Foreign Company Branch,Live Company,26,01,048619,82999,na,portland pr,048619|26|01,2453,foreign_branch,portland pr,Foreign (branch),False,n,unclassified,
T16FC0163J,"P.M.I. HOLDINGS PETROLEOS ESPANA, S.L. (Singapore Branch)",Foreign Company Branch,Live Company,20,03,039192,70201,na,p m i holdings petroleos espana l,039192|20|03,1,foreign_branch,p m i holdings petroleos espana l,Foreign (branch),False,n,unclassified,
T17FC0003D,PT BATIK AIR INDONESIA (Singapore Branch),Foreign Company Branch,Live Company,02,121,819665,51003,na,pt batik air indonesia,819665|02|121,4,foreign_branch,pt batik air indonesia,Foreign (branch),False,n,unclassified,
T17FC0064H,PHI CAPITAL SERVICES LLP Singapore Branch,Foreign Company Branch,Live Company,10,10,208787,70201,na,phi capital services,208787|10|10,109,foreign_branch,phi capital services,Foreign (branch),False,n,unclassified,
T17FC0085C,PLAZA MIKADO COOPERATIEVE B U.A.,Foreign Company Branch,Live Company,12,01/02,038989,68105,64202,plaza mikado cooperatieve b u a,038989|12|01/02,204,foreign_branch,plaza mikado cooperatieve b u a,Foreign (branch),False,n,unclassified,
T17FC0086K,PLAZA MIKADO IB B.V.,Foreign Company Branch,Live Company,12,01/02,038989,68105,64202,plaza mikado ib b v,038989|12|01/02,204,foreign_branch,plaza mikado ib b v,Foreign (branch),False,n,unclassified,
T17FC0087F,PLAZA MIKADO IIB B.V.,Foreign Company Branch,Live Company,12,01/02,038989,68105,64202,plaza mikado iib b v,038989|12|01/02,204,foreign_branch,plaza mikado iib b v,Foreign (branch),False,n,unclassified,
T17FC0132C,PT. EPIROC SOUTHERN ASIA (Singapore Branch),Foreign Company Branch,Live Company,20,12,608531,71129,46599,pt epiroc southern asia,608531|20|12,3,foreign_branch,pt epiroc southern asia,Foreign (branch),False,n,unclassified,
T18FC0010D,PT. MITRA TELEINFORMATIKA PERKASA (Singapore Branch),Foreign Company Branch,Live Company,09,01,188307,46511,62021,pt mitra teleinformatika perkasa,188307|09|01,4,foreign_branch,pt mitra teleinformatika perkasa,Foreign (branch),False,n,unclassified,
T18FC0012G,PT MEDCO DAYA ABADI LESTARI (Singapore Branch),Foreign Company Branch,Live Company,28,02,048616,64202,46900,pt medco daya abadi lestari,048616|28|02,298,foreign_branch,pt medco daya abadi lestari,Foreign (branch),False,n,unclassified,
T18FC0025L,"PUMYANG E&C CO., LTD (Singapore Branch)",Foreign Company Branch,Live Company,06,152,200809,42100,43121,pumyang e c,200809|06|152,27,foreign_branch,pumyang e c,Foreign (branch),False,n,unclassified,
T18FC0031K,PATERSON SUSTAINABILITY LIMITED (Singapore Branch),Foreign Company Branch,Live Company,04,326,199591,70209,na,paterson sustainability,199591|04|326,116,foreign_branch,paterson sustainability,Foreign (branch),False,n,unclassified,
T18FC0094F,PENTAMASTER TECHNOLOGY (M) SDN. BHD. (Singapore Branch),Foreign Company Branch,Live Company,15,08,068805,28273,na,pentamaster technology m sdn bhd,068805|15|08,35,foreign_branch,pentamaster technology m sdn bhd,Foreign (branch),False,n,unclassified,
T18FC0110F,PT. MULTI WANGI ALAMI Singapore Branch,Foreign Company Branch,Live Company,03,16,159545,46900,70102,pt multi wangi alami,159545|03|16,2,foreign_branch,pt multi wangi alami,Foreign (branch),False,n,unclassified,
T18FC0136C,PLUSGRADE SOLUTIONS APAC ULC Branch Office,Foreign Company Branch,Live Company,26,01,048619,62011,na,plusgrade solutions apac ulc office,048619|26|01,2453,foreign_branch,plusgrade solutions apac ulc office,Foreign (branch),False,n,unclassified,
T18FC0162A,PLATINUM CARGO SERVICES SDN. BHD. (Singapore Branch),Foreign Company Branch,Live Company,19,10A,199589,52292,na,platinum cargo services sdn bhd,199589|19|10A,108,foreign_branch,platinum cargo services sdn bhd,Foreign (branch),False,n,unclassified,
T19FC0007J,"PACIFIC CONSULTANTS CO., LTD. Singapore Branch",Foreign Company Branch,Live Company,16,03A,179101,71129,na,pacific consultants,179101|16|03A,1,foreign_branch,pacific consultants,Foreign (branch),False,n,unclassified,
T19FC0128F,POLISH INVESTMENT AND TRADE AGENCY Branch Office Singapore,Foreign Company Branch,Live Company,13,102,068895,70102,na,polish investment and trade agency office,068895|13|102,1,foreign_branch,polish investment and trade agency office,Foreign (branch),False,n,unclassified,
T20FC0016J,"PROFESSIONAL RENTAL TOOLS, LLC (Singapore Branch)",Foreign Company Branch,Live Company,06,07,018937,9002,na,professional rental tools llc,018937|06|07,409,foreign_branch,professional rental tools llc,Foreign (branch),False,n,unclassified,
T20FC0025G,PETER & KIM,Foreign Company Branch,Live Company,17,01,049909,69101,na,peter kim,049909|17|01,1,foreign_branch,peter kim,Foreign (branch),False,n,unclassified,
T20FC0028F,PARAGON TESTING ENTERPRISES INC. (Singapore Branch),Foreign Company Branch,Live Company,29,07,079903,85609,na,paragon testing enterprises,079903|29|07,110,foreign_branch,paragon testing enterprises,Foreign (branch),False,n,unclassified,
T20FC0084H,PHOENIX INDUSTRIES PTY. LTD. (Singapore Branch),Foreign Company Branch,Live Company,20,01,068877,28122,25992,phoenix industries pty,068877|20|01,2520,foreign_branch,phoenix industries pty,Foreign (branch),False,n,unclassified,
T20FC0102L,PRIME ENERGY MARKETS Singapore Branch,Foreign Company Branch,Live Company,42,98,018960,66129,na,prime energy markets,018960|42|98,1,foreign_branch,prime energy markets,Foreign (branch),False,n,unclassified,
T20FC0110B,PV LUMENS LLP Singapore Branch,Foreign Company Branch,Live Company,02,01,118529,46900,na,pv lumens,118529|02|01,7,foreign_branch,pv lumens,Foreign (branch),False,n,unclassified,
T21FC0031L,PACIFIC LIFE RE INTERNATIONAL LIMITED Singapore Branch,Foreign Company Branch,Live Company,07,01/02,069547,65201,na,pacific life re international,069547|07|01/02,3,foreign_branch,pacific life re international,Foreign (branch),False,n,unclassified,
T21FC0044D,PT EUROKARS PRIMA UTAMA (Singapore Branch),Foreign Company Branch,Live Company,na,na,159147,47311,na,pt eurokars prima utama,159147|na|na,22,foreign_branch,pt eurokars prima utama,Foreign (branch),False,n,unclassified,
T21FC0046G,PQ SALES SERVICE LLC,Foreign Company Branch,Live Company,17,00,048542,70102,na,pq sales service llc,048542|17|00,132,foreign_branch,pq sales service llc,Foreign (branch),False,n,unclassified,
T22FC0072K,PARSAN OVERSEAS Singapore Branch,Foreign Company Branch,Live Company,01,22,737896,71119,70201,parsan overseas,737896|01|22,3,foreign_branch,parsan overseas,Foreign (branch),False,n,unclassified,
T23FC0077F,PHENIX JET CAYMAN SEZC (Singapore Branch),Foreign Company Branch,Live Company,08,10A,238164,51005,70209,phenix jet cayman sezc,238164|08|10A,217,foreign_branch,phenix jet cayman sezc,Foreign (branch),False,n,unclassified,
T24FC0048C,PT CENTRAL DATA TECHNOLOGY Singapore Branch,Foreign Company Branch,Live Company,16,12,079903,46511,46512,pt central data technology,079903|16|12,63,foreign_branch,pt central data technology,Foreign (branch),False,n,unclassified,
T24FC0061H,"POLA CHEMICAL INDUSTRIES, INC. Singapore Branch",Foreign Company Branch,Live Company,06,11,138623,20233,72106,pola chemical industries,138623|06|11,5,foreign_branch,pola chemical industries,Foreign (branch),False,n,unclassified,
T24FC0062D,PEACH AVIATION LIMITED Singapore Branch,Foreign Company Branch,Live Company,02,00,039593,51003,na,peach aviation,039593|02|00,17,foreign_branch,peach aviation,Foreign (branch),False,n,unclassified,
T24FC0072J,PRO360 TECH LIMITED (Singapore Branch),Foreign Company Branch,Live Company,19,18,608526,63201,na,pro360 tech,608526|19|18,497,foreign_branch,pro360 tech,Foreign (branch),False,n,unclassified,
T25FC0049D,PINEAPPLE TECHNOLOGY LTD (Singapore Branch),Foreign Company Branch,Live Company,20,17,679521,62011,na,pineapple technology,679521|20|17,16,foreign_branch,pineapple technology,Foreign (branch),False,n,unclassified,
T25FC0052D,POWERCHINA INTERNATIONAL GROUP LIMITED (Singapore Branch),Foreign Company Branch,Live Company,04,23,609927,42909,71122,powerchina international group,609927|04|23,7,foreign_branch,powerchina international group,Foreign (branch),False,n,unclassified,
T25FC0054G,PETROFAC FACILITIES MANAGEMENT LIMITED Singapore Branch,Foreign Company Branch,Live Company,26,01,048619,71126,na,petrofac facilities management,048619|26|01,2453,foreign_branch,petrofac facilities management,Foreign (branch),False,n,unclassified,
T25FC0056K,PRENAX PTY LTD Singapore Branch,Foreign Company Branch,Live Company,18,21,048619,63909,na,prenax pty,048619|18|21,383,foreign_branch,prenax pty,Foreign (branch),False,n,unclassified,
T25FC0066D,"PLANTEC, INC. (Singapore Branch)",Foreign Company Branch,Live Company,04,01,058267,70201,na,plantec,058267|04|01,55,foreign_branch,plantec,Foreign (branch),False,n,unclassified,
T25FC0067L,PT HELIOS INFORMATIKA NUSANTARA Singapore Branch,Foreign Company Branch,Live Company,04,01,069541,46512,46511,pt helios informatika nusantara,069541|04|01,39,foreign_branch,pt helios informatika nusantara,Foreign (branch),False,n,unclassified,
T26FC0011D,"PKR OFFSHORE CO., LTD (Singapore Branch)",Foreign Company Branch,Live Company,06,13,536464,70206,50021,pkr offshore,536464|06|13,22,foreign_branch,pkr offshore,Foreign (branch),False,n,unclassified,
T26FC0015K,PT EUROKARS ARTHA UTAMA (Singapore Branch),Foreign Company Branch,Live Company,na,na,159147,46561,na,pt eurokars artha utama,159147|na|na,22,foreign_branch,pt eurokars artha utama,Foreign (branch),False,n,unclassified,
T26FC0048B,POWER MOBILE LIFE LLC (Singapore Branch),Foreign Company Branch,Live Company,03,01,238964,63119,62090,power mobile life llc,238964|03|01,29,foreign_branch,power mobile life llc,Foreign (branch),False,n,unclassified,
T26FC0052J,PT TRANSNUSA AVIATION MANDIRI (Singapore Branch),Foreign Company Branch,Live Company,38,04,038986,51003,51004,pt transnusa aviation mandiri,038986|38|04,8,foreign_branch,pt transnusa aviation mandiri,Foreign (branch),False,n,unclassified,
T02FC6325G,XIAMEN AIRLINES SINGAPORE OFFICE,Foreign Company Branch,Live Company,10,04,068902,52231,52239,xiamen airlines office,068902|10|04,1,foreign_branch,xiamen airlines office,Foreign (branch),False,n,unclassified,
T07FC7119J,XL INSURANCE COMPANY SE Singapore Branch,Foreign Company Branch,Live Company,10,01,048946,65124,na,xl insurance se,048946|10|01,4,foreign_branch,xl insurance se,Foreign (branch),False,n,unclassified,
T13FC0089L,XTRALIS HOLDINGS (AUST) PTY LTD Singapore Branch,Foreign Company Branch,Live Company,08,30,569880,26304,na,xtralis holdings aust pty,569880|08|30,6,foreign_branch,xtralis holdings aust pty,Foreign (branch),False,n,unclassified,
T23FC0075C,XL RE EUROPE SE Singapore Branch,Foreign Company Branch,Live Company,10,01,048946,65202,na,xl re europe se,048946|10|01,4,foreign_branch,xl re europe se,Foreign (branch),False,n,unclassified,
T25FC0007C,"XJ POWER CO., LTD. Singapore Branch",Foreign Company Branch,Live Company,23,08,179094,28300,74909,xj power,179094|23|08,4,foreign_branch,xj power,Foreign (branch),False,n,unclassified,
S78FC2702A,ROYAL BRUNEI AIRLINES SDN BHD,Foreign Company Branch,Live Company,B1,67,819643,51001,na,royal brunei airlines sdn bhd,819643|B1|67,1,foreign_branch,royal brunei airlines sdn bhd,Foreign (branch),False,n,unclassified,
S91FC4341C,"RCI ASIA-PACIFIC SINGAPORE, LLC",Foreign Company Branch,Live Company,08,10A,238164,79102,na,rci asia pacific llc,238164|08|10A,217,foreign_branch,rci asia pacific llc,Foreign (branch),False,n,unclassified,
S98FC5659H,ROCKET SOFTWARE TECHNOLOGIES INC Singapore Branch,Foreign Company Branch,Live Company,04,05,486066,47412,46512,rocket software technologies,486066|04|05,74,foreign_branch,rocket software technologies,Foreign (branch),False,n,unclassified,
S99FC5710J,RHB BANK BERHAD,Foreign Company Branch,Live Company,03,00,069531,64120,64201,rhb bank berhad,069531|03|00,3,foreign_branch,rhb bank berhad,Foreign (branch),False,n,unclassified,
T00FC5859D,ROGERS TECHNOLOGIES SINGAPORE INC.,Foreign Company Branch,Live Company,03,04,415979,70102,na,rogers technologies,415979|03|04,3,foreign_branch,rogers technologies,Foreign (branch),False,n,unclassified,
T00FC5968D,"ROLLED ALLOYS SINGAPORE, LTD",Foreign Company Branch,Live Company,02,02,639597,25929,28291,rolled alloys,639597|02|02,1,foreign_branch,rolled alloys,Foreign (branch),False,n,unclassified,
T01FC6022H,RANBAXY (MALAYSIA) SDN. BHD.,Foreign Company Branch,Live Company,21,06,238874,46461,na,ranbaxy malaysia sdn bhd,238874|21|06,127,foreign_branch,ranbaxy malaysia sdn bhd,Foreign (branch),False,n,unclassified,
T02FC6314F,RADISSON HOTELS ASIA PACIFIC PTY LIMITED (Singapore Branch),Foreign Company Branch,Live Company,04,09A,098633,55101,68209,radisson hotels asia pacific pty,098633|04|09A,2,foreign_branch,radisson hotels asia pacific pty,Foreign (branch),False,n,unclassified,
T03FC6331L,RIM INTELLIGENCE CO. Singapore Branch,Foreign Company Branch,Live Company,08,10A,238164,73200,96099,rim intelligence,238164|08|10A,217,foreign_branch,rim intelligence,Foreign (branch),False,n,unclassified,
T03FC6466H,"R.E. LEE INTERNATIONAL ASIA, LLC",Foreign Company Branch,Live Company,03,01,228095,66192,66222,r e lee international asia llc,228095|03|01,489,foreign_branch,r e lee international asia llc,Foreign (branch),False,n,unclassified,
T05FC6647H,RINA HONG KONG LIMITED Singapore Branch,Foreign Company Branch,Live Company,09,12/13,339510,52252,na,rina hong kong,339510|09|12/13,2,foreign_branch,rina hong kong,Foreign (branch),False,n,unclassified,
T05FC6791D,"RAITO KOGYO CO., LTD Singapore Branch",Foreign Company Branch,Live Company,05,15,159836,43121,46639,raito kogyo,159836|05|15,1,foreign_branch,raito kogyo,Foreign (branch),False,n,unclassified,
T08FC7241H,RATIODATA SE (Singapore Branch),Foreign Company Branch,Live Company,21,07,228208,61020,na,ratiodata se,228208|21|07,118,foreign_branch,ratiodata se,Foreign (branch),False,n,unclassified,
T10FC0039D,RICS INTERNATIONAL LIMITED Singapore Branch,Foreign Company Branch,Live Company,14,01,078881,94120,na,rics international,078881|14|01,76,foreign_branch,rics international,Foreign (branch),False,n,unclassified,
T10FC0096B,RATIONALE SKINCARE (ASIA) PTY. LTD. Singapore Branch,Foreign Company Branch,Live Company,03,03,048660,20233,na,rationale skincare asia pty,048660|03|03,5,foreign_branch,rationale skincare asia pty,Foreign (branch),False,n,unclassified,
T10FC0108F,"RE-NEW SYSTEM CO., LTD. Singapore Branch",Foreign Company Branch,Live Company,06,07R,238164,46639,42200,re new system,238164|06|07R,7,foreign_branch,re new system,Foreign (branch),False,n,unclassified,
T12FC0020A,RELIABLE CONTROLS CORPORATION Singapore Branch,Foreign Company Branch,Live Company,33,03,048581,71129,na,reliable controls,048581|33|03,560,foreign_branch,reliable controls,Foreign (branch),False,n,unclassified,
T12FC0034A,REYNOLDS PORTER CHAMBERLAIN LLP,Foreign Company Branch,Live Company,38,04,018982,70209,na,reynolds porter chamberlain,018982|38|04,3,foreign_branch,reynolds porter chamberlain,Foreign (branch),False,n,unclassified,
T12FC0038G,ROX TRADING AND SYSTEMS PRIVATE LIMITED (BRANCH OFFICE SINGAPORE),Foreign Company Branch,Live Company,20,01,068877,46511,na,rox trading and systems office,068877|20|01,2520,foreign_branch,rox trading and systems office,Foreign (branch),False,n,unclassified,
T12FC0136F,ROCK MARKETING MALAYSIA LIMITED Singapore Branch,Foreign Company Branch,Live Company,02,02,388571,46900,46308,rock marketing malaysia,388571|02|02,8,foreign_branch,rock marketing malaysia,Foreign (branch),False,n,unclassified,
T12FC0145D,RSEA ENGINEERING CORPORATION PRIVATIZED 2009 (Singapore Branch),Foreign Company Branch,Live Company,na,na,388510,42200,41001,rsea engineering privatized 2009,388510|na|na,5,foreign_branch,rsea engineering privatized 2009,Foreign (branch),False,n,unclassified,
T13FC0050K,RENAISSANCE REINSURANCE LTD. (Singapore Branch),Foreign Company Branch,Live Company,11,02,049321,65202,na,renaissance reinsurance,049321|11|02,2,foreign_branch,renaissance reinsurance,Foreign (branch),False,n,unclassified,
T14FC0013E,ROHDE NIELSEN A/S (Singapore Branch),Foreign Company Branch,Live Company,11,01,068877,42903,na,rohde nielsen a,068877|11|01,125,foreign_branch,rohde nielsen a,Foreign (branch),False,n,unclassified,
T14FC0038F,REDINGTON LIMITED Singapore Branch,Foreign Company Branch,Live Company,04,26,117439,82999,na,redington,117439|04|26,2,foreign_branch,redington,Foreign (branch),False,n,unclassified,
T14FC0141H,RAMBOLL DANMARK A/S (Singapore Branch),Foreign Company Branch,Live Company,na,na,069920,70209,74199,ramboll danmark a,069920|na|na,6,foreign_branch,ramboll danmark a,Foreign (branch),False,n,unclassified,
T14FC0148B,RAMSAY HEALTH CARE (UK) LIMITED Singapore Branch,Foreign Company Branch,Live Company,15,01,048547,64202,na,ramsay health care uk,048547|15|01,81,foreign_branch,ramsay health care uk,Foreign (branch),False,n,unclassified,
T15FC0021A,ROYAL ASIAN CRUISE LINE INC. (Singapore Branch),Foreign Company Branch,Live Company,na,na,218020,50011,63204,royal asian cruise line,218020|na|na,3,foreign_branch,royal asian cruise line,Foreign (branch),False,n,unclassified,
T16FC0061D,RWDI ANEMOS LIMITED (Singapore Branch),Foreign Company Branch,Live Company,10,01,068808,71125,na,rwdi anemos,068808|10|01,170,foreign_branch,rwdi anemos,Foreign (branch),False,n,unclassified,
T16FC0112K,R&A GROUP SERVICES LIMITED (Singapore Branch),Foreign Company Branch,Live Company,na,na,099892,93120,na,r a group services,099892|na|na,6,foreign_branch,r a group services,Foreign (branch),False,n,unclassified,
T16FC0175F,RASA CORPORATION Singapore Branch,Foreign Company Branch,Live Company,06,01,069542,46900,na,rasa,069542|06|01,53,foreign_branch,rasa,Foreign (branch),False,n,unclassified,
T17FC0041K,REALTIME TECHSOLUTIONS PVT LTD (Singapore Branch),Foreign Company Branch,Live Company,05,23,228149,46900,na,realtime techsolutions pvt,228149|05|23,3,foreign_branch,realtime techsolutions pvt,Foreign (branch),False,n,unclassified,
T18FC0045K,RM EDUCATION LTD (Singapore Branch),Foreign Company Branch,Live Company,26,01,048619,62090,na,rm education,048619|26|01,2453,foreign_branch,rm education,Foreign (branch),False,n,unclassified,
T18FC0120L,"REAL-TIME INNOVATIONS INTERNATIONAL, LLC Singapore Branch",Foreign Company Branch,Live Company,12,01,068808,62023,na,real time innovations international llc,068808|12|01,541,foreign_branch,real time innovations international llc,Foreign (branch),False,n,unclassified,
T18FC0139B,RASHI PERIPHERALS LIMITED Singapore Branch,Foreign Company Branch,Live Company,02,01,118529,46900,na,rashi peripherals,118529|02|01,7,foreign_branch,rashi peripherals,Foreign (branch),False,n,unclassified,
T18FC0156B,"RISK AND INSURANCE MANAGEMENT SOCIETY, INC. Singapore Branch",Foreign Company Branch,Live Company,18,00,048542,70101,94999,risk and insurance management society,048542|18|00,14,foreign_branch,risk and insurance management society,Foreign (branch),False,n,unclassified,
T20FC0024L,RED WING SHOE B.V. Singapore Branch,Foreign Company Branch,Live Company,10,01,069536,64202,46414,red wing shoe b v,069536|10|01,159,foreign_branch,red wing shoe b v,Foreign (branch),False,n,unclassified,
T22FC0022G,RHONE MA MALAYSIA Singapore Branch,Foreign Company Branch,Live Company,14,07,098632,46592,46461,rhone ma malaysia,098632|14|07,409,foreign_branch,rhone ma malaysia,Foreign (branch),False,n,unclassified,
T22FC0052L,RED EYE MANAGEMENT SINGAPORE LLC (Singapore Branch),Foreign Company Branch,Live Company,18,01,068804,70201,na,red eye management llc,068804|18|01,147,foreign_branch,red eye management llc,Foreign (branch),False,n,unclassified,
T22FC0084G,REDWOOD F (SINGAPORE) LIMITED (Singapore Branch),Foreign Company Branch,Live Company,15,01/02,048623,64994,na,redwood f,048623|15|01/02,11,foreign_branch,redwood f,Foreign (branch),False,n,unclassified,
T23FC0027C,RITAG RITTERHUDER ARMATUREN GMBH Singapore Branch,Foreign Company Branch,Live Company,12,119,530943,70201,na,ritag ritterhuder armaturen,530943|12|119,1,foreign_branch,ritag ritterhuder armaturen,Foreign (branch),False,n,unclassified,
T23FC0042L,RB & MANON BUSINESS LIMITED Singapore Branch,Foreign Company Branch,Live Company,13,02,069538,46900,na,rb manon business,069538|13|02,290,foreign_branch,rb manon business,Foreign (branch),False,n,unclassified,
T23FC0070A,RBB ECONOMICS SINGAPORE LLP Singapore Branch,Foreign Company Branch,Live Company,39,00,018983,70201,na,rbb economics,018983|39|00,117,foreign_branch,rbb economics,Foreign (branch),False,n,unclassified,
T25FC0024C,"RGA GLOBAL REINSURANCE COMPANY, LTD. Singapore Branch",Foreign Company Branch,Live Company,05,03/04,038985,65201,na,rga global reinsurance,038985|05|03/04,2,foreign_branch,rga global reinsurance,Foreign (branch),False,n,unclassified,
T25FC0030B,RESKILL CORP. Singapore Branch,Foreign Company Branch,Live Company,04,23,409051,85505,na,reskill,409051|04|23,68,foreign_branch,reskill,Foreign (branch),False,n,unclassified,
T25FC0039K,"RIOT GAMES SERVICES (SINGAPORE), INC. Singapore Branch",Foreign Company Branch,Live Company,16,07,018937,58201,62012,riot games services,018937|16|07,2,foreign_branch,riot games services,Foreign (branch),False,n,unclassified,
T25FC0073K,REMUS PHARMACEUTICALS (Singapore Branch),Foreign Company Branch,Live Company,19,08,068914,46461,na,remus pharmaceuticals,068914|19|08,197,foreign_branch,remus pharmaceuticals,Foreign (branch),False,n,unclassified,
T26FC0008D,RAILBOOKERS UK TRADING LIMITED (Singapore Branch),Foreign Company Branch,Live Company,03,01,228095,79102,63204,railbookers uk trading,228095|03|01,489,foreign_branch,railbookers uk trading,Foreign (branch),False,n,unclassified,
T26FC0021J,ROVOP LIMITED Singapore Branch,Foreign Company Branch,Live Company,06,20,179098,28181,82999,rovop,179098|06|20,122,foreign_branch,rovop,Foreign (branch),False,n,unclassified,
T26FC0047F,RM EDUCATION ASSESSMENT LTD (Singapore Branch),Foreign Company Branch,Live Company,26,01,048619,62090,85609,rm education assessment,048619|26|01,2453,foreign_branch,rm education assessment,Foreign (branch),False,n,unclassified,
T21FC0043H,1508 LONDON LIMITED,Foreign Company Branch,Live Company,14,05,048693,74191,na,1508 london,048693|14|05,123,foreign_branch,1508 london,Foreign (branch),False,n,unclassified,
T23FC0004E,7 SOLUTIONS B.V. Branch Office Singapore,Foreign Company Branch,Live Company,11,71,737715,46595,na,7 solutions b v office,737715|11|71,1,foreign_branch,7 solutions b v office,Foreign (branch),False,n,unclassified,
T23FC0006H,3R INFOTECH Singapore Branch,Foreign Company Branch,Live Company,02,01,049426,62011,na,3r infotech,049426|02|01,239,foreign_branch,3r infotech,Foreign (branch),False,n,unclassified,
T26FC0050F,"78RESEARCHLAB, INC. Singapore Branch",Foreign Company Branch,Live Company,06,01R,238164,62013,62022,78researchlab,238164|06|01R,11,foreign_branch,78researchlab,Foreign (branch),False,n,unclassified,
T01FC6135C,"YUSHI-SEIHIN CO., LTD., Singapore Branch",Foreign Company Branch,Live Company,10,07,069533,46641,46900,yushi seihin,069533|10|07,1,foreign_branch,yushi seihin,Foreign (branch),False,n,unclassified,
T13FC0183D,"YOSHIKAWA KOGYO CO., LTD. Singapore Branch",Foreign Company Branch,Live Company,10,01,068808,46541,46522,yoshikawa kogyo,068808|10|01,170,foreign_branch,yoshikawa kogyo,Foreign (branch),False,n,unclassified,
T15FC0041L,YTY INDUSTRY SDN. BHD. (Singapore Branch),Foreign Company Branch,Live Company,25,02,079909,21012,na,yty industry sdn bhd,079909|25|02,1,foreign_branch,yty industry sdn bhd,Foreign (branch),False,n,unclassified,
T26FC0003B,YP ZINC Singapore Branch,Foreign Company Branch,Live Company,17,12,189767,46900,70201,yp zinc,189767|17|12,219,foreign_branch,yp zinc,Foreign (branch),False,n,unclassified,
T26FC0055H,YCIH NO.4 CONSTRUCTION Singapore Branch,Foreign Company Branch,Live Company,07,37,408868,41001,43299,ycih no 4 construction,408868|07|37,149,foreign_branch,ycih no 4 construction,Foreign (branch),False,n,unclassified,
S56FC1183G,BANGKOK BANK PUBLIC COMPANY LIMITED,Foreign Company Branch,Live Company,na,na,069546,64120,na,bangkok bank public,069546|na|na,2,foreign_branch,bangkok bank public,Foreign (branch),False,n,unclassified,
S69FC1953D,BANK OF INDIA,Foreign Company Branch,Live Company,01,01,069545,64120,na,bank of india,069545|01|01,1,foreign_branch,bank of india,Foreign (branch),False,n,unclassified,
S83FC3264D,BOSKALIS INTERNATIONAL B. V.,Foreign Company Branch,Live Company,na,na,629356,41009,42901,boskalis international b v,629356|na|na,12,foreign_branch,boskalis international b v,Foreign (branch),False,n,unclassified,
S84FC3387J,BRITISH AIRWAYS PLC,Foreign Company Branch,Live Company,04,45,819642,51003,na,british airways,819642|04|45,1,foreign_branch,british airways,Foreign (branch),False,n,unclassified,
S84FC3481B,"BINGO KYODO KISEN CO., LTD (Singapore Branch)",Foreign Company Branch,Live Company,06,10,128477,52224,52225,bingo kyodo kisen,128477|06|10,1,foreign_branch,bingo kyodo kisen,Foreign (branch),False,n,unclassified,
S88FC3872K,BALDWIN BOYLE GROUP (SINGAPORE) LIMITED (Singapore Branch),Foreign Company Branch,Live Company,na,na,069909,70205,na,baldwin boyle group,069909|na|na,2,foreign_branch,baldwin boyle group,Foreign (branch),False,n,unclassified,
S92FC4495H,"BECHTEL INTERNATIONAL, INC.",Foreign Company Branch,Live Company,03,308,039594,41009,71125,bechtel international,039594|03|308,180,foreign_branch,bechtel international,Foreign (branch),False,n,unclassified,
S94FC4839B,BELDEN CDT INTERNATIONAL INC (Singapore Branch),Foreign Company Branch,Live Company,05,01,556741,70201,na,belden cdt international,556741|05|01,2,foreign_branch,belden cdt international,Foreign (branch),False,n,unclassified,
S94FC4846H,BROWN-FORMAN WORLDWIDE L.L.C.,Foreign Company Branch,Live Company,15,01,048423,46307,na,brown forman worldwide l l c,048423|15|01,1,foreign_branch,brown forman worldwide l l c,Foreign (branch),False,n,unclassified,
S95FC4923F,BANK OF TAIWAN,Foreign Company Branch,Live Company,28,20,048624,64130,na,bank of taiwan,048624|28|20,1,foreign_branch,bank of taiwan,Foreign (branch),False,n,unclassified,
S97FC5339J,BANGKOK AIRWAYS PUBLIC COMPANY LIMITED (Singapore Branch),Foreign Company Branch,Live Company,17,03,048581,51003,na,bangkok airways public,048581|17|03,145,foreign_branch,bangkok airways public,Foreign (branch),False,n,unclassified,
S98FC5597A,BUREAU VERITAS SOLUTIONS MARINE & OFFSHORE SAS (Singapore Branch),Foreign Company Branch,Live Company,03,01,117674,71125,52229,bureau veritas solutions marine offshore sas,117674|03|01,2,foreign_branch,bureau veritas solutions marine offshore sas,Foreign (branch),False,n,unclassified,
S98FC5655B,BALFOUR BEATTY RAIL PROJECTS LIMITED,Foreign Company Branch,Live Company,26,01,048619,30200,na,balfour beatty rail projects,048619|26|01,2453,foreign_branch,balfour beatty rail projects,Foreign (branch),False,n,unclassified,
T05FC6681H,BHP BILLITON MARKETING AG (Singapore Branch),Foreign Company Branch,Live Company,18,01,018983,46620,na,bhp billiton marketing,018983|18|01,4,foreign_branch,bhp billiton marketing,Foreign (branch),False,n,unclassified,
T06FC6861G,BANK OF BARODA,Foreign Company Branch,Live Company,43,01,048616,64130,64130,bank of baroda,048616|43|01,1,foreign_branch,bank of baroda,Foreign (branch),False,n,unclassified,
T06FC6895F,BIRLASOFT LIMITED (Singapore Branch),Foreign Company Branch,Live Company,12,11,409051,62021,46900,birlasoft,409051|12|11,1,foreign_branch,birlasoft,Foreign (branch),False,n,unclassified,
T06FC6929A,BRAINLAB LIMITED (Singapore Branch),Foreign Company Branch,Live Company,10,01,069536,46592,na,brainlab,069536|10|01,159,foreign_branch,brainlab,Foreign (branch),False,n,unclassified,
T07FC7005G,BANK JULIUS BAER & CO. LTD.,Foreign Company Branch,Live Company,28,01,018936,64130,na,bank julius baer,018936|28|01,5,foreign_branch,bank julius baer,Foreign (branch),False,n,unclassified,
T07FC7018L,BEN LINE AGENCIES LIMITED Singapore Branch,Foreign Company Branch,Live Company,13,05,089763,64202,na,ben line agencies,089763|13|05,7,foreign_branch,ben line agencies,Foreign (branch),False,n,unclassified,
T07FC7134F,BGC RADIX ENERGY L.P. Singapore Branch,Foreign Company Branch,Live Company,18,05/06,039192,66124,na,bgc radix energy l p,039192|18|05/06,1,foreign_branch,bgc radix energy l p,Foreign (branch),False,n,unclassified,
T08FC7166G,BIMAN BANGLADESH AIRLINES LIMITED,Foreign Company Branch,Live Company,12,11/12,218108,52231,na,biman bangladesh airlines,218108|12|11/12,1,foreign_branch,biman bangladesh airlines,Foreign (branch),False,n,unclassified,
T08FC7250F,BENOY LIMITED,Foreign Company Branch,Live Company,21,01/04,189720,74199,71112,benoy,189720|21|01/04,1,foreign_branch,benoy,Foreign (branch),False,n,unclassified,
T08FC7253E,"BEIJING URBAN CONSTRUCTION ENGINEERING TENTH CO., LTD. Singapore Branch",Foreign Company Branch,Live Company,06,04,388568,43291,41009,beijing urban construction engineering tenth,388568|06|04,1,foreign_branch,beijing urban construction engineering tenth,Foreign (branch),False,n,unclassified,
T09FC0082L,BARRINGTON JAMES LIMITED Singapore Branch,Foreign Company Branch,Live Company,30,65/67,048623,78104,70201,barrington james,048623|30|65/67,1,foreign_branch,barrington james,Foreign (branch),False,n,unclassified,
T09FC0106A,BUSHY SIGSUG LTD.,Foreign Company Branch,Live Company,05,10,486006,62021,na,bushy sigsug,486006|05|10,2,foreign_branch,bushy sigsug,Foreign (branch),False,n,unclassified,
T09FC0124H,BUSINESS SWEDEN BUSINESS SUPPORT OFFICE AB Singapore Branch,Foreign Company Branch,Live Company,07,01/04,238855,70201,na,business sweden business support office ab,238855|07|01/04,13,foreign_branch,business sweden business support office ab,Foreign (branch),False,n,unclassified,
T10FC0044G,BNA INTERNATIONAL INC. (Singapore Branch),Foreign Company Branch,Live Company,28,00,018989,58190,na,bna international,018989|28|00,321,foreign_branch,bna international,Foreign (branch),False,n,unclassified,
T10FC0082B,"BG LNG TRADING, LLC (Singapore Branch)",Foreign Company Branch,Live Company,07,01,138588,46900,na,bg lng trading llc,138588|07|01,34,foreign_branch,bg lng trading llc,Foreign (branch),False,n,unclassified,
T10FC0087D,BERKLEY INSURANCE COMPANY (Singapore Branch),Foreign Company Branch,Live Company,09,03,048423,65124,65202,berkley insurance,048423|09|03,1,foreign_branch,berkley insurance,Foreign (branch),False,n,unclassified,
T10FC0102H,BENALEC SDN. BHD. Singapore Branch,Foreign Company Branch,Live Company,10,01,188979,42901,42903,benalec sdn bhd,188979|10|01,51,foreign_branch,benalec sdn bhd,Foreign (branch),False,n,unclassified,
T11FC0012E,"BANK J. SAFRA SARASIN LTD, Singapore Branch",Foreign Company Branch,Live Company,25,01,018960,64130,na,bank j safra sarasin,018960|25|01,1,foreign_branch,bank j safra sarasin,Foreign (branch),False,n,unclassified,
T11FC0046D,BENNETT COLEMAN & COMPANY LIMITED Singapore Branch,Foreign Company Branch,Live Company,14,07,098632,58131,na,bennett coleman,098632|14|07,409,foreign_branch,bennett coleman,Foreign (branch),False,n,unclassified,
T11FC0125L,BT (INDIA) PRIVATE LIMITED Singapore Branch,Foreign Company Branch,Live Company,05,01,018936,46521,61020,bt india,018936|05|01,86,foreign_branch,bt india,Foreign (branch),False,n,unclassified,
T12FC0018H,BRINTONS CARPETS LIMITED (Singapore Branch),Foreign Company Branch,Live Company,10,01,068808,13930,na,brintons carpets,068808|10|01,170,foreign_branch,brintons carpets,Foreign (branch),False,n,unclassified,
T12FC0065A,BUNZL RETAIL SERVICES OF HONG KONG LIMITED Branch Office Singapore,Foreign Company Branch,Live Company,13,02,069538,46900,na,bunzl retail services of hong kong office,069538|13|02,290,foreign_branch,bunzl retail services of hong kong office,Foreign (branch),False,n,unclassified,
T12FC0174A,BRIDOR,Foreign Company Branch,Live Company,10,01,068808,82999,na,bridor,068808|10|01,170,foreign_branch,bridor,Foreign (branch),False,n,unclassified,
T12FC0193D,BUSINESS BRAIN SHOWA-OTA. INC Singapore Branch,Foreign Company Branch,Live Company,19,02,069542,70209,na,business brain showa ota,069542|19|02,34,foreign_branch,business brain showa ota,Foreign (branch),False,n,unclassified,
T13FC0114J,BADGER METER EUROPA GMBH (Singapore Branch),Foreign Company Branch,Live Company,10,23,409051,70201,74909,badger meter europa,409051|10|23,2,foreign_branch,badger meter europa,Foreign (branch),False,n,unclassified,
T13FC0118D,BLUE HARP TECHNOLOGIES PRIVATE LIMITED Singapore Branch,Foreign Company Branch,Live Company,33,03,048581,62023,na,blue harp technologies,048581|33|03,560,foreign_branch,blue harp technologies,Foreign (branch),False,n,unclassified,
T13FC0126F,"BNP ASSOCIATES, INC. (Singapore Branch)",Foreign Company Branch,Live Company,04,16,318992,70201,71122,bnp associates,318992|04|16,2,foreign_branch,bnp associates,Foreign (branch),False,n,unclassified,
T14FC0035G,BONHAMS (HONG KONG) LIMITED Singapore Branch,Foreign Company Branch,Live Company,30,03,018982,82991,na,bonhams hong kong,018982|30|03,134,foreign_branch,bonhams hong kong,Foreign (branch),False,n,unclassified,
T14FC0093A,BUNDESLIGA MEDIA GMBH Singapore Branch,Foreign Company Branch,Live Company,03,79,609916,82999,na,bundesliga media,609916|03|79,35,foreign_branch,bundesliga media,Foreign (branch),False,n,unclassified,
T15FC0098H,BROKERTEC EUROPE LIMITED (Singapore Branch),Foreign Company Branch,Live Company,21,01,018983,66122,na,brokertec europe,018983|21|01,6,foreign_branch,brokertec europe,Foreign (branch),False,n,unclassified,
T16FC0116E,"BEIJING URBAN CONSTRUCTION ROAD & BRIDGE GROUP CO., LTD. (Singapore Branch)",Foreign Company Branch,Live Company,12,01A,069538,41001,42100,beijing urban construction road bridge group,069538|12|01A,95,foreign_branch,beijing urban construction road bridge group,Foreign (branch),False,n,unclassified,
T17FC0020D,BIMCO INFORMATIQUE A/S,Foreign Company Branch,Live Company,23,02,189721,70201,94120,bimco informatique a,189721|23|02,742,foreign_branch,bimco informatique a,Foreign (branch),False,n,unclassified,
T17FC0119J,BCS NL COOPERATIEVE U.A.,Foreign Company Branch,Live Company,12,01/02,038989,68105,64202,bcs nl cooperatieve u a,038989|12|01/02,204,foreign_branch,bcs nl cooperatieve u a,Foreign (branch),False,n,unclassified,
T17FC0120F,BCS NL B.V.,Foreign Company Branch,Live Company,12,01/02,038989,68105,64202,bcs nl b v,038989|12|01/02,204,foreign_branch,bcs nl b v,Foreign (branch),False,n,unclassified,
T17FC0141A,BRS FUTURES LIMITED Singapore Branch,Foreign Company Branch,Live Company,26,01,048619,66124,na,brs futures,048619|26|01,2453,foreign_branch,brs futures,Foreign (branch),False,n,unclassified,
T17FC0158L,BOTHAR BORING AND TUNNELLING PTY LTD (Singapore Branch),Foreign Company Branch,Live Company,09,09,737853,42100,42301,bothar boring and tunnelling pty,737853|09|09,2,foreign_branch,bothar boring and tunnelling pty,Foreign (branch),False,n,unclassified,
T17FC0177C,BIRD ELECTRONIC CORPORATION (Singapore Branch),Foreign Company Branch,Live Company,14,07,098632,26511,na,bird electronic,098632|14|07,409,foreign_branch,bird electronic,Foreign (branch),False,n,unclassified,
T18FC0032F,"BDO UNIBANK, INC. (Singapore Branch)",Foreign Company Branch,Live Company,02,06,049705,64130,64130,bdo unibank,049705|02|06,1,foreign_branch,bdo unibank,Foreign (branch),False,n,unclassified,
T18FC0101H,BARINGA CONSULTING LIMITED (Singapore Branch),Foreign Company Branch,Live Company,26,01,048619,70209,na,baringa consulting,048619|26|01,2453,foreign_branch,baringa consulting,Foreign (branch),False,n,unclassified,
T18FC0108B,"BEIJING GLOVIS WAREHOUSING & TRANSPORTATION CO., LTD. (Singapore Branch)",Foreign Company Branch,Live Company,28,11,068914,52292,na,beijing glovis warehousing transportation,068914|28|11,1,foreign_branch,beijing glovis warehousing transportation,Foreign (branch),False,n,unclassified,
T19FC0009A,BUSINESS CONNECTION LTD. (Singapore Branch),Foreign Company Branch,Live Company,33,03,048581,46900,64999,business connection,048581|33|03,560,foreign_branch,business connection,Foreign (branch),False,n,unclassified,
T19FC0057A,BELIMO AUTOMATION MALAYSIA SDN. BHD. Singapore Branch,Foreign Company Branch,Live Company,01,05,349328,46543,47742,belimo automation malaysia sdn bhd,349328|01|05,3,foreign_branch,belimo automation malaysia sdn bhd,Foreign (branch),False,n,unclassified,
T19FC0089H,BINARY GLOBAL LIMITED (Singapore Branch),Foreign Company Branch,Live Company,20,01,068877,46900,na,binary global,068877|20|01,2520,foreign_branch,binary global,Foreign (branch),False,n,unclassified,
T19FC0095G,BANQUE DE FRANCE,Foreign Company Branch,Live Company,33,03,049909,64999,na,banque de france,049909|33|03,1,foreign_branch,banque de france,Foreign (branch),False,n,unclassified,
T19FC0123D,BLUE GLORY HOLDINGS LIMITED (Singapore Branch),Foreign Company Branch,Live Company,11,01,199018,66110,na,blue glory holdings,199018|11|01,220,foreign_branch,blue glory holdings,Foreign (branch),False,n,unclassified,
T20FC0054D,BRASKEM NETHERLANDS B.V. Singapore Branch,Foreign Company Branch,Live Company,18,03A,038988,46643,na,braskem netherlands b v,038988|18|03A,2,foreign_branch,braskem netherlands b v,Foreign (branch),False,n,unclassified,
T20FC0060C,BARTLEY DIRECTORS LTD. (Singapore Branch),Foreign Company Branch,Live Company,14,02-04,049909,70201,na,bartley directors,049909|14|02-04,3,foreign_branch,bartley directors,Foreign (branch),False,n,unclassified,
T20FC0068D,"BITFLYER, INC. (Singapore Branch)",Foreign Company Branch,Live Company,12,318,199591,63901,na,bitflyer,199591|12|318,42,foreign_branch,bitflyer,Foreign (branch),False,n,unclassified,
T20FC0081J,"BEIJING URBAN CONSTRUCTION GROUP CO., LTD. (Singapore Branch)",Foreign Company Branch,Live Company,12,01A,069538,71129,41001,beijing urban construction group,069538|12|01A,95,foreign_branch,beijing urban construction group,Foreign (branch),False,n,unclassified,
T20FC0092K,BIOCATCH LTD. Singapore Branch,Foreign Company Branch,Live Company,06,03,179803,47415,na,biocatch,179803|06|03,72,foreign_branch,biocatch,Foreign (branch),False,n,unclassified,
T20FC0095J,BECURIOU AS Singapore Branch,Foreign Company Branch,Live Company,40,00,049315,79102,79101,becuriou as,049315|40|00,61,foreign_branch,becuriou as,Foreign (branch),False,n,unclassified,
T21FC0003K,"BEIJING UNIONPAY CARD TECHNOLOGY CO., LTD. Singapore Branch",Foreign Company Branch,Live Company,10,01,068808,71200,62022,beijing unionpay card technology,068808|10|01,170,foreign_branch,beijing unionpay card technology,Foreign (branch),False,n,unclassified,
T22FC0010K,BELLETTI E FERRARI S.R.L. Singapore Branch,Foreign Company Branch,Live Company,33,03,048581,25113,28300,belletti e ferrari r l,048581|33|03,560,foreign_branch,belletti e ferrari r l,Foreign (branch),False,n,unclassified,
T23FC0014K,BLENDED INC. Singapore Branch,Foreign Company Branch,Live Company,06,01B,238164,63201,47109,blended,238164|06|01B,16,foreign_branch,blended,Foreign (branch),False,n,unclassified,
T24FC0015L,BRAEMAR SECURITIES LIMITED (Singapore Branch),Foreign Company Branch,Live Company,24,01/02,068898,66124,na,braemar securities,068898|24|01/02,3,foreign_branch,braemar securities,Foreign (branch),False,n,unclassified,
T24FC0020C,BANQUE PICTET & CIE SA Singapore Branch,Foreign Company Branch,Live Company,22,01,018983,64130,na,banque pictet cie,018983|22|01,2,foreign_branch,banque pictet cie,Foreign (branch),False,n,unclassified,
T24FC0054B,BRIGADE ENTERPRISES LIMITED (Singapore Branch),Foreign Company Branch,Live Company,06,09,048619,68101,na,brigade enterprises,048619|06|09,1,foreign_branch,brigade enterprises,Foreign (branch),False,n,unclassified,
T24FC0081G,BIOMASS ENERGY CORPORATION Singapore Branch,Foreign Company Branch,Live Company,14,00,049705,25114,35102,biomass energy,049705|14|00,40,foreign_branch,biomass energy,Foreign (branch),False,n,unclassified,
T24FC0083K,BEAZLEY SECURITY LIMITED Singapore Branch,Foreign Company Branch,Live Company,03,04,048946,62022,na,beazley security,048946|03|04,3,foreign_branch,beazley security,Foreign (branch),False,n,unclassified,
T25FC0015E,BRANDART S.P.A. Singapore Branch,Foreign Company Branch,Live Company,33,03,048581,13990,na,brandart p a,048581|33|03,560,foreign_branch,brandart p a,Foreign (branch),False,n,unclassified,
T25FC0019L,BARTRONICS INDIA LIMITED Branch Office Singapore,Foreign Company Branch,Live Company,23,02,189721,62090,46900,bartronics india office,189721|23|02,742,foreign_branch,bartronics india office,Foreign (branch),False,n,unclassified,
T25FC0065H,BIRLA ESTATES (Singapore Branch),Foreign Company Branch,Live Company,12,07,038987,68101,na,birla estates,038987|12|07,2708,foreign_branch,birla estates,Foreign (branch),False,n,unclassified,
T25FC0068G,BRASKEM NETHERLANDS GREEN B.V. Singapore Branch,Foreign Company Branch,Live Company,18,03A,038988,46643,na,braskem netherlands green b v,038988|18|03A,2,foreign_branch,braskem netherlands green b v,Foreign (branch),False,n,unclassified,
T26FC0005E,BLOOMSBURY PUBLISHING SINGAPORE LIMITED Branch Office,Foreign Company Branch,Live Company,03,01,228095,58110,58132,bloomsbury publishing office,228095|03|01,489,foreign_branch,bloomsbury publishing office,Foreign (branch),False,n,unclassified,
T26FC0019E,BUILD KING (ZENS) ENGINEERING LIMITED Singapore Branch,Foreign Company Branch,Live Company,26,01,048619,42100,42903,build king zens engineering,048619|26|01,2453,foreign_branch,build king zens engineering,Foreign (branch),False,n,unclassified,
T26FC0023A,"BEIJING HUAT CURTAIN WALL ENGINEERING CO., LTD. (Singapore Branch)",Foreign Company Branch,Live Company,09,06,238164,43306,71121,beijing huat curtain wall engineering,238164|09|06,306,foreign_branch,beijing huat curtain wall engineering,Foreign (branch),False,n,unclassified,
T26FC0040A,BOLTRICS PROFESSIONALS B.V.,Foreign Company Branch,Live Company,04,01,068574,62011,na,boltrics professionals b v,068574|04|01,181,foreign_branch,boltrics professionals b v,Foreign (branch),False,n,unclassified,
T26FC0057L,BANK LOMBARD ODIER & CO LTD Singapore Branch,Foreign Company Branch,Live Company,46,02,048619,64140,na,bank lombard odier,048619|46|02,2,foreign_branch,bank lombard odier,Foreign (branch),False,n,unclassified,
T26FC0061G,BUSAN PORT AUTHORITY Singapore Branch,Foreign Company Branch,Live Company,17,12,189767,70101,70201,busan port authority,189767|17|12,219,foreign_branch,busan port authority,Foreign (branch),False,n,unclassified,
S35FC0733C,QANTAS AIRWAYS LIMITED,Foreign Company Branch,Live Company,14,01,048623,51003,na,qantas airways,048623|14|01,27,foreign_branch,qantas airways,Foreign (branch),False,n,unclassified,
S81FC3042K,QOHOCA INVESTMENT LIMITED,Foreign Company Branch,Live Company,29,06,179098,64201,na,qohoca investment,179098|29|06,12,foreign_branch,qohoca investment,Foreign (branch),False,n,unclassified,
T03FC6469G,QATAR AIRWAYS GROUP (Q.C.S.C.),Foreign Company Branch,Live Company,13,04,049483,51001,52233,qatar airways group q c c,049483|13|04,1,foreign_branch,qatar airways group q c c,Foreign (branch),False,n,unclassified,
T10FC0060L,Q88 LLC,Foreign Company Branch,Live Company,15,01,068913,61020,na,q88 llc,068913|15|01,52,foreign_branch,q88 llc,Foreign (branch),False,n,unclassified,
T15FC0137F,QINGDAO BROADEN ELEVATOR COMPANY LIMITED (Singapore Branch),Foreign Company Branch,Live Company,04,53,737714,43291,43299,qingdao broaden elevator,737714|04|53,90,foreign_branch,qingdao broaden elevator,Foreign (branch),False,n,unclassified,
T22FC0042F,QUADRIA CAPITAL FUND III GP (Singapore Branch),Foreign Company Branch,Live Company,03,01,069545,64202,na,quadria capital fund iii gp,069545|03|01,39,foreign_branch,quadria capital fund iii gp,Foreign (branch),False,n,unclassified,
T25FC0020H,QINGDAO RUIYUAN ENGINEERING GROUP (Singapore Branch),Foreign Company Branch,Live Company,04,04,658078,41001,43909,qingdao ruiyuan engineering group,658078|04|04,3,foreign_branch,qingdao ruiyuan engineering group,Foreign (branch),False,n,unclassified,
S77FC2627F,"FIRST COMMERCIAL BANK, LTD.",Foreign Company Branch,Live Company,29,01,068896,64130,na,first commercial bank,068896|29|01,2,foreign_branch,first commercial bank,Foreign (branch),False,n,unclassified,
S83FC3280H,"FUJISASH CO., LTD.",Foreign Company Branch,Live Company,04,01,038987,25111,41009,fujisash,038987|04|01,21,foreign_branch,fujisash,Foreign (branch),False,n,unclassified,
S87FC3728J,"FLUOR DANIEL ENGINEERS & CONSTRUCTORS, LTD.",Foreign Company Branch,Live Company,13,00,068896,71129,41009,fluor daniel engineers constructors,068896|13|00,838,foreign_branch,fluor daniel engineers constructors,Foreign (branch),False,n,unclassified,
S92FC4445E,FARREL ASIA LIMITED,Foreign Company Branch,Live Company,03,01,058710,70101,na,farrel asia,058710|03|01,37,foreign_branch,farrel asia,Foreign (branch),False,n,unclassified,
S92FC4504B,FRANK LTD. (Singapore Branch),Foreign Company Branch,Live Company,18,19,079903,52226,52232,frank,079903|18|19,3,foreign_branch,frank,Foreign (branch),False,n,unclassified,
S94FC4726G,FUJITA CORPORATION (Singapore Branch),Foreign Company Branch,Live Company,10,12,189969,41001,70209,fujita,189969|10|12,5,foreign_branch,fujita,Foreign (branch),False,n,unclassified,
S94FC4826J,"FUJI PRINTING CO., LTD.",Foreign Company Branch,Live Company,07,09,408938,18112,na,fuji printing,408938|07|09,3,foreign_branch,fuji printing,Foreign (branch),False,n,unclassified,
S97FC5273G,FENICS SOFTWARE LIMITED,Foreign Company Branch,Live Company,05,03,039190,82999,na,fenics software,039190|05|03,2,foreign_branch,fenics software,Foreign (branch),False,n,unclassified,
S98FC5566A,FACTSET RESEARCH SYSTEMS INC.,Foreign Company Branch,Live Company,11,01,018961,63119,na,factset research systems,018961|11|01,1009,foreign_branch,factset research systems,Foreign (branch),False,n,unclassified,
S98FC5571D,"FEDDERS INTERNATIONAL, INC. (Singapore Branch)",Foreign Company Branch,Live Company,08,03,188973,82999,na,fedders international,188973|08|03,1,foreign_branch,fedders international,Foreign (branch),False,n,unclassified,
T02FC6313K,FREIGHT MARK (M) SDN. BHD.,Foreign Company Branch,Live Company,13,01,079903,52292,na,freight mark m sdn bhd,079903|13|01,4,foreign_branch,freight mark m sdn bhd,Foreign (branch),False,n,unclassified,
T02FC6320E,FIELDCORE SERVICE SOLUTIONS INTERNATIONAL LLC,Foreign Company Branch,Live Company,10,09,138589,71122,78102,fieldcore service solutions international llc,138589|10|09,10,foreign_branch,fieldcore service solutions international llc,Foreign (branch),False,n,unclassified,
T03FC6423L,"FLEXCON CONVERTING, INC.",Foreign Company Branch,Live Company,14,07,098632,20296,22213,flexcon converting,098632|14|07,409,foreign_branch,flexcon converting,Foreign (branch),False,n,unclassified,
T06FC6835J,FRIENDS PROVIDENT INTERNATIONAL LIMITED (Singapore Branch),Foreign Company Branch,Live Company,17,00,069547,65110,na,friends provident international,069547|17|00,39,foreign_branch,friends provident international,Foreign (branch),False,n,unclassified,
T06FC6848B,FIRST ECONOMIC VENTURES AND TECHNOLOGY GROUP LTD,Foreign Company Branch,Live Company,31,00,049909,64202,46900,first economic ventures and technology group,049909|31|00,3,foreign_branch,first economic ventures and technology group,Foreign (branch),False,n,unclassified,
T07FC7051D,FORCEPOINT OVERSEAS LIMITED Singapore Branch,Foreign Company Branch,Live Company,11,01,018961,47415,62021,forcepoint overseas,018961|11|01,1009,foreign_branch,forcepoint overseas,Foreign (branch),False,n,unclassified,
T07FC7077A,FLIR MARITIME ASIA PTY LTD,Foreign Company Branch,Live Company,09,10,339510,46551,na,flir maritime asia pty,339510|09|10,2,foreign_branch,flir maritime asia pty,Foreign (branch),False,n,unclassified,
T08FC7229K,FUTURE TECHNOLOGY DEVICES INTERNATIONAL LIMITED Singapore Branch,Foreign Company Branch,Live Company,03,06,536464,26129,na,future technology devices international,536464|03|06,1,foreign_branch,future technology devices international,Foreign (branch),False,n,unclassified,
T08FC7273D,FUJIAN CHENGJIAN CONSTRUCTION CORPORATION LIMITED (Singapore Branch),Foreign Company Branch,Live Company,08,29,658077,41009,na,fujian chengjian construction,658077|08|29,1,foreign_branch,fujian chengjian construction,Foreign (branch),False,n,unclassified,
T08FC7275G,FUTURE METALS LLC,Foreign Company Branch,Live Company,03,01,498745,46552,na,future metals llc,498745|03|01,1,foreign_branch,future metals llc,Foreign (branch),False,n,unclassified,
T09FC0107H,FM APPROVALS LLC,Foreign Company Branch,Live Company,03,01,117369,71200,na,fm approvals llc,117369|03|01,2,foreign_branch,fm approvals llc,Foreign (branch),False,n,unclassified,
T10FC0135L,FINNAIR PLC (Singapore Branch),Foreign Company Branch,Live Company,10,37,409051,51003,na,finnair,409051|10|37,1,foreign_branch,finnair,Foreign (branch),False,n,unclassified,
T11FC0053K,FLORES SKY AIRLINES Singapore Branch,Foreign Company Branch,Live Company,na,na,486361,51002,na,flores sky airlines,486361|na|na,1,foreign_branch,flores sky airlines,Foreign (branch),False,n,unclassified,
T12FC0152K,FIRSTMAC LIMITED (Singapore Branch),Foreign Company Branch,Live Company,26,01,048619,64999,na,firstmac,048619|26|01,2453,foreign_branch,firstmac,Foreign (branch),False,n,unclassified,
T12FC0188A,FRONTIER MANAGEMENT INC. Singapore Branch,Foreign Company Branch,Live Company,15,13,048547,70209,na,frontier management,048547|15|13,1,foreign_branch,frontier management,Foreign (branch),False,n,unclassified,
T13FC0006E,FACTORY MUTUAL INSURANCE COMPANY,Foreign Company Branch,Live Company,03,01,117369,66299,na,factory mutual insurance,117369|03|01,2,foreign_branch,factory mutual insurance,Foreign (branch),False,n,unclassified,
T13FC0187K,"FUJITA INDUSTRY CO., LTD. Singapore Branch",Foreign Company Branch,Live Company,13,03,069534,46100,46900,fujita industry,069534|13|03,30,foreign_branch,fujita industry,Foreign (branch),False,n,unclassified,
T14FC0077H,FBD ASIA PACIFIC LIMITED (Singapore Branch),Foreign Company Branch,Live Company,02,01,048616,46900,na,fbd asia pacific,048616|02|01,90,foreign_branch,fbd asia pacific,Foreign (branch),False,n,unclassified,
T14FC0115K,FOSSIL TIME MALAYSIA SDN. BHD. (Singapore Branch),Foreign Company Branch,Live Company,07,10,339510,46429,46900,fossil time malaysia sdn bhd,339510|07|10,2,foreign_branch,fossil time malaysia sdn bhd,Foreign (branch),False,n,unclassified,
T15FC0051E,FLYFIREFLY SDN BHD Singapore Branch,Foreign Company Branch,Live Company,01,03,797405,51003,51001,flyfirefly sdn bhd,797405|01|03,1,foreign_branch,flyfirefly sdn bhd,Foreign (branch),False,n,unclassified,
T15FC0080B,FIREBRAND EXHIBITIONS LIMITED (Singapore Branch),Foreign Company Branch,Live Company,02,02,408868,46900,47742,firebrand exhibitions,408868|02|02,1,foreign_branch,firebrand exhibitions,Foreign (branch),False,n,unclassified,
T15FC0096E,FTSE INTERNATIONAL LIMITED Singapore Branch,Foreign Company Branch,Live Company,28,01,048583,66199,na,ftse international,048583|28|01,5,foreign_branch,ftse international,Foreign (branch),False,n,unclassified,
T15FC0128H,FABRICATORS INTERNATIONAL LIMITED Singapore Branch,Foreign Company Branch,Live Company,18,01,068804,27202,na,fabricators international,068804|18|01,147,foreign_branch,fabricators international,Foreign (branch),False,n,unclassified,
T16FC0067B,FIRST SPONSOR GROUP LIMITED (Singapore Branch),Foreign Company Branch,Live Company,na,na,049031,64202,70201,first sponsor group,049031|na|na,24,foreign_branch,first sponsor group,Foreign (branch),False,n,unclassified,
T16FC0146J,FUND CHANNEL S.A. (Singapore Branch),Foreign Company Branch,Live Company,23,01,048624,66194,na,fund channel a,048624|23|01,1,foreign_branch,fund channel a,Foreign (branch),False,n,unclassified,
T16FC0157K,"FUKUOKA JISHO CO., LTD. Singapore Branch",Foreign Company Branch,Live Company,10,01A,068898,68101,68101,fukuoka jisho,068898|10|01A,72,foreign_branch,fukuoka jisho,Foreign (branch),False,n,unclassified,
T17FC0031E,"FUJI YUSOKI KOGYO CO., LTD Branch Office Singapore",Foreign Company Branch,Live Company,na,na,629636,46599,28169,fuji yusoki kogyo office,629636|na|na,9,foreign_branch,fuji yusoki kogyo office,Foreign (branch),False,n,unclassified,
T17FC0042F,FUZE EUROPE B.V. (Singapore Branch),Foreign Company Branch,Live Company,15,06,188024,61020,na,fuze europe b v,188024|15|06,118,foreign_branch,fuze europe b v,Foreign (branch),False,n,unclassified,
T17FC0167J,FLEXITALLIC UK LTD (Singapore Branch),Foreign Company Branch,Live Company,10,01,049315,46549,na,flexitallic uk,049315|10|01,281,foreign_branch,flexitallic uk,Foreign (branch),False,n,unclassified,
T17FC0184J,FINE & RARE WINES LIMITED Branch Office Singapore,Foreign Company Branch,Live Company,33,00,068809,47220,46307,fine rare wines office,068809|33|00,49,foreign_branch,fine rare wines office,Foreign (branch),False,n,unclassified,
T19FC0050G,FIRSTKIND (SINGAPORE) LTD (Singapore Branch),Foreign Company Branch,Live Company,12,01,068808,46592,na,firstkind,068808|12|01,541,foreign_branch,firstkind,Foreign (branch),False,n,unclassified,
T21FC0085J,FOUR BUNG INDUSTRIES LIMITED Singapore Branch,Foreign Company Branch,Live Company,26,03/04,048946,46900,64202,four bung industries,048946|26|03/04,3,foreign_branch,four bung industries,Foreign (branch),False,n,unclassified,
T22FC0012B,FREEDOMPAY AUSTRALIA PTY LTD Singapore Branch,Foreign Company Branch,Live Company,13,00,068896,66195,na,freedompay australia pty,068896|13|00,838,foreign_branch,freedompay australia pty,Foreign (branch),False,n,unclassified,
T22FC0038K,FILAMENT LIMITED (Singapore Branch),Foreign Company Branch,Live Company,7,00,049481,82303,na,filament,049481|7|00,1,foreign_branch,filament,Foreign (branch),False,n,unclassified,
T23FC0025L,"FLIGHT SAFETY FOUNDATION, INC. (Singapore Branch)",Foreign Company Branch,Live Company,30,03,018982,94999,na,flight safety foundation,018982|30|03,134,foreign_branch,flight safety foundation,Foreign (branch),False,n,unclassified,
T23FC0029F,FEXCO MERCHANT SERVICES LIMITED (Singapore Branch),Foreign Company Branch,Live Company,28,00,018989,70102,na,fexco merchant services,018989|28|00,321,foreign_branch,fexco merchant services,Foreign (branch),False,n,unclassified,
T23FC0078B,FWD LIFE INSURANCE COMPANY (BERMUDA) LIMITED Singapore Branch,Foreign Company Branch,Live Company,18,01,038986,65110,na,fwd life insurance bermuda,038986|18|01,2,foreign_branch,fwd life insurance bermuda,Foreign (branch),False,n,unclassified,
T24FC0030H,FAR EAST FACADE (HONG KONG) LIMITED (Singapore Branch),Foreign Company Branch,Live Company,05,02,556741,43309,na,far east facade hong kong,556741|05|02,2,foreign_branch,far east facade hong kong,Foreign (branch),False,n,unclassified,
T24FC0053F,"FOODIES USA, INC. (Singapore Branch)",Foreign Company Branch,Live Company,14,06,079903,63909,na,foodies usa,079903|14|06,133,foreign_branch,foodies usa,Foreign (branch),False,n,unclassified,
T24FC0059D,FEDERAL TANK LINER CORP. Singapore Branch,Foreign Company Branch,Live Company,05,01A,159086,52241,52292,federal tank liner,159086|05|01A,3,foreign_branch,federal tank liner,Foreign (branch),False,n,unclassified,
T25FC0044B,FUJIAN CHENGJIANTONG CONSTRUCTION ENGINEERING Singapore Branch,Foreign Company Branch,Live Company,10,04,069546,41001,na,fujian chengjiantong construction engineering,069546|10|04,3,foreign_branch,fujian chengjiantong construction engineering,Foreign (branch),False,n,unclassified,
T25FC0063E,FNZ GLOBAL MANAGEMENT LIMITED Singapore Branch,Foreign Company Branch,Live Company,13,03a,068893,62011,na,fnz global management,068893|13|03a,1,foreign_branch,fnz global management,Foreign (branch),False,n,unclassified,
S58FC1253D,"JAPAN AIRLINES CO., LTD. Singapore Branch",Foreign Company Branch,Live Company,04,48,819642,51003,52234,japan airlines,819642|04|48,1,foreign_branch,japan airlines,Foreign (branch),False,n,unclassified,
S71FC2135A,JGC HOLDINGS CORPORATION Singapore Branch,Foreign Company Branch,Live Company,14,81,117372,42909,62021,jgc holdings,117372|14|81,3,foreign_branch,jgc holdings,Foreign (branch),False,n,unclassified,
S73FC2273H,"JIJI PRESS, LTD.",Foreign Company Branch,Live Company,11,01,079912,58131,na,jiji press,079912|11|01,66,foreign_branch,jiji press,Foreign (branch),False,n,unclassified,
S76FC2595J,JFE SHOJI CORPORATION,Foreign Company Branch,Live Company,19,16,079903,46900,na,jfe shoji,079903|19|16,2,foreign_branch,jfe shoji,Foreign (branch),False,n,unclassified,
S90FC4092B,JFE ENGINEERING CORPORATION Singapore Branch,Foreign Company Branch,Live Company,04,03,609930,41001,71121,jfe engineering,609930|04|03,1,foreign_branch,jfe engineering,Foreign (branch),False,n,unclassified,
S93FC4568K,JG CONTAINERS (MALAYSIA) SENDIRIAN BERHAD,Foreign Company Branch,Live Company,15,02/03,049320,23100,na,jg containers malaysia sendirian berhad,049320|15|02/03,1,foreign_branch,jg containers malaysia sendirian berhad,Foreign (branch),False,n,unclassified,
S94FC4690J,"JAPAN DRILLING CO., LTD.",Foreign Company Branch,Live Company,01,06,508986,82999,52292,japan drilling,508986|01|06,2,foreign_branch,japan drilling,Foreign (branch),False,n,unclassified,
S99FC5692F,JOHNSON ELECTRIC WORLD TRADE LIMITED,Foreign Company Branch,Live Company,04,16,117586,46592,na,johnson electric world trade,117586|04|16,2,foreign_branch,johnson electric world trade,Foreign (branch),False,n,unclassified,
T01FC6104C,J.E.T. SEMI-CON. INTERNATIONAL TAIWAN INC. Singapore Branch,Foreign Company Branch,Live Company,14,07,098632,46541,na,j e t semi con international taiwan,098632|14|07,409,foreign_branch,j e t semi con international taiwan,Foreign (branch),False,n,unclassified,
T05FC6657B,JET AIRWAYS (INDIA) LIMITED (Singapore Branch),Foreign Company Branch,Live Company,04,na,819663,51001,na,jet airways india,819663|04|na,1,foreign_branch,jet airways india,Foreign (branch),False,n,unclassified,
T06FC6843L,JETSTAR AIRWAYS PTY LIMITED,Foreign Company Branch,Live Company,14,01,048623,52239,na,jetstar airways pty,048623|14|01,27,foreign_branch,jetstar airways pty,Foreign (branch),False,n,unclassified,
T06FC6906C,"JOINT COMMISSION RESOURCES, INC. Singapore Branch",Foreign Company Branch,Live Company,21,na,039190,94996,na,joint commission resources,039190|21|na,21,foreign_branch,joint commission resources,Foreign (branch),False,n,unclassified,
T08FC7182L,"JANGHO GROUP CO., LTD. Singapore Branch",Foreign Company Branch,Live Company,06,01,349585,43306,46900,jangho group,349585|06|01,2,foreign_branch,jangho group,Foreign (branch),False,n,unclassified,
T09FC0135J,JJ UNION INC. (Singapore Branch),Foreign Company Branch,Live Company,02,03,080334,46444,46100,jj union,080334|02|03,36,foreign_branch,jj union,Foreign (branch),False,n,unclassified,
T10FC0064F,JAMAICA FAR EAST LIMITED Singapore Branch,Foreign Company Branch,Live Company,01,01,486787,51001,na,jamaica far east,486787|01|01,1,foreign_branch,jamaica far east,Foreign (branch),False,n,unclassified,
T10FC0097J,JOHN HOLLAND PTY LTD,Foreign Company Branch,Live Company,13,00,068896,42909,na,john holland pty,068896|13|00,838,foreign_branch,john holland pty,Foreign (branch),False,n,unclassified,
T11FC0069B,"JAPAN LIFE CO., LTD. Branch Office Singapore",Foreign Company Branch,Live Company,08,03,228218,46592,46900,japan life office,228218|08|03,1,foreign_branch,japan life office,Foreign (branch),False,n,unclassified,
T11FC0146F,"JJ UNION PLUS CO., LTD (Singapore Branch)",Foreign Company Branch,Live Company,02,03,080334,46443,na,jj union plus,080334|02|03,36,foreign_branch,jj union plus,Foreign (branch),False,n,unclassified,
T12FC0207L,JACOBI CARBONS AG Singapore Branch,Foreign Company Branch,Live Company,15,10,189969,70101,na,jacobi carbons,189969|15|10,2,foreign_branch,jacobi carbons,Foreign (branch),False,n,unclassified,
T13FC0103H,JAPAN SCIENCE AND TECHNOLOGY AGENCY (JST) Singapore Branch,Foreign Company Branch,Live Company,07,12,138667,72200,na,japan science and technology agency jst,138667|07|12,1,foreign_branch,japan science and technology agency jst,Foreign (branch),False,n,unclassified,
T13FC0115E,JFE SHOJI ELECTRONICS CORPORATION Singapore Branch,Foreign Company Branch,Live Company,19,16,079903,46649,46522,jfe shoji electronics,079903|19|16,2,foreign_branch,jfe shoji electronics,Foreign (branch),False,n,unclassified,
T14FC0018G,JELANY CORPORATION N.V. Singapore Branch,Foreign Company Branch,Live Company,38,01,039192,64202,na,jelany n v,039192|38|01,314,foreign_branch,jelany n v,Foreign (branch),False,n,unclassified,
T14FC0090B,JDR CABLE SYSTEMS LIMITED (Singapore Branch),Foreign Company Branch,Live Company,12,00,018936,71126,71129,jdr cable systems,018936|12|00,149,foreign_branch,jdr cable systems,Foreign (branch),False,n,unclassified,
T16FC0053B,"JOSADA TELECOM, INC. Singapore Branch",Foreign Company Branch,Live Company,23,11,189767,61010,61020,josada telecom,189767|23|11,532,foreign_branch,josada telecom,Foreign (branch),False,n,unclassified,
T17FC0131G,JAIN INTERNATIONAL FOODS LIMITED Singapore Branch,Foreign Company Branch,Live Company,04,08/03,787602,47219,na,jain international foods,787602|04|08/03,1,foreign_branch,jain international foods,Foreign (branch),False,n,unclassified,
T17FC0182F,"JAPAN OIL TRANSPORTATION CO., LTD. Singapore Branch",Foreign Company Branch,Live Company,13,05,089763,70102,70201,japan oil transportation,089763|13|05,7,foreign_branch,japan oil transportation,Foreign (branch),False,n,unclassified,
T18FC0049E,"JUNE CONSTRUCTION CO., LTD (Singapore Branch)",Foreign Company Branch,Live Company,05,09,159471,42100,42901,june construction,159471|05|09,1,foreign_branch,june construction,Foreign (branch),False,n,unclassified,
T18FC0091G,JARING METAL INDUSTRIES SDN. BHD. (Singapore Branch),Foreign Company Branch,Live Company,17,05,188979,38301,na,jaring metal industries sdn bhd,188979|17|05,82,foreign_branch,jaring metal industries sdn bhd,Foreign (branch),False,n,unclassified,
T19FC0008E,"JUNEYAO AIRLINES CO., LTD",Foreign Company Branch,Live Company,13,05A,189721,51003,51001,juneyao airlines,189721|13|05A,1,foreign_branch,juneyao airlines,Foreign (branch),False,n,unclassified,
T19FC0066K,"JEJUAIR, CO., LTD. Singapore Branch",Foreign Company Branch,Live Company,02,129,819665,51003,63204,jejuair,819665|02|129,1,foreign_branch,jejuair,Foreign (branch),False,n,unclassified,
T19FC0129B,"JAPAN PETROLEUM EXPLORATION CO., LTD. Singapore Branch",Foreign Company Branch,Live Company,40,06,049315,35200,73200,japan petroleum exploration,049315|40|06,1,foreign_branch,japan petroleum exploration,Foreign (branch),False,n,unclassified,
T21FC0016C,JETCRAFT GLOBAL (UK) LIMITED Singapore Branch,Foreign Company Branch,Live Company,23,01,188778,46552,na,jetcraft global uk,188778|23|01,211,foreign_branch,jetcraft global uk,Foreign (branch),False,n,unclassified,
T21FC0030D,"JIANGSU PROVINCIAL CONSTRUCTION GROUP CO., LTD. Singapore Branch",Foreign Company Branch,Live Company,04,12,408538,41009,42909,jiangsu provincial construction group,408538|04|12,4,foreign_branch,jiangsu provincial construction group,Foreign (branch),False,n,unclassified,
T22FC0029A,JALAN SULTAN INVESTMENT 1 LIMITED Singapore Branch,Foreign Company Branch,Live Company,19,10,068914,55101,na,jalan sultan investment 1,068914|19|10,300,foreign_branch,jalan sultan investment 1,Foreign (branch),False,n,unclassified,
T22FC0031E,JMI INDUSTRIAL GAS LTD. Singapore Branch,Foreign Company Branch,Live Company,08,06,208787,47762,na,jmi industrial gas,208787|08|06,114,foreign_branch,jmi industrial gas,Foreign (branch),False,n,unclassified,
T23FC0092C,JAN DE NUL NV Singapore Branch,Foreign Company Branch,Live Company,03,03,248373,42901,42903,jan de nul,248373|03|03,2,foreign_branch,jan de nul,Foreign (branch),False,n,unclassified,
T24FC0080L,JACOBI CARBONS AB Singapore Branch,Foreign Company Branch,Live Company,15,10,189969,70101,na,jacobi carbons ab,189969|15|10,2,foreign_branch,jacobi carbons ab,Foreign (branch),False,n,unclassified,
T26FC0042D,JIANGSU HONGSHENG GROUP Singapore Branch,Foreign Company Branch,Live Company,06,63,408868,41009,46900,jiangsu hongsheng group,408868|06|63,8,foreign_branch,jiangsu hongsheng group,Foreign (branch),False,n,unclassified,
T26FC0068A,"JIANGSU HUNING STEEL STRUCTURE & MACHINERY CO.,LTD Singapore Branch",Foreign Company Branch,Live Company,03,4193,760810,41001,41009,jiangsu huning steel structure machinery,760810|03|4193,8,foreign_branch,jiangsu huning steel structure machinery,Foreign (branch),False,n,unclassified,
T01FC6017E,"ZENI LITE BUOY CO., LTD. , Singapore Branch",Foreign Company Branch,Live Company,29,12,079903,46551,71129,zeni lite buoy,079903|29|12,1,foreign_branch,zeni lite buoy,Foreign (branch),False,n,unclassified,
T08FC7283J,"ZHONGDA CONSTRUCTION GROUP CO., LTD. (Singapore Branch)",Foreign Company Branch,Live Company,32,01,048624,41001,na,zhongda construction group,048624|32|01,245,foreign_branch,zhongda construction group,Foreign (branch),False,n,unclassified,
T13FC0129E,ZSC HOLDINGS LIMITED Singapore Branch,Foreign Company Branch,Live Company,13,00,068896,62090,62090,zsc holdings,068896|13|00,838,foreign_branch,zsc holdings,Foreign (branch),False,n,unclassified,
T14FC0130G,ZICO HOLDINGS INC. Singapore Branch,Foreign Company Branch,Live Company,06,03,068896,64202,na,zico holdings,068896|06|03,12,foreign_branch,zico holdings,Foreign (branch),False,n,unclassified,
T16FC0126K,"ZHEJIANG CHENGJIAN CONSTRUCTION GROUP CO.,LTD (Singapore Branch)",Foreign Company Branch,Live Company,04,75,737715,41001,43299,zhejiang chengjian construction group,737715|04|75,9,foreign_branch,zhejiang chengjian construction group,Foreign (branch),False,n,unclassified,
T17FC0012B,"ZEUS INTERNATIONAL,LLC Singapore Branch",Foreign Company Branch,Live Company,17,02,068898,64202,na,zeus international llc,068898|17|02,57,foreign_branch,zeus international llc,Foreign (branch),False,n,unclassified,
T17FC0074B,ZOETIS BELGIUM S.A. (Singapore Branch),Foreign Company Branch,Live Company,01,01,059301,21013,na,zoetis belgium a,059301|01|01,123,foreign_branch,zoetis belgium a,Foreign (branch),False,n,unclassified,
T17FC0170J,ZERO TECHNOLOGIES PTY LTD (Singapore Branch),Foreign Company Branch,Live Company,41,01,048581,62011,na,zero technologies pty,048581|41|01,359,foreign_branch,zero technologies pty,Foreign (branch),False,n,unclassified,
T19FC0002G,"ZHIHENG TECHNOLOGY CO., LTD Singapore Branch",Foreign Company Branch,Live Company,01,06,159554,26512,46900,zhiheng technology,159554|01|06,6,foreign_branch,zhiheng technology,Foreign (branch),False,n,unclassified,
T19FC0013H,"ZHONGQING JIANAN CONSTRUCTION GROUP CO., LTD. (Singapore Branch)",Foreign Company Branch,Live Company,06,06,408868,41001,81300,zhongqing jianan construction group,408868|06|06,12,foreign_branch,zhongqing jianan construction group,Foreign (branch),False,n,unclassified,
T19FC0107L,ZWC MANAGEMENT LIMITED (Singapore Branch),Foreign Company Branch,Live Company,17,01,038985,69201,70201,zwc management,038985|17|01,22,foreign_branch,zwc management,Foreign (branch),False,n,unclassified,
T19FC0134E,ZF AVIATION CAPITAL LIMITED (Singapore Branch),Foreign Company Branch,Live Company,38,04,038986,64202,na,zf aviation capital,038986|38|04,8,foreign_branch,zf aviation capital,Foreign (branch),False,n,unclassified,
T23FC0044C,"ZHEJIANG ETONE SPECIALIZED FOUNDATION ENGINEERING CO., LTD. Singapore Branch",Foreign Company Branch,Live Company,03,32,536465,41001,71112,zhejiang etone specialized foundation engineering,536465|03|32,2,foreign_branch,zhejiang etone specialized foundation engineering,Foreign (branch),False,n,unclassified,
T25FC0079H,"ZHEJIANG ZHONGNAN CONSTRUCTION GROUP CO., LTD. (Singapore Branch)",Foreign Company Branch,Live Company,15,01,068805,42100,41001,zhejiang zhongnan construction group,068805|15|01,2,foreign_branch,zhejiang zhongnan construction group,Foreign (branch),False,n,unclassified,
T26FC0059C,"ZHEJIANG YASHA DECORATION CO., LTD. (Singapore Branch)",Foreign Company Branch,Live Company,23,02,189721,43301,41001,zhejiang yasha decoration,189721|23|02,742,foreign_branch,zhejiang yasha decoration,Foreign (branch),False,n,unclassified,
T26FC0064F,ZSTAR HOLDING LIMITED Singapore Branch,Foreign Company Branch,Live Company,11,55,409051,63111,na,zstar holding,409051|11|55,1,foreign_branch,zstar holding,Foreign (branch),False,n,unclassified,
S48FC0943H,KOTA TRADING COMPANY SENDIRIAN BERHAD,Foreign Company Branch,Live Company,44,01,049513,46100,na,kota trading sendirian berhad,049513|44|01,31,foreign_branch,kota trading sendirian berhad,Foreign (branch),False,n,unclassified,
S50FC1010G,KONINKLIJKE LUCHTVAART MAATSCH APPIJ N. V. (KLM ROYAL DUTCH AIRLINES),Foreign Company Branch,Live Company,05,01,079903,51003,51004,koninklijke luchtvaart maatsch appij n v klm royal dutch airlines,079903|05|01,136,foreign_branch,koninklijke luchtvaart maatsch appij n v klm royal dutch airlines,Foreign (branch),False,n,unclassified,
S53FC1081J,KUALA LUMPUR-SINGAPORE EXPRESS SDN BERHAD,Foreign Company Branch,Live Company,B1,67,058357,49233,na,kuala lumpur express sdn berhad,058357|B1|67,2,foreign_branch,kuala lumpur express sdn berhad,Foreign (branch),False,n,unclassified,
S53FC1105K,KEE HUAT RADIO COMPANY SDN. BERHAD,Foreign Company Branch,Live Company,21,06,238874,47535,na,kee huat radio sdn berhad,238874|21|06,127,foreign_branch,kee huat radio sdn berhad,Foreign (branch),False,n,unclassified,
S60FC1380G,KAH MOTOR COMPANY SDN. BERHAD.,Foreign Company Branch,Live Company,na,na,408651,47311,95301,kah motor sdn berhad,408651|na|na,6,foreign_branch,kah motor sdn berhad,Foreign (branch),False,n,unclassified,
S64FC1626A,KAJIMA CORPORATION,Foreign Company Branch,Live Company,05,15,489690,42100,71121,kajima,489690|05|15,1,foreign_branch,kajima,Foreign (branch),False,n,unclassified,
S73FC2262G,KUWAIT PETROLEUM CORPORATION (FAR EAST) (K.S.C.),Foreign Company Branch,Live Company,28,00,018989,82999,na,kuwait petroleum far east k c,018989|28|00,321,foreign_branch,kuwait petroleum far east k c,Foreign (branch),False,n,unclassified,
S74FC2389G,"KISO-JIBAN CONSULTANTS CO., LTD Singapore Branch",Foreign Company Branch,Live Company,02,00,349320,43121,71124,kiso jiban consultants,349320|02|00,2,foreign_branch,kiso jiban consultants,Foreign (branch),False,n,unclassified,
S74FC2425F,KOKEN BORING MACHINE CO. LTD.,Foreign Company Branch,Live Company,03,01,098829,42909,46411,koken boring machine,098829|03|01,30,foreign_branch,koken boring machine,Foreign (branch),False,n,unclassified,
S74FC2430J,KOREAN AIR LINES COMPANY LIMITED,Foreign Company Branch,Live Company,18,02A,068898,51003,30301,korean air lines,068898|18|02A,2,foreign_branch,korean air lines,Foreign (branch),False,n,unclassified,
S75FC2525B,KLINGER LIMITED,Foreign Company Branch,Live Company,03,03,507085,82999,na,klinger,507085|03|03,3,foreign_branch,klinger,Foreign (branch),False,n,unclassified,
S78FC2739K,KANDENKO CO LTD,Foreign Company Branch,Live Company,06,05,159086,43210,49212,kandenko,159086|06|05,1,foreign_branch,kandenko,Foreign (branch),False,n,unclassified,
S78FC2752D,KOREAN REINSURANCE COMPANY,Foreign Company Branch,Live Company,09,02/03,048424,65202,na,korean reinsurance,048424|09|02/03,1,foreign_branch,korean reinsurance,Foreign (branch),False,n,unclassified,
S81FC2981F,KECK SENG (MALAYSIA) BERHAD,Foreign Company Branch,Live Company,28,00,179098,46900,na,keck seng malaysia berhad,179098|28|00,1,foreign_branch,keck seng malaysia berhad,Foreign (branch),False,n,unclassified,
S81FC3029E,KEPNER-TREGOE SOUTHEAST ASIA LIMITED,Foreign Company Branch,Live Company,04,63,048616,70209,na,kepner tregoe southeast asia,048616|04|63,62,foreign_branch,kepner tregoe southeast asia,Foreign (branch),False,n,unclassified,
S83FC3257J,KINDEN CORPORATION,Foreign Company Branch,Live Company,05,01,339411,43210,na,kinden,339411|05|01,1,foreign_branch,kinden,Foreign (branch),False,n,unclassified,
S83FC3293A,"KURIHARA KOGYO CO., LTD.",Foreign Company Branch,Live Company,03,09/14,609930,42302,41009,kurihara kogyo,609930|03|09/14,1,foreign_branch,kurihara kogyo,Foreign (branch),False,n,unclassified,
S94FC4719A,KLUMPP COATINGS GMBH (Singapore Branch),Foreign Company Branch,Live Company,na,na,639221,20234,na,klumpp coatings,639221|na|na,2,foreign_branch,klumpp coatings,Foreign (branch),False,n,unclassified,
S98FC5546B,KBC BANK N.V.,Foreign Company Branch,Live Company,24,12,189767,64130,64130,kbc bank n v,189767|24|12,1,foreign_branch,kbc bank n v,Foreign (branch),False,n,unclassified,
S99FC5693B,"KIC INTERNATIONAL SALES, INC.",Foreign Company Branch,Live Company,08,14,408571,46592,71129,kic international sales,408571|08|14,1,foreign_branch,kic international sales,Foreign (branch),False,n,unclassified,
T00FC5942G,KANADEVIA CORPORATION (Singapore Branch),Foreign Company Branch,Live Company,12,20,608526,46900,28112,kanadevia,608526|12|20,2,foreign_branch,kanadevia,Foreign (branch),False,n,unclassified,
T02FC6251C,KOENIG & BAUER (SEA) SDN. BHD. (Singapore Branch),Foreign Company Branch,Live Company,08,09,138589,18112,na,koenig bauer sea sdn bhd,138589|08|09,128,foreign_branch,koenig bauer sea sdn bhd,Foreign (branch),False,n,unclassified,
T06FC6839D,"KANSAI PAINT MARINE CO., LTD. Singapore Branch",Foreign Company Branch,Live Company,na,na,637236,20221,46634,kansai paint marine,637236|na|na,2,foreign_branch,kansai paint marine,Foreign (branch),False,n,unclassified,
T06FC6957B,KOTAK MAHINDRA (UK) LIMITED (Singapore Branch),Foreign Company Branch,Live Company,31,01,048581,64999,na,kotak mahindra uk,048581|31|01,1,foreign_branch,kotak mahindra uk,Foreign (branch),False,n,unclassified,
T08FC7266J,KSO SUCOFINDO - SURVEYOR INDONESIA (Singapore Branch),Foreign Company Branch,Live Company,24,03,119962,52291,na,kso sucofindo surveyor indonesia,119962|24|03,3,foreign_branch,kso sucofindo surveyor indonesia,Foreign (branch),False,n,unclassified,
T09FC0027E,KAAR TECHNOLOGIES INDIA PRIVATE LIMITED (Singapore Branch),Foreign Company Branch,Live Company,03,04,208787,62011,62021,kaar technologies india,208787|03|04,116,foreign_branch,kaar technologies india,Foreign (branch),False,n,unclassified,
T10FC0038H,KENNEDYS SINGAPORE LLP,Foreign Company Branch,Live Company,44,01,048624,82999,na,kennedys,048624|44|01,5,foreign_branch,kennedys,Foreign (branch),False,n,unclassified,
T10FC0107K,"KUNIMORI ENGINEERING WORKS CO., LTD. Singapore Branch",Foreign Company Branch,Live Company,13,114,068895,46551,28112,kunimori engineering works,068895|13|114,1,foreign_branch,kunimori engineering works,Foreign (branch),False,n,unclassified,
T11FC0025J,"KOREA MARINE ENGINEERING CO., LTD. Singapore Branch",Foreign Company Branch,Live Company,12,07,038987,28112,46900,korea marine engineering,038987|12|07,2708,foreign_branch,korea marine engineering,Foreign (branch),False,n,unclassified,
T11FC0183E,"KEIHIN KAIHATSU KOGYO CO., LTD. Singapore Branch",Foreign Company Branch,Live Company,06,1014,310163,42903,77330,keihin kaihatsu kogyo,310163|06|1014,2,foreign_branch,keihin kaihatsu kogyo,Foreign (branch),False,n,unclassified,
T12FC0108E,KRC (NZ) LIMITED Singapore Branch,Foreign Company Branch,Live Company,01,04,198785,62011,62021,krc nz,198785|01|04,2,foreign_branch,krc nz,Foreign (branch),False,n,unclassified,
T12FC0138J,"KONAMI GAMING, INC. Singapore Branch",Foreign Company Branch,Live Company,06,07,018937,62011,na,konami gaming,018937|06|07,409,foreign_branch,konami gaming,Foreign (branch),False,n,unclassified,
T12FC0143A,K.I.T. GROUP GMBH Singapore Branch,Foreign Company Branch,Live Company,21,10,228208,82303,na,k i t group,228208|21|10,73,foreign_branch,k i t group,Foreign (branch),False,n,unclassified,
T13FC0095K,KAGA FEI ELECTRONICS PACIFIC ASIA LIMITED Singapore Branch,Foreign Company Branch,Live Company,02,05,536464,46522,na,kaga fei electronics pacific asia,536464|02|05,1,foreign_branch,kaga fei electronics pacific asia,Foreign (branch),False,n,unclassified,
T13FC0153L,KOREAN REGISTER Singapore Branch,Foreign Company Branch,Live Company,23,06/07,049705,52251,71129,korean register,049705|23|06/07,1,foreign_branch,korean register,Foreign (branch),False,n,unclassified,
T13FC0185G,"KUMHO TIRE CO., INC. Singapore Branch",Foreign Company Branch,Live Company,22,05A,079903,46900,73200,kumho tire,079903|22|05A,1,foreign_branch,kumho tire,Foreign (branch),False,n,unclassified,
T14FC0005C,KRIPA TELECOM (Singapore Branch),Foreign Company Branch,Live Company,01,55,408868,43210,na,kripa telecom,408868|01|55,8,foreign_branch,kripa telecom,Foreign (branch),False,n,unclassified,
T14FC0008B,KS-CUBE LTD. (Singapore Branch),Foreign Company Branch,Live Company,12,14,079903,64202,46900,ks cube,079903|12|14,324,foreign_branch,ks cube,Foreign (branch),False,n,unclassified,
T14FC0061E,"KUDER VISIONS UNLIMITED, LLC Branch Office",Foreign Company Branch,Live Company,33,03,048581,70209,62011,kuder visions unlimited llc office,048581|33|03,560,foreign_branch,kuder visions unlimited llc office,Foreign (branch),False,n,unclassified,
T15FC0113A,KOREA VENTURE INVESTMENT CORPORATION Singapore Branch,Foreign Company Branch,Live Company,18,28,039190,70201,na,korea venture investment,039190|18|28,1,foreign_branch,korea venture investment,Foreign (branch),False,n,unclassified,
T15FC0126E,"KOKUYO CO., LTD.",Foreign Company Branch,Live Company,na,na,069713,31009,43301,kokuyo,069713|na|na,3,foreign_branch,kokuyo,Foreign (branch),False,n,unclassified,
T15FC0141B,"KOWA EMORI COMPANY, LTD. Singapore Branch",Foreign Company Branch,Live Company,16,00,049318,46900,na,kowa emori,049318|16|00,5,foreign_branch,kowa emori,Foreign (branch),False,n,unclassified,
T16FC0131B,KINDRIK PARTNERS LIMITED Singapore Branch,Foreign Company Branch,Live Company,15,01,068913,69101,na,kindrik partners,068913|15|01,52,foreign_branch,kindrik partners,Foreign (branch),False,n,unclassified,
T17FC0001A,KSAT GLOBAL AS Singapore Branch,Foreign Company Branch,Live Company,21,06,238874,61010,na,ksat global as,238874|21|06,127,foreign_branch,ksat global as,Foreign (branch),False,n,unclassified,
T17FC0055K,"KANAX CORPORATION., LTD Singapore Branch",Foreign Company Branch,Live Company,na,na,637450,46661,na,kanax,637450|na|na,9,foreign_branch,kanax,Foreign (branch),False,n,unclassified,
T17FC0058J,KINGSPAN INSULATED PANELS PTY LIMITED (Singapore Branch),Foreign Company Branch,Live Company,07,26,149544,46900,43903,kingspan insulated panels pty,149544|07|26,1,foreign_branch,kingspan insulated panels pty,Foreign (branch),False,n,unclassified,
T17FC0063A,KOREA INVESTMENT CORPORATION Singapore Branch,Foreign Company Branch,Live Company,14,08,018960,66309,na,korea investment,018960|14|08,1,foreign_branch,korea investment,Foreign (branch),False,n,unclassified,
T17FC0073F,"KOREA EXCHANGE, INC. Singapore Branch",Foreign Company Branch,Live Company,17,01,018982,66110,na,korea exchange,018982|17|01,126,foreign_branch,korea exchange,Foreign (branch),False,n,unclassified,
T18FC0036A,KABUSHIKI KAISHA TABLECHECK Singapore Branch,Foreign Company Branch,Live Company,08,21,189352,62011,46512,kabushiki kaisha tablecheck,189352|08|21,65,foreign_branch,kabushiki kaisha tablecheck,Foreign (branch),False,n,unclassified,
T18FC0154K,"KUNHWA ENGINEERING & CONSULTING CO., LTD. Singapore Branch",Foreign Company Branch,Live Company,02,01,069116,71121,41009,kunhwa engineering consulting,069116|02|01,38,foreign_branch,kunhwa engineering consulting,Foreign (branch),False,n,unclassified,
T20FC0087G,KIGEN (UK) LIMITED (Singapore Branch),Foreign Company Branch,Live Company,23,11,189767,62011,na,kigen uk,189767|23|11,532,foreign_branch,kigen uk,Foreign (branch),False,n,unclassified,
T21FC0008A,KHAITAN & CO LLP (Singapore Branch),Foreign Company Branch,Live Company,34,02A,048623,69101,na,khaitan,048623|34|02A,3,foreign_branch,khaitan,Foreign (branch),False,n,unclassified,
T21FC0063G,KHFC Singapore Branch,Foreign Company Branch,Live Company,17,01,018982,64999,na,khfc,018982|17|01,126,foreign_branch,khfc,Foreign (branch),False,n,unclassified,
T21FC0083F,"KENT INTERNATIONAL GROUP, INC. Singapore Branch",Foreign Company Branch,Live Company,06,10,179094,70101,70102,kent international group,179094|06|10,2,foreign_branch,kent international group,Foreign (branch),False,n,unclassified,
T23FC0055D,KREDIVO GROUP LTD (Singapore Branch),Foreign Company Branch,Live Company,14,04,188720,64202,na,kredivo group,188720|14|04,4,foreign_branch,kredivo group,Foreign (branch),False,n,unclassified,
T23FC0061C,"KAGOME NISSIN FOODS (H.K.) CO., LIMITED Singapore Branch",Foreign Company Branch,Live Company,na,na,637600,70205,na,kagome nissin foods h k,637600|na|na,2,foreign_branch,kagome nissin foods h k,Foreign (branch),False,n,unclassified,
T23FC0089C,KYOSEI KOGYO JSC (Singapore Branch),Foreign Company Branch,Live Company,05,07,068602,43294,41001,kyosei kogyo jsc,068602|05|07,128,foreign_branch,kyosei kogyo jsc,Foreign (branch),False,n,unclassified,
T24FC0005F,KOHLER ASIA PACIFIC LIMITED Singapore Branch,Foreign Company Branch,Live Company,04,05,089763,46900,70102,kohler asia pacific,089763|04|05,1,foreign_branch,kohler asia pacific,Foreign (branch),False,n,unclassified,
T24FC0057A,KEELVAR SYSTEMS LIMITED (Singapore Branch),Foreign Company Branch,Live Company,07,15,079118,62011,na,keelvar systems,079118|07|15,36,foreign_branch,keelvar systems,Foreign (branch),False,n,unclassified,
T25FC0014J,KOTEC Singapore Branch,Foreign Company Branch,Live Company,16,01A,048946,64999,na,kotec,048946|16|01A,2,foreign_branch,kotec,Foreign (branch),False,n,unclassified,
T25FC0017H,KSS LINE LTD. Singapore Branch,Foreign Company Branch,Live Company,38,06,048581,50021,52222,kss line,048581|38|06,1,foreign_branch,kss line,Foreign (branch),False,n,unclassified,
T25FC0025K,KOBC Singapore Branch,Foreign Company Branch,Live Company,40,02A,018960,64999,na,kobc,018960|40|02A,1,foreign_branch,kobc,Foreign (branch),False,n,unclassified,
T25FC0040G,KINETIC INTERNATIONAL B.V. (Singapore Branch),Foreign Company Branch,Live Company,05,06C,049317,77392,46549,kinetic international b v,049317|05|06C,94,foreign_branch,kinetic international b v,Foreign (branch),False,n,unclassified,
T26FC0004J,K-PEC ILLUME AGGREGATOR GP LIMITED (Singapore Branch),Foreign Company Branch,Live Company,11,01,018961,64202,na,k pec illume aggregator gp,018961|11|01,1009,foreign_branch,k pec illume aggregator gp,Foreign (branch),False,n,unclassified,
T26FC0018J,"KADO CAPITAL MANAGEMENT CO., LTD. Singapore Branch",Foreign Company Branch,Live Company,11,01,079912,66129,na,kado capital management,079912|11|01,66,foreign_branch,kado capital management,Foreign (branch),False,n,unclassified,
T26FC0026L,K-PEC DYNAMO AGGREGATOR GP LIMITED (Singapore Branch),Foreign Company Branch,Live Company,11,01,018961,64202,na,k pec dynamo aggregator gp,018961|11|01,1009,foreign_branch,k pec dynamo aggregator gp,Foreign (branch),False,n,unclassified,
S66FC1777A,OBAYASHI CORPORATION,Foreign Company Branch,Live Company,06,03,408533,41009,42909,obayashi,408533|06|03,8,foreign_branch,obayashi,Foreign (branch),False,n,unclassified,
S94FC4857J,ORIENT NETWORKS (HK) LIMITED Singapore Branch,Foreign Company Branch,Live Company,07,01/12,609927,61010,na,orient networks hk,609927|07|01/12,1,foreign_branch,orient networks hk,Foreign (branch),False,n,unclassified,
S97FC5288C,"OTIS ELEVATOR INTERNATIONAL, INC.",Foreign Company Branch,Live Company,07,01/09,339509,28162,na,otis elevator international,339509|07|01/09,6,foreign_branch,otis elevator international,Foreign (branch),False,n,unclassified,
S97FC5313A,OCEANEERING INTERNATIONAL GMBH,Foreign Company Branch,Live Company,02,01,506817,9002,43299,oceaneering international,506817|02|01,1,foreign_branch,oceaneering international,Foreign (branch),False,n,unclassified,
T00FC5841J,OZU CORPORATION,Foreign Company Branch,Live Company,13,03,069534,46471,17099,ozu,069534|13|03,30,foreign_branch,ozu,Foreign (branch),False,n,unclassified,
T00FC5879C,ODYSSEY REINSURANCE COMPANY,Foreign Company Branch,Live Company,15,21,048619,65202,na,odyssey reinsurance,048619|15|21,1,foreign_branch,odyssey reinsurance,Foreign (branch),False,n,unclassified,
T05FC6680A,ORG TELECOM LIMITED (Singapore Branch),Foreign Company Branch,Live Company,05,64,179098,46521,na,org telecom,179098|05|64,3,foreign_branch,org telecom,Foreign (branch),False,n,unclassified,
T06FC6829K,ORG INFORMATICS LIMITED (Singapore Branch),Foreign Company Branch,Live Company,05,64,179098,46521,na,org informatics,179098|05|64,3,foreign_branch,org informatics,Foreign (branch),False,n,unclassified,
T06FC6915A,OIL SPILL RESPONSE LIMITED,Foreign Company Branch,Live Company,MB,5105,506818,38200,na,oil spill response,506818|MB|5105,1,foreign_branch,oil spill response,Foreign (branch),False,n,unclassified,
T06FC6941K,OAKWOOD ASIA PACIFIC LIMITED,Foreign Company Branch,Live Company,30,01,068912,68102,na,oakwood asia pacific,068912|30|01,741,foreign_branch,oakwood asia pacific,Foreign (branch),False,n,unclassified,
T07FC7048D,"OBJECTIVE SYSTEMS INTEGRATORS, INC. (Singapore Branch)",Foreign Company Branch,Live Company,20,01,068877,63909,na,objective systems integrators,068877|20|01,2520,foreign_branch,objective systems integrators,Foreign (branch),False,n,unclassified,
T08FC7164D,ORACLE CAPAC SERVICES UNLIMITED COMPANY (Singapore Branch),Foreign Company Branch,Live Company,12,na,138522,82999,46511,oracle capac services unlimited,138522|12|na,2,foreign_branch,oracle capac services unlimited,Foreign (branch),False,n,unclassified,
T08FC7243L,O'MELVENY & MYERS LLP Singapore Branch,Foreign Company Branch,Live Company,27,03/04,048623,69101,na,o melveny myers,048623|27|03/04,1,foreign_branch,o melveny myers,Foreign (branch),False,n,unclassified,
T08FC7307K,OKUMURA CORPORATION Singapore Branch,Foreign Company Branch,Live Company,05,06,189650,41001,42100,okumura,189650|05|06,1,foreign_branch,okumura,Foreign (branch),False,n,unclassified,
T10FC0003B,OKUMA TECHNO (THAILAND) LTD. Singapore Branch,Foreign Company Branch,Live Company,na,na,416072,46599,46900,okuma techno thailand,416072|na|na,1,foreign_branch,okuma techno thailand,Foreign (branch),False,n,unclassified,
T11FC0157G,"OVERLAND STORAGE, INC. Branch Office",Foreign Company Branch,Live Company,03,01,179433,62023,62090,overland storage office,179433|03|01,31,foreign_branch,overland storage office,Foreign (branch),False,n,unclassified,
T13FC0021B,ONE ESSEX COURT (SINGAPORE) LIMITED (Singapore Branch),Foreign Company Branch,Live Company,04,14,069120,82999,na,one essex court,069120|04|14,3,foreign_branch,one essex court,Foreign (branch),False,n,unclassified,
T15FC0034E,OMAN AIR S A O C Singapore Branch,Foreign Company Branch,Live Company,07,10,179433,51003,51004,oman air a o c,179433|07|10,33,foreign_branch,oman air a o c,Foreign (branch),False,n,unclassified,
T15FC0050J,"OSAKA EXCHANGE, INC. Singapore Branch",Foreign Company Branch,Live Company,11,02,048581,66110,66110,osaka exchange,048581|11|02,2,foreign_branch,osaka exchange,Foreign (branch),False,n,unclassified,
T15FC0158A,OZONE PROJECTS PRIVATE LIMITED Singapore Branch,Foreign Company Branch,Live Company,09,38,409051,68101,na,ozone projects,409051|09|38,4,foreign_branch,ozone projects,Foreign (branch),False,n,unclassified,
T16FC0015G,ORIENT TECHNOLOGIES LIMITED Singapore Branch,Foreign Company Branch,Live Company,12,07,188979,46511,78104,orient technologies,188979|12|07,105,foreign_branch,orient technologies,Foreign (branch),False,n,unclassified,
T16FC0040J,OTTO BOCK SOUTH EAST ASIA COMPANY LIMITED (Singapore Branch),Foreign Company Branch,Live Company,12,07,188979,70102,na,otto bock south east asia,188979|12|07,105,foreign_branch,otto bock south east asia,Foreign (branch),False,n,unclassified,
T18FC0037H,OQ MARKETING LLC Singapore Branch,Foreign Company Branch,Live Company,05,21,179097,46411,46900,oq marketing llc,179097|05|21,31,foreign_branch,oq marketing llc,Foreign (branch),False,n,unclassified,
T18FC0134L,OMNI BRIDGEWAY (FUND 2) PTY LTD (Singapore Branch),Foreign Company Branch,Live Company,23,01,188778,64999,na,omni bridgeway fund 2 pty,188778|23|01,211,foreign_branch,omni bridgeway fund 2 pty,Foreign (branch),False,n,unclassified,
T18FC0135G,OMNI BRIDGEWAY (FUND 3) PTY LTD (Singapore Branch),Foreign Company Branch,Live Company,23,01,188778,64999,na,omni bridgeway fund 3 pty,188778|23|01,211,foreign_branch,omni bridgeway fund 3 pty,Foreign (branch),False,n,unclassified,
T19FC0039E,OXFORD IMMUNOTEC LIMITED (Singapore Branch),Foreign Company Branch,Live Company,28,00,018989,32501,na,oxford immunotec,018989|28|00,321,foreign_branch,oxford immunotec,Foreign (branch),False,n,unclassified,
T20FC0004A,"ORIENT MARINE CO., LTD. Singapore Branch",Foreign Company Branch,Live Company,31,01,018961,50021,52226,orient marine,018961|31|01,10,foreign_branch,orient marine,Foreign (branch),False,n,unclassified,
T20FC0072L,OERLIKON BALZERS COATING MALAYSIA SDN. BHD. (Singapore Branch),Foreign Company Branch,Live Company,06,01/02,508913,25921,na,oerlikon balzers coating malaysia sdn bhd,508913|06|01/02,2,foreign_branch,oerlikon balzers coating malaysia sdn bhd,Foreign (branch),False,n,unclassified,
T21FC0070B,OPHIR JAGUAR 2 LIMITED,Foreign Company Branch,Live Company,18,01A,018982,64202,na,ophir jaguar 2,018982|18|01A,15,foreign_branch,ophir jaguar 2,Foreign (branch),False,n,unclassified,
T23FC0020J,OCADO CENTRAL SERVICES LIMITED (Singapore Branch),Foreign Company Branch,Live Company,12,01,068808,70102,na,ocado central services,068808|12|01,541,foreign_branch,ocado central services,Foreign (branch),False,n,unclassified,
T23FC0067A,OXALIS CHEMICALS LTD. Singapore Branch,Foreign Company Branch,Live Company,14,04,089763,46641,46643,oxalis chemicals,089763|14|04,6,foreign_branch,oxalis chemicals,Foreign (branch),False,n,unclassified,
T23FC0094F,ORBIT TECHSOL INDIA PRIVATE LIMITED (Singapore Branch),Foreign Company Branch,Live Company,11,53,409051,46900,62090,orbit techsol india,409051|11|53,1162,foreign_branch,orbit techsol india,Foreign (branch),False,n,unclassified,
T24FC0012A,ONETECH SERVICES LIMITED Singapore Branch,Foreign Company Branch,Live Company,05,01,238852,28300,71200,onetech services,238852|05|01,97,foreign_branch,onetech services,Foreign (branch),False,n,unclassified,
T24FC0037B,"OREGON TOOL, INC. Singapore Branch",Foreign Company Branch,Live Company,13,00,068896,70101,na,oregon tool,068896|13|00,838,foreign_branch,oregon tool,Foreign (branch),False,n,unclassified,
T25FC0011K,OYO CORPORATION Singapore Branch,Foreign Company Branch,Live Company,06,07,018937,71129,71124,oyo,018937|06|07,409,foreign_branch,oyo,Foreign (branch),False,n,unclassified,
T26FC0025D,OCTO TELEMATICS S.P.A. (Singapore Branch),Foreign Company Branch,Live Company,20,01,068877,63119,na,octo telematics p a,068877|20|01,2520,foreign_branch,octo telematics p a,Foreign (branch),False,n,unclassified,
T26FC0056D,ORLEN LNG TRADING LIMITED (Singapore Branch),Foreign Company Branch,Live Company,32,00,048619,46610,na,orlen lng trading,048619|32|00,32,foreign_branch,orlen lng trading,Foreign (branch),False,n,unclassified,
S71FC2158K,NIPPON KAIJI KENTEI KYOKAI,Foreign Company Branch,Live Company,05,04,099447,74909,na,nippon kaiji kentei kyokai,099447|05|04,1,foreign_branch,nippon kaiji kentei kyokai,Foreign (branch),False,n,unclassified,
S80FC2868E,NISHIMATSU CONSTRUCTION CO LTD,Foreign Company Branch,Live Company,03,01A,339949,41001,42100,nishimatsu construction,339949|03|01A,3,foreign_branch,nishimatsu construction,Foreign (branch),False,n,unclassified,
S84FC3497E,NEPAL AIRLINES CORPORATION,Foreign Company Branch,Live Company,03,07,189677,52222,na,nepal airlines,189677|03|07,1,foreign_branch,nepal airlines,Foreign (branch),False,n,unclassified,
S85FC3595J,NATWEST MARKETS PLC,Foreign Company Branch,Live Company,23,10,048583,64130,na,natwest markets,048583|23|10,1,foreign_branch,natwest markets,Foreign (branch),False,n,unclassified,
S86FC3711E,NEC NETWORKS & SYSTEM INTEGRATION CORPORATION (Singapore Branch),Foreign Company Branch,Live Company,08,14,409015,63909,43210,nec networks system integration,409015|08|14,1,foreign_branch,nec networks system integration,Foreign (branch),False,n,unclassified,
S87FC3799G,"NIPPON CARGO AIRLINES CO., LTD",Foreign Company Branch,Live Company,04,00,819830,51002,52232,nippon cargo airlines,819830|04|00,1,foreign_branch,nippon cargo airlines,Foreign (branch),False,n,unclassified,
S90FC4151K,"NIHON DENKEI CO., LTD",Foreign Company Branch,Live Company,14,75,658065,46541,na,nihon denkei,658065|14|75,3,foreign_branch,nihon denkei,Foreign (branch),False,n,unclassified,
S94FC4777F,NOVA CHEMICALS (INTERNATIONAL) S.A.,Foreign Company Branch,Live Company,42,00,049909,46643,na,nova chemicals international a,049909|42|00,65,foreign_branch,nova chemicals international a,Foreign (branch),False,n,unclassified,
S95FC4939J,"NISSEI COMPANY, LIMITED (Singapore Branch)",Foreign Company Branch,Live Company,10,07,079903,46900,na,nissei,079903|10|07,1,foreign_branch,nissei,Foreign (branch),False,n,unclassified,
S95FC4944A,"NEOVIA LOGISTICS SERVICES, LLC Singapore Branch",Foreign Company Branch,Live Company,03,01,639532,52292,52101,neovia logistics services llc,639532|03|01,1,foreign_branch,neovia logistics services llc,Foreign (branch),False,n,unclassified,
S98FC5516J,"NITTO KOHKI CO., LTD.",Foreign Company Branch,Live Company,02,12,415978,27900,46900,nitto kohki,415978|02|12,14,foreign_branch,nitto kohki,Foreign (branch),False,n,unclassified,
T00FC5877L,NATIXIS,Foreign Company Branch,Live Company,23,01,068808,64130,64130,natixis,068808|23|01,1,foreign_branch,natixis,Foreign (branch),False,n,unclassified,
T02FC6231D,NIPPON INSTRUMENTS CORPORATION,Foreign Company Branch,Live Company,05,07,068602,26511,96099,nippon instruments,068602|05|07,128,foreign_branch,nippon instruments,Foreign (branch),False,n,unclassified,
T02FC6299B,"NISSIN ION EQUIPMENT CO., LTD.",Foreign Company Branch,Live Company,05,17,419715,28273,na,nissin ion equipment,419715|05|17,1,foreign_branch,nissin ion equipment,Foreign (branch),False,n,unclassified,
T05FC6704B,NEW ANCHOR INVESTMENTS LIMITED,Foreign Company Branch,Live Company,10,01,179803,64202,na,new anchor investments,179803|10|01,11,foreign_branch,new anchor investments,Foreign (branch),False,n,unclassified,
T05FC6733K,NIPSON SAS (Singapore Branch),Foreign Company Branch,Live Company,06,01,069537,62090,na,nipson sas,069537|06|01,1,foreign_branch,nipson sas,Foreign (branch),False,n,unclassified,
T06FC6927J,NOK AIRLINES PUBLIC COMPANY LIMITED (Singapore Branch),Foreign Company Branch,Live Company,14,07,098632,51003,na,nok airlines public,098632|14|07,409,foreign_branch,nok airlines public,Foreign (branch),False,n,unclassified,
T07FC7071C,NORTON ROSE FULBRIGHT (ASIA) LLP,Foreign Company Branch,Live Company,09,09,018937,69101,na,norton rose fulbright asia,018937|09|09,3,foreign_branch,norton rose fulbright asia,Foreign (branch),False,n,unclassified,
T08FC7170C,"NINGBO CONSTRUCTION GROUP CO., LTD. (Singapore Branch)",Foreign Company Branch,Live Company,03,08,659578,41001,na,ningbo construction group,659578|03|08,2,foreign_branch,ningbo construction group,Foreign (branch),False,n,unclassified,
T08FC7192E,NATIONAL AVIATION COMPANY OF INDIA LIMITED (Singapore Branch),Foreign Company Branch,Live Company,10,03/04,079118,51003,na,national aviation of india,079118|10|03/04,1,foreign_branch,national aviation of india,Foreign (branch),False,n,unclassified,
T08FC7210H,"NANJING DADI CONSTRUCTION (GROUP) CO., LTD. Singapore Branch",Foreign Company Branch,Live Company,02,102,520473,42909,41009,nanjing dadi construction group,520473|02|102,1,foreign_branch,nanjing dadi construction group,Foreign (branch),False,n,unclassified,
T08FC7221J,NIKE TRADING COMPANY B.V. Singapore Branch,Foreign Company Branch,Live Company,23,11,189767,46900,na,nike trading b v,189767|23|11,532,foreign_branch,nike trading b v,Foreign (branch),False,n,unclassified,
T08FC7262C,"NANJING MINGLU CONSTRUCTION ENGINEERING CO., LTD. Singapore Branch",Foreign Company Branch,Live Company,06,06,408538,41001,41009,nanjing minglu construction engineering,408538|06|06,2,foreign_branch,nanjing minglu construction engineering,Foreign (branch),False,n,unclassified,
T09FC0038F,"NIHON SHOKKEN HOLDINGS CO., LTD Singapore Branch",Foreign Company Branch,Live Company,04,02,369673,46309,na,nihon shokken holdings,369673|04|02,2,foreign_branch,nihon shokken holdings,Foreign (branch),False,n,unclassified,
T09FC0061E,NORTHSTANDARD LIMITED Branch Office Singapore,Foreign Company Branch,Live Company,10,03,079909,65121,na,northstandard office,079909|10|03,1,foreign_branch,northstandard office,Foreign (branch),False,n,unclassified,
T10FC0042D,NORGES BANK Singapore Branch,Foreign Company Branch,Live Company,27,01,048583,66301,na,norges bank,048583|27|01,1,foreign_branch,norges bank,Foreign (branch),False,n,unclassified,
T10FC0131E,"NTPIA CO., LTD. Singapore Branch",Foreign Company Branch,Live Company,B2,01,018972,41001,46900,ntpia,018972|B2|01,1,foreign_branch,ntpia,Foreign (branch),False,n,unclassified,
T11FC0055B,NETPLACE TECHNOLOGIES PRIVATE LIMITED Singapore Branch,Foreign Company Branch,Live Company,19,04/05,179094,46900,na,netplace technologies,179094|19|04/05,7,foreign_branch,netplace technologies,Foreign (branch),False,n,unclassified,
T11FC0153A,NUOVO PIGNONE INTERNATIONAL S.R.L. Singapore Branch,Foreign Company Branch,Live Company,na,na,629876,28242,27109,nuovo pignone international r l,629876|na|na,4,foreign_branch,nuovo pignone international r l,Foreign (branch),False,n,unclassified,
T11FC0187L,"NIIT (USA), INC. (Singapore Branch)",Foreign Company Branch,Live Company,19,04/05,179094,62090,na,niit usa,179094|19|04/05,7,foreign_branch,niit usa,Foreign (branch),False,n,unclassified,
T13FC0093G,"NOR1, INC. (Singapore Branch)",Foreign Company Branch,Live Company,26,01,048619,62021,na,nor1,048619|26|01,2453,foreign_branch,nor1,Foreign (branch),False,n,unclassified,
T13FC0135D,NAVIOS SHIPMANAGEMENT INC.,Foreign Company Branch,Live Company,04,04,068902,52226,na,navios shipmanagement,068902|04|04,4,foreign_branch,navios shipmanagement,Foreign (branch),False,n,unclassified,
T13FC0178A,NIKKEN SEKKEI LTD Singapore Branch,Foreign Company Branch,Live Company,17,00,069547,70101,71112,nikken sekkei,069547|17|00,39,foreign_branch,nikken sekkei,Foreign (branch),False,n,unclassified,
T13FC0203K,NEDERLANDSE ORGANISATIE VOOR TOEGEPAST NATUURWETENSCHAPPELIJK ONDERZOEK TNO Singapore Branch,Foreign Company Branch,Live Company,09,06,208787,74909,na,nederlandse organisatie voor toegepast natuurwetenschappelijk onderzoek tno,208787|09|06,3,foreign_branch,nederlandse organisatie voor toegepast natuurwetenschappelijk onderzoek tno,Foreign (branch),False,n,unclassified,
T14FC0079L,NEXEN TIRE CORPORATION Singapore Branch,Foreign Company Branch,Live Company,15,09,079903,46900,73200,nexen tire,079903|15|09,6,foreign_branch,nexen tire,Foreign (branch),False,n,unclassified,
T15FC0026C,NATS (SERVICES) LIMITED,Foreign Company Branch,Live Company,04,06,486066,52239,na,nats services,486066|04|06,1,foreign_branch,nats services,Foreign (branch),False,n,unclassified,
T15FC0065E,NATIONAL PETROCHEMICAL INDUSTRIALIZATION MARKETING CO. (Singapore Branch),Foreign Company Branch,Live Company,10,02,238884,9002,28241,national petrochemical industrialization marketing,238884|10|02,5,foreign_branch,national petrochemical industrialization marketing,Foreign (branch),False,n,unclassified,
T15FC0089K,NATIONAL PENSION SERVICE (Singapore Branch),Foreign Company Branch,Live Company,11,05,049321,64202,na,national pension service,049321|11|05,1,foreign_branch,national pension service,Foreign (branch),False,n,unclassified,
T15FC0138B,"NAGAOKA CO., LTD. Singapore Branch",Foreign Company Branch,Live Company,35,02A,038988,20232,na,nagaoka,038988|35|02A,38,foreign_branch,nagaoka,Foreign (branch),False,n,unclassified,
T15FC0139J,NAKA CORPORATION Singapore Branch,Foreign Company Branch,Live Company,na,na,307616,43299,46900,naka,307616|na|na,48,foreign_branch,naka,Foreign (branch),False,n,unclassified,
T15FC0144A,"NEXPA SYSTEM CO., LTD. Singapore Branch",Foreign Company Branch,Live Company,20,06,079118,46512,62021,nexpa system,079118|20|06,1,foreign_branch,nexpa system,Foreign (branch),False,n,unclassified,
T16FC0027D,NIKE GLOBAL TRADING B.V. Singapore Branch,Foreign Company Branch,Live Company,23,11,189767,46900,na,nike global trading b v,189767|23|11,532,foreign_branch,nike global trading b v,Foreign (branch),False,n,unclassified,
T17FC0030J,NOHMI BOSAI LTD. Singapore Branch,Foreign Company Branch,Live Company,06,12,059763,46900,na,nohmi bosai,059763|06|12,1,foreign_branch,nohmi bosai,Foreign (branch),False,n,unclassified,
T17FC0067G,NP1 HONG KONG LIMITED (Singapore Branch),Foreign Company Branch,Live Company,22,03,228208,70201,na,np1 hong kong,228208|22|03,1,foreign_branch,np1 hong kong,Foreign (branch),False,n,unclassified,
T17FC0094A,NOBLE HIGHLANDER UK LTD Singapore Branch,Foreign Company Branch,Live Company,06,01,349562,9002,na,noble highlander uk,349562|06|01,79,foreign_branch,noble highlander uk,Foreign (branch),False,n,unclassified,
T18FC0016B,"NAI COMMUNICATION TECHNOLOGY (SUZHOU) CO., LTD. Singapore Branch",Foreign Company Branch,Live Company,14,07,098632,46544,na,nai communication technology suzhou,098632|14|07,409,foreign_branch,nai communication technology suzhou,Foreign (branch),False,n,unclassified,
T18FC0076K,"NIHON SUIDO CONSULTANTS CO., LTD. Singapore Branch",Foreign Company Branch,Live Company,02,08,608501,71124,26511,nihon suido consultants,608501|02|08,4,foreign_branch,nihon suido consultants,Foreign (branch),False,n,unclassified,
T18FC0082J,NEW ZEALAND POST LIMITED Singapore Branch,Foreign Company Branch,Live Company,02,01,048616,53200,52292,new zealand post,048616|02|01,90,foreign_branch,new zealand post,Foreign (branch),False,n,unclassified,
T18FC0100A,"NISSEI KYOEKI CO., LTD. (Singapore Branch)",Foreign Company Branch,Live Company,20,03,079903,46900,na,nissei kyoeki,079903|20|03,1,foreign_branch,nissei kyoeki,Foreign (branch),False,n,unclassified,
T18FC0127E,NIPPON EXPORT AND INVESTMENT INSURANCE Singapore Branch,Foreign Company Branch,Live Company,16,03A,048581,73200,70201,nippon export and investment insurance,048581|16|03A,1,foreign_branch,nippon export and investment insurance,Foreign (branch),False,n,unclassified,
T18FC0138F,NEWPLOY CO. LTD. Singapore Branch,Foreign Company Branch,Live Company,06,07N,238164,58202,na,newploy,238164|06|07N,6,foreign_branch,newploy,Foreign (branch),False,n,unclassified,
T18FC0153C,NEO DEVELOPERS PRIVATE LIMITED (Singapore Branch),Foreign Company Branch,Live Company,19,08,179094,68101,na,neo developers,179094|19|08,128,foreign_branch,neo developers,Foreign (branch),False,n,unclassified,
T19FC0052K,NEBRAS POWER INVESTMENT MANAGEMENT B.V. (Singapore Branch),Foreign Company Branch,Live Company,26,01,048619,82999,na,nebras power investment management b v,048619|26|01,2453,foreign_branch,nebras power investment management b v,Foreign (branch),False,n,unclassified,
T19FC0068B,N2 TANKERS B.V. (Singapore Branch),Foreign Company Branch,Live Company,10,11/12,237994,52292,52227,n2 tankers b v,237994|10|11/12,25,foreign_branch,n2 tankers b v,Foreign (branch),False,n,unclassified,
T19FC0079C,NOVENCO BUILDING & INDUSTRY A/S (Singapore Branch),Foreign Company Branch,Live Company,33,03,048581,71123,na,novenco building industry a,048581|33|03,560,foreign_branch,novenco building industry a,Foreign (branch),False,n,unclassified,
T19FC0096C,NTT ADVANCED TECHNOLOGY CORPORATION Singapore Branch,Foreign Company Branch,Live Company,12,01,069546,62090,na,ntt advanced technology,069546|12|01,34,foreign_branch,ntt advanced technology,Foreign (branch),False,n,unclassified,
T20FC0007L,NETGEAR INTERNATIONAL LIMITED (Singapore Branch),Foreign Company Branch,Live Company,02,01,179104,52292,na,netgear international,179104|02|01,3,foreign_branch,netgear international,Foreign (branch),False,n,unclassified,
T20FC0056G,NTTF CORPORATION Singapore Branch,Foreign Company Branch,Live Company,02,01,048616,70201,64929,nttf,048616|02|01,90,foreign_branch,nttf,Foreign (branch),False,n,unclassified,
T21FC0012H,NOVA TECHNOLOGY DEVELOPMENT (HONG KONG) LIMITED (Singapore Branch),Foreign Company Branch,Live Company,13,06,068877,61020,na,nova technology development hong kong,068877|13|06,46,foreign_branch,nova technology development hong kong,Foreign (branch),False,n,unclassified,
T22FC0009B,"NISSEI PLASTIC INDUSTRIAL CO., LTD. Singapore Branch",Foreign Company Branch,Live Company,06,06,619775,46900,na,nissei plastic industrial,619775|06|06,1,foreign_branch,nissei plastic industrial,Foreign (branch),False,n,unclassified,
T22FC0071C,NOONANS MAYFAIR LIMITED (Singapore Branch),Foreign Company Branch,Live Company,26,01,048619,82991,na,noonans mayfair,048619|26|01,2453,foreign_branch,noonans mayfair,Foreign (branch),False,n,unclassified,
T23FC0058C,"NIPPON KOEI BUSINESS PARTNERS CO., LTD. Singapore Branch",Foreign Company Branch,Live Company,11,01,018961,70209,na,nippon koei business partners,018961|11|01,1009,foreign_branch,nippon koei business partners,Foreign (branch),False,n,unclassified,
T23FC0063F,NEONICHE INTEGRATED SOLUTIONS PRIVATE LIMITED Singapore Branch,Foreign Company Branch,Live Company,06,02,069542,82302,82303,neoniche integrated solutions,069542|06|02,83,foreign_branch,neoniche integrated solutions,Foreign (branch),False,n,unclassified,
T23FC0072D,"NOHARA GROUP, INC. (Singapore Branch)",Foreign Company Branch,Live Company,22,00,069534,43909,46549,nohara group,069534|22|00,90,foreign_branch,nohara group,Foreign (branch),False,n,unclassified,
T23FC0073L,NINTH DIMENSION IT SOLUTIONS PRIVATE LIMITED (Singapore Branch),Foreign Company Branch,Live Company,24,09,068914,62022,62090,ninth dimension it solutions,068914|24|09,396,foreign_branch,ninth dimension it solutions,Foreign (branch),False,n,unclassified,
T23FC0084A,"NINGBO GRAYSCALE NETWORK TECHNOLOGY CO., LTD. Singapore Branch",Foreign Company Branch,Live Company,28,05/06,189720,62011,62021,ningbo grayscale network technology,189720|28|05/06,294,foreign_branch,ningbo grayscale network technology,Foreign (branch),False,n,unclassified,
T24FC0067F,NATIONAL JET SYSTEMS PTY. LTD. (Singapore Branch),Foreign Company Branch,Live Company,14,01,048623,51003,na,national jet systems pty,048623|14|01,27,foreign_branch,national jet systems pty,Foreign (branch),False,n,unclassified,
T25FC0050A,"NISHIO RENT ALL CO., LTD. Singapore Branch",Foreign Company Branch,Live Company,na,na,629234,77330,na,nishio rent all,629234|na|na,2,foreign_branch,nishio rent all,Foreign (branch),False,n,unclassified,
T25FC0074F,"NANJING GREAT WALL LAND & REAL ESTATE APPRAISAL AND COSTCONSULTING CO., LTD. Singapore Branch",Foreign Company Branch,Live Company,10,04,658066,70201,74909,nanjing great wall land real estate appraisal and costconsulting,658066|10|04,46,foreign_branch,nanjing great wall land real estate appraisal and costconsulting,Foreign (branch),False,n,unclassified,
T26FC0017B,"NIPPON SHOKKEN (THAILAND) CO., LTD. Singapore Branch",Foreign Company Branch,Live Company,04,02,369673,46309,na,nippon shokken thailand,369673|04|02,2,foreign_branch,nippon shokken thailand,Foreign (branch),False,n,unclassified,
T26FC0022E,NIKON PRECISION MALAYSIA SDN. BHD. Singapore Branch,Foreign Company Branch,Live Company,10,38,737853,46541,na,nikon precision malaysia sdn bhd,737853|10|38,1,foreign_branch,nikon precision malaysia sdn bhd,Foreign (branch),False,n,unclassified,
T26FC0060L,NATARA GLOBAL LIMITED Singapore Branch,Foreign Company Branch,Live Company,07,11,259334,64202,na,natara global,259334|07|11,1,foreign_branch,natara global,Foreign (branch),False,n,unclassified,
S48FC0935F,THE ASSOCIATED PRESS,Foreign Company Branch,Live Company,15,06,079903,60301,na,associated press,079903|15|06,2,foreign_branch,associated press,Foreign (branch),False,n,unclassified,
S52FC1054K,THE INTERNATIONAL MISSION BOARD OF THE SOUTHERN BAPTIST CONVENTION,Foreign Company Branch,Live Company,16,01,188979,94919,na,international mission board of southern baptist convention,188979|16|01,84,foreign_branch,international mission board of southern baptist convention,Foreign (branch),False,n,unclassified,
S52FC1059A,THE BANK OF EAST ASIA LIMITED,Foreign Company Branch,Live Company,na,na,068892,64120,na,bank of east asia,068892|na|na,2,foreign_branch,bank of east asia,Foreign (branch),False,n,unclassified,
S53FC1103G,TEO HANG SAM REALTY SDN BERHAD,Foreign Company Branch,Live Company,na,na,118519,64202,68101,teo hang sam realty sdn berhad,118519|na|na,8,foreign_branch,teo hang sam realty sdn berhad,Foreign (branch),False,n,unclassified,
S64FC1646L,TOA CORPORATION,Foreign Company Branch,Live Company,19,01/08,608526,41009,42903,toa,608526|19|01/08,2,foreign_branch,toa,Foreign (branch),False,n,unclassified,
S71FC2108G,THAI AIRWAYS INTERNATIONAL PUBLIC COMPANY LIMITED,Foreign Company Branch,Live Company,22,06,049483,51003,na,thai airways international public,049483|22|06,1,foreign_branch,thai airways international public,Foreign (branch),False,n,unclassified,
S74FC2392G,TAKENAKA CORPORATION,Foreign Company Branch,Live Company,03,04,486035,41001,43905,takenaka,486035|03|04,6,foreign_branch,takenaka,Foreign (branch),False,n,unclassified,
S76FC2560C,TWIN DISC (FAR EAST) LIMITED,Foreign Company Branch,Live Company,na,na,639491,46551,82999,twin disc far east,639491|na|na,1,foreign_branch,twin disc far east,Foreign (branch),False,n,unclassified,
S76FC2564J,THE ASSOCIATION OF INTERNATIONAL ACCOUNTANTS (Singapore Branch),Foreign Company Branch,Live Company,10,17,188307,94120,91100,association of international accountants,188307|10|17,64,foreign_branch,association of international accountants,Foreign (branch),False,n,unclassified,
S77FC2675F,TAISEI CORPORATION,Foreign Company Branch,Live Company,01,01,499974,41009,42909,taisei,499974|01|01,2,foreign_branch,taisei,Foreign (branch),False,n,unclassified,
S80FC2920H,TIW INTERNATIONAL LLC,Foreign Company Branch,Live Company,na,na,639031,28242,na,tiw international llc,639031|na|na,1,foreign_branch,tiw international llc,Foreign (branch),False,n,unclassified,
S81FC2964F,TOKYU CONSTRUCTION CO LTD,Foreign Company Branch,Live Company,05,12,059763,41009,na,tokyu construction,059763|05|12,1,foreign_branch,tokyu construction,Foreign (branch),False,n,unclassified,
S85FC3608J,TRANS WORLD RADIO,Foreign Company Branch,Live Company,04,01,368000,71129,na,trans world radio,368000|04|01,1,foreign_branch,trans world radio,Foreign (branch),False,n,unclassified,
S86FC3660K,TURKISH AIRLINES INCORPORATED,Foreign Company Branch,Live Company,15,01/02,189721,51003,na,turkish airlines incorporated,189721|15|01/02,1,foreign_branch,turkish airlines incorporated,Foreign (branch),False,n,unclassified,
S87FC3788F,TAIEI SALES & ENGINEERING CORPORATION,Foreign Company Branch,Live Company,31,00,049909,28252,10733,taiei sales engineering,049909|31|00,3,foreign_branch,taiei sales engineering,Foreign (branch),False,n,unclassified,
S88FC3863A,"THE LEADING HOTELS OF THE WORLD, LTD",Foreign Company Branch,Live Company,24,06,039190,63204,na,leading hotels of world,039190|24|06,1,foreign_branch,leading hotels of world,Foreign (branch),False,n,unclassified,
S88FC3875J,TODA CORPORATION,Foreign Company Branch,Live Company,26,01,048619,41001,na,toda,048619|26|01,2453,foreign_branch,toda,Foreign (branch),False,n,unclassified,
S88FC3921B,"TAIHAN CABLE & SOLUTION CO., LTD.",Foreign Company Branch,Live Company,05,07,368242,25949,43210,taihan cable solution,368242|05|07,1,foreign_branch,taihan cable solution,Foreign (branch),False,n,unclassified,
S89FC3980H,TENNECO AUTOMOTIVE TRADING COMPANY LLC Singapore Branch,Foreign Company Branch,Live Company,02,00,528735,47314,na,tenneco automotive trading llc,528735|02|00,64,foreign_branch,tenneco automotive trading llc,Foreign (branch),False,n,unclassified,
S90FC4154J,"TAIKO TRADING CO., LTD.",Foreign Company Branch,Live Company,12,07,188979,46633,na,taiko trading,188979|12|07,105,foreign_branch,taiko trading,Foreign (branch),False,n,unclassified,
S93FC4547D,THE NORINCHUKIN BANK,Foreign Company Branch,Live Company,38,01/02,018982,64130,64130,norinchukin bank,018982|38|01/02,1,foreign_branch,norinchukin bank,Foreign (branch),False,n,unclassified,
S95FC4884H,THALES AUSTRALIA LIMITED,Foreign Company Branch,Live Company,na,na,139941,26309,71129,thales australia,139941|na|na,7,foreign_branch,thales australia,Foreign (branch),False,n,unclassified,
S95FC4992A,TBV CONSULT ASIA LIMITED,Foreign Company Branch,Live Company,12,04,238871,71121,na,tbv consult asia,238871|12|04,88,foreign_branch,tbv consult asia,Foreign (branch),False,n,unclassified,
S96FC5182J,THE KOREA DEVELOPMENT BANK,Foreign Company Branch,Live Company,35,02/03,048946,64130,64130,korea development bank,048946|35|02/03,1,foreign_branch,korea development bank,Foreign (branch),False,n,unclassified,
S96FC5222C,TOYO TOKAI ALUMINIUM HANBAI K.K. (Singapore Branch),Foreign Company Branch,Live Company,25,13A,079903,46900,na,toyo tokai aluminium hanbai k k,079903|25|13A,1,foreign_branch,toyo tokai aluminium hanbai k k,Foreign (branch),False,n,unclassified,
S97FC5325J,"THE ECONOMIST GROUP (ASIA/PACIFIC) LIMITED, Singapore Branch",Foreign Company Branch,Live Company,23,01,048424,58131,82301,economist group asia pacific,048424|23|01,1,foreign_branch,economist group asia pacific,Foreign (branch),False,n,unclassified,
S97FC5334G,THE TOA REINSURANCE COMPANY LIMITED (Singapore Branch),Foreign Company Branch,Live Company,26,01,048623,65202,na,toa reinsurance,048623|26|01,1,foreign_branch,toa reinsurance,Foreign (branch),False,n,unclassified,
S98FC5495G,TT CLUB MUTUAL INSURANCE LTD,Foreign Company Branch,Live Company,13,00,068896,65124,65202,tt club mutual insurance,068896|13|00,838,foreign_branch,tt club mutual insurance,Foreign (branch),False,n,unclassified,
S98FC5555L,"TURNER BROADCASTING SALES SOUTHEAST ASIA, INC",Foreign Company Branch,Live Company,13,01,138628,96099,na,turner broadcasting sales southeast asia,138628|13|01,4,foreign_branch,turner broadcasting sales southeast asia,Foreign (branch),False,n,unclassified,
S98FC5556G,THOR SPECIALTIES SDN BHD-SINGAPORE BRANCH,Foreign Company Branch,Live Company,06,02A,179803,46641,na,thor specialties sdn bhd,179803|06|02A,64,foreign_branch,thor specialties sdn bhd,Foreign (branch),False,n,unclassified,
S98FC5574C,TIDEWATER SHIP MANAGEMENT LIMITED (Singapore Branch),Foreign Company Branch,Live Company,15,04,199555,52226,na,tidewater ship management,199555|15|04,4,foreign_branch,tidewater ship management,Foreign (branch),False,n,unclassified,
T00FC5889H,TECH MAHINDRA LIMITED (Singapore Branch),Foreign Company Branch,Live Company,04,04/06,486025,62011,62021,tech mahindra,486025|04|04/06,1,foreign_branch,tech mahindra,Foreign (branch),False,n,unclassified,
T00FC5912C,"TORISHIMA PUMP MFG. CO., LTD. Singapore Branch",Foreign Company Branch,Live Company,01,07,629906,46541,71129,torishima pump mfg,629906|01|07,5,foreign_branch,torishima pump mfg,Foreign (branch),False,n,unclassified,
T00FC5936H,TRANS INTERNATIONAL FASHION LIMITED,Foreign Company Branch,Live Company,16,02,049317,46900,na,trans international fashion,049317|16|02,55,foreign_branch,trans international fashion,Foreign (branch),False,n,unclassified,
T00FC5969L,TELEPLAN SERVICE SOLUTIONS ASIA B.V.,Foreign Company Branch,Live Company,28,00,018989,82999,na,teleplan service solutions asia b v,018989|28|00,321,foreign_branch,teleplan service solutions asia b v,Foreign (branch),False,n,unclassified,
T01FC6001B,"TAIYO CHIKURO INDUSTRIES CO, LTD. (Singapore Branch)",Foreign Company Branch,Live Company,08,82,573969,28150,41009,taiyo chikuro industries,573969|08|82,1,foreign_branch,taiyo chikuro industries,Foreign (branch),False,n,unclassified,
T01FC6051E,"TECHNOLOGY TRENDS INTERNATIONAL LIMITED, Singapore Branch",Foreign Company Branch,Live Company,06,02,659592,46610,47769,technology trends international,659592|06|02,1,foreign_branch,technology trends international,Foreign (branch),False,n,unclassified,
T02FC6209A,"TOKI COMMERCIAL CO., LTD., Singapore Branch",Foreign Company Branch,Live Company,06,02,367953,46900,46461,toki commercial,367953|06|02,3,foreign_branch,toki commercial,Foreign (branch),False,n,unclassified,
T02FC6223B,"TELESAT NETWORK SERVICES, INC. Singapore Branch",Foreign Company Branch,Live Company,23,01,048616,70101,na,telesat network services,048616|23|01,1,foreign_branch,telesat network services,Foreign (branch),False,n,unclassified,
T02FC6240B,TEMPERZONE LIMITED - Singapore Branch,Foreign Company Branch,Live Company,09,06,408830,28191,na,temperzone,408830|09|06,1,foreign_branch,temperzone,Foreign (branch),False,n,unclassified,
T02FC6246L,TCS MANAGEMENT INTERNATIONAL PTY LTD (Singapore Branch),Foreign Company Branch,Live Company,04,03,068807,62090,na,tcs management international pty,068807|04|03,125,foreign_branch,tcs management international pty,Foreign (branch),False,n,unclassified,
T02FC6312C,"THE JAPAN RESEARCH INSTITUTE, LIMITED",Foreign Company Branch,Live Company,04,120A,486036,62021,70209,japan research institute,486036|04|120A,1,foreign_branch,japan research institute,Foreign (branch),False,n,unclassified,
T03FC6446J,TW CHEMICAL LIMITED (Singapore Branch),Foreign Company Branch,Live Company,05,03/04,089763,28242,77392,tw chemical,089763|05|03/04,65,foreign_branch,tw chemical,Foreign (branch),False,n,unclassified,
T04FC6496F,TRANSCONTAINER LIMITED Singapore Branch,Foreign Company Branch,Live Company,04,20,409051,52222,na,transcontainer,409051|04|20,1,foreign_branch,transcontainer,Foreign (branch),False,n,unclassified,
T04FC6510C,THE ALTERNATIVE INVESTMENT MANAGEMENT ASSOCIATION LIMITED (Singapore Branch),Foreign Company Branch,Live Company,26,01,048619,94110,na,alternative investment management association,048619|26|01,2453,foreign_branch,alternative investment management association,Foreign (branch),False,n,unclassified,
T04FC6549D,"THAI AIRASIA CO., LTD (Singapore Branch)",Foreign Company Branch,Live Company,17,05,188979,51001,51001,thai airasia,188979|17|05,82,foreign_branch,thai airasia,Foreign (branch),False,n,unclassified,
T04FC6582H,TELUS INTERNATIONAL INC.,Foreign Company Branch,Live Company,14,00,049705,61020,na,telus international,049705|14|00,40,foreign_branch,telus international,Foreign (branch),False,n,unclassified,
T05FC6653G,TKH SECURITY B.V.,Foreign Company Branch,Live Company,05,01,534104,26129,64202,tkh security b v,534104|05|01,2,foreign_branch,tkh security b v,Foreign (branch),False,n,unclassified,
T05FC6694A,TRADEWEB EUROPE LIMITED Singapore Branch,Foreign Company Branch,Live Company,32,25,018916,70102,na,tradeweb europe,018916|32|25,2,foreign_branch,tradeweb europe,Foreign (branch),False,n,unclassified,
T05FC6768E,TRANSAMERICA LIFE (BERMUDA) LTD.,Foreign Company Branch,Live Company,12,02,048423,65110,na,transamerica life bermuda,048423|12|02,1,foreign_branch,transamerica life bermuda,Foreign (branch),False,n,unclassified,
T05FC6804D,"TECNICAS REUNIDAS, S.A. (Singapore Branch)",Foreign Company Branch,Live Company,08,01,068602,71121,na,tecnicas reunidas a,068602|08|01,231,foreign_branch,tecnicas reunidas a,Foreign (branch),False,n,unclassified,
T06FC6854A,TOYO ENGINEERING CORPORATION,Foreign Company Branch,Live Company,14,07,098632,71122,41009,toyo engineering,098632|14|07,409,foreign_branch,toyo engineering,Foreign (branch),False,n,unclassified,
T06FC6885A,TRACERCO ASIA SDN BHD (Singapore Branch),Foreign Company Branch,Live Company,05,117,608586,28242,na,tracerco asia sdn bhd,608586|05|117,1,foreign_branch,tracerco asia sdn bhd,Foreign (branch),False,n,unclassified,
T06FC6910K,THURAYA TELECOMMUNICATIONS COMPANY (Singapore Branch),Foreign Company Branch,Live Company,01,01,119964,61090,na,thuraya telecommunications,119964|01|01,1,foreign_branch,thuraya telecommunications,Foreign (branch),False,n,unclassified,
T06FC6944J,"TOYOKO KAGAKU CO., LTD. Singapore Branch",Foreign Company Branch,Live Company,04,16,609601,46900,71122,toyoko kagaku,609601|04|16,1,foreign_branch,toyoko kagaku,Foreign (branch),False,n,unclassified,
T07FC6990L,TUKSU ENGINEERING & CONSTRUCTION LTD. (Singapore Branch),Foreign Company Branch,Live Company,13,02/03,308900,41009,28249,tuksu engineering construction,308900|13|02/03,1,foreign_branch,tuksu engineering construction,Foreign (branch),False,n,unclassified,
T08FC7190B,"THE PUTNAM ADVISORY COMPANY, LLC Singapore Branch",Foreign Company Branch,Live Company,28,01,018960,66309,66192,putnam advisory llc,018960|28|01,1,foreign_branch,putnam advisory llc,Foreign (branch),False,n,unclassified,
T08FC7206A,THALES ATM PTY LTD Singapore Branch,Foreign Company Branch,Live Company,na,na,139941,52239,na,thales atm pty,139941|na|na,7,foreign_branch,thales atm pty,Foreign (branch),False,n,unclassified,
T08FC7242D,TSUCHIYA CORPORATION Singapore Branch,Foreign Company Branch,Live Company,10,1A,068898,41001,68101,tsuchiya,068898|10|1A,5,foreign_branch,tsuchiya,Foreign (branch),False,n,unclassified,
T08FC7268A,THE SHIPOWNERS' MUTUAL PROTECTION AND INDEMNITY ASSOCIATION (LUXEMBOURG) (Singapore Branch),Foreign Company Branch,Live Company,22,02,038989,65121,66221,shipowners mutual protection and indemnity association luxembourg,038989|22|02,1,foreign_branch,shipowners mutual protection and indemnity association luxembourg,Foreign (branch),False,n,unclassified,
T08FC7306C,TAIWAN TOURISM ADMINISTRATION SINGAPORE OFFICE,Foreign Company Branch,Live Company,15,01,049315,70102,na,taiwan tourism administration office,049315|15|01,1,foreign_branch,taiwan tourism administration office,Foreign (branch),False,n,unclassified,
T09FC0026J,"TELEDYNE FLIR DEFENSE, INC. (Singapore Branch)",Foreign Company Branch,Live Company,09,10,339510,26304,na,teledyne flir defense,339510|09|10,2,foreign_branch,teledyne flir defense,Foreign (branch),False,n,unclassified,
T09FC0098C,THE WILL-BURT COMPANY (Singapore Branch),Foreign Company Branch,Live Company,05,09,408934,96099,na,will burt,408934|05|09,9,foreign_branch,will burt,Foreign (branch),False,n,unclassified,
T09FC0112L,"TAEAH CONSTRUCTION CO., LTD. Singapore Branch",Foreign Company Branch,Live Company,23,14P,079903,41001,43901,taeah construction,079903|23|14P,2,foreign_branch,taeah construction,Foreign (branch),False,n,unclassified,
T10FC0085A,THE LIVERPOOL FOOTBALL CLUB AND ATHLETIC GROUNDS LIMITED (Singapore Branch),Foreign Company Branch,Live Company,12,00,018936,93120,na,liverpool football club and athletic grounds,018936|12|00,149,foreign_branch,liverpool football club and athletic grounds,Foreign (branch),False,n,unclassified,
T10FC0089G,TRIDENT INFOSOL PRIVATE LIMITED Singapore Branch,Foreign Company Branch,Live Company,19,08,179094,46900,na,trident infosol,179094|19|08,128,foreign_branch,trident infosol,Foreign (branch),False,n,unclassified,
T11FC0178B,THRANE & THRANE A/S (Singapore Branch),Foreign Company Branch,Live Company,05,01,138562,26301,46521,thrane thrane a,138562|05|01,1,foreign_branch,thrane thrane a,Foreign (branch),False,n,unclassified,
T11FC0184A,"TSL TANKER CO., LTD. Singapore Branch",Foreign Company Branch,Live Company,02,09,089053,52222,na,tsl tanker,089053|02|09,1,foreign_branch,tsl tanker,Foreign (branch),False,n,unclassified,
T12FC0016E,"TOKYO ELECTRIC POWER COMPANY HOLDINGS, INCORPORATED",Foreign Company Branch,Live Company,06,06,159086,70209,na,tokyo electric power holdings incorporated,159086|06|06,2,foreign_branch,tokyo electric power holdings incorporated,Foreign (branch),False,n,unclassified,
T12FC0017A,TEEKAY HOLDINGS LIMITED (BRANCH OFFICE),Foreign Company Branch,Live Company,41,01,068811,64202,52229,teekay holdings office,068811|41|01,2,foreign_branch,teekay holdings office,Foreign (branch),False,n,unclassified,
T12FC0061F,"TOKYO OHKA KOGYO CO., LTD.",Foreign Company Branch,Live Company,21,91,059818,20295,na,tokyo ohka kogyo,059818|21|91,1,foreign_branch,tokyo ohka kogyo,Foreign (branch),False,n,unclassified,
T12FC0124J,THE UNITED KINGDOM MUTUAL STEAM SHIP ASSURANCE ASSOCIATION LIMITED Singapore Branch,Foreign Company Branch,Live Company,13,00,068896,65121,na,united kingdom mutual steam ship assurance association,068896|13|00,838,foreign_branch,united kingdom mutual steam ship assurance association,Foreign (branch),False,n,unclassified,
T12FC0148C,TOSHIBA GLOBAL COMMERCE SOLUTIONS (NETHERLANDS) B.V. Singapore Branch,Foreign Company Branch,Live Company,03,04,469000,46599,na,toshiba global commerce solutions netherlands b v,469000|03|04,2,foreign_branch,toshiba global commerce solutions netherlands b v,Foreign (branch),False,n,unclassified,
T12FC0173E,THE LONDON METAL EXCHANGE Singapore Branch,Foreign Company Branch,Live Company,07,02,049910,66110,na,london metal exchange,049910|07|02,1,foreign_branch,london metal exchange,Foreign (branch),False,n,unclassified,
T12FC0191A,TRADE TECHNOLOGIES ASIA LIMITED Singapore Branch,Foreign Company Branch,Live Company,11,12,369977,62090,na,trade technologies asia,369977|11|12,1,foreign_branch,trade technologies asia,Foreign (branch),False,n,unclassified,
T13FC0045G,TOLUNA HONG KONG LIMITED Singapore Branch,Foreign Company Branch,Live Company,08,06,068894,73200,na,toluna hong kong,068894|08|06,1,foreign_branch,toluna hong kong,Foreign (branch),False,n,unclassified,
T13FC0087H,"TRANTER HEAT EXCHANGERS (BEIJING) CO., LTD. Singapore Branch",Foreign Company Branch,Live Company,06,02,367903,28199,na,tranter heat exchangers beijing,367903|06|02,94,foreign_branch,tranter heat exchangers beijing,Foreign (branch),False,n,unclassified,
T13FC0132E,THE JAPAN SHIP OWNERS' MUTUAL PROTECTION & INDEMNITY ASSOCIATION Singapore Branch,Foreign Company Branch,Live Company,14,01,068898,65121,na,japan ship owners mutual protection indemnity association,068898|14|01,1,foreign_branch,japan ship owners mutual protection indemnity association,Foreign (branch),False,n,unclassified,
T13FC0141C,THE UNIVERSITY OF WARWICK (BRANCH OFFICE SINGAPORE),Foreign Company Branch,Live Company,na,na,059915,85509,na,university of warwick office,059915|na|na,28,foreign_branch,university of warwick office,Foreign (branch),False,n,unclassified,
T13FC0155C,TRANSATLANTIC REINSURANCE COMPANY Singapore Branch,Foreign Company Branch,Live Company,27,03,018960,65202,na,transatlantic reinsurance,018960|27|03,1,foreign_branch,transatlantic reinsurance,Foreign (branch),False,n,unclassified,
T13FC0195A,"TAISHIN INTERNATIONAL BANK CO., LTD. Singapore Branch",Foreign Company Branch,Live Company,26,01,048547,64130,64130,taishin international bank,048547|26|01,1,foreign_branch,taishin international bank,Foreign (branch),False,n,unclassified,
T14FC0143L,THE MITRE CORPORATION,Foreign Company Branch,Live Company,2,03-04,486058,72104,71125,mitre,486058|2|03-04,1,foreign_branch,mitre,Foreign (branch),False,n,unclassified,
T15FC0011G,TOKYO KEIKI INC. Singapore Branch,Foreign Company Branch,Live Company,07,26/28,329134,26512,46599,tokyo keiki,329134|07|26/28,2,foreign_branch,tokyo keiki,Foreign (branch),False,n,unclassified,
T15FC0016J,"TANGSHAN BAICHUAN INTELLIGENT MACHINE CO., LTD. Singapore Branch",Foreign Company Branch,Live Company,03,211,530208,30200,41001,tangshan baichuan intelligent machine,530208|03|211,12,foreign_branch,tangshan baichuan intelligent machine,Foreign (branch),False,n,unclassified,
T15FC0042G,TAASHEE LINUX SERVICES,Foreign Company Branch,Live Company,15,06,188024,47412,62021,taashee linux services,188024|15|06,118,foreign_branch,taashee linux services,Foreign (branch),False,n,unclassified,
T15FC0048E,"TOKYO STOCK EXCHANGE, INC. Singapore Branch",Foreign Company Branch,Live Company,11,02,048581,66110,66110,tokyo stock exchange,048581|11|02,2,foreign_branch,tokyo stock exchange,Foreign (branch),False,n,unclassified,
T15FC0064J,TECHWING INC. Singapore Branch,Foreign Company Branch,Live Company,03,02,208870,46599,46900,techwing,208870|03|02,2,foreign_branch,techwing,Foreign (branch),False,n,unclassified,
T15FC0092K,"TOEI ENGINEERING CO., LTD. Singapore Branch",Foreign Company Branch,Live Company,na,na,629881,46661,30110,toei engineering,629881|na|na,6,foreign_branch,toei engineering,Foreign (branch),False,n,unclassified,
T15FC0105K,"TAIPEI FUBON COMMERCIAL BANK CO., LTD. Singapore Branch",Foreign Company Branch,Live Company,33,01,078881,64130,na,taipei fubon commercial bank,078881|33|01,1,foreign_branch,taipei fubon commercial bank,Foreign (branch),False,n,unclassified,
T15FC0157E,TELECHIPS INC. Singapore Branch,Foreign Company Branch,Live Company,07,03,209000,26119,73200,telechips,209000|07|03,3,foreign_branch,telechips,Foreign (branch),False,n,unclassified,
T16FC0028L,"THE SHANGHAI COMMERCIAL & SAVINGS BANK, LTD. Singapore Branch",Foreign Company Branch,Live Company,26,02,039190,64130,64130,shanghai commercial savings bank,039190|26|02,1,foreign_branch,shanghai commercial savings bank,Foreign (branch),False,n,unclassified,
T16FC0042A,THE CHARTERED INSTITUTE OF ARBITRATORS,Foreign Company Branch,Live Company,18,01,068804,70101,94120,chartered institute of arbitrators,068804|18|01,147,foreign_branch,chartered institute of arbitrators,Foreign (branch),False,n,unclassified,
T16FC0105D,"THAI LION MENTARI CO., LTD. (Singapore Branch)",Foreign Company Branch,Live Company,02,121,819665,51003,na,thai lion mentari,819665|02|121,4,foreign_branch,thai lion mentari,Foreign (branch),False,n,unclassified,
T16FC0145B,"THE IYO BANK, LTD. Singapore Branch",Foreign Company Branch,Live Company,15,02,018960,64130,na,iyo bank,018960|15|02,1,foreign_branch,iyo bank,Foreign (branch),False,n,unclassified,
T16FC0177J,THOROGOOD ASSOCIATES (Singapore Branch),Foreign Company Branch,Live Company,14,05,048693,62021,62090,thorogood associates,048693|14|05,123,foreign_branch,thorogood associates,Foreign (branch),False,n,unclassified,
T16FC0181E,THE WEST OF ENGLAND SHIP OWNERS MUTUAL INSURANCE ASSOCIATION (LUXEMBOURG) Singapore Branch,Foreign Company Branch,Live Company,12,01,068893,65121,na,west of england ship owners mutual insurance association luxembourg,068893|12|01,2,foreign_branch,west of england ship owners mutual insurance association luxembourg,Foreign (branch),False,n,unclassified,
T17FC0032A,TRC SYSTEMS LLC Singapore Branch,Foreign Company Branch,Live Company,23,11,189767,62023,na,trc systems llc,189767|23|11,532,foreign_branch,trc systems llc,Foreign (branch),False,n,unclassified,
T17FC0033H,THE STOCK EXCHANGE OF HONG KONG LIMITED Singapore Branch,Foreign Company Branch,Live Company,26,01,048619,66110,na,stock exchange of hong kong,048619|26|01,2453,foreign_branch,stock exchange of hong kong,Foreign (branch),False,n,unclassified,
T17FC0054C,TATA SONS PRIVATE LIMITED,Foreign Company Branch,Live Company,08,01,079120,70102,na,tata sons,079120|08|01,7,foreign_branch,tata sons,Foreign (branch),False,n,unclassified,
T17FC0056F,TAESUNG SNI (Singapore Branch),Foreign Company Branch,Live Company,05,01,079903,71125,62090,taesung sni,079903|05|01,136,foreign_branch,taesung sni,Foreign (branch),False,n,unclassified,
T17FC0083L,TB GLOBAL TECHNOLOGIES LTD. Singapore Branch,Foreign Company Branch,Live Company,16,12,608526,46541,na,tb global technologies,608526|16|12,1,foreign_branch,tb global technologies,Foreign (branch),False,n,unclassified,
T17FC0165F,TECHNOGYM S.P.A (Singapore Branch),Foreign Company Branch,Live Company,01,03,238995,70102,na,technogym p a,238995|01|03,4,foreign_branch,technogym p a,Foreign (branch),False,n,unclassified,
T17FC0181K,TEXONIC INSTRUMENTS (Singapore Branch),Foreign Company Branch,Live Company,24,10,069533,46900,na,texonic instruments,069533|24|10,24,foreign_branch,texonic instruments,Foreign (branch),False,n,unclassified,
T18FC0030C,TECH DATA ADVANCED PRIVATE LIMITED (Singapore Branch),Foreign Company Branch,Live Company,20,03/05,038986,62090,na,tech data advanced,038986|20|03/05,5,foreign_branch,tech data advanced,Foreign (branch),False,n,unclassified,
T18FC0039L,TRANS EARTH GENERAL TRADING LLC (Singapore Branch),Foreign Company Branch,Live Company,11,10,069533,46900,na,trans earth general trading llc,069533|11|10,64,foreign_branch,trans earth general trading llc,Foreign (branch),False,n,unclassified,
T18FC0061C,TUBACEX SERVICE SOLUTIONS INDIA PRIVATE LIMITED (Singapore Branch),Foreign Company Branch,Live Company,11,03,608526,25113,na,tubacex service solutions india,608526|11|03,29,foreign_branch,tubacex service solutions india,Foreign (branch),False,n,unclassified,
T18FC0064B,"TAIWAN KANTO DENKA CO., LTD. (Singapore Branch)",Foreign Company Branch,Live Company,03,01,189675,46100,na,taiwan kanto denka,189675|03|01,229,foreign_branch,taiwan kanto denka,Foreign (branch),False,n,unclassified,
T18FC0078B,"TRAINOCATE HOLDINGS, LTD. Singapore Branch",Foreign Company Branch,Live Company,20,02,188979,70201,na,trainocate holdings,188979|20|02,3,foreign_branch,trainocate holdings,Foreign (branch),False,n,unclassified,
T18FC0155F,TUV NORD (THAILAND) LTD. (Singapore Branch),Foreign Company Branch,Live Company,04,06,339914,71200,na,tuv nord thailand,339914|04|06,2,foreign_branch,tuv nord thailand,Foreign (branch),False,n,unclassified,
T18FC0158E,THE FOOTBALL ASSOCIATION PREMIER LEAGUE LIMITED Singapore Branch,Foreign Company Branch,Live Company,12,01,068808,93120,60200,football association premier league,068808|12|01,541,foreign_branch,football association premier league,Foreign (branch),False,n,unclassified,
T18FC0169F,"TOYO SEIKAN GROUP HOLDINGS, LTD. Singapore Branch",Foreign Company Branch,Live Company,11,01,079912,70101,70201,toyo seikan group holdings,079912|11|01,66,foreign_branch,toyo seikan group holdings,Foreign (branch),False,n,unclassified,
T19FC0029L,THE UNIVERSITY OF EDINBURGH (Singapore Branch),Foreign Company Branch,Live Company,12,01,068808,85509,na,university of edinburgh,068808|12|01,541,foreign_branch,university of edinburgh,Foreign (branch),False,n,unclassified,
T19FC0053F,"TECHNOS CO., LTD Singapore Branch",Foreign Company Branch,Live Company,06,12,608526,46639,77330,technos,608526|06|12,1,foreign_branch,technos,Foreign (branch),False,n,unclassified,
T19FC0065C,TEMOT INTERNATIONAL AUTOPARTS GMBH (Singapore Branch),Foreign Company Branch,Live Company,10,01,188979,70201,na,temot international autoparts,188979|10|01,51,foreign_branch,temot international autoparts,Foreign (branch),False,n,unclassified,
T19FC0075H,TWP SINGAPORE LLC (Singapore Branch),Foreign Company Branch,Live Company,11,01,018961,73100,na,twp llc,018961|11|01,1009,foreign_branch,twp llc,Foreign (branch),False,n,unclassified,
T19FC0106D,TOLI CORPORATION Singapore Branch,Foreign Company Branch,Live Company,21,10,179094,13930,na,toli,179094|21|10,1,foreign_branch,toli,Foreign (branch),False,n,unclassified,
T19FC0113K,TRAVEL AND LEISURE INTERNATIONAL (HK) LIMITED Singapore Branch,Foreign Company Branch,Live Company,14,07,098632,70203,63204,travel and leisure international hk,098632|14|07,409,foreign_branch,travel and leisure international hk,Foreign (branch),False,n,unclassified,
T19FC0119H,TOSOH LOGISTICS CORPORATION Singapore Branch,Foreign Company Branch,Live Company,11,01,049910,52292,70206,tosoh logistics,049910|11|01,2,foreign_branch,tosoh logistics,Foreign (branch),False,n,unclassified,
T19FC0127K,"THE BANK OF YOKOHAMA, LTD. Singapore Branch",Foreign Company Branch,Live Company,22,01,068808,64130,na,bank of yokohama,068808|22|01,1,foreign_branch,bank of yokohama,Foreign (branch),False,n,unclassified,
T20FC0026C,TOTAL ENVIRONMENT CONSTRUCTIONS PRIVATE LIMITED (Singapore Branch),Foreign Company Branch,Live Company,12,07,038987,68101,na,total environment constructions,038987|12|07,2708,foreign_branch,total environment constructions,Foreign (branch),False,n,unclassified,
T20FC0036H,TOMY (HONG KONG) LIMITED Singapore Branch,Foreign Company Branch,Live Company,06,07,018937,46443,na,tomy hong kong,018937|06|07,409,foreign_branch,tomy hong kong,Foreign (branch),False,n,unclassified,
T20FC0057C,THE INSTITUTE OF CHARTERED ACCOUNTANTS OF INDIA (Singapore Branch),Foreign Company Branch,Live Company,19,08,179094,94120,na,institute of chartered accountants of india,179094|19|08,128,foreign_branch,institute of chartered accountants of india,Foreign (branch),False,n,unclassified,
T20FC0063B,TRIBAL GROUP PTY LIMITED Singapore Branch,Foreign Company Branch,Live Company,14,07,098632,85609,na,tribal group pty,098632|14|07,409,foreign_branch,tribal group pty,Foreign (branch),False,n,unclassified,
T20FC0111J,THE BRITANNIA STEAM SHIP INSURANCE ASSOCIATION EUROPE M.A. Singapore Branch,Foreign Company Branch,Live Company,15,01,049483,65121,na,britannia steam ship insurance association europe m a,049483|15|01,2,foreign_branch,britannia steam ship insurance association europe m a,Foreign (branch),False,n,unclassified,
T20FC0120G,TECO CHEMICALS AS Branch Office Singapore,Foreign Company Branch,Live Company,15,09,608526,46649,na,teco chemicals as office,608526|15|09,3,foreign_branch,teco chemicals as office,Foreign (branch),False,n,unclassified,
T21FC0019B,TONY BLAIR INSTITUTE (Singapore Branch),Foreign Company Branch,Live Company,26,01,048619,70101,na,tony blair institute,048619|26|01,2453,foreign_branch,tony blair institute,Foreign (branch),False,n,unclassified,
T21FC0026H,"THEON THERAPEUTICS, INC. Singapore Branch",Foreign Company Branch,Live Company,27,00,048619,72106,na,theon therapeutics,048619|27|00,3,foreign_branch,theon therapeutics,Foreign (branch),False,n,unclassified,
T21FC0035F,TENOX KYUSYU CORPORATION Singapore Branch,Foreign Company Branch,Live Company,04,05,486066,43121,43901,tenox kyusyu,486066|04|05,74,foreign_branch,tenox kyusyu,Foreign (branch),False,n,unclassified,
T21FC0053B,"THE SHIZUOKA BANK, LTD. Singapore Branch",Foreign Company Branch,Live Company,09,08/10,049315,64130,na,shizuoka bank,049315|09|08/10,1,foreign_branch,shizuoka bank,Foreign (branch),False,n,unclassified,
T21FC0056A,THESIZE SURFACES SLU Singapore Branch,Foreign Company Branch,Live Company,02,27,188975,46900,na,thesize surfaces slu,188975|02|27,169,foreign_branch,thesize surfaces slu,Foreign (branch),False,n,unclassified,
T21FC0059L,TIMEEDIT AB (Singapore Branch),Foreign Company Branch,Live Company,02,04A,169876,62011,na,timeedit ab,169876|02|04A,137,foreign_branch,timeedit ab,Foreign (branch),False,n,unclassified,
T21FC0066F,"TRINITY AIRWAYS CO., LTD. Singapore Branch",Foreign Company Branch,Live Company,B1,20,819663,51003,51004,trinity airways,819663|B1|20,1,foreign_branch,trinity airways,Foreign (branch),False,n,unclassified,
T22FC0018L,THE SWEDISH CLUB Singapore Branch,Foreign Company Branch,Live Company,29,01,068807,65121,na,swedish club,068807|29|01,1,foreign_branch,swedish club,Foreign (branch),False,n,unclassified,
T22FC0060B,"TRIPLE CORES KOREA CO.,LTD Singapore Branch",Foreign Company Branch,Live Company,10,02,069546,26111,na,triple cores korea,069546|10|02,46,foreign_branch,triple cores korea,Foreign (branch),False,n,unclassified,
T22FC0066L,THE FRED HOLLOWS FOUNDATION (Singapore Branch),Foreign Company Branch,Live Company,02,107,068877,70102,70101,fred hollows foundation,068877|02|107,1,foreign_branch,fred hollows foundation,Foreign (branch),False,n,unclassified,
T22FC0075J,TOYO ENGINEERING INDIA PRIVATE LIMITED Singapore Branch,Foreign Company Branch,Live Company,23,02,069547,71129,na,toyo engineering india,069547|23|02,114,foreign_branch,toyo engineering india,Foreign (branch),False,n,unclassified,
T22FC0091B,TRIOPTIMA AB (Singapore Branch),Foreign Company Branch,Live Company,08,05,049481,64999,na,trioptima ab,049481|08|05,3,foreign_branch,trioptima ab,Foreign (branch),False,n,unclassified,
T23FC0010D,"THE CHUGOKU BANK, LTD. Singapore Branch",Foreign Company Branch,Live Company,24,01/02,049318,64130,na,chugoku bank,049318|24|01/02,2,foreign_branch,chugoku bank,Foreign (branch),False,n,unclassified,
T23FC0031K,TECHCROSS INC. Singapore Branch,Foreign Company Branch,Live Company,07,108,609966,30110,70206,techcross,609966|07|108,1,foreign_branch,techcross,Foreign (branch),False,n,unclassified,
T24FC0013H,"TOHOKU ELECTRIC POWER CO., INC. Singapore Branch",Foreign Company Branch,Live Company,18,06,049909,73200,35200,tohoku electric power,049909|18|06,1,foreign_branch,tohoku electric power,Foreign (branch),False,n,unclassified,
T24FC0018K,TROWERS & HAMLINS (SINGAPORE) LLP,Foreign Company Branch,Live Company,33,03,048581,69101,na,trowers hamlins,048581|33|03,560,foreign_branch,trowers hamlins,Foreign (branch),False,n,unclassified,
T24FC0055J,"THE CHIBA BANK, LTD. Singapore Branch",Foreign Company Branch,Live Company,17,05,048623,64130,na,chiba bank,048623|17|05,1,foreign_branch,chiba bank,Foreign (branch),False,n,unclassified,
T24FC0073E,TIDALIS B.V. Singapore Branch,Foreign Company Branch,Live Company,10,07,347740,62011,58202,tidalis b v,347740|10|07,4,foreign_branch,tidalis b v,Foreign (branch),False,n,unclassified,
T25FC0002A,THOUGHTSOL INFOTECH Singapore Branch,Foreign Company Branch,Live Company,13,09,079903,46512,46514,thoughtsol infotech,079903|13|09,316,foreign_branch,thoughtsol infotech,Foreign (branch),False,n,unclassified,
T25FC0003H,"TRASOL CO., LTD. (Singapore Branch)",Foreign Company Branch,Live Company,14,02A,038987,70206,52222,trasol,038987|14|02A,38,foreign_branch,trasol,Foreign (branch),False,n,unclassified,
T25FC0009F,TAIKISHA Singapore Branch,Foreign Company Branch,Live Company,12,01,609930,70101,na,taikisha,609930|12|01,1,foreign_branch,taikisha,Foreign (branch),False,n,unclassified,
T25FC0033A,TB MARINE SHIPMANAGEMENT GMBH & CO. KG Singapore Branch,Foreign Company Branch,Live Company,20,04,068808,52226,na,tb marine shipmanagement kg,068808|20|04,54,foreign_branch,tb marine shipmanagement kg,Foreign (branch),False,n,unclassified,
T25FC0071G,TRAFOMETAL TECHNOLOGIES PRIVATE LIMITED Singapore Branch,Foreign Company Branch,Live Company,05,57,058357,46100,na,trafometal technologies,058357|05|57,82,foreign_branch,trafometal technologies,Foreign (branch),False,n,unclassified,
T26FC0009L,TAIWAN COOPERATIVE BANK LTD Singapore Branch,Foreign Company Branch,Live Company,19,02,018983,64130,na,taiwan cooperative bank,018983|19|02,1,foreign_branch,taiwan cooperative bank,Foreign (branch),False,n,unclassified,
T26FC0030G,TRICON FOODSERVICE CONSULTANTS (Singapore Branch),Foreign Company Branch,Live Company,03,27,079903,70209,na,tricon foodservice consultants,079903|03|27,34,foreign_branch,tricon foodservice consultants,Foreign (branch),False,n,unclassified,
T26FC0035J,THOMAS TELFORD LIMITED (Singapore Branch),Foreign Company Branch,Live Company,27,05,079903,58190,85505,thomas telford,079903|27|05,3,foreign_branch,thomas telford,Foreign (branch),False,n,unclassified,
S69FC1919D,INTERNATIONAL AIR TRANSPORT ASSOCIATION,Foreign Company Branch,Live Company,20,81,117372,51003,na,international air transport association,117372|20|81,1,foreign_branch,international air transport association,Foreign (branch),False,n,unclassified,
S69FC1954L,INDIAN BANK,Foreign Company Branch,Live Company,na,na,048617,64120,64120,indian bank,048617|na|na,2,foreign_branch,indian bank,Foreign (branch),False,n,unclassified,
S69FC1965A,INDIAN OVERSEAS BANK,Foreign Company Branch,Live Company,na,na,049711,64120,na,indian overseas bank,049711|na|na,1,foreign_branch,indian overseas bank,Foreign (branch),False,n,unclassified,
S87FC3757F,INDIAN AIRLINES LIMITED (Singapore Branch),Foreign Company Branch,Live Company,01,03,079118,51003,na,indian airlines,079118|01|03,1,foreign_branch,indian airlines,Foreign (branch),False,n,unclassified,
S91FC4345J,INTERNATIONAL BACCALAUREATE ORGANIZATION (Singapore Branch),Foreign Company Branch,Live Company,13,00,068896,85509,85401,international baccalaureate organization,068896|13|00,838,foreign_branch,international baccalaureate organization,Foreign (branch),False,n,unclassified,
S94FC4825B,INDIUM CORPORATION OF AMERICA,Foreign Company Branch,Live Company,na,na,628908,24209,na,indium of america,628908|na|na,1,foreign_branch,indium of america,Foreign (branch),False,n,unclassified,
T00FC5956G,ILANTUS TECHNOLOGIES PRIVATE LIMITED,Foreign Company Branch,Live Company,05,01,048695,62021,na,ilantus technologies,048695|05|01,222,foreign_branch,ilantus technologies,Foreign (branch),False,n,unclassified,
T01FC6006D,INNOSPEC LIMITED Branch Office Singapore,Foreign Company Branch,Live Company,06,01,228233,20131,na,innospec office,228233|06|01,1,foreign_branch,innospec office,Foreign (branch),False,n,unclassified,
T04FC6527B,"ISG INFORMATION SERVICES GROUP AMERICAS, INC. Singapore Branch",Foreign Company Branch,Live Company,06,02,069542,70209,na,isg information services group americas,069542|06|02,83,foreign_branch,isg information services group americas,Foreign (branch),False,n,unclassified,
T05FC6636G,ICICI SECURITIES INC.,Foreign Company Branch,Live Company,03,01,228095,66192,66121,icici securities,228095|03|01,489,foreign_branch,icici securities,Foreign (branch),False,n,unclassified,
T05FC6734F,IPC-VIETNAM (Singapore Branch),Foreign Company Branch,Live Company,01,00,048424,46900,na,ipc vietnam,048424|01|00,2,foreign_branch,ipc vietnam,Foreign (branch),False,n,unclassified,
T06FC6909B,IDP EDUCATION LIMITED Singapore Branch,Foreign Company Branch,Live Company,05,07,048616,85601,85609,idp education,048616|05|07,5,foreign_branch,idp education,Foreign (branch),False,n,unclassified,
T07FC6970A,"ILJIN ELECTRIC CO., LTD Singapore Branch",Foreign Company Branch,Live Company,02,03,387298,42302,27329,iljin electric,387298|02|03,3,foreign_branch,iljin electric,Foreign (branch),False,n,unclassified,
T07FC7081H,IPC NETWORK SERVICES ASIA LIMITED Singapore Branch,Foreign Company Branch,Live Company,17,02/03,048623,61090,46900,ipc network services asia,048623|17|02/03,2,foreign_branch,ipc network services asia,Foreign (branch),False,n,unclassified,
T08FC7204J,INFOSPECTRUM LTD (BRANCH OFFICE SINGAPORE),Foreign Company Branch,Live Company,02,01,048616,70201,na,infospectrum office,048616|02|01,90,foreign_branch,infospectrum office,Foreign (branch),False,n,unclassified,
T08FC7297J,INDIAN REGISTER OF SHIPPING,Foreign Company Branch,Live Company,15,04,068899,52251,71129,indian register of shipping,068899|15|04,1,foreign_branch,indian register of shipping,Foreign (branch),False,n,unclassified,
T09FC0022C,ICAEW SOUTH EAST ASIA LIMITED,Foreign Company Branch,Live Company,17,0,069547,94120,na,icaew south east asia,069547|17|0,1,foreign_branch,icaew south east asia,Foreign (branch),False,n,unclassified,
T09FC0070C,INES CORPORATION Singapore Branch,Foreign Company Branch,Live Company,27,04,048581,61020,62011,ines,048581|27|04,31,foreign_branch,ines,Foreign (branch),False,n,unclassified,
T09FC0119E,INFRAEGIS INC. Singapore Branch,Foreign Company Branch,Live Company,07,04A,608840,32909,na,infraegis,608840|07|04A,2,foreign_branch,infraegis,Foreign (branch),False,n,unclassified,
T10FC0043L,INGRAM MICRO INDIA PRIVATE LIMITED Singapore Branch,Foreign Company Branch,Live Company,1M,00,339341,46511,46522,ingram micro india,339341|1M|00,1,foreign_branch,ingram micro india,Foreign (branch),False,n,unclassified,
T10FC0076C,ITC INFOTECH LIMITED Singapore Branch,Foreign Company Branch,Live Company,14,02/03,307591,62021,62090,itc infotech,307591|14|02/03,131,foreign_branch,itc infotech,Foreign (branch),False,n,unclassified,
T10FC0123C,"ILYANG ENC CO., LTD. (Singapore Branch)",Foreign Company Branch,Live Company,17,01,588179,28300,42909,ilyang enc,588179|17|01,2,foreign_branch,ilyang enc,Foreign (branch),False,n,unclassified,
T11FC0028H,IMPIANA HOTELS & RESORTS MANAGEMENT SDN. BHD. (Singapore Branch),Foreign Company Branch,Live Company,33,17,079903,82999,na,impiana hotels resorts management sdn bhd,079903|33|17,214,foreign_branch,impiana hotels resorts management sdn bhd,Foreign (branch),False,n,unclassified,
T12FC0010G,ILYA CORPORATION Singapore Branch,Foreign Company Branch,Live Company,06,01,489690,74191,43299,ilya,489690|06|01,1,foreign_branch,ilya,Foreign (branch),False,n,unclassified,
T12FC0126A,INTERNATIONAL ELECTROTECHNICAL COMMISSION (Singapore Branch),Foreign Company Branch,Live Company,12,01A,069538,82999,na,international electrotechnical commission,069538|12|01A,95,foreign_branch,international electrotechnical commission,Foreign (branch),False,n,unclassified,
T12FC0132L,IVALUE INFOSOLUTIONS LIMITED (Singapore Branch),Foreign Company Branch,Live Company,14,302,199591,62090,62011,ivalue infosolutions,199591|14|302,115,foreign_branch,ivalue infosolutions,Foreign (branch),False,n,unclassified,
T12FC0196C,INDOSPACE PARTNERS II LTD. (Singapore Branch),Foreign Company Branch,Live Company,08,01,238463,64202,na,indospace partners ii,238463|08|01,130,foreign_branch,indospace partners ii,Foreign (branch),False,n,unclassified,
T13FC0047K,INTERNET CORPORATION FOR ASSIGNED NAMES AND NUMBERS,Foreign Company Branch,Live Company,26,01,048619,62090,na,internet for assigned names and numbers,048619|26|01,2453,foreign_branch,internet for assigned names and numbers,Foreign (branch),False,n,unclassified,
T14FC0054K,INFLOW TECHNOLOGIES PRIVATE LIMITED (Singapore Branch),Foreign Company Branch,Live Company,19,03,069533,46511,46514,inflow technologies,069533|19|03,2,foreign_branch,inflow technologies,Foreign (branch),False,n,unclassified,
T14FC0116F,"IDEMITSU TANKER CO., LTD. Singapore Branch",Foreign Company Branch,Live Company,04,03,239519,50021,52226,idemitsu tanker,239519|04|03,4,foreign_branch,idemitsu tanker,Foreign (branch),False,n,unclassified,
T14FC0126L,IAG CARGO LIMITED Singapore Branch,Foreign Company Branch,Live Company,00,300A,819478,52239,na,iag cargo,819478|00|300A,1,foreign_branch,iag cargo,Foreign (branch),False,n,unclassified,
T15FC0020E,INFINITE CONVERGENCE SOLUTIONS INC (Singapore Branch),Foreign Company Branch,Live Company,02,00,528735,62011,na,infinite convergence solutions,528735|02|00,64,foreign_branch,infinite convergence solutions,Foreign (branch),False,n,unclassified,
T15FC0118C,ICA 98 LIMITED Singapore Branch,Foreign Company Branch,Live Company,12,01A,069538,94120,na,ica 98,069538|12|01A,95,foreign_branch,ica 98,Foreign (branch),False,n,unclassified,
T16FC0004F,ITX GLOBAL SOLUTIONS LIMITED Singapore Branch,Foreign Company Branch,Live Company,12,00,018936,82999,na,itx global solutions,018936|12|00,149,foreign_branch,itx global solutions,Foreign (branch),False,n,unclassified,
T16FC0036B,"INTERNATIONAL TRADEMARK ASSOCIATION, INC. Singapore Branch",Foreign Company Branch,Live Company,09,02,529653,82999,na,international trademark association,529653|09|02,89,foreign_branch,international trademark association,Foreign (branch),False,n,unclassified,
T16FC0051K,INTERMETRO INDUSTRIES CORPORATION Singapore Branch,Foreign Company Branch,Live Company,04,693,320002,26202,na,intermetro industries,320002|04|693,17,foreign_branch,intermetro industries,Foreign (branch),False,n,unclassified,
T16FC0071J,INDOSPACE PARTNERS III LTD. (Singapore Branch),Foreign Company Branch,Live Company,08,01,238463,64202,na,indospace partners iii,238463|08|01,130,foreign_branch,indospace partners iii,Foreign (branch),False,n,unclassified,
T16FC0079K,INETUM Singapore Branch,Foreign Company Branch,Live Company,20,01,068912,62021,62022,inetum,068912|20|01,72,foreign_branch,inetum,Foreign (branch),False,n,unclassified,
T16FC0128B,INTERTANKO (Singapore Branch),Foreign Company Branch,Live Company,20,04,079118,94110,na,intertanko,079118|20|04,1,foreign_branch,intertanko,Foreign (branch),False,n,unclassified,
T17FC0049L,IPG PHOTONICS (ASIA) LIMITED (Singapore Branch),Foreign Company Branch,Live Company,04,01,408533,46522,na,ipg photonics asia,408533|04|01,213,foreign_branch,ipg photonics asia,Foreign (branch),False,n,unclassified,
T17FC0136J,INTERNATIONAL FRAGRANCE ASSOCIATION (IFRA) Singapore Branch,Foreign Company Branch,Live Company,17,00,048542,94999,na,international fragrance association ifra,048542|17|00,132,foreign_branch,international fragrance association ifra,Foreign (branch),False,n,unclassified,
T18FC0028K,ITP SA Singapore Branch,Foreign Company Branch,Live Company,30,03,018982,70101,43909,itp,018982|30|03,134,foreign_branch,itp,Foreign (branch),False,n,unclassified,
T19FC0015L,IDEMITSU LUBE (MALAYSIA) SDN. BHD. (Singapore Branch),Foreign Company Branch,Live Company,05,03/04,609921,46610,na,idemitsu lube malaysia sdn bhd,609921|05|03/04,2,foreign_branch,idemitsu lube malaysia sdn bhd,Foreign (branch),False,n,unclassified,
T20FC0023D,IAPP LIMITED (Singapore Branch),Foreign Company Branch,Live Company,na,na,088443,62090,66195,iapp,088443|na|na,972,foreign_branch,iapp,Foreign (branch),False,n,unclassified,
T20FC0103G,"IRS CONSTRUCTION CO., LTD. Singapore Branch",Foreign Company Branch,Live Company,20,02,048616,41009,41001,irs construction,048616|20|02,311,foreign_branch,irs construction,Foreign (branch),False,n,unclassified,
T21FC0021F,IMC ASIA PACIFIC LIMITED Singapore Branch,Foreign Company Branch,Live Company,26,01,048619,70102,na,imc asia pacific,048619|26|01,2453,foreign_branch,imc asia pacific,Foreign (branch),False,n,unclassified,
T22FC0062E,ITOPF LIMITED (Singapore Branch),Foreign Company Branch,Live Company,11,01,018961,94995,na,itopf,018961|11|01,1009,foreign_branch,itopf,Foreign (branch),False,n,unclassified,
T23FC0056L,ILLUMINA CAMBRIDGE LIMITED Singapore Branch,Foreign Company Branch,Live Company,08,62-64,737664,72101,46592,illumina cambridge,737664|08|62-64,1,foreign_branch,illumina cambridge,Foreign (branch),False,n,unclassified,
T24FC0025E,INAAYA RESOURCES Singapore Branch,Foreign Company Branch,Live Company,08,54,408733,46900,na,inaaya resources,408733|08|54,276,foreign_branch,inaaya resources,Foreign (branch),False,n,unclassified,
T24FC0031D,INTROBA INC. (Singapore Branch),Foreign Company Branch,Live Company,06,08,609930,71129,na,introba,609930|06|08,2,foreign_branch,introba,Foreign (branch),False,n,unclassified,
T25FC0027B,INCITIAS  BRANCH (Singapore Branch),Foreign Company Branch,Live Company,24,09,068914,71123,28299,incitias,068914|24|09,396,foreign_branch,incitias,Foreign (branch),False,n,unclassified,
T25FC0048H,IJM CONSTRUCTION SDN. BHD. (Singapore Branch),Foreign Company Branch,Live Company,15,06,188024,41001,na,ijm construction sdn bhd,188024|15|06,118,foreign_branch,ijm construction sdn bhd,Foreign (branch),False,n,unclassified,
T26FC0062C,ITEST BANGLADESH LIMITED (Singapore Branch),Foreign Company Branch,Live Company,04,01,208089,71129,na,itest bangladesh,208089|04|01,91,foreign_branch,itest bangladesh,Foreign (branch),False,n,unclassified,
T26FC0067E,INFINITY OPERATIONS USA LLC (Singapore Branch),Foreign Company Branch,Live Company,12,00,018936,70201,na,infinity operations usa llc,018936|12|00,149,foreign_branch,infinity operations usa llc,Foreign (branch),False,n,unclassified,
S51FC1033K,AGENCE FRANCE PRESSE,Foreign Company Branch,Live Company,11,02,609930,60301,na,agence france presse,609930|11|02,1,foreign_branch,agence france presse,Foreign (branch),False,n,unclassified,
S54FC1125C,AIR INDIA LIMITED,Foreign Company Branch,Live Company,08,01,079120,51003,na,air india,079120|08|01,7,foreign_branch,air india,Foreign (branch),False,n,unclassified,
S58FC1284D,AMERICAN BUREAU OF SHIPPING,Foreign Company Branch,Live Company,09,21,119316,52251,71129,american bureau of shipping,119316|09|21,4,foreign_branch,american bureau of shipping,Foreign (branch),False,n,unclassified,
S62FC1507H,ALL INDIA HANDLOOM FABRICS MARKETING CO-OPERATIVE SOCIETY LTD,Foreign Company Branch,Live Company,11,01,068892,46411,na,all india handloom fabrics marketing operative society,068892|11|01,1,foreign_branch,all india handloom fabrics marketing operative society,Foreign (branch),False,n,unclassified,
S72FC2230F,ABSG CONSULTING INC.,Foreign Company Branch,Live Company,09,21,119316,71200,52252,absg consulting,119316|09|21,4,foreign_branch,absg consulting,Foreign (branch),False,n,unclassified,
S83FC3338H,ARAB BANK PLC,Foreign Company Branch,Live Company,10,21,189352,64130,na,arab bank,189352|10|21,2,foreign_branch,arab bank,Foreign (branch),False,n,unclassified,
S85FC3557C,AIR MAURITIUS LIMITED,Foreign Company Branch,Live Company,09,43,409051,51003,na,air mauritius,409051|09|43,9,foreign_branch,air mauritius,Foreign (branch),False,n,unclassified,
S90FC4191H,"ASIANA AIRLINES, INC.",Foreign Company Branch,Live Company,11,04,048580,51001,52239,asiana airlines,048580|11|04,1,foreign_branch,asiana airlines,Foreign (branch),False,n,unclassified,
S90FC4206L,AB MAURI MALAYSIA SDN. BHD.,Foreign Company Branch,Live Company,26,01,048619,82999,96099,ab mauri malaysia sdn bhd,048619|26|01,2453,foreign_branch,ab mauri malaysia sdn bhd,Foreign (branch),False,n,unclassified,
S90FC4241G,"AMERICAN BILTRITE FAR EAST, INC.",Foreign Company Branch,Live Company,na,na,629016,32909,na,american biltrite far east,629016|na|na,1,foreign_branch,american biltrite far east,Foreign (branch),False,n,unclassified,
S93FC4653E,"ABS QUALITY EVALUATIONS, INC.",Foreign Company Branch,Live Company,09,21,119316,71200,na,abs quality evaluations,119316|09|21,4,foreign_branch,abs quality evaluations,Foreign (branch),False,n,unclassified,
S95FC5042D,"AAR INTERNATIONAL, INC.",Foreign Company Branch,Live Company,26,01,048619,30301,na,aar international,048619|26|01,2453,foreign_branch,aar international,Foreign (branch),False,n,unclassified,
S97FC5301D,AIR NIUGINI LIMITED (Singapore Branch),Foreign Company Branch,Live Company,13,5A,199555,51003,na,air niugini,199555|13|5A,1,foreign_branch,air niugini,Foreign (branch),False,n,unclassified,
S97FC5412G,"ASIA PACIFIC WIRE & CABLE CORPORATION LIMITED, Singapore Branch",Foreign Company Branch,Live Company,na,na,629909,64202,25949,asia pacific wire cable,629909|na|na,7,foreign_branch,asia pacific wire cable,Foreign (branch),False,n,unclassified,
S98FC5485B,AFTERHURST LIMITED,Foreign Company Branch,Live Company,04,06,188024,46474,na,afterhurst,188024|04|06,8,foreign_branch,afterhurst,Foreign (branch),False,n,unclassified,
S98FC5653K,"ALLEGHENY TECHNOLOGIES ASIA, INC.",Foreign Company Branch,Live Company,08,23,408538,46620,na,allegheny technologies asia,408538|08|23,1,foreign_branch,allegheny technologies asia,Foreign (branch),False,n,unclassified,
T00FC5962F,ARINC INCORPORATED,Foreign Company Branch,Live Company,11,05/08,239920,52233,61010,arinc incorporated,239920|11|05/08,4,foreign_branch,arinc incorporated,Foreign (branch),False,n,unclassified,
T01FC5997F,AUSTRALASIAN TAXATION SERVICES PTY LTD,Foreign Company Branch,Live Company,17,01,208787,69201,na,australasian taxation services pty,208787|17|01,19,foreign_branch,australasian taxation services pty,Foreign (branch),False,n,unclassified,
T02FC6211E,AB ENZYMES GMBH,Foreign Company Branch,Live Company,05,108,609916,72109,46900,ab enzymes,609916|05|108,2,foreign_branch,ab enzymes,Foreign (branch),False,n,unclassified,
T02FC6301B,ASP CREW MANAGEMENT SERVICES LIMITED (Singapore Branch),Foreign Company Branch,Live Company,05,01,189721,52226,50022,asp crew management services,189721|05|01,9,foreign_branch,asp crew management services,Foreign (branch),False,n,unclassified,
T04FC6518D,ALLEN OVERY SHEARMAN STERLING LLP,Foreign Company Branch,Live Company,45,01,018916,69101,na,allen overy shearman sterling,018916|45|01,17,foreign_branch,allen overy shearman sterling,Foreign (branch),False,n,unclassified,
T04FC6558B,ARMADA INTAN SDN. BHD. (Singapore Branch),Foreign Company Branch,Live Company,08,00,048979,46900,na,armada intan sdn bhd,048979|08|00,5,foreign_branch,armada intan sdn bhd,Foreign (branch),False,n,unclassified,
T04FC6575B,ASAL POWER SYSTEM SDN. BHD. Singapore Branch,Foreign Company Branch,Live Company,03,01,347805,27322,42100,asal power system sdn bhd,347805|03|01,1,foreign_branch,asal power system sdn bhd,Foreign (branch),False,n,unclassified,
T04FC6620K,AMEDIUSTEC LTD.,Foreign Company Branch,Live Company,20,01,048424,46900,na,amediustec,048424|20|01,371,foreign_branch,amediustec,Foreign (branch),False,n,unclassified,
T05FC6691B,A.P. MORLING INTERNATIONAL PTY LTD (Singapore Branch),Foreign Company Branch,Live Company,na,na,619030,82999,na,a p morling international pty,619030|na|na,2,foreign_branch,a p morling international pty,Foreign (branch),False,n,unclassified,
T05FC6693E,ACS AIR SPEED CARGO SERVICES SDN. BHD. (Singapore Branch),Foreign Company Branch,Live Company,19,10A,199589,52232,na,acs air speed cargo services sdn bhd,199589|19|10A,108,foreign_branch,acs air speed cargo services sdn bhd,Foreign (branch),False,n,unclassified,
T05FC6753J,ABS INDIA PRIVATE LIMITED (Singapore Branch),Foreign Company Branch,Live Company,24,01,059413,46900,na,abs india,059413|24|01,79,foreign_branch,abs india,Foreign (branch),False,n,unclassified,
T05FC6769A,ARISTOCRAT (SINGAPORE) PTY LTD (Singapore Branch),Foreign Company Branch,Live Company,23,11,189767,46449,na,aristocrat pty,189767|23|11,532,foreign_branch,aristocrat pty,Foreign (branch),False,n,unclassified,
T05FC6771E,AIR CRUISERS COMPANY LLC (Singapore Branch),Foreign Company Branch,Live Company,na,na,508949,82999,na,air cruisers llc,508949|na|na,2,foreign_branch,air cruisers llc,Foreign (branch),False,n,unclassified,
T06FC6828C,ASP SHIP MANAGEMENT SINGAPORE PTE LTD.,Foreign Company Branch,Live Company,05,01,189721,52226,na,asp ship management,189721|05|01,9,foreign_branch,asp ship management,Foreign (branch),False,n,unclassified,
T06FC6940C,AIR INDIA EXPRESS LIMITED,Foreign Company Branch,Live Company,03,07/08,179804,51001,51003,air india express,179804|03|07/08,1,foreign_branch,air india express,Foreign (branch),False,n,unclassified,
T07FC7059E,ANANTARA SOLUTIONS PRIVATE LIMITED (Singapore Branch),Foreign Company Branch,Live Company,32,01,048624,62023,62021,anantara solutions,048624|32|01,245,foreign_branch,anantara solutions,Foreign (branch),False,n,unclassified,
T07FC7070G,A-CONNECT (ASIA) LIMITED,Foreign Company Branch,Live Company,20,01,068877,70201,na,a connect asia,068877|20|01,2520,foreign_branch,a connect asia,Foreign (branch),False,n,unclassified,
T08FC7157J,AIRASIA BERHAD (Singapore Branch),Foreign Company Branch,Live Company,17,05,188979,51001,66221,airasia berhad,188979|17|05,82,foreign_branch,airasia berhad,Foreign (branch),False,n,unclassified,
T08FC7176A,ARTHAN SMITHS ASIA LTD. (Singapore Branch),Foreign Company Branch,Live Company,23,01,179094,64202,na,arthan smiths asia,179094|23|01,4,foreign_branch,arthan smiths asia,Foreign (branch),False,n,unclassified,
T08FC7194H,ASPEN INSURANCE UK LIMITED Singapore Branch,Foreign Company Branch,Live Company,38,03,018982,65202,na,aspen insurance uk,018982|38|03,4,foreign_branch,aspen insurance uk,Foreign (branch),False,n,unclassified,
T08FC7218J,AXIS SPECIALTY LIMITED (Singapore Branch),Foreign Company Branch,Live Company,46,06,048623,65124,65202,axis specialty,048623|46|06,1,foreign_branch,axis specialty,Foreign (branch),False,n,unclassified,
T08FC7260L,AIRASIA X BERHAD (Singapore Branch),Foreign Company Branch,Live Company,17,05,188979,51001,na,airasia x berhad,188979|17|05,82,foreign_branch,airasia x berhad,Foreign (branch),False,n,unclassified,
T09FC0084C,ARRK (MALAYSIA) SDN. BHD. Singapore Branch,Foreign Company Branch,Live Company,08,51,329983,46900,na,arrk malaysia sdn bhd,329983|08|51,22,foreign_branch,arrk malaysia sdn bhd,Foreign (branch),False,n,unclassified,
T09FC0095D,"ASAHI INTECC CO., LTD. Singapore Branch",Foreign Company Branch,Live Company,16,01B,069535,46592,na,asahi intecc,069535|16|01B,1,foreign_branch,asahi intecc,Foreign (branch),False,n,unclassified,
T09FC0142D,"ALLIED WORLD ASSURANCE COMPANY, LTD",Foreign Company Branch,Live Company,36,01,018916,65202,65124,allied world assurance,018916|36|01,1,foreign_branch,allied world assurance,Foreign (branch),False,n,unclassified,
T10FC0010H,ASIAN IN-FLIGHT MEDIA LIMITED (Singapore Branch),Foreign Company Branch,Live Company,06,28,409051,73100,na,asian in flight media,409051|06|28,10450,foreign_branch,asian in flight media,Foreign (branch),False,n,unclassified,
T10FC0013G,ASSOCIATION EDHEC BUSINESS SCHOOL Singapore Branch,Foreign Company Branch,Live Company,15,02,049145,85509,na,association edhec business school,049145|15|02,5,foreign_branch,association edhec business school,Foreign (branch),False,n,unclassified,
T10FC0128E,"ACT EDUCATION SOLUTIONS, LIMITED (Singapore Branch)",Foreign Company Branch,Live Company,06,01,349562,85509,na,act education solutions,349562|06|01,79,foreign_branch,act education solutions,Foreign (branch),False,n,unclassified,
T11FC0132F,ARCHIPELAGO RESOURCES LIMITED Singapore Branch,Foreign Company Branch,Live Company,01,07,397999,70101,08900,archipelago resources,397999|01|07,6,foreign_branch,archipelago resources,Foreign (branch),False,n,unclassified,
T11FC0165J,"AERSALE, INC. (Singapore Branch)",Foreign Company Branch,Live Company,38,02/03,049513,46552,na,aersale,049513|38|02/03,56,foreign_branch,aersale,Foreign (branch),False,n,unclassified,
T11FC0174G,AIG TECHNOLOGIES (MALAYSIA) SDN. BHD. (Singapore Branch),Foreign Company Branch,Live Company,10,15,059817,62090,na,aig technologies malaysia sdn bhd,059817|10|15,180,foreign_branch,aig technologies malaysia sdn bhd,Foreign (branch),False,n,unclassified,
T12FC0035H,AIR WORLDWIDE CORPORATION,Foreign Company Branch,Live Company,07,00,049481,62011,62021,air worldwide,049481|07|00,45,foreign_branch,air worldwide,Foreign (branch),False,n,unclassified,
T12FC0039C,ADDLESHAW GODDARD LLP,Foreign Company Branch,Live Company,40,00,049315,69101,na,addleshaw goddard,049315|40|00,61,foreign_branch,addleshaw goddard,Foreign (branch),False,n,unclassified,
T12FC0054L,ARIES MARINE (L.L.C) (Singapore Branch),Foreign Company Branch,Live Company,06,57,658064,30110,71200,aries marine l l c,658064|06|57,3,foreign_branch,aries marine l l c,Foreign (branch),False,n,unclassified,
T12FC0059B,ARCH PHARMALABS LIMITED Singapore Branch,Foreign Company Branch,Live Company,02,01C,199597,46649,46900,arch pharmalabs,199597|02|01C,1,foreign_branch,arch pharmalabs,Foreign (branch),False,n,unclassified,
T12FC0122F,AON GLOBAL OPERATIONS SE Singapore Branch,Foreign Company Branch,Live Company,26,01,068804,70201,na,aon global operations se,068804|26|01,44,foreign_branch,aon global operations se,Foreign (branch),False,n,unclassified,
T12FC0155J,"ACS INTERNATIONAL, LTD. Singapore Branch",Foreign Company Branch,Live Company,11,O1,068877,70201,na,acs international,068877|11|O1,1,foreign_branch,acs international,Foreign (branch),False,n,unclassified,
T12FC0156E,ALTAVAIR (UK) LIMITED,Foreign Company Branch,Live Company,12,01,068808,74909,na,altavair uk,068808|12|01,541,foreign_branch,altavair uk,Foreign (branch),False,n,unclassified,
T12FC0166K,ASSURANCEFORENINGEN SKULD (GJENSIDIG) Singapore Branch,Foreign Company Branch,Live Company,20,05,049145,65121,na,assuranceforeningen skuld gjensidig,049145|20|05,1,foreign_branch,assuranceforeningen skuld gjensidig,Foreign (branch),False,n,unclassified,
T12FC0175H,ASTOMOS ENERGY CORPORATION Singapore Branch,Foreign Company Branch,Live Company,21,05A,049145,47762,na,astomos energy,049145|21|05A,1,foreign_branch,astomos energy,Foreign (branch),False,n,unclassified,
T13FC0022J,"ALL NIPPON AIRWAYS CO., LTD.",Foreign Company Branch,Live Company,15,06,048423,51003,na,all nippon airways,048423|15|06,1,foreign_branch,all nippon airways,Foreign (branch),False,n,unclassified,
T13FC0028G,"ARMAR TECH, LLC",Foreign Company Branch,Live Company,03,05,528559,52101,52292,armar tech llc,528559|03|05,1,foreign_branch,armar tech llc,Foreign (branch),False,n,unclassified,
T14FC0021G,ANSONIA HOLDINGS SINGAPORE B.V.,Foreign Company Branch,Live Company,37,04,039192,64202,na,ansonia holdings b v,039192|37|04,1,foreign_branch,ansonia holdings b v,Foreign (branch),False,n,unclassified,
T14FC0083G,AIR NEW ZEALAND LIMITED Singapore Branch,Foreign Company Branch,Live Company,16,05,307591,51001,na,air new zealand,307591|16|05,1,foreign_branch,air new zealand,Foreign (branch),False,n,unclassified,
T14FC0102F,ARCSERVE UK BRANCH LIMITED (Singapore Branch),Foreign Company Branch,Live Company,07,07,409051,62090,na,arcserve uk,409051|07|07,1,foreign_branch,arcserve uk,Foreign (branch),False,n,unclassified,
T14FC0113G,ACCELYA US INC. Singapore Branch,Foreign Company Branch,Live Company,10,01,069536,82999,na,accelya us,069536|10|01,159,foreign_branch,accelya us,Foreign (branch),False,n,unclassified,
T15FC0023D,AURUM PRECAST SDN BHD (Singapore Branch),Foreign Company Branch,Live Company,na,na,588185,25113,41001,aurum precast sdn bhd,588185|na|na,35,foreign_branch,aurum precast sdn bhd,Foreign (branch),False,n,unclassified,
T15FC0066A,ARPER S.P.A. Singapore Branch,Foreign Company Branch,Live Company,14,12,069533,46431,31001,arper p a,069533|14|12,115,foreign_branch,arper p a,Foreign (branch),False,n,unclassified,
T16FC0009H,ACCIONA CONSTRUCCION S.A. Singapore Branch,Foreign Company Branch,Live Company,09,21,409015,70209,43909,acciona construccion a,409015|09|21,12,foreign_branch,acciona construccion a,Foreign (branch),False,n,unclassified,
T16FC0034K,ALLFUNDS Singapore Branch,Foreign Company Branch,Live Company,15,06,049909,66191,66129,allfunds,049909|15|06,1,foreign_branch,allfunds,Foreign (branch),False,n,unclassified,
T16FC0037J,AIR PACIFIC LIMITED (Singapore Branch),Foreign Company Branch,Live Company,18,01,068804,51001,na,air pacific,068804|18|01,147,foreign_branch,air pacific,Foreign (branch),False,n,unclassified,
T16FC0107G,ATRADIUS CREDITO Y CAUCION S.A. DE SEGUROS Y REASEGUROS,Foreign Company Branch,Live Company,43,03,048624,65123,na,atradius credito y caucion a de seguros y reaseguros,048624|43|03,2,foreign_branch,atradius credito y caucion a de seguros y reaseguros,Foreign (branch),False,n,unclassified,
T16FC0120A,ASTRAL ADVERTISING & MARKETING INDIA PRIVATE LIMITED (Singapore Branch),Foreign Company Branch,Live Company,15,02,068898,73100,na,astral advertising marketing india,068898|15|02,141,foreign_branch,astral advertising marketing india,Foreign (branch),False,n,unclassified,
T16FC0132J,ALLIGATOR HONG KONG LIMITED (Singapore Branch),Foreign Company Branch,Live Company,12,14,079903,64202,46900,alligator hong kong,079903|12|14,324,foreign_branch,alligator hong kong,Foreign (branch),False,n,unclassified,
T16FC0134A,AM ALPHA KAPITALVERWALTUNGSGESELLSCHAFT MBH (Singapore Branch),Foreign Company Branch,Live Company,13,02,049319,66301,66303,am alpha kapitalverwaltungsgesellschaft mbh,049319|13|02,1,foreign_branch,am alpha kapitalverwaltungsgesellschaft mbh,Foreign (branch),False,n,unclassified,
T16FC0138G,APTITUDE SOFTWARE LIMITED Singapore Branch,Foreign Company Branch,Live Company,23,01,188778,62090,na,aptitude software,188778|23|01,211,foreign_branch,aptitude software,Foreign (branch),False,n,unclassified,
T16FC0166H,AMBAFLEX ASIA PACIFIC B.V. (Singapore Branch),Foreign Company Branch,Live Company,23,01,188778,46541,na,ambaflex asia pacific b v,188778|23|01,211,foreign_branch,ambaflex asia pacific b v,Foreign (branch),False,n,unclassified,
T17FC0025F,ARAB BANKING CORPORATION (B.S.C) Singapore Branch,Foreign Company Branch,Live Company,40,01,048619,64130,na,arab banking b c,048619|40|01,1,foreign_branch,arab banking b c,Foreign (branch),False,n,unclassified,
T17FC0128G,ALLIANCE GROUP LIMITED (Singapore Branch),Foreign Company Branch,Live Company,26,01,048619,46302,na,alliance group,048619|26|01,2453,foreign_branch,alliance group,Foreign (branch),False,n,unclassified,
T17FC0163C,AUSTRIAN AIRLINES AG,Foreign Company Branch,Live Company,13,01,238871,51003,51004,austrian airlines,238871|13|01,5,foreign_branch,austrian airlines,Foreign (branch),False,n,unclassified,
T18FC0017J,AZBIL CORPORATION Singapore Branch,Foreign Company Branch,Live Company,06,07,018937,70101,70209,azbil,018937|06|07,409,foreign_branch,azbil,Foreign (branch),False,n,unclassified,
T18FC0019A,ASIA INFRASTRUCTURE SOLUTIONS LIMITED (Singapore Branch),Foreign Company Branch,Live Company,12,1TO5,188024,71122,na,asia infrastructure solutions,188024|12|1TO5,4,foreign_branch,asia infrastructure solutions,Foreign (branch),False,n,unclassified,
T18FC0087L,AZQORE SA Singapore Branch,Foreign Company Branch,Live Company,08,10,339510,62011,66199,azqore,339510|08|10,1,foreign_branch,azqore,Foreign (branch),False,n,unclassified,
T18FC0122C,"AARKI, LLC Singapore Branch",Foreign Company Branch,Live Company,11,04,049712,73100,na,aarki llc,049712|11|04,7,foreign_branch,aarki llc,Foreign (branch),False,n,unclassified,
T18FC0132H,AXIOS INTERNATIONAL CONSULTANTS LIMITED Singapore Branch,Foreign Company Branch,Live Company,17,00,048542,70209,na,axios international consultants,048542|17|00,132,foreign_branch,axios international consultants,Foreign (branch),False,n,unclassified,
T18FC0148L,AUTUMN INVESTMENT GP LIMITED (Singapore Branch),Foreign Company Branch,Live Company,12,01/02,038989,64202,na,autumn investment gp,038989|12|01/02,204,foreign_branch,autumn investment gp,Foreign (branch),False,n,unclassified,
T18FC0168K,ACRELEC ASIA LIMITED Singapore Branch,Foreign Company Branch,Live Company,42,00,049909,70102,na,acrelec asia,049909|42|00,65,foreign_branch,acrelec asia,Foreign (branch),False,n,unclassified,
T19FC0012A,ACRE WORKS SDN. BHD. (Singapore Branch),Foreign Company Branch,Live Company,18,75,658065,42909,na,acre works sdn bhd,658065|18|75,2,foreign_branch,acre works sdn bhd,Foreign (branch),False,n,unclassified,
T19FC0032L,"ASSOCIATION FOR FINANCIAL PROFESSIONALS, INC. (Singapore Branch)",Foreign Company Branch,Live Company,03,01,228095,94120,na,association for financial professionals,228095|03|01,489,foreign_branch,association for financial professionals,Foreign (branch),False,n,unclassified,
T19FC0084F,"AUSTAL USA, LLC Singapore Branch",Foreign Company Branch,Live Company,04,09/10,486066,30110,na,austal usa llc,486066|04|09/10,1,foreign_branch,austal usa llc,Foreign (branch),False,n,unclassified,
T19FC0104A,AACO SINGAPORE HOLDINGS PTY LTD Singapore Branch,Foreign Company Branch,Live Company,15,02,069535,70102,na,aaco holdings pty,069535|15|02,76,foreign_branch,aaco holdings pty,Foreign (branch),False,n,unclassified,
T19FC0105H,ASIA PACIFIC LOAN MARKET ASSOCIATION LIMITED (Singapore Branch),Foreign Company Branch,Live Company,26,01,048619,94120,na,asia pacific loan market association,048619|26|01,2453,foreign_branch,asia pacific loan market association,Foreign (branch),False,n,unclassified,
T20FC0046B,ATR INTERNATIONAL AG (Singapore Branch),Foreign Company Branch,Live Company,07,54,409051,70101,na,atr international,409051|07|54,917,foreign_branch,atr international,Foreign (branch),False,n,unclassified,
T20FC0047J,ARAGON TRUST COMPANY Singapore Branch,Foreign Company Branch,Live Company,06,08,159546,82110,na,aragon trust,159546|06|08,3,foreign_branch,aragon trust,Foreign (branch),False,n,unclassified,
T20FC0104C,AIRCRAFT RECYCLING INTERNATIONAL HOLDINGS LIMITED (Singapore Branch),Foreign Company Branch,Live Company,38,04,038986,64202,na,aircraft recycling international holdings,038986|38|04,8,foreign_branch,aircraft recycling international holdings,Foreign (branch),False,n,unclassified,
T20FC0115D,ASPEN BERMUDA LIMITED Singapore Branch,Foreign Company Branch,Live Company,38,03,018982,65202,na,aspen bermuda,018982|38|03,4,foreign_branch,aspen bermuda,Foreign (branch),False,n,unclassified,
T21FC0017K,ALUMINIUM BAHRAIN B.S.C Singapore Branch,Foreign Company Branch,Live Company,17,04,189721,24320,na,aluminium bahrain b c,189721|17|04,1,foreign_branch,aluminium bahrain b c,Foreign (branch),False,n,unclassified,
T21FC0039A,AESARA PARTNERS LIMITED Singapore Branch,Foreign Company Branch,Live Company,16,02,048619,70201,na,aesara partners,048619|16|02,4,foreign_branch,aesara partners,Foreign (branch),False,n,unclassified,
T21FC0045L,ASTREA BIOSEPARATIONS LTD (Singapore Branch),Foreign Company Branch,Live Company,03,11,098633,70102,82999,astrea bioseparations,098633|03|11,30,foreign_branch,astrea bioseparations,Foreign (branch),False,n,unclassified,
T21FC0052F,ADANICONNEX PRIVATE LIMITED (Singapore Branch),Foreign Company Branch,Live Company,22,01,079909,63111,na,adaniconnex,079909|22|01,35,foreign_branch,adaniconnex,Foreign (branch),False,n,unclassified,
T21FC0079K,AIR PREMIA INC. Singapore Branch,Foreign Company Branch,Live Company,39,04,018960,51003,51004,air premia,018960|39|04,8,foreign_branch,air premia,Foreign (branch),False,n,unclassified,
T21FC0089D,"ATINUM INVESTMENT CO., LTD. (Singapore Branch)",Foreign Company Branch,Live Company,20,02,048616,64202,na,atinum investment,048616|20|02,311,foreign_branch,atinum investment,Foreign (branch),False,n,unclassified,
T22FC0003D,ATLAS TECHNOLOGIES CORPORATION Singapore Branch,Foreign Company Branch,Live Company,04,04,169877,62021,62011,atlas technologies,169877|04|04,62,foreign_branch,atlas technologies,Foreign (branch),False,n,unclassified,
T22FC0006C,AHREND INTERNATIONAL B.V. Singapore Branch,Foreign Company Branch,Live Company,18,21,048619,46439,na,ahrend international b v,048619|18|21,383,foreign_branch,ahrend international b v,Foreign (branch),False,n,unclassified,
T22FC0014E,AIRCASTLE (IRELAND) DAC Singapore Branch,Foreign Company Branch,Live Company,13,01,018960,70209,70101,aircastle ireland dac,018960|13|01,2,foreign_branch,aircastle ireland dac,Foreign (branch),False,n,unclassified,
T22FC0043B,AV AIRFINANCE LIMITED (Singapore Branch),Foreign Company Branch,Live Company,12,01,068808,64999,na,av airfinance,068808|12|01,541,foreign_branch,av airfinance,Foreign (branch),False,n,unclassified,
T23FC0016B,"ATLAS CO., LTD Singapore Branch",Foreign Company Branch,Live Company,14,108,048622,52227,na,atlas,048622|14|108,1,foreign_branch,atlas,Foreign (branch),False,n,unclassified,
T23FC0036A,AEROPAIR LTD. Singapore Branch,Foreign Company Branch,Live Company,04,06,797649,30301,na,aeropair,797649|04|06,1,foreign_branch,aeropair,Foreign (branch),False,n,unclassified,
T23FC0048J,ARCHER TECHNOLOGIES IRELAND LIMITED Singapore Branch,Foreign Company Branch,Live Company,26,01,048619,46512,na,archer technologies ireland,048619|26|01,2453,foreign_branch,archer technologies ireland,Foreign (branch),False,n,unclassified,
T23FC0051J,ANDRITZ AG Branch Office Singapore,Foreign Company Branch,Live Company,04,13/14,609930,28300,na,andritz office,609930|04|13/14,2,foreign_branch,andritz office,Foreign (branch),False,n,unclassified,
T23FC0091G,AICA WILSONART (THAILAND) Singapore Branch,Foreign Company Branch,Live Company,12,07,038987,46900,na,aica wilsonart thailand,038987|12|07,2708,foreign_branch,aica wilsonart thailand,Foreign (branch),False,n,unclassified,
T24FC0010J,AIR CANADA Singapore Branch,Foreign Company Branch,Live Company,15,01,238881,51003,51004,air canada,238881|15|01,3,foreign_branch,air canada,Foreign (branch),False,n,unclassified,
T24FC0016G,AIR CALEDONIE INTERNATIONAL Singapore Branch,Foreign Company Branch,Live Company,09,01,238881,51001,51002,air caledonie international,238881|09|01,9,foreign_branch,air caledonie international,Foreign (branch),False,n,unclassified,
T24FC0026A,AERFIN LIMITED (Singapore Branch),Foreign Company Branch,Live Company,40,04,018960,46552,30302,aerfin,018960|40|04,22,foreign_branch,aerfin,Foreign (branch),False,n,unclassified,
T24FC0034C,ACORN STAIRLIFTS PTY. LIMITED Singapore Branch,Foreign Company Branch,Live Company,10,01,069536,28162,na,acorn stairlifts pty,069536|10|01,159,foreign_branch,acorn stairlifts pty,Foreign (branch),False,n,unclassified,
T24FC0038J,ARNOLD MAGNETIC TECHNOLOGIES LIMITED Singapore Branch,Foreign Company Branch,Live Company,35,00,189720,32909,na,arnold magnetic technologies,189720|35|00,116,foreign_branch,arnold magnetic technologies,Foreign (branch),False,n,unclassified,
T24FC0039E,AL PLUS OFFICES LIMITED Singapore Branch,Foreign Company Branch,Live Company,12,01A,069538,70101,na,al plus offices,069538|12|01A,95,foreign_branch,al plus offices,Foreign (branch),False,n,unclassified,
T24FC0052K,"AIRASIA (CAMBODIA) CO., LTD. (Singapore Branch)",Foreign Company Branch,Live Company,17,05,188979,51003,na,airasia cambodia,188979|17|05,82,foreign_branch,airasia cambodia,Foreign (branch),False,n,unclassified,
T24FC0068B,ARCTERA OPERATIONS LIMITED Singapore Branch,Foreign Company Branch,Live Company,23,11,189767,46512,63909,arctera operations,189767|23|11,532,foreign_branch,arctera operations,Foreign (branch),False,n,unclassified,
T24FC0079C,AMONT INVESTMENTS LIMITED Branch Office Singapore,Foreign Company Branch,Live Company,16,01,079027,68101,na,amont investments office,079027|16|01,517,foreign_branch,amont investments office,Foreign (branch),False,n,unclassified,
T25FC0022L,"AIRZETA CO., LTD Singapore Branch",Foreign Company Branch,Live Company,02,255,819462,51002,na,airzeta,819462|02|255,1,foreign_branch,airzeta,Foreign (branch),False,n,unclassified,
T25FC0028J,"AIRSPACE INTERNATIONAL CO., LTD. Singapore Branch",Foreign Company Branch,Live Company,10,03,059413,63201,47109,airspace international,059413|10|03,395,foreign_branch,airspace international,Foreign (branch),False,n,unclassified,
T25FC0034H,"ALBATRON TECHNOLOGY CO., LTD. Singapore Branch",Foreign Company Branch,Live Company,07,04,079911,26201,46511,albatron technology,079911|07|04,66,foreign_branch,albatron technology,Foreign (branch),False,n,unclassified,
T25FC0061B,AOGB CPA LIMITED (Singapore Branch),Foreign Company Branch,Live Company,03,99,573970,69201,na,aogb cpa,573970|03|99,85,foreign_branch,aogb cpa,Foreign (branch),False,n,unclassified,
T25FC0062J,ASHURST PERKINS COIE RISK ADVISORY LLP Singapore Branch,Foreign Company Branch,Live Company,24,02,179094,70201,na,ashurst perkins coie risk advisory,179094|24|02,69,foreign_branch,ashurst perkins coie risk advisory,Foreign (branch),False,n,unclassified,
T25FC0076J,AI PROCESS SYSTEMS LIMITED (Singapore Branch),Foreign Company Branch,Live Company,07,04,079911,71122,na,ai process systems,079911|07|04,66,foreign_branch,ai process systems,Foreign (branch),False,n,unclassified,
T25FC0078A,"ACTUALIZE CONSULTING, LLC Singapore Branch",Foreign Company Branch,Live Company,05,01,188778,74909,70209,actualize consulting llc,188778|05|01,123,foreign_branch,actualize consulting llc,Foreign (branch),False,n,unclassified,
T26FC0029K,ALLSEAS CONSTRUCTION CONTRACTORS SA Singapore Branch,Foreign Company Branch,Live Company,33,00,068809,42909,09002,allseas construction contractors,068809|33|00,49,foreign_branch,allseas construction contractors,Foreign (branch),False,n,unclassified,
T26FC0033F,"ALLEGRO MICROSYSTEMS BUSINESS DEVELOPMENT, INC. Singapore Branch",Foreign Company Branch,Live Company,06,20,179098,64202,na,allegro microsystems business development,179098|06|20,122,foreign_branch,allegro microsystems business development,Foreign (branch),False,n,unclassified,
T26FC0038H,AUREUS ENTERPRISES FZCO (Singapore Branch),Foreign Company Branch,Live Company,14,302,199591,66123,46620,aureus enterprises fzco,199591|14|302,115,foreign_branch,aureus enterprises fzco,Foreign (branch),False,n,unclassified,
T26FC0066J,"AIR ROAD LOGISTICS CO., LTD. Singapore Branch",Foreign Company Branch,Live Company,21,03,038987,52292,52222,air road logistics,038987|21|03,15,foreign_branch,air road logistics,Foreign (branch),False,n,unclassified,
T26FC0069H,AUER SIGNAL GMBH Singapore Branch,Foreign Company Branch,Live Company,12,05,018961,46522,na,auer signal,018961|12|05,104,foreign_branch,auer signal,Foreign (branch),False,n,unclassified,
S60FC1376L,MALAYAN BANKING BERHAD,Foreign Company Branch,Live Company,01,01,049907,64120,na,malayan banking berhad,049907|01|01,5,foreign_branch,malayan banking berhad,Foreign (branch),False,n,unclassified,
S74FC2413J,"MIZUHO BANK, LTD.",Foreign Company Branch,Live Company,08,01,018961,64120,64120,mizuho bank,018961|08|01,1,foreign_branch,mizuho bank,Foreign (branch),False,n,unclassified,
S75FC2505C,MUNCHENER RUCKVERSICHERUNGS- GESELLSCHAFT,Foreign Company Branch,Live Company,08,01,048423,65201,na,munchener ruckversicherungs gesellschaft,048423|08|01,3,foreign_branch,munchener ruckversicherungs gesellschaft,Foreign (branch),False,n,unclassified,
S75FC2508B,MALAYSIA MARINE AND HEAVY ENGINEERING SDN. BHD. Singapore Branch,Foreign Company Branch,Live Company,03,46,138637,70201,52101,malaysia marine and heavy engineering sdn bhd,138637|03|46,1,foreign_branch,malaysia marine and heavy engineering sdn bhd,Foreign (branch),False,n,unclassified,
S81FC3038C,MERITOR HEAVY VEHICLE SYSTEMS (SINGAPORE) PTE LTD,Foreign Company Branch,Live Company,32,01,048624,29300,na,meritor heavy vehicle systems,048624|32|01,245,foreign_branch,meritor heavy vehicle systems,Foreign (branch),False,n,unclassified,
S89FC4044L,MITSUBISHI MATERIALS TRADING CORPORATION,Foreign Company Branch,Live Company,32,09,079903,46620,46541,mitsubishi materials trading,079903|32|09,1,foreign_branch,mitsubishi materials trading,Foreign (branch),False,n,unclassified,
S93FC4581D,MYANMAR AIRWAYS INTERNATIONAL COMPANY LIMITED,Foreign Company Branch,Live Company,13,01-27,069534,51001,na,myanmar airways international,069534|13|01-27,1,foreign_branch,myanmar airways international,Foreign (branch),False,n,unclassified,
S94FC4833D,MTV ASIA,Foreign Company Branch,Live Company,03,08A,556741,59119,60200,mtv asia,556741|03|08A,4,foreign_branch,mtv asia,Foreign (branch),False,n,unclassified,
S96FC5131K,"MIHAMA CORPORATION, Singapore Branch",Foreign Company Branch,Live Company,26,01,048619,46900,na,mihama,048619|26|01,2453,foreign_branch,mihama,Foreign (branch),False,n,unclassified,
S96FC5249G,"MEGA INTERNATIONAL COMMERCIAL BANK CO., LTD.",Foreign Company Branch,Live Company,23,20,048624,64130,64130,mega international commercial bank,048624|23|20,1,foreign_branch,mega international commercial bank,Foreign (branch),False,n,unclassified,
S97FC5283A,"MONITOR COMPANY ASIA PACIFIC,LLC",Foreign Company Branch,Live Company,33,00,068809,70201,na,monitor asia pacific llc,068809|33|00,49,foreign_branch,monitor asia pacific llc,Foreign (branch),False,n,unclassified,
S98FC5563B,MAARS SOFTWARE INTERNATIONAL LIMITED,Foreign Company Branch,Live Company,06,12,068894,62021,na,maars software international,068894|06|12,1,foreign_branch,maars software international,Foreign (branch),False,n,unclassified,
S98FC5579E,MOTION PICTURE ASSOCIATION-INTERNATIONAL,Foreign Company Branch,Live Company,30,05,307591,70101,na,motion picture association international,307591|30|05,1,foreign_branch,motion picture association international,Foreign (branch),False,n,unclassified,
S98FC5657E,MCCAIN INTERNATIONAL SERVICES INC.,Foreign Company Branch,Live Company,26,01,048619,82999,na,mccain international services,048619|26|01,2453,foreign_branch,mccain international services,Foreign (branch),False,n,unclassified,
T01FC6011G,MUSICA VIVA AUSTRALIA,Foreign Company Branch,Live Company,36,02,038989,85508,na,musica viva australia,038989|36|02,24,foreign_branch,musica viva australia,Foreign (branch),False,n,unclassified,
T01FC6016J,MIDAS COMMUNICATION TECHNOLOGIES PTE LTD,Foreign Company Branch,Live Company,10,05,188216,72102,72102,midas communication technologies,188216|10|05,2,foreign_branch,midas communication technologies,Foreign (branch),False,n,unclassified,
T01FC6047J,MB SHIPBROKERS ASIA LIMITED,Foreign Company Branch,Live Company,06,03/04,079914,52227,52226,mb shipbrokers asia,079914|06|03/04,2,foreign_branch,mb shipbrokers asia,Foreign (branch),False,n,unclassified,
T04FC6555C,MASERGY COMMUNICATIONS UK LIMITED,Foreign Company Branch,Live Company,13,00,068896,82999,na,masergy communications uk,068896|13|00,838,foreign_branch,masergy communications uk,Foreign (branch),False,n,unclassified,
T05FC6755A,"MISUZU MACHINERY CO., LTD (Singapore Branch)",Foreign Company Branch,Live Company,10,01A,068898,46100,46551,misuzu machinery,068898|10|01A,72,foreign_branch,misuzu machinery,Foreign (branch),False,n,unclassified,
T06FC6955K,MUSASHI ENGINEERING HONG KONG LIMITED Singapore Branch,Foreign Company Branch,Live Company,05,24,408564,26511,46592,musashi engineering hong kong,408564|05|24,1,foreign_branch,musashi engineering hong kong,Foreign (branch),False,n,unclassified,
T07FC7044J,MILLI REASURANS T.A.S. Singapore Branch,Foreign Company Branch,Live Company,20,01,049908,65202,na,milli reasurans t a,049908|20|01,1,foreign_branch,milli reasurans t a,Foreign (branch),False,n,unclassified,
T07FC7108H,MARKS & CLERK (ASIA) LLP,Foreign Company Branch,Live Company,08,13,409051,74909,na,marks clerk asia,409051|08|13,138,foreign_branch,marks clerk asia,Foreign (branch),False,n,unclassified,
T09FC0053C,MCE INTERNATIONAL LIMITED (Singapore Branch),Foreign Company Branch,Live Company,18,01,068804,70201,na,mce international,068804|18|01,147,foreign_branch,mce international,Foreign (branch),False,n,unclassified,
T09FC0074J,MILESTONE TECHNOLOGIES INC. (Singapore Branch),Foreign Company Branch,Live Company,03,01,319319,82999,na,milestone technologies,319319|03|01,32,foreign_branch,milestone technologies,Foreign (branch),False,n,unclassified,
T09FC0138H,"MMS CO., LTD. Singapore Branch",Foreign Company Branch,Live Company,12,05,408600,52226,na,mms,408600|12|05,8,foreign_branch,mms,Foreign (branch),False,n,unclassified,
T10FC0008D,MAIT S.P.A. (Singapore Branch),Foreign Company Branch,Live Company,03,04,387385,28210,46530,mait p a,387385|03|04,33,foreign_branch,mait p a,Foreign (branch),False,n,unclassified,
T11FC0002L,METASWITCH NETWORKS LTD (Singapore Branch),Foreign Company Branch,Live Company,26,01,048619,61020,na,metaswitch networks,048619|26|01,2453,foreign_branch,metaswitch networks,Foreign (branch),False,n,unclassified,
T11FC0061A,MINOP INNOVATIVE TECHNOLOGIES PRIVATE LIMITED (BRANCH OFFICE),Foreign Company Branch,Live Company,15,01,079905,71126,46900,minop innovative technologies office,079905|15|01,1,foreign_branch,minop innovative technologies office,Foreign (branch),False,n,unclassified,
T11FC0192C,MESOBLAST INTERNATIONAL SARL Singapore Branch,Foreign Company Branch,Live Company,01,22,138567,72106,na,mesoblast international sarl,138567|01|22,1,foreign_branch,mesoblast international sarl,Foreign (branch),False,n,unclassified,
T12FC0029J,"MUELLER CO. INTERNATIONAL HOLDINGS, LLC",Foreign Company Branch,Live Company,26,01,048619,74909,na,mueller international holdings llc,048619|26|01,2453,foreign_branch,mueller international holdings llc,Foreign (branch),False,n,unclassified,
T12FC0046J,MARPOSS KABUSHIKI KAISHA (Singapore Branch),Foreign Company Branch,Live Company,05,20,159836,28221,na,marposs kabushiki kaisha,159836|05|20,1,foreign_branch,marposs kabushiki kaisha,Foreign (branch),False,n,unclassified,
T12FC0112A,MARINE STAR CORPORATION (Singapore Branch),Foreign Company Branch,Live Company,05,09B,347740,46551,52292,marine star,347740|05|09B,4,foreign_branch,marine star,Foreign (branch),False,n,unclassified,
T13FC0037E,MAVERIC SYSTEMS LIMITED Singapore Branch,Foreign Company Branch,Live Company,05,09,486006,70201,na,maveric systems,486006|05|09,3,foreign_branch,maveric systems,Foreign (branch),False,n,unclassified,
T13FC0134H,MERIDIAN INFOTECH LTD (Singapore Branch),Foreign Company Branch,Live Company,23,05,069533,62021,na,meridian infotech,069533|23|05,101,foreign_branch,meridian infotech,Foreign (branch),False,n,unclassified,
T13FC0164A,"MTI CO., LTD. Singapore Branch",Foreign Company Branch,Live Company,14,01,098633,62090,71129,mti,098633|14|01,41,foreign_branch,mti,Foreign (branch),False,n,unclassified,
T13FC0184L,MILLENNIUM I. T. SOFTWARE (PRIVATE) LIMITED (Singapore Branch),Foreign Company Branch,Live Company,28,01,048583,62011,na,millennium i t software,048583|28|01,5,foreign_branch,millennium i t software,Foreign (branch),False,n,unclassified,
T13FC0209H,MERCANTA LIMITED (Singapore Branch),Foreign Company Branch,Live Company,02,01,059301,46223,na,mercanta,059301|02|01,2,foreign_branch,mercanta,Foreign (branch),False,n,unclassified,
T14FC0065L,METIS GLOBAL LIMITED Singapore Branch,Foreign Company Branch,Live Company,22,03,049483,64300,na,metis global,049483|22|03,2,foreign_branch,metis global,Foreign (branch),False,n,unclassified,
T14FC0123A,MALINDO AIRWAYS SDN. BHD. (Singapore Branch),Foreign Company Branch,Live Company,02,121,819665,52233,na,malindo airways sdn bhd,819665|02|121,4,foreign_branch,malindo airways sdn bhd,Foreign (branch),False,n,unclassified,
T15FC0072L,"MAPFRE RE, COMPANIA DE REASEGUROS, S.A. (Singapore Branch)",Foreign Company Branch,Live Company,24,02,018961,65201,65202,mapfre re compania de reaseguros a,018961|24|02,1,foreign_branch,mapfre re compania de reaseguros a,Foreign (branch),False,n,unclassified,
T15FC0074C,M.TECH SOLUTIONS (INDIA) PRIVATE LIMITED,Foreign Company Branch,Live Company,06,111,609966,82999,na,m tech solutions india,609966|06|111,8,foreign_branch,m tech solutions india,Foreign (branch),False,n,unclassified,
T15FC0081J,MYANMAR NATIONAL AIRLINES COMPANY LIMITED (Singapore Branch),Foreign Company Branch,Live Company,04,27,819642,51003,51004,myanmar national airlines,819642|04|27,1,foreign_branch,myanmar national airlines,Foreign (branch),False,n,unclassified,
T15FC0086L,MALAYSIA AIRLINES BERHAD Singapore Branch,Foreign Company Branch,Live Company,03,99,819642,51003,51001,malaysia airlines berhad,819642|03|99,1,foreign_branch,malaysia airlines berhad,Foreign (branch),False,n,unclassified,
T15FC0119K,MARKEN TIME CRITICAL EXPRESS LIMITED (Singapore Branch),Foreign Company Branch,Live Company,07,06,417939,53200,na,marken time critical express,417939|07|06,1,foreign_branch,marken time critical express,Foreign (branch),False,n,unclassified,
T16FC0018F,MAGNET FORENSICS INTERNATIONAL INC. (Singapore Branch),Foreign Company Branch,Live Company,12,05,018961,46592,na,magnet forensics international,018961|12|05,104,foreign_branch,magnet forensics international,Foreign (branch),False,n,unclassified,
T16FC0068J,MB SHIPBROKERS BULK CHARTERING ASIA LIMITED,Foreign Company Branch,Live Company,06,03/04,079914,52227,na,mb shipbrokers bulk chartering asia,079914|06|03/04,2,foreign_branch,mb shipbrokers bulk chartering asia,Foreign (branch),False,n,unclassified,
T16FC0164E,MAYTRONICS AUSTRALIA PTY LTD Singapore Branch,Foreign Company Branch,Live Company,29,01,018981,81292,46599,maytronics australia pty,018981|29|01,62,foreign_branch,maytronics australia pty,Foreign (branch),False,n,unclassified,
T17FC0006C,MEAT & LIVESTOCK AUSTRALIA LIMITED (Singapore Branch),Foreign Company Branch,Live Company,03,04/05,049561,70102,73200,meat livestock australia,049561|03|04/05,1,foreign_branch,meat livestock australia,Foreign (branch),False,n,unclassified,
T17FC0007K,MSM ASIA LIMITED (Singapore Branch),Foreign Company Branch,Live Company,20,01,068877,60200,na,msm asia,068877|20|01,2520,foreign_branch,msm asia,Foreign (branch),False,n,unclassified,
T17FC0084G,MCD GLOBAL FRANCHISING LIMITED Singapore Branch,Foreign Company Branch,Live Company,22,01,119963,74902,na,mcd global franchising,119963|22|01,1,foreign_branch,mcd global franchising,Foreign (branch),False,n,unclassified,
T17FC0110A,MRD DEVELOPMENT COOPERATIEVE U.A.,Foreign Company Branch,Live Company,12,01/02,038989,68105,64202,mrd development cooperatieve u a,038989|12|01/02,204,foreign_branch,mrd development cooperatieve u a,Foreign (branch),False,n,unclassified,
T17FC0111H,MRD DEVELOPMENT B.V.,Foreign Company Branch,Live Company,12,01/02,038989,68105,64202,mrd development b v,038989|12|01/02,204,foreign_branch,mrd development b v,Foreign (branch),False,n,unclassified,
T17FC0155A,MACRO (ASIA PACIFIC) LIMITED Singapore Branch,Foreign Company Branch,Live Company,05,01,188778,82199,70209,macro asia pacific,188778|05|01,123,foreign_branch,macro asia pacific,Foreign (branch),False,n,unclassified,
T18FC0040H,MEDIX MEDICAL SERVICES ASIA LIMITED (Singapore Branch),Foreign Company Branch,Live Company,05,00,048946,70202,70201,medix medical services asia,048946|05|00,10,foreign_branch,medix medical services asia,Foreign (branch),False,n,unclassified,
T18FC0062K,MC SHIPPING LTD. Singapore Branch,Foreign Company Branch,Live Company,17,02,039192,52226,50021,mc shipping,039192|17|02,1,foreign_branch,mc shipping,Foreign (branch),False,n,unclassified,
T19FC0016G,MICROLAND LIMITED (Singapore Branch),Foreign Company Branch,Live Company,14,01,069543,62023,na,microland,069543|14|01,69,foreign_branch,microland,Foreign (branch),False,n,unclassified,
T19FC0026A,MELISSA DATA CORPORATION Singapore Branch,Foreign Company Branch,Live Company,na,na,058590,63119,na,melissa data,058590|na|na,124,foreign_branch,melissa data,Foreign (branch),False,n,unclassified,
T19FC0122H,MULTIFORD ENTERPRISES LIMITED (Singapore Branch),Foreign Company Branch,Live Company,03,10,419741,70201,na,multiford enterprises,419741|03|10,1,foreign_branch,multiford enterprises,Foreign (branch),False,n,unclassified,
T20FC0020E,MISHCON DE REYA LLP (Singapore Branch),Foreign Company Branch,Live Company,54,02/03,048619,69101,na,mishcon de reya,048619|54|02/03,5,foreign_branch,mishcon de reya,Foreign (branch),False,n,unclassified,
T21FC0010E,METHANEX ASIA PACIFIC LIMITED Singapore Branch,Foreign Company Branch,Live Company,28,00,018989,46649,na,methanex asia pacific,018989|28|00,321,foreign_branch,methanex asia pacific,Foreign (branch),False,n,unclassified,
T21FC0036B,MATEX LAB SWITZERLAND SA Singapore Branch,Foreign Company Branch,Live Company,10,01,069536,82199,na,matex lab switzerland,069536|10|01,159,foreign_branch,matex lab switzerland,Foreign (branch),False,n,unclassified,
T21FC0077G,MC INTERNATIONAL LLC (Singapore Branch),Foreign Company Branch,Live Company,28,00,018989,86909,70202,mc international llc,018989|28|00,321,foreign_branch,mc international llc,Foreign (branch),False,n,unclassified,
T22FC0002H,MONUMENT INTERNATIONAL LIFE ASSURANCE COMPANY LIMITED (Singapore Branch),Foreign Company Branch,Live Company,06,01,189554,65110,na,monument international life assurance,189554|06|01,16,foreign_branch,monument international life assurance,Foreign (branch),False,n,unclassified,
T22FC0025F,"MELCON CO.,LTD. Singapore Branch",Foreign Company Branch,Live Company,06,01M,238164,28274,46599,melcon,238164|06|01M,16,foreign_branch,melcon,Foreign (branch),False,n,unclassified,
T22FC0040C,MAVEN INVESTMENT PARTNERS LTD. (Singapore Branch),Foreign Company Branch,Live Company,14,07,098632,64999,na,maven investment partners,098632|14|07,409,foreign_branch,maven investment partners,Foreign (branch),False,n,unclassified,
T22FC0055K,MELCO RESORTS & ENTERTAINMENT LIMITED Singapore Branch,Foreign Company Branch,Live Company,26,01,048619,70101,na,melco resorts entertainment,048619|26|01,2453,foreign_branch,melco resorts entertainment,Foreign (branch),False,n,unclassified,
T22FC0061J,MB AUTOMATION (MALAYSIA) Branch Office Singapore,Foreign Company Branch,Live Company,08,10A,238164,28273,26511,mb automation malaysia office,238164|08|10A,217,foreign_branch,mb automation malaysia office,Foreign (branch),False,n,unclassified,
T22FC0090F,MARCUS BUILDERS SDN BHD Branch Office Singapore,Foreign Company Branch,Live Company,na,na,579347,41001,68101,marcus builders sdn bhd office,579347|na|na,4,foreign_branch,marcus builders sdn bhd office,Foreign (branch),False,n,unclassified,
T23FC0026G,MINOTTI SPA Singapore Branch,Foreign Company Branch,Live Company,02,01,049422,73200,82199,minotti spa,049422|02|01,6236,foreign_branch,minotti spa,Foreign (branch),False,n,unclassified,
T23FC0033B,"MT COSMETICS, INC. Singapore Branch",Foreign Company Branch,Live Company,11,10,189650,82999,na,mt cosmetics,189650|11|10,2,foreign_branch,mt cosmetics,Foreign (branch),False,n,unclassified,
T23FC0041D,METINA INTERNATIONAL PRIVATE LIMITED Singapore Branch,Foreign Company Branch,Live Company,na,na,089747,46900,46100,metina international,089747|na|na,84,foreign_branch,metina international,Foreign (branch),False,n,unclassified,
T23FC0052E,MODIFI B.V. (Singapore Branch),Foreign Company Branch,Live Company,10,01,068808,64991,na,modifi b v,068808|10|01,170,foreign_branch,modifi b v,Foreign (branch),False,n,unclassified,
T23FC0057G,"MONOXER, INC. Singapore Branch",Foreign Company Branch,Live Company,07,25,339407,62011,na,monoxer,339407|07|25,58,foreign_branch,monoxer,Foreign (branch),False,n,unclassified,
T24FC0008E,MOUNTAINVILLE GROUP LTD Singapore Branch,Foreign Company Branch,Live Company,10,01,179803,64202,na,mountainville group,179803|10|01,11,foreign_branch,mountainville group,Foreign (branch),False,n,unclassified,
T24FC0024J,MCCAIN FOODS INTERNATIONAL SDN. BHD. Branch Office Singapore,Foreign Company Branch,Live Company,23,11,189767,46301,70201,mccain foods international sdn bhd office,189767|23|11,532,foreign_branch,mccain foods international sdn bhd office,Foreign (branch),False,n,unclassified,
T24FC0077L,MPS LIMITED (Singapore Branch),Foreign Company Branch,Live Company,09,03,259403,58190,62011,mps,259403|09|03,1,foreign_branch,mps,Foreign (branch),False,n,unclassified,
T24FC0078G,"MACNICA, INC. Singapore Branch",Foreign Company Branch,Live Company,03,01,534054,46522,na,macnica,534054|03|01,2,foreign_branch,macnica,Foreign (branch),False,n,unclassified,
T25FC0029E,MUNICH AIRPORT INTERNATIONAL GMBH Singapore Branch,Foreign Company Branch,Live Company,33,00,048624,70201,52233,munich airport international,048624|33|00,42,foreign_branch,munich airport international,Foreign (branch),False,n,unclassified,
T25FC0035D,MARITIME INTERNATIONAL SECRETARIAT SERVICES LIMITED (Singapore Branch),Foreign Company Branch,Live Company,28,01,049908,94110,na,maritime international secretariat services,049908|28|01,1,foreign_branch,maritime international secretariat services,Foreign (branch),False,n,unclassified,
T25FC0042K,"MSD EUROPE, L.L.C. (Singapore Branch)",Foreign Company Branch,Live Company,05,152,200809,70101,na,msd europe l l c,200809|05|152,83,foreign_branch,msd europe l l c,Foreign (branch),False,n,unclassified,
T25FC0047A,MEDIIMG CORP. Singapore Branch,Foreign Company Branch,Live Company,06,01M,238164,86902,58202,mediimg,238164|06|01M,16,foreign_branch,mediimg,Foreign (branch),False,n,unclassified,
T25FC0058B,MONARCH SOLICITORS,Foreign Company Branch,Live Company,05,45,409051,69101,69102,monarch solicitors,409051|05|45,28,foreign_branch,monarch solicitors,Foreign (branch),False,n,unclassified,
T25FC0081A,"MITSUBISHI MATERIALS (THAILAND) CO., LTD. Singapore Branch",Foreign Company Branch,Live Company,05,14,408868,73200,82999,mitsubishi materials thailand,408868|05|14,2,foreign_branch,mitsubishi materials thailand,Foreign (branch),False,n,unclassified,
T26FC0027G,MITSUBISHI MATERIALS INDIA PRIVATE LIMITED Singapore Branch,Foreign Company Branch,Live Company,05,14,408868,46541,na,mitsubishi materials india,408868|05|14,2,foreign_branch,mitsubishi materials india,Foreign (branch),False,n,unclassified,
S62FC1469F,LUFTHANSA GERMAN AIRLINES (DEUTSCHE LUFTHANSA AKTIENGESELLSCHAFT),Foreign Company Branch,Live Company,13,01,238871,51003,na,lufthansa german airlines deutsche lufthansa aktiengesellschaft,238871|13|01,5,foreign_branch,lufthansa german airlines deutsche lufthansa aktiengesellschaft,Foreign (branch),False,n,unclassified,
S79FC2834D,LINGO ENTERPRISES LIMITED,Foreign Company Branch,Live Company,12,01,048619,64202,na,lingo enterprises,048619|12|01,197,foreign_branch,lingo enterprises,Foreign (branch),False,n,unclassified,
S95FC4886L,LUFTHANSA CARGO AKTIENGESELLSCHAFT,Foreign Company Branch,Live Company,13,01,238871,51004,na,lufthansa cargo aktiengesellschaft,238871|13|01,5,foreign_branch,lufthansa cargo aktiengesellschaft,Foreign (branch),False,n,unclassified,
S95FC4987J,LANDESBANK BADEN-WUERTTEMBERG,Foreign Company Branch,Live Company,20,01,068897,64130,64130,landesbank baden wuerttemberg,068897|20|01,1,foreign_branch,landesbank baden wuerttemberg,Foreign (branch),False,n,unclassified,
S96FC5252G,"LT SAMBO CO., LTD. (Singapore Branch)",Foreign Company Branch,Live Company,na,na,619265,42200,42301,lt sambo,619265|na|na,3,foreign_branch,lt sambo,Foreign (branch),False,n,unclassified,
S97FC5438D,LUTRON G.L. LTD.,Foreign Company Branch,Live Company,07,04,169662,46522,na,lutron g l,169662|07|04,1,foreign_branch,lutron g l,Foreign (branch),False,n,unclassified,
S98FC5632D,LEIGHTON CONTRACTORS (ASIA) LIMITED (Singapore Branch),Foreign Company Branch,Live Company,03,04,239920,41009,na,leighton contractors asia,239920|03|04,8,foreign_branch,leighton contractors asia,Foreign (branch),False,n,unclassified,
S98FC5635C,LONPAC INSURANCE BHD.,Foreign Company Branch,Live Company,17,04/06,199555,65124,na,lonpac insurance bhd,199555|17|04/06,1,foreign_branch,lonpac insurance bhd,Foreign (branch),False,n,unclassified,
T01FC6055L,"L & K ENGINEERING CO., LTD (Singapore Branch)",Foreign Company Branch,Live Company,na,na,388510,43220,43210,l k engineering,388510|na|na,5,foreign_branch,l k engineering,Foreign (branch),False,n,unclassified,
T02FC6241J,LAND BANK OF TAIWAN,Foreign Company Branch,Live Company,34,01,048624,64130,na,land bank of taiwan,048624|34|01,1,foreign_branch,land bank of taiwan,Foreign (branch),False,n,unclassified,
T02FC6244H,LUFTHANSA TECHNIK AKTIENGESELLSCHAFT,Foreign Company Branch,Live Company,05,04,238871,30302,46552,lufthansa technik aktiengesellschaft,238871|05|04,1,foreign_branch,lufthansa technik aktiengesellschaft,Foreign (branch),False,n,unclassified,
T02FC6309C,LTM LIMITED Singapore Branch,Foreign Company Branch,Live Company,03,08,486025,62021,62022,ltm,486025|03|08,1,foreign_branch,ltm,Foreign (branch),False,n,unclassified,
T03FC6394G,LRQA LIMITED (Singapore Branch),Foreign Company Branch,Live Company,15,01,119963,71200,71126,lrqa,119963|15|01,3,foreign_branch,lrqa,Foreign (branch),False,n,unclassified,
T05FC6745G,LONDON FORFAITING COMPANY LIMITED Singapore Branch,Foreign Company Branch,Live Company,11,01,018961,64991,na,london forfaiting,018961|11|01,1009,foreign_branch,london forfaiting,Foreign (branch),False,n,unclassified,
T05FC6756H,"LANTECH.COM, LLC (Singapore Branch)",Foreign Company Branch,Live Company,03,01,228095,32909,46900,lantech com llc,228095|03|01,489,foreign_branch,lantech com llc,Foreign (branch),False,n,unclassified,
T05FC6780C,"LEVI, RAY & SHOUP, INC. (Singapore Branch)",Foreign Company Branch,Live Company,04,05,238463,62021,na,levi ray shoup,238463|04|05,1,foreign_branch,levi ray shoup,Foreign (branch),False,n,unclassified,
T07FC7100G,LAURA ASHLEY (SEA) SDN. BHD. (Singapore Branch),Foreign Company Branch,Live Company,13,00,068896,47103,na,laura ashley sea sdn bhd,068896|13|00,838,foreign_branch,laura ashley sea sdn bhd,Foreign (branch),False,n,unclassified,
T07FC7140E,"LIYANG XINSHENG CONSTRUCTION AND INSTALLATION ENGINEERING CONTRACT CO., LTD.",Foreign Company Branch,Live Company,10,70/71,658065,41009,na,liyang xinsheng construction and installation engineering contract,658065|10|70/71,1,foreign_branch,liyang xinsheng construction and installation engineering contract,Foreign (branch),False,n,unclassified,
T08FC7248B,"LOCKWOOD INTERNATIONAL, INC Singapore Branch",Foreign Company Branch,Live Company,03,29,188727,46643,na,lockwood international,188727|03|29,24,foreign_branch,lockwood international,Foreign (branch),False,n,unclassified,
T08FC7249J,"L3HARRIS INTERNATIONAL, INC. Singapore Branch",Foreign Company Branch,Live Company,18,01,068804,64202,na,l3harris international,068804|18|01,147,foreign_branch,l3harris international,Foreign (branch),False,n,unclassified,
T08FC7293C,LS CABLE & SYSTEM LTD Singapore Branch,Foreign Company Branch,Live Company,07,08,408942,25949,42302,ls cable system,408942|07|08,3,foreign_branch,ls cable system,Foreign (branch),False,n,unclassified,
T09FC0146K,"LONGYUAN CONSTRUCTION GROUP CO., LTD (Singapore Branch)",Foreign Company Branch,Live Company,08,10,409051,41001,na,longyuan construction group,409051|08|10,344,foreign_branch,longyuan construction group,Foreign (branch),False,n,unclassified,
T10FC0019E,LANGUAGEONE B.V. (Singapore Branch),Foreign Company Branch,Live Company,12,14,079903,85509,na,languageone b v,079903|12|14,324,foreign_branch,languageone b v,Foreign (branch),False,n,unclassified,
T10FC0025D,LS BUILDWIN LTD. (Singapore Branch),Foreign Company Branch,Live Company,07,08,408942,42302,43210,ls buildwin,408942|07|08,3,foreign_branch,ls buildwin,Foreign (branch),False,n,unclassified,
T10FC0105G,LEAR CORPORATION (MAURITIUS) LIMITED (Singapore Branch),Foreign Company Branch,Live Company,16,09,238868,64202,na,lear mauritius,238868|16|09,1,foreign_branch,lear mauritius,Foreign (branch),False,n,unclassified,
T11FC0118E,LUFTHANSA TECHNIK LOGISTIK SERVICES GMBH Singapore Branch,Foreign Company Branch,Live Company,11,01,238871,52292,na,lufthansa technik logistik services,238871|11|01,1,foreign_branch,lufthansa technik logistik services,Foreign (branch),False,n,unclassified,
T11FC0145K,LAO AIRLINES STATE ENTERPRISE Singapore Branch,Foreign Company Branch,Live Company,B16,011,819643,51003,51004,lao airlines state enterprise,819643|B16|011,1,foreign_branch,lao airlines state enterprise,Foreign (branch),False,n,unclassified,
T12FC0109A,LAWRENCE GRAHAM LLP (Singapore Branch),Foreign Company Branch,Live Company,17,02,069535,70201,na,lawrence graham,069535|17|02,5,foreign_branch,lawrence graham,Foreign (branch),False,n,unclassified,
T13FC0121D,L&T TECHNOLOGY SERVICES LIMITED (Singapore Branch),Foreign Company Branch,Live Company,12,01,068877,71129,71200,l t technology services,068877|12|01,22,foreign_branch,l t technology services,Foreign (branch),False,n,unclassified,
T15FC0054D,"LUNGTEH SHIPBUILDING CO., LTD. Singapore Branch",Foreign Company Branch,Live Company,07,106,609966,30110,52229,lungteh shipbuilding,609966|07|106,1,foreign_branch,lungteh shipbuilding,Foreign (branch),False,n,unclassified,
T16FC0013D,LEONARDO S.P.A. Singapore Branch,Foreign Company Branch,Live Company,07,02,408538,62090,na,leonardo p a,408538|07|02,2,foreign_branch,leonardo p a,Foreign (branch),False,n,unclassified,
T17FC0022G,LAUREL SHIPPING LLC Singapore Branch,Foreign Company Branch,Live Company,06,07,018937,50021,na,laurel shipping llc,018937|06|07,409,foreign_branch,laurel shipping llc,Foreign (branch),False,n,unclassified,
T17FC0039F,"L&K ENGINEERING (SUZHOU) CO., LTD. Singapore Branch",Foreign Company Branch,Live Company,na,na,388510,43220,43210,l k engineering suzhou,388510|na|na,5,foreign_branch,l k engineering suzhou,Foreign (branch),False,n,unclassified,
T17FC0089J,LFC INTERNATIONAL LIMITED Branch Office,Foreign Company Branch,Live Company,12,00,018936,82199,na,lfc international office,018936|12|00,149,foreign_branch,lfc international office,Foreign (branch),False,n,unclassified,
T18FC0042L,LOT POLISH AIRLINES Singapore Branch,Foreign Company Branch,Live Company,24,01,059413,51003,51004,lot polish airlines,059413|24|01,79,foreign_branch,lot polish airlines,Foreign (branch),False,n,unclassified,
T18FC0071H,"LAC CO., LTD. Singapore Branch",Foreign Company Branch,Live Company,12,318,199591,62022,na,lac,199591|12|318,42,foreign_branch,lac,Foreign (branch),False,n,unclassified,
T18FC0099H,"LOTTE ENGINEERING & CONSTRUCTION CO., LTD. Singapore Branch",Foreign Company Branch,Live Company,35,01,038986,41001,na,lotte engineering construction,038986|35|01,1,foreign_branch,lotte engineering construction,Foreign (branch),False,n,unclassified,
T19FC0086J,LNG JAPAN CORPORATION (Singapore Branch),Foreign Company Branch,Live Company,18,01,049712,35200,na,lng japan,049712|18|01,1,foreign_branch,lng japan,Foreign (branch),False,n,unclassified,
T20FC0010L,LCH LIMITED Singapore Branch,Foreign Company Branch,Live Company,28,00,048583,66193,na,lch,048583|28|00,1,foreign_branch,lch,Foreign (branch),False,n,unclassified,
T20FC0061K,LAKESIDE SECRETARIES LTD. (Singapore Branch),Foreign Company Branch,Live Company,14,02-04,049909,70201,na,lakeside secretaries,049909|14|02-04,3,foreign_branch,lakeside secretaries,Foreign (branch),False,n,unclassified,
T21FC0020K,"LEEMAX DEVELOPMENT CO., LTD. Singapore Branch",Foreign Company Branch,Live Company,2,7,757322,41001,46900,leemax development,757322|2|7,1,foreign_branch,leemax development,Foreign (branch),False,n,unclassified,
T21FC0042A,LIPOTRUE Singapore Branch,Foreign Company Branch,Live Company,28,10,068914,72106,20233,lipotrue,068914|28|10,41,foreign_branch,lipotrue,Foreign (branch),False,n,unclassified,
T21FC0075D,LUDISIA (CAYMAN) LTD. Singapore Branch,Foreign Company Branch,Live Company,23,11,189767,64999,na,ludisia cayman,189767|23|11,532,foreign_branch,ludisia cayman,Foreign (branch),False,n,unclassified,
T21FC0076L,LOKA HOLDINGS (Singapore Branch),Foreign Company Branch,Live Company,10,02,068912,64202,na,loka holdings,068912|10|02,14,foreign_branch,loka holdings,Foreign (branch),False,n,unclassified,
T22FC0088B,LINK F (SINGAPORE) LIMITED (Singapore Branch),Foreign Company Branch,Live Company,15,01/02,048623,64994,na,link f,048623|15|01/02,11,foreign_branch,link f,Foreign (branch),False,n,unclassified,
T23FC0030C,LS-VINA CABLE & SYSTEM JOINT STOCK COMPANY Singapore Branch,Foreign Company Branch,Live Company,07,08,408942,25949,na,ls vina cable system joint stock,408942|07|08,3,foreign_branch,ls vina cable system joint stock,Foreign (branch),False,n,unclassified,
T23FC0053A,LAKSHMI RING TRAVELLERS (COIMBATORE) PRIVATE LIMITED Branch Office Singapore,Foreign Company Branch,Live Company,11,01,237994,46900,na,lakshmi ring travellers coimbatore office,237994|11|01,36,foreign_branch,lakshmi ring travellers coimbatore office,Foreign (branch),False,n,unclassified,
T23FC0071H,L&T REALTY DEVELOPERS LIMITED (Singapore Branch),Foreign Company Branch,Live Company,12,07,038987,68101,na,l t realty developers,038987|12|07,2708,foreign_branch,l t realty developers,Foreign (branch),False,n,unclassified,
T23FC0074G,"LG CNS CO., LTD. Singapore Branch",Foreign Company Branch,Live Company,19,02,018936,62021,62022,lg cns,018936|19|02,3,foreign_branch,lg cns,Foreign (branch),False,n,unclassified,
T23FC0083E,LIV GOLF EVENTS LTD. (Singapore Branch),Foreign Company Branch,Live Company,12,00,018936,93112,93120,liv golf events,018936|12|00,149,foreign_branch,liv golf events,Foreign (branch),False,n,unclassified,
T24FC0070F,LOUIS DELIUS GMBH & CO. KG Branch Office,Foreign Company Branch,Live Company,04,111,609916,46900,na,louis delius kg office,609916|04|111,2,foreign_branch,louis delius kg office,Foreign (branch),False,n,unclassified,
T24FC0074A,LA RIQUEZA GLOBAL HOLDINGS LIMITED,Foreign Company Branch,Live Company,03,12,415979,82110,64202,la riqueza global holdings,415979|03|12,3,foreign_branch,la riqueza global holdings,Foreign (branch),False,n,unclassified,
T25FC0010C,"LPGA ASIA, LLC Singapore Branch",Foreign Company Branch,Live Company,28,00,018989,70205,93120,lpga asia llc,018989|28|00,321,foreign_branch,lpga asia llc,Foreign (branch),False,n,unclassified,
T26FC0013G,LANGFANG CIMC AIRPORT SUPPORT LTD (Singapore Branch),Foreign Company Branch,Live Company,20,01,068877,95301,71129,langfang cimc airport support,068877|20|01,2520,foreign_branch,langfang cimc airport support,Foreign (branch),False,n,unclassified,
S72FC2229J,DAELIM INDUSTRIAL CO. LTD.,Foreign Company Branch,Live Company,01,01,609880,42100,41001,daelim industrial,609880|01|01,2,foreign_branch,daelim industrial,Foreign (branch),False,n,unclassified,
S78FC2691D,"DAI-DAN CO., LTD.",Foreign Company Branch,Live Company,15,09,169074,41001,na,dai dan,169074|15|09,2,foreign_branch,dai dan,Foreign (branch),False,n,unclassified,
S79FC2765B,DORMAKABA PRODUCTION GMBH & CO. KG.,Foreign Company Branch,Live Company,01,01,618303,25939,na,dormakaba production kg,618303|01|01,1,foreign_branch,dormakaba production kg,Foreign (branch),False,n,unclassified,
S81FC2968A,"DAIDO KOGYO CO., LTD",Foreign Company Branch,Live Company,13,303,199591,24101,na,daido kogyo,199591|13|303,1,foreign_branch,daido kogyo,Foreign (branch),False,n,unclassified,
S86FC3643K,DR. J.H. BURGOYNE & PARTNERS (INTERNATIONAL) LIMITED (Singapore Branch),Foreign Company Branch,Live Company,03,01,188588,74909,na,dr j h burgoyne partners international,188588|03|01,2,foreign_branch,dr j h burgoyne partners international,Foreign (branch),False,n,unclassified,
S88FC3834D,DRAKE INTERNATIONAL (SINGAPORE) LIMITED,Foreign Company Branch,Live Company,19,00,048623,70204,78104,drake international,048623|19|00,76,foreign_branch,drake international,Foreign (branch),False,n,unclassified,
S90FC4246J,"DDI-ASIA/PACIFIC INTERNATIONAL, LTD.",Foreign Company Branch,Live Company,08,09,068894,70201,na,ddi asia pacific international,068894|08|09,1,foreign_branch,ddi asia pacific international,Foreign (branch),False,n,unclassified,
S94FC4845A,"DOW JONES AER COMPANY, INC. (Singapore Branch)",Foreign Company Branch,Live Company,13,02/03,048946,61020,60301,dow jones aer,048946|13|02/03,2,foreign_branch,dow jones aer,Foreign (branch),False,n,unclassified,
S95FC4885D,"DAELIM CO., LTD. Singapore Branch",Foreign Company Branch,Live Company,25,11,608526,46643,46900,daelim,608526|25|11,1,foreign_branch,daelim,Foreign (branch),False,n,unclassified,
S98FC5543C,DAIKEN CORPORATION,Foreign Company Branch,Live Company,43,01A,038988,46631,46900,daiken,038988|43|01A,1,foreign_branch,daiken,Foreign (branch),False,n,unclassified,
S98FC5576F,DOW FINANCIAL SERVICES INC.,Foreign Company Branch,Live Company,18,01,238855,64994,na,dow financial services,238855|18|01,5,foreign_branch,dow financial services,Foreign (branch),False,n,unclassified,
T01FC6015B,"DAEWOO ENGINEERING & CONSTRUCTION CO., LTD.",Foreign Company Branch,Live Company,11,04,038988,41001,na,daewoo engineering construction,038988|11|04,4,foreign_branch,daewoo engineering construction,Foreign (branch),False,n,unclassified,
T01FC6184K,"DONGAH GEOLOGICAL ENGINEERING CO., LTD, Singapore Branch",Foreign Company Branch,Live Company,09,08,179803,43121,42903,dongah geological engineering,179803|09|08,1,foreign_branch,dongah geological engineering,Foreign (branch),False,n,unclassified,
T01FC6185F,"DZ BANK AG DEUTSCHE ZENTRAL-GENOSSENSCHAFTSBANK, FRANKFURT AM MAIN (FORMERLY GZ-BANK AG)",Foreign Company Branch,Live Company,43,01,048623,64130,na,dz bank deutsche zentral genossenschaftsbank frankfurt am main formerly gz bank,048623|43|01,1,foreign_branch,dz bank deutsche zentral genossenschaftsbank frankfurt am main formerly gz bank,Foreign (branch),False,n,unclassified,
T02FC6328F,DQ OVERSEAS LLC,Foreign Company Branch,Live Company,21,06,238874,70201,na,dq overseas llc,238874|21|06,127,foreign_branch,dq overseas llc,Foreign (branch),False,n,unclassified,
T04FC6486A,DNB BANK ASA Singapore Branch,Foreign Company Branch,Live Company,30,01,078881,64130,64130,dnb bank asa,078881|30|01,1,foreign_branch,dnb bank asa,Foreign (branch),False,n,unclassified,
T04FC6571G,DELL GLOBAL B.V. (Singapore Branch),Foreign Company Branch,Live Company,23,11,189767,46511,70201,dell global b v,189767|23|11,532,foreign_branch,dell global b v,Foreign (branch),False,n,unclassified,
T04FC6599G,"DE NORA WATER TECHNOLOGIES, LLC (Singapore Branch)",Foreign Company Branch,Live Company,23,01,119962,28291,82999,de nora water technologies llc,119962|23|01,4,foreign_branch,de nora water technologies llc,Foreign (branch),False,n,unclassified,
T07FC6995B,DELTARES Singapore Branch,Foreign Company Branch,Live Company,08,02,199018,74909,96099,deltares,199018|08|02,84,foreign_branch,deltares,Foreign (branch),False,n,unclassified,
T09FC0117B,DS AVOCATS Singapore Branch,Foreign Company Branch,Live Company,13,06,188778,69101,na,ds avocats,188778|13|06,33,foreign_branch,ds avocats,Foreign (branch),False,n,unclassified,
T10FC0065B,"DA-CIN CONSTRUCTION CO., LTD. (Singapore Branch)",Foreign Company Branch,Live Company,13,00,068896,41001,42200,da cin construction,068896|13|00,838,foreign_branch,da cin construction,Foreign (branch),False,n,unclassified,
T11FC0090J,DZ ENGINEERING SRL,Foreign Company Branch,Live Company,02,10/12,058416,43210,71129,dz engineering srl,058416|02|10/12,44,foreign_branch,dz engineering srl,Foreign (branch),False,n,unclassified,
T12FC0149K,"DAEHAN STEEL CO., LTD. Singapore Branch",Foreign Company Branch,Live Company,na,na,738321,41001,46620,daehan steel,738321|na|na,3,foreign_branch,daehan steel,Foreign (branch),False,n,unclassified,
T12FC0150G,DRUKAIR CORPORATION LIMITED (Singapore Branch),Foreign Company Branch,Live Company,12,03,189969,51001,na,drukair,189969|12|03,11,foreign_branch,drukair,Foreign (branch),False,n,unclassified,
T13FC0013L,DURAVIT ASIA LIMITED (Singapore Branch),Foreign Company Branch,Live Company,na,na,079002,82999,na,duravit asia,079002|na|na,6,foreign_branch,duravit asia,Foreign (branch),False,n,unclassified,
T14FC0020L,DAVINCI REINSURANCE LTD. (Singapore Branch),Foreign Company Branch,Live Company,11,02,049321,65202,na,davinci reinsurance,049321|11|02,2,foreign_branch,davinci reinsurance,Foreign (branch),False,n,unclassified,
T14FC0170E,DWYER INSTRUMENTS SINGAPORE (Singapore Branch),Foreign Company Branch,Live Company,32,01,048624,46592,na,dwyer instruments,048624|32|01,245,foreign_branch,dwyer instruments,Foreign (branch),False,n,unclassified,
T15FC0007L,DB ENGINEERING & CONSULTING GMBH Singapore Branch,Foreign Company Branch,Live Company,04,01,058267,42909,71125,db engineering consulting,058267|04|01,55,foreign_branch,db engineering consulting,Foreign (branch),False,n,unclassified,
T15FC0058K,"DAIGAS GAS AND POWER SOLUTION CO., LTD. (Singapore Branch)",Foreign Company Branch,Live Company,30,02,069547,71129,71125,daigas gas and power solution,069547|30|02,5,foreign_branch,daigas gas and power solution,Foreign (branch),False,n,unclassified,
T15FC0142J,DIGITAL TRACK SOLUTIONS PRIVATE LIMITED (Singapore Branch),Foreign Company Branch,Live Company,na,na,089747,62090,62011,digital track solutions,089747|na|na,84,foreign_branch,digital track solutions,Foreign (branch),False,n,unclassified,
T16FC0171L,"DONGFENG CONSTRUCTION ENGINEERING CO., LTD. (Singapore Branch)",Foreign Company Branch,Live Company,06,50,658064,41001,71121,dongfeng construction engineering,658064|06|50,4,foreign_branch,dongfeng construction engineering,Foreign (branch),False,n,unclassified,
T16FC0182A,DMW CORPORATION Singapore Branch,Foreign Company Branch,Live Company,12,17,059817,28299,28291,dmw,059817|12|17,16,foreign_branch,dmw,Foreign (branch),False,n,unclassified,
T17FC0166B,DE NORA ITALY S.R.L. Singapore Branch,Foreign Company Branch,Live Company,23,01,119962,32909,28299,de nora italy r l,119962|23|01,4,foreign_branch,de nora italy r l,Foreign (branch),False,n,unclassified,
T18FC0020J,"DARIGOLD, INC. Singapore Branch",Foreign Company Branch,Live Company,32,3229,038987,10509,na,darigold,038987|32|3229,1,foreign_branch,darigold,Foreign (branch),False,n,unclassified,
T18FC0107F,"DAIKIN MR ENGINEERING CO., LTD. Singapore Branch",Foreign Company Branch,Live Company,05,01,079903,46543,74199,daikin mr engineering,079903|05|01,136,foreign_branch,daikin mr engineering,Foreign (branch),False,n,unclassified,
T20FC0055L,DIGICERT IRELAND LIMITED Singapore Branch,Foreign Company Branch,Live Company,18,21,048619,47415,na,digicert ireland,048619|18|21,383,foreign_branch,digicert ireland,Foreign (branch),False,n,unclassified,
T20FC0059F,DIGIRUPTION TECHNOLOGIES PVT LTD. (Singapore Branch),Foreign Company Branch,Live Company,30,00,049909,70205,na,digiruption technologies pvt,049909|30|00,8,foreign_branch,digiruption technologies pvt,Foreign (branch),False,n,unclassified,
T20FC0071D,DAZN MEDIA SERVICES LIMITED Singapore Branch,Foreign Company Branch,Live Company,12,01,068808,58190,na,dazn media services,068808|12|01,541,foreign_branch,dazn media services,Foreign (branch),False,n,unclassified,
T20FC0091C,"DEVELOPMENT ADVANCE SOLUTION CO.,LTD. Singapore Branch",Foreign Company Branch,Live Company,05,82,658065,42200,43299,development advance solution,658065|05|82,1,foreign_branch,development advance solution,Foreign (branch),False,n,unclassified,
T20FC0117G,DECATHLON SE (Singapore Branch),Foreign Company Branch,Live Company,na,na,397799,64999,na,decathlon se,397799|na|na,4,foreign_branch,decathlon se,Foreign (branch),False,n,unclassified,
T21FC0027D,"DL E&C CO., LTD.",Foreign Company Branch,Live Company,01,01,609880,42100,71122,dl e c,609880|01|01,2,foreign_branch,dl e c,Foreign (branch),False,n,unclassified,
T22FC0034D,DOUBLE A INTERNATIONAL TRADING COMPANY LIMITED (Singapore Branch),Foreign Company Branch,Live Company,10,01,068808,70201,na,double a international trading,068808|10|01,170,foreign_branch,double a international trading,Foreign (branch),False,n,unclassified,
T22FC0045E,DESIGN BARN INC (Singapore Branch),Foreign Company Branch,Live Company,32,01,048624,74192,na,design barn,048624|32|01,245,foreign_branch,design barn,Foreign (branch),False,n,unclassified,
T22FC0064H,DIEM INTERNATIONAL LIMITED (Singapore Branch),Foreign Company Branch,Live Company,06,143,609966,70205,na,diem international,609966|06|143,25,foreign_branch,diem international,Foreign (branch),False,n,unclassified,
T23FC0096J,DELILAH EUROPE INVESTMENTS S.A.R.L. Singapore Branch,Foreign Company Branch,Live Company,12,01,038986,64202,na,delilah europe investments a r l,038986|12|01,3,foreign_branch,delilah europe investments a r l,Foreign (branch),False,n,unclassified,
T24FC0004K,"DS SHIPPING CO., LTD. (Singapore Branch)",Foreign Company Branch,Live Company,14,01A,069533,50023,52226,ds shipping,069533|14|01A,5,foreign_branch,ds shipping,Foreign (branch),False,n,unclassified,
T24FC0032L,DODGE INDUSTRIAL AUSTRALIA PTY LTD Singapore Branch,Foreign Company Branch,Live Company,30,03,018982,46599,na,dodge industrial australia pty,018982|30|03,134,foreign_branch,dodge industrial australia pty,Foreign (branch),False,n,unclassified,
T24FC0065C,DEVELOPMENT FINANCE INSTITUTE CANADA (DFIC) INC. (Singapore Branch),Foreign Company Branch,Live Company,26,01,048619,64929,na,development finance institute canada dfic,048619|26|01,2453,foreign_branch,development finance institute canada dfic,Foreign (branch),False,n,unclassified,
T25FC0001E,DEZHOU PARK DEVELOPMENT INVESTMENT Singapore Branch,Foreign Company Branch,Live Company,14,02,048580,68103,na,dezhou park development investment,048580|14|02,555,foreign_branch,dezhou park development investment,Foreign (branch),False,n,unclassified,
T25FC0018D,DONG-A CONSULTANTS CO. LTD. Singapore Branch,Foreign Company Branch,Live Company,na,na,637204,43121,41009,dong a consultants,637204|na|na,2,foreign_branch,dong a consultants,Foreign (branch),False,n,unclassified,
T25FC0032E,DAEAH ENGINEERING & CONSTRUCTION Singapore Branch,Foreign Company Branch,Live Company,17,12,189767,28300,46900,daeah engineering construction,189767|17|12,219,foreign_branch,daeah engineering construction,Foreign (branch),False,n,unclassified,
T25FC0045J,DROIT PUBLIC LIMITED COMPANY Singapore Branch,Foreign Company Branch,Live Company,13,00,068896,62011,na,droit public,068896|13|00,838,foreign_branch,droit public,Foreign (branch),False,n,unclassified,
T25FC0077E,DASSAULT FALCON ASIA PACIFIC SDN. BHD. (Singapore Branch),Foreign Company Branch,Live Company,33,00,048624,82999,na,dassault falcon asia pacific sdn bhd,048624|33|00,42,foreign_branch,dassault falcon asia pacific sdn bhd,Foreign (branch),False,n,unclassified,
S80FC2925K,WOORI BANK,Foreign Company Branch,Live Company,13,05,018983,64130,na,woori bank,018983|13|05,1,foreign_branch,woori bank,Foreign (branch),False,n,unclassified,
S81FC3015E,WORLD VISION INTERNATIONAL,Foreign Company Branch,Live Company,03,01,737737,88919,88913,world vision international,737737|03|01,4,foreign_branch,world vision international,Foreign (branch),False,n,unclassified,
S94FC4674E,WISHING STAR LIMITED,Foreign Company Branch,Live Company,02,00,387561,43306,82999,wishing star,387561|02|00,1,foreign_branch,wishing star,Foreign (branch),False,n,unclassified,
S97FC5400K,"WATG SINGAPORE, INC.",Foreign Company Branch,Live Company,04,01/03,239922,74199,na,watg,239922|04|01/03,1,foreign_branch,watg,Foreign (branch),False,n,unclassified,
S99FC5735K,WALLENIUS WILHELMSEN OCEAN AS (Singapore Branch),Foreign Company Branch,Live Company,15,03,237994,50023,na,wallenius wilhelmsen ocean as,237994|15|03,2,foreign_branch,wallenius wilhelmsen ocean as,Foreign (branch),False,n,unclassified,
T04FC6607E,"WENCOR, LLC",Foreign Company Branch,Live Company,07,01-03,797523,46552,na,wencor llc,797523|07|01-03,2,foreign_branch,wencor llc,Foreign (branch),False,n,unclassified,
T04FC6619B,"WYNN INTERNATIONAL MARKETING, LTD. (Singapore Branch)",Foreign Company Branch,Live Company,17,02,068898,46900,na,wynn international marketing,068898|17|02,57,foreign_branch,wynn international marketing,Foreign (branch),False,n,unclassified,
T05FC6649L,WORLD HOTELS GMBH (Singapore Branch),Foreign Company Branch,Live Company,16,12,079903,70203,na,world hotels,079903|16|12,63,foreign_branch,world hotels,Foreign (branch),False,n,unclassified,
T05FC6770J,WASEDA UNIVERSITY Branch Office Singapore,Foreign Company Branch,Live Company,na,na,127366,85401,72109,waseda university office,127366|na|na,2,foreign_branch,waseda university office,Foreign (branch),False,n,unclassified,
T05FC6774D,WESTHELM HOLDINGS LTD,Foreign Company Branch,Live Company,15,08,238164,68103,68101,westhelm holdings,238164|15|08,4,foreign_branch,westhelm holdings,Foreign (branch),False,n,unclassified,
T07FC7053G,"WILSON & ASSOCIATES, LLC",Foreign Company Branch,Live Company,03,308,039594,74191,na,wilson associates llc,039594|03|308,180,foreign_branch,wilson associates llc,Foreign (branch),False,n,unclassified,
T08FC7246K,WIPRO GE HEALTHCARE PRIVATE LIMITED Branch Office,Foreign Company Branch,Live Company,11,07,138589,46592,na,wipro ge healthcare office,138589|11|07,6,foreign_branch,wipro ge healthcare office,Foreign (branch),False,n,unclassified,
T13FC0019J,WOODS BAGOT ASIA LIMITED Singapore Branch,Foreign Company Branch,Live Company,26,01,048619,74191,na,woods bagot asia,048619|26|01,2453,foreign_branch,woods bagot asia,Foreign (branch),False,n,unclassified,
T14FC0160L,WNS GLOBAL SERVICES PRIVATE LIMITED (Singapore Branch),Foreign Company Branch,Live Company,03,02,069542,82999,70201,wns global services,069542|03|02,41,foreign_branch,wns global services,Foreign (branch),False,n,unclassified,
T14FC0162C,WYNDHAM HOTEL ASIA PACIFIC CO. LIMITED Singapore Branch,Foreign Company Branch,Live Company,47,05,048948,70203,na,wyndham hotel asia pacific,048948|47|05,4,foreign_branch,wyndham hotel asia pacific,Foreign (branch),False,n,unclassified,
T15FC0069L,WIPAK OY (Singapore Branch),Foreign Company Branch,Live Company,22,82,658065,46472,na,wipak oy,658065|22|82,1,foreign_branch,wipak oy,Foreign (branch),False,n,unclassified,
T16FC0069E,WYSETEK SYSTEMS TECHNOLOGISTS PRIVATE LIMITED Singapore Branch,Foreign Company Branch,Live Company,19,03,179094,62090,62021,wysetek systems technologists,179094|19|03,183,foreign_branch,wysetek systems technologists,Foreign (branch),False,n,unclassified,
T16FC0114B,"WEEN SEMICONDUCTORS (HONG KONG) CO., LIMITED (Singapore Branch)",Foreign Company Branch,Live Company,05,10,408538,46522,na,ween semiconductors hong kong,408538|05|10,3,foreign_branch,ween semiconductors hong kong,Foreign (branch),False,n,unclassified,
T17FC0008F,WEST OF ENGLAND INSURANCE SERVICES (LUXEMBOURG) S.A. Singapore Branch,Foreign Company Branch,Live Company,12,01,068893,66199,na,west of england insurance services luxembourg a,068893|12|01,2,foreign_branch,west of england insurance services luxembourg a,Foreign (branch),False,n,unclassified,
T17FC0127L,WILDLIFE CONSERVATION SOCIETY (Singapore Branch),Foreign Company Branch,Live Company,03,01,228095,70101,na,wildlife conservation society,228095|03|01,489,foreign_branch,wildlife conservation society,Foreign (branch),False,n,unclassified,
T17FC0130L,"WEST JAPAN RAILWAY HOTEL DEVELOPMENT, LTD. Singapore Branch",Foreign Company Branch,Live Company,09,01,048581,73200,70201,west japan railway hotel development,048581|09|01,86,foreign_branch,west japan railway hotel development,Foreign (branch),False,n,unclassified,
T17FC0162G,"WATANABE CHEMICAL CO., LTD. Singapore Branch",Foreign Company Branch,Live Company,13,03,069534,46900,na,watanabe chemical,069534|13|03,30,foreign_branch,watanabe chemical,Foreign (branch),False,n,unclassified,
T18FC0074G,"WISDOM MARINE LINES CO., LIMITED (Singapore Branch)",Foreign Company Branch,Live Company,15,98,059818,52222,na,wisdom marine lines,059818|15|98,3,foreign_branch,wisdom marine lines,Foreign (branch),False,n,unclassified,
T18FC0146H,WORLD SHIPPING COUNCIL (Singapore Branch),Foreign Company Branch,Live Company,21,00,048948,94999,na,world shipping council,048948|21|00,7,foreign_branch,world shipping council,Foreign (branch),False,n,unclassified,
T19FC0022F,WATERWIPES UNLIMITED COMPANY (Singapore Branch),Foreign Company Branch,Live Company,37,01A,038987,82999,na,waterwipes unlimited,038987|37|01A,68,foreign_branch,waterwipes unlimited,Foreign (branch),False,n,unclassified,
T19FC0060A,WOOSHIN MARINE Singapore Branch,Foreign Company Branch,Live Company,14,01A,069533,50023,52222,wooshin marine,069533|14|01A,5,foreign_branch,wooshin marine,Foreign (branch),False,n,unclassified,
T20FC0058K,"WINDMOELLER & HOELSCHER ASIA PACIFIC CO., LTD. Singapore Branch",Foreign Company Branch,Live Company,21,10,228208,82999,na,windmoeller hoelscher asia pacific,228208|21|10,73,foreign_branch,windmoeller hoelscher asia pacific,Foreign (branch),False,n,unclassified,
T20FC0094B,WELLA INTERNATIONAL OPERATIONS SWITZERLAND S.A R.L. Singapore Branch,Foreign Company Branch,Live Company,05,na,179435,70102,72103,wella international operations switzerland a r l,179435|05|na,2,foreign_branch,wella international operations switzerland a r l,Foreign (branch),False,n,unclassified,
T22FC0050H,"WOORI VENTURE PARTNERS CO., LTD. Singapore Branch",Foreign Company Branch,Live Company,13,01A,018983,66305,64999,woori venture partners,018983|13|01A,1,foreign_branch,woori venture partners,Foreign (branch),False,n,unclassified,
T22FC0059E,WAIKO INTERNATIONAL SDN.BHD. (Singapore Branch),Foreign Company Branch,Live Company,05,07,409961,42200,71121,waiko international sdn bhd,409961|05|07,8,foreign_branch,waiko international sdn bhd,Foreign (branch),False,n,unclassified,
T23FC0012G,"WADATSUMI CAPITAL ONE CO., LTD. (Singapore Branch)",Foreign Company Branch,Live Company,20,02,048547,64300,na,wadatsumi capital one,048547|20|02,189,foreign_branch,wadatsumi capital one,Foreign (branch),False,n,unclassified,
T23FC0035E,"WADATSUMI CAPITAL TWO CO., LTD. (Singapore Branch)",Foreign Company Branch,Live Company,20,02,048547,64300,na,wadatsumi capital two,048547|20|02,189,foreign_branch,wadatsumi capital two,Foreign (branch),False,n,unclassified,
T23FC0050B,WUHAN RAILWAY TECHNICAL SERVICE CORPORATION CO. LTD. (Singapore Branch),Foreign Company Branch,Live Company,08,04,179433,30200,27109,wuhan railway technical service,179433|08|04,145,foreign_branch,wuhan railway technical service,Foreign (branch),False,n,unclassified,
T23FC0059K,WGSN LIMITED (Singapore Branch),Foreign Company Branch,Live Company,13,106,068895,63909,na,wgsn,068895|13|106,1,foreign_branch,wgsn,Foreign (branch),False,n,unclassified,
T23FC0064B,"WADATSUMI CAPITAL THREE CO., LTD. (Singapore Branch)",Foreign Company Branch,Live Company,20,02,048547,64300,na,wadatsumi capital three,048547|20|02,189,foreign_branch,wadatsumi capital three,Foreign (branch),False,n,unclassified,
T23FC0065J,"WADATSUMI CAPITAL FOUR CO., LTD. (Singapore Branch)",Foreign Company Branch,Live Company,20,02,048547,64300,na,wadatsumi capital four,048547|20|02,189,foreign_branch,wadatsumi capital four,Foreign (branch),False,n,unclassified,
T23FC0095B,"WADATSUMI CAPITAL FIVE CO., LTD. (Singapore Branch)",Foreign Company Branch,Live Company,20,02,048547,64300,na,wadatsumi capital five,048547|20|02,189,foreign_branch,wadatsumi capital five,Foreign (branch),False,n,unclassified,
T24FC0058H,"WUHAN LINGYUN BUILDING TECHNOLOGY CO., LTD (Singapore Branch)",Foreign Company Branch,Live Company,06,07,089058,43306,43305,wuhan lingyun building technology,089058|06|07,1,foreign_branch,wuhan lingyun building technology,Foreign (branch),False,n,unclassified,
T25FC0055C,WASS SUBMARINE SYSTEMS S.P.A. Singapore Branch,Foreign Company Branch,Live Company,19,03,018961,70102,na,wass submarine systems p a,018961|19|03,4,foreign_branch,wass submarine systems p a,Foreign (branch),False,n,unclassified,
S51FC1031G,GENERAL CONFERENCE CORPORATION OF SEVENTH-DAY ADVENTISTS,Foreign Company Branch,Live Company,na,na,298186,64202,na,general conference of seventh day adventists,298186|na|na,2,foreign_branch,general conference of seventh day adventists,Foreign (branch),False,n,unclassified,
S77FC2647E,"GENERAL REINSURANCE AG, Singapore Branch",Foreign Company Branch,Live Company,10,01,038989,65201,65202,general reinsurance,038989|10|01,2,foreign_branch,general reinsurance,Foreign (branch),False,n,unclassified,
S80FC2909F,GAMMON CONSTRUCTION LIMITED Singapore Branch,Foreign Company Branch,Live Company,na,na,159930,41001,41009,gammon construction,159930|na|na,15,foreign_branch,gammon construction,Foreign (branch),False,n,unclassified,
S89FC4059G,"GEORGE E.LIPP, INC.",Foreign Company Branch,Live Company,13,01,188979,70201,na,george e lipp,188979|13|01,3,foreign_branch,george e lipp,Foreign (branch),False,n,unclassified,
S94FC4807F,GOLDWOOD INVESTMENTS LIMITED,Foreign Company Branch,Live Company,11,06,079903,64201,na,goldwood investments,079903|11|06,12,foreign_branch,goldwood investments,Foreign (branch),False,n,unclassified,
S96FC5257J,GES MANUFACTURING SERVICES (M) SDN. BHD. Singapore Branch,Foreign Company Branch,Live Company,na,na,739152,26201,na,ges manufacturing services m sdn bhd,739152|na|na,6,foreign_branch,ges manufacturing services m sdn bhd,Foreign (branch),False,n,unclassified,
T00FC5872J,GLOBAL ENETWORKS LIMITED (Singapore Branch),Foreign Company Branch,Live Company,10,12,208787,46523,46511,global enetworks,208787|10|12,63,foreign_branch,global enetworks,Foreign (branch),False,n,unclassified,
T00FC5908G,GRADUS LIMITED,Foreign Company Branch,Live Company,04,03,408936,22194,32909,gradus,408936|04|03,1,foreign_branch,gradus,Foreign (branch),False,n,unclassified,
T00FC5977B,GULFSTREAM INTERNATIONAL CORPORATION,Foreign Company Branch,Live Company,43,01,018960,70101,na,gulfstream international,018960|43|01,134,foreign_branch,gulfstream international,Foreign (branch),False,n,unclassified,
T01FC6089K,GODIVA CHOCOLATIER (ASIA) LIMITED,Foreign Company Branch,Live Company,32,00,038987,47219,47213,godiva chocolatier asia,038987|32|00,14,foreign_branch,godiva chocolatier asia,Foreign (branch),False,n,unclassified,
T01FC6100H,GOLDBIZ LIMITED (Singapore Branch),Foreign Company Branch,Live Company,21,83,059818,47742,na,goldbiz,059818|21|83,64,foreign_branch,goldbiz,Foreign (branch),False,n,unclassified,
T02FC6233G,"GALILEO ASIA, LLC (Singapore Branch)",Foreign Company Branch,Live Company,23,11,189767,82199,46900,galileo asia llc,189767|23|11,532,foreign_branch,galileo asia llc,Foreign (branch),False,n,unclassified,
T03FC6424G,"GLOBAL UTILITY DEVELOPMENT CO., LIMITED",Foreign Company Branch,Live Company,08,01,069542,71129,na,global utility development,069542|08|01,8,foreign_branch,global utility development,Foreign (branch),False,n,unclassified,
T03FC6451A,GLOBAL COMMODITIES HOLDINGS LIMITED (Singapore Branch),Foreign Company Branch,Live Company,23,02,049318,66124,na,global commodities holdings,049318|23|02,1,foreign_branch,global commodities holdings,Foreign (branch),False,n,unclassified,
T06FC6916H,GREAT BEIJING WHEEL COMPANY LIMITED Singapore Branch,Foreign Company Branch,Live Company,11,00,048424,64202,na,great beijing wheel,048424|11|00,1,foreign_branch,great beijing wheel,Foreign (branch),False,n,unclassified,
T07FC6984A,GEMINI COMMUNICATION LIMITED (Singapore Branch),Foreign Company Branch,Live Company,18,02,437603,42302,62011,gemini communication,437603|18|02,1,foreign_branch,gemini communication,Foreign (branch),False,n,unclassified,
T07FC6989C,GARRAWAY ENTERPRISES LIMITED Singapore Branch,Foreign Company Branch,Live Company,14,01,238874,70209,68101,garraway enterprises,238874|14|01,6,foreign_branch,garraway enterprises,Foreign (branch),False,n,unclassified,
T07FC7031E,GEOSTOCK Singapore Branch,Foreign Company Branch,Live Company,13,06,188778,41009,na,geostock,188778|13|06,33,foreign_branch,geostock,Foreign (branch),False,n,unclassified,
T08FC7263K,GS ENGINEERING & CONSTRUCTION CORP.,Foreign Company Branch,Live Company,02,02,188556,42100,na,gs engineering construction,188556|02|02,2,foreign_branch,gs engineering construction,Foreign (branch),False,n,unclassified,
T10FC0154C,GE ENERGY POWER CONVERSION UK LIMITED,Foreign Company Branch,Live Company,10,09,138589,46551,na,ge energy power conversion uk,138589|10|09,10,foreign_branch,ge energy power conversion uk,Foreign (branch),False,n,unclassified,
T11FC0019K,GLOBAL TECHNOLOGY LTD (Singapore Branch),Foreign Company Branch,Live Company,15,01,068913,61010,62090,global technology,068913|15|01,52,foreign_branch,global technology,Foreign (branch),False,n,unclassified,
T11FC0171H,GRAPHISOFT ASIA LIMITED,Foreign Company Branch,Live Company,10,05,189721,46512,62021,graphisoft asia,189721|10|05,1,foreign_branch,graphisoft asia,Foreign (branch),False,n,unclassified,
T12FC0184F,"GENESIS ATTACHMENTS, LLC",Foreign Company Branch,Live Company,14,01,049315,46549,na,genesis attachments llc,049315|14|01,2,foreign_branch,genesis attachments llc,Foreign (branch),False,n,unclassified,
T12FC0200F,GOLDEN MYANMAR AIRLINES PUBLIC COMPANY LIMITED,Foreign Company Branch,Live Company,04,18,819642,51003,na,golden myanmar airlines public,819642|04|18,1,foreign_branch,golden myanmar airlines public,Foreign (branch),False,n,unclassified,
T13FC0196H,"GARD MARINE & ENERGY LIMITED, Singapore Branch",Foreign Company Branch,Live Company,07,04,079912,66221,na,gard marine energy,079912|07|04,3,foreign_branch,gard marine energy,Foreign (branch),False,n,unclassified,
T13FC0197D,"GARD P. & I. (BERMUDA) LTD., Singapore Branch",Foreign Company Branch,Live Company,07,04,079912,66221,na,gard p i bermuda,079912|07|04,3,foreign_branch,gard p i bermuda,Foreign (branch),False,n,unclassified,
T14FC0082L,GALAXY OFFICE AUTOMATION PRIVATE LIMITED (Singapore Branch),Foreign Company Branch,Live Company,19,03,179094,62090,na,galaxy office automation,179094|19|03,183,foreign_branch,galaxy office automation,Foreign (branch),False,n,unclassified,
T14FC0101K,G SMART ENGINEERING SDN. BHD. (Singapore Branch),Foreign Company Branch,Live Company,08,73,338729,41001,71121,g smart engineering sdn bhd,338729|08|73,2,foreign_branch,g smart engineering sdn bhd,Foreign (branch),False,n,unclassified,
T15FC0003E,GODREJ & BOYCE MANUFACTURING COMPANY LIMITED (Singapore Branch),Foreign Company Branch,Live Company,na,na,628632,26304,na,godrej boyce manufacturing,628632|na|na,20,foreign_branch,godrej boyce manufacturing,Foreign (branch),False,n,unclassified,
T15FC0027K,GOWLING WLG (UK) LLP (Singapore Branch),Foreign Company Branch,Live Company,06,01,059763,70201,na,gowling wlg uk,059763|06|01,59,foreign_branch,gowling wlg uk,Foreign (branch),False,n,unclassified,
T15FC0029B,GREAT AMERICAN INSURANCE COMPANY,Foreign Company Branch,Live Company,16,01,039190,65202,na,great american insurance,039190|16|01,1,foreign_branch,great american insurance,Foreign (branch),False,n,unclassified,
T16FC0003K,GODREJ PROPERTIES LIMITED (Singapore Branch),Foreign Company Branch,Live Company,09,09,049317,68101,na,godrej properties,049317|09|09,1,foreign_branch,godrej properties,Foreign (branch),False,n,unclassified,
T16FC0151A,GAMUDA BERHAD Singapore Branch,Foreign Company Branch,Live Company,19,01,079120,41001,42200,gamuda berhad,079120|19|01,2,foreign_branch,gamuda berhad,Foreign (branch),False,n,unclassified,
T16FC0153D,GUARANTCO MANAGEMENT COMPANY LIMITED (Singapore Branch),Foreign Company Branch,Live Company,11,01,048424,70101,na,guarantco management,048424|11|01,14,foreign_branch,guarantco management,Foreign (branch),False,n,unclassified,
T16FC0165A,"GLOBAL TOTE US, LLC Singapore Branch",Foreign Company Branch,Live Company,26,01,048619,62090,74909,global tote us llc,048619|26|01,2453,foreign_branch,global tote us llc,Foreign (branch),False,n,unclassified,
T17FC0037C,GENUS POWER INFRASTRUCTURES LTD. Singapore Branch,Foreign Company Branch,Live Company,04,01D,534963,46900,na,genus power infrastructures,534963|04|01D,1,foreign_branch,genus power infrastructures,Foreign (branch),False,n,unclassified,
T18FC0001F,"GARDE CO., LTD Singapore Branch",Foreign Company Branch,Live Company,12,02,069546,74191,na,garde,069546|12|02,27,foreign_branch,garde,Foreign (branch),False,n,unclassified,
T18FC0054H,GYXIS CORPORATION Singapore Branch,Foreign Company Branch,Live Company,22,01,069547,46610,na,gyxis,069547|22|01,14,foreign_branch,gyxis,Foreign (branch),False,n,unclassified,
T19FC0131F,GRIFFITH FOODS LIMITED Singapore Branch,Foreign Company Branch,Live Company,11,01,068877,46309,na,griffith foods,068877|11|01,125,foreign_branch,griffith foods,Foreign (branch),False,n,unclassified,
T20FC0045F,GEMINI TRUST COMPANY (Singapore Branch),Foreign Company Branch,Live Company,05,01,048946,70101,na,gemini trust,048946|05|01,31,foreign_branch,gemini trust,Foreign (branch),False,n,unclassified,
T20FC0062F,GREENVIEW NOMINEES LTD. (Singapore Branch),Foreign Company Branch,Live Company,14,02-04,049909,70201,na,greenview nominees,049909|14|02-04,3,foreign_branch,greenview nominees,Foreign (branch),False,n,unclassified,
T20FC0093F,G II R (THAILAND) LIMITED Singapore Branch,Foreign Company Branch,Live Company,20,02,048616,73100,74191,g ii r thailand,048616|20|02,311,foreign_branch,g ii r thailand,Foreign (branch),False,n,unclassified,
T21FC0013D,GLOBAL PRIVATE CAPITAL ASSOCIATION (Singapore Branch),Foreign Company Branch,Live Company,26,01,048619,94999,na,global capital association,048619|26|01,2453,foreign_branch,global capital association,Foreign (branch),False,n,unclassified,
T21FC0022B,GALCO Singapore Branch,Foreign Company Branch,Live Company,10,01,069536,46522,46641,galco,069536|10|01,159,foreign_branch,galco,Foreign (branch),False,n,unclassified,
T21FC0024E,GADANG ENGINEERING (M) SDN. BHD. Singapore Branch,Foreign Company Branch,Live Company,04,25,737853,41001,na,gadang engineering m sdn bhd,737853|04|25,14,foreign_branch,gadang engineering m sdn bhd,Foreign (branch),False,n,unclassified,
T21FC0050C,GLOBAL INNOVATION FUND (Singapore Branch),Foreign Company Branch,Live Company,15,05/06,048623,88992,na,global innovation fund,048623|15|05/06,67,foreign_branch,global innovation fund,Foreign (branch),False,n,unclassified,
T22FC0056F,GREENPANEL INDUSTRIES LIMITED (Singapore Branch),Foreign Company Branch,Live Company,08,07,049705,16211,na,greenpanel industries,049705|08|07,2,foreign_branch,greenpanel industries,Foreign (branch),False,n,unclassified,
T22FC0077A,GLOBAL LEGAL ENTITY IDENTIFIER FOUNDATION Singapore Branch,Foreign Company Branch,Live Company,26,01,048619,70101,na,global legal entity identifier foundation,048619|26|01,2453,foreign_branch,global legal entity identifier foundation,Foreign (branch),False,n,unclassified,
T22FC0080A,GODREJ CONSUMER PRODUCTS LIMITED (Singapore Branch),Foreign Company Branch,Live Company,16,04,079903,82199,na,godrej consumer products,079903|16|04,78,foreign_branch,godrej consumer products,Foreign (branch),False,n,unclassified,
T23FC0066E,GULF AIR B.S.C. (C) Singapore Branch,Foreign Company Branch,Live Company,17,01,039190,51003,51004,gulf air b c c,039190|17|01,57,foreign_branch,gulf air b c c,Foreign (branch),False,n,unclassified,
T23FC0082J,GODREJ INFOTECH LIMITED (Singapore Branch),Foreign Company Branch,Live Company,na,na,628632,62021,na,godrej infotech,628632|na|na,20,foreign_branch,godrej infotech,Foreign (branch),False,n,unclassified,
T24FC0007J,GLENEALY GOLD INVESTMENTS LIMITED Singapore Branch,Foreign Company Branch,Live Company,10,01,179803,64202,na,glenealy gold investments,179803|10|01,11,foreign_branch,glenealy gold investments,Foreign (branch),False,n,unclassified,
T24FC0027H,GIFTIFY S.A. (Singapore Branch),Foreign Company Branch,Live Company,17,00,048542,46522,26129,giftify a,048542|17|00,132,foreign_branch,giftify a,Foreign (branch),False,n,unclassified,
T24FC0033G,GRIFFITH FOODS LIMITED Singapore Branch,Foreign Company Branch,Live Company,11,05,049319,10799,na,griffith foods,049319|11|05,53,foreign_branch,griffith foods,Foreign (branch),False,n,unclassified,
T24FC0041J,"GLMX TECHNOLOGIES, LLC, Singapore Branch",Foreign Company Branch,Live Company,05,01,048946,66199,82999,glmx technologies llc,048946|05|01,31,foreign_branch,glmx technologies llc,Foreign (branch),False,n,unclassified,
T24FC0044H,GEMCORP CAPITAL MANAGEMENT LIMITED (Singapore Branch),Foreign Company Branch,Live Company,30,03,018982,64999,na,gemcorp capital management,018982|30|03,134,foreign_branch,gemcorp capital management,Foreign (branch),False,n,unclassified,
T24FC0063L,GBPA S.R.L. Singapore Branch,Foreign Company Branch,Live Company,14,12,069533,71121,na,gbpa r l,069533|14|12,115,foreign_branch,gbpa r l,Foreign (branch),False,n,unclassified,
T25FC0006G,"GALAXY CORPORATION CO.,LTD. Singapore Branch",Foreign Company Branch,Live Company,06,01G,238164,77400,58110,galaxy,238164|06|01G,24,foreign_branch,galaxy,Foreign (branch),False,n,unclassified,
T25FC0026F,GCF (ASIA) LIMITED Singapore Branch,Foreign Company Branch,Live Company,17,00,048542,64202,46900,gcf asia,048542|17|00,132,foreign_branch,gcf asia,Foreign (branch),False,n,unclassified,
T25FC0036L,GOLDEN LILY JEWELRY LIMITED (Singapore Branch),Foreign Company Branch,Live Company,30,00,048623,47731,na,golden lily jewelry,048623|30|00,81,foreign_branch,golden lily jewelry,Foreign (branch),False,n,unclassified,
T25FC0037G,"G-XCHANGE, INC. (Singapore Branch)",Foreign Company Branch,Live Company,26,01,048619,70205,na,g xchange,048619|26|01,2453,foreign_branch,g xchange,Foreign (branch),False,n,unclassified,
T25FC0046E,GRIFFIN GLOBAL ASSET MANAGEMENT DAC Singapore Branch,Foreign Company Branch,Live Company,06,07,018937,70101,52239,griffin global asset management dac,018937|06|07,409,foreign_branch,griffin global asset management dac,Foreign (branch),False,n,unclassified,
T25FC0051H,GATES FOUNDATION,Foreign Company Branch,Live Company,40,00,018916,94991,na,gates foundation,018916|40|00,5,foreign_branch,gates foundation,Foreign (branch),False,n,unclassified,
T26FC0001K,GAPUMA SWITZERLAND AG (Singapore Branch),Foreign Company Branch,Live Company,20,01,068877,46649,na,gapuma switzerland,068877|20|01,2520,foreign_branch,gapuma switzerland,Foreign (branch),False,n,unclassified,
T26FC0036E,"GLOBAL ENGINEERING CO., LTD. Singapore Branch",Foreign Company Branch,Live Company,10,01A,068898,43210,na,global engineering,068898|10|01A,72,foreign_branch,global engineering,Foreign (branch),False,n,unclassified,
T26FC0044G,"GUANGZHOU METRO DESIGN & RESEARCH INSTITUTE CO., LTD. (Singapore Branch)",Foreign Company Branch,Live Company,04,10A,159086,71121,42200,guangzhou metro design research institute,159086|04|10A,44,foreign_branch,guangzhou metro design research institute,Foreign (branch),False,n,unclassified,
T26FC0053E,GIGS INTERNATIONAL B.V. Singapore Branch,Foreign Company Branch,Live Company,18,02,069534,61020,61090,gigs international b v,069534|18|02,34,foreign_branch,gigs international b v,Foreign (branch),False,n,unclassified,
S54FC1129J,CPA AUSTRALIA LTD,Foreign Company Branch,Live Company,31,01,048616,94120,na,cpa australia,048616|31|01,1,foreign_branch,cpa australia,Foreign (branch),False,n,unclassified,
S58FC1251A,CATHAY PACIFIC AIRWAYS LIMITED,Foreign Company Branch,Live Company,07,03,188024,51003,na,cathay pacific airways,188024|07|03,2,foreign_branch,cathay pacific airways,Foreign (branch),False,n,unclassified,
S67FC1840K,CHINA AIRLINES LIMITED,Foreign Company Branch,Live Company,14,01,238862,51003,na,china airlines,238862|14|01,1,foreign_branch,china airlines,Foreign (branch),False,n,unclassified,
S86FC3634A,COOPERATIEVE RABOBANK U.A.,Foreign Company Branch,Live Company,31,11,189767,64130,na,cooperatieve rabobank u a,189767|31|11,2,foreign_branch,cooperatieve rabobank u a,Foreign (branch),False,n,unclassified,
S86FC3672G,CLEMCO INTERNATIONAL GMBH,Foreign Company Branch,Live Company,na,na,637241,46549,na,clemco international,637241|na|na,1,foreign_branch,clemco international,Foreign (branch),False,n,unclassified,
S89FC4069A,COMMERZBANK AKTIENGESELLSCHAFT,Foreign Company Branch,Live Company,17,01,189773,64130,na,commerzbank aktiengesellschaft,189773|17|01,1,foreign_branch,commerzbank aktiengesellschaft,Foreign (branch),False,n,unclassified,
S90FC4146G,CARGOLUX AIRLINES INTERNATIONAL S.A.,Foreign Company Branch,Live Company,03,522,819643,51004,49231,cargolux airlines international a,819643|03|522,1,foreign_branch,cargolux airlines international a,Foreign (branch),False,n,unclassified,
S92FC4447H,CREDIT INDUSTRIEL ET COMMERCIAL,Foreign Company Branch,Live Company,33,01,069547,64130,64130,credit industriel et commercial,069547|33|01,2,foreign_branch,credit industriel et commercial,Foreign (branch),False,n,unclassified,
S92FC4450H,C. MELCHERS GMBH & CO. KG Singapore Branch,Foreign Company Branch,Live Company,03,03A,573943,46423,47650,c melchers kg,573943|03|03A,13,foreign_branch,c melchers kg,Foreign (branch),False,n,unclassified,
S94FC4705A,"CHINA CLASSIFICATION SOCIETY, Singapore Branch",Foreign Company Branch,Live Company,28,08,079903,52251,na,china classification society,079903|28|08,2,foreign_branch,china classification society,Foreign (branch),False,n,unclassified,
S94FC4771H,CHINA SOUTHERN AIRLINES COMPANY LIMITED,Foreign Company Branch,Live Company,19,05,189721,51003,na,china southern airlines,189721|19|05,1,foreign_branch,china southern airlines,Foreign (branch),False,n,unclassified,
S94FC4854K,"CHINA EASTERN AIRLINES CO. LTD., Singapore Branch",Foreign Company Branch,Live Company,20,10,068809,51001,51003,china eastern airlines,068809|20|10,1,foreign_branch,china eastern airlines,Foreign (branch),False,n,unclassified,
S95FC4929D,COGNEX SINGAPORE INC.,Foreign Company Branch,Live Company,07,"18,19",119937,82999,na,cognex,"119937|07|18,19",2,foreign_branch,cognex,Foreign (branch),False,n,unclassified,
S95FC4999F,"CHRISTIE DIGITAL SYSTEMS USA, INC.",Foreign Company Branch,Live Company,06,17,469028,46900,na,christie digital systems usa,469028|06|17,1,foreign_branch,christie digital systems usa,Foreign (branch),False,n,unclassified,
S95FC5010H,CERNER SINGAPORE LIMITED LLC,Foreign Company Branch,Live Company,14,07,098632,46592,47412,cerner llc,098632|14|07,409,foreign_branch,cerner llc,Foreign (branch),False,n,unclassified,
S95FC5070E,CUBIC DEFENCE NEW ZEALAND LTD Branch Office Singapore,Foreign Company Branch,Live Company,04,02,149598,26309,95120,cubic defence new zealand office,149598|04|02,2,foreign_branch,cubic defence new zealand office,Foreign (branch),False,n,unclassified,
S95FC5076C,"CHINA-SINGAPORE SUZHOU INDUSTRIAL PARK DEVELOPMENT GROUP CO., LTD. (Singapore Branch)",Foreign Company Branch,Live Company,01,01,139949,68101,64201,china suzhou industrial park development group,139949|01|01,7,foreign_branch,china suzhou industrial park development group,Foreign (branch),False,n,unclassified,
S97FC5321C,CHANG HWA COMMERCIAL BANK LTD,Foreign Company Branch,Live Company,08,00,049246,64130,na,chang hwa commercial bank,049246|08|00,1,foreign_branch,chang hwa commercial bank,Foreign (branch),False,n,unclassified,
S97FC5365G,COMTRAC SDN. BHD. (Singapore Branch),Foreign Company Branch,Live Company,32,01,038989,43909,70209,comtrac sdn bhd,038989|32|01,7,foreign_branch,comtrac sdn bhd,Foreign (branch),False,n,unclassified,
S99FC5759D,CIMB BANK BERHAD,Foreign Company Branch,Live Company,04,01,048622,64120,na,cimb bank berhad,048622|04|01,1,foreign_branch,cimb bank berhad,Foreign (branch),False,n,unclassified,
T00FC5796A,CITIZEN WATCHES (H.K.) LIMITED,Foreign Company Branch,Live Company,17,08,189969,46423,95292,citizen watches h k,189969|17|08,1,foreign_branch,citizen watches h k,Foreign (branch),False,n,unclassified,
T00FC5871B,CHARLES TAYLOR HOLDINGS B.V.,Foreign Company Branch,Live Company,15,01/02,068894,66299,66291,charles taylor holdings b v,068894|15|01/02,7,foreign_branch,charles taylor holdings b v,Foreign (branch),False,n,unclassified,
T00FC5954D,"CROWCON DETECTION INSTRUMENTS LIMITED, Singapore Branch",Foreign Company Branch,Live Company,06,20,128383,46549,na,crowcon detection instruments,128383|06|20,2,foreign_branch,crowcon detection instruments,Foreign (branch),False,n,unclassified,
T01FC6116L,COPC ASIA PACIFIC INC,Foreign Company Branch,Live Company,39,na,018983,82200,na,copc asia pacific,018983|39|na,62,foreign_branch,copc asia pacific,Foreign (branch),False,n,unclassified,
T02FC6201L,"CHARLES RIVER SYSTEMS, INC.",Foreign Company Branch,Live Company,23,11,189767,62021,na,charles river systems,189767|23|11,532,foreign_branch,charles river systems,Foreign (branch),False,n,unclassified,
T02FC6202G,COSWAY (M) SDN. BHD.,Foreign Company Branch,Live Company,12,07,038987,47721,47214,cosway m sdn bhd,038987|12|07,2708,foreign_branch,cosway m sdn bhd,Foreign (branch),False,n,unclassified,
T02FC6242E,COMPAGNIE FRANCAISE D'ASSURANCE POUR LE COMMERCE EXTERIEUR (COFACE),Foreign Company Branch,Live Company,14,62,048616,65123,96099,compagnie francaise d assurance pour le commerce exterieur coface,048616|14|62,2,foreign_branch,compagnie francaise d assurance pour le commerce exterieur coface,Foreign (branch),False,n,unclassified,
T03FC6375D,"CALSPAN AERO SYSTEMS ENGINEERING, INC. Singapore Branch",Foreign Company Branch,Live Company,14,07,098632,46552,na,calspan aero systems engineering,098632|14|07,409,foreign_branch,calspan aero systems engineering,Foreign (branch),False,n,unclassified,
T03FC6386E,CHINA NUCLEAR INDUSTRY HUAXING CONSTRUCTION COMPANY LIMITED,Foreign Company Branch,Live Company,02,11/12,408726,41009,43122,china nuclear industry huaxing construction,408726|02|11/12,2,foreign_branch,china nuclear industry huaxing construction,Foreign (branch),False,n,unclassified,
T03FC6477J,COFRA B.V. Singapore Branch,Foreign Company Branch,Live Company,na,na,629356,42901,71129,cofra b v,629356|na|na,12,foreign_branch,cofra b v,Foreign (branch),False,n,unclassified,
T04FC6529E,"CLEARCUBE TECHNOLOGY INTERNATIONAL, INC. Singapore Branch",Foreign Company Branch,Live Company,44,01,038987,47412,na,clearcube technology international,038987|44|01,3,foreign_branch,clearcube technology international,Foreign (branch),False,n,unclassified,
T05FC6652L,CA INDOSUEZ (SWITZERLAND) SA,Foreign Company Branch,Live Company,12,02,018916,64130,na,ca indosuez switzerland,018916|12|02,1,foreign_branch,ca indosuez switzerland,Foreign (branch),False,n,unclassified,
T05FC6662E,CYIENT LIMITED Singapore Branch,Foreign Company Branch,Live Company,19,04/05,179094,62090,na,cyient,179094|19|04/05,7,foreign_branch,cyient,Foreign (branch),False,n,unclassified,
T05FC6664H,"CHINA JIANGSU CONSTRUCTION GROUP CO., LTD. Singapore Branch",Foreign Company Branch,Live Company,07,06,169874,41001,41009,china jiangsu construction group,169874|07|06,2,foreign_branch,china jiangsu construction group,Foreign (branch),False,n,unclassified,
T05FC6747K,CALGAZ INTERNATIONAL LLC,Foreign Company Branch,Live Company,22,28,608526,35200,na,calgaz international llc,608526|22|28,5,foreign_branch,calgaz international llc,Foreign (branch),False,n,unclassified,
T06FC6847F,CHINA PETROLEUM 7TH CONSTRUCTION COMPANY (Singapore Branch),Foreign Company Branch,Live Company,07,04B,608840,41009,71122,china petroleum 7th construction,608840|07|04B,1,foreign_branch,china petroleum 7th construction,Foreign (branch),False,n,unclassified,
T06FC6859C,CLESTRA LIMITED Singapore Branch,Foreign Company Branch,Live Company,05,17,409051,43299,43309,clestra,409051|05|17,1,foreign_branch,clestra,Foreign (branch),False,n,unclassified,
T06FC6870E,CARLON SHIPPING LIMITED (BRANCH OFFICE SINGAPORE),Foreign Company Branch,Live Company,02,17,179805,52222,na,carlon shipping office,179805|02|17,100,foreign_branch,carlon shipping office,Foreign (branch),False,n,unclassified,
T06FC6884E,CHINA JINGYE ENGINEERING CORPORATION LIMITED (Singapore Branch),Foreign Company Branch,Live Company,19,77,658065,41001,43909,china jingye engineering,658065|19|77,5,foreign_branch,china jingye engineering,Foreign (branch),False,n,unclassified,
T06FC6902H,COCHLEAR LIMITED (Singapore Branch),Foreign Company Branch,Live Company,25,06,307684,46592,na,cochlear,307684|25|06,1,foreign_branch,cochlear,Foreign (branch),False,n,unclassified,
T06FC6918L,"CROWN-PACKAGE CO., LTD Singapore Branch",Foreign Company Branch,Live Company,09,05,068912,17022,na,crown package,068912|09|05,1,foreign_branch,crown package,Foreign (branch),False,n,unclassified,
T06FC6961J,"CEBU AIR, INC.",Foreign Company Branch,Live Company,na,na,787574,51001,52242,cebu air,787574|na|na,10,foreign_branch,cebu air,Foreign (branch),False,n,unclassified,
T07FC6964B,CONTAINER LEASING INTERNATIONAL LLC (Singapore Branch),Foreign Company Branch,Live Company,36,03,179101,96099,na,container leasing international llc,179101|36|03,1,foreign_branch,container leasing international llc,Foreign (branch),False,n,unclassified,
T07FC7136J,CVC NETWORK LTD (Singapore Branch),Foreign Company Branch,Live Company,02,04/05,399849,60100,na,cvc network,399849|02|04/05,31,foreign_branch,cvc network,Foreign (branch),False,n,unclassified,
T08FC7169F,CHINA YUCHAI INTERNATIONAL LIMITED (Singapore Branch),Foreign Company Branch,Live Company,26,00,048581,64202,na,china yuchai international,048581|26|00,40,foreign_branch,china yuchai international,Foreign (branch),False,n,unclassified,
T08FC7226L,COLCO VENTURES INC.,Foreign Company Branch,Live Company,07,06,058357,68101,96099,colco ventures,058357|07|06,3,foreign_branch,colco ventures,Foreign (branch),False,n,unclassified,
T08FC7286H,"CTBC BANK CO., LTD.",Foreign Company Branch,Live Company,29,01,018960,64130,na,ctbc bank,018960|29|01,1,foreign_branch,ctbc bank,Foreign (branch),False,n,unclassified,
T09FC0017L,CREATIVE TECHNOLOGY (ASIA PACIFIC) CO LIMITED Singapore Branch,Foreign Company Branch,Live Company,26,01,048619,77391,82302,creative technology asia pacific,048619|26|01,2453,foreign_branch,creative technology asia pacific,Foreign (branch),False,n,unclassified,
T10FC0012L,CBTS TECHNOLOGY SOLUTIONS UK LIMITED Singapore Branch,Foreign Company Branch,Live Company,13,00,068896,46511,61020,cbts technology solutions uk,068896|13|00,838,foreign_branch,cbts technology solutions uk,Foreign (branch),False,n,unclassified,
T10FC0061G,"CREDITSIGHTS SINGAPORE, LLC",Foreign Company Branch,Live Company,19,01,078881,70101,na,creditsights llc,078881|19|01,6,foreign_branch,creditsights llc,Foreign (branch),False,n,unclassified,
T10FC0079B,COWAN ASIA PTY LTD (Singapore Branch),Foreign Company Branch,Live Company,na,na,089109,74192,na,cowan asia pty,089109|na|na,73,foreign_branch,cowan asia pty,Foreign (branch),False,n,unclassified,
T10FC0118L,CHINA CITIC BANK INTERNATIONAL LIMITED Singapore Branch,Foreign Company Branch,Live Company,28,02,018960,64130,64130,china citic bank international,018960|28|02,1,foreign_branch,china citic bank international,Foreign (branch),False,n,unclassified,
T10FC0145E,CIGNA EUROPE INSURANCE COMPANY S.A.-N.V. Singapore Branch,Foreign Company Branch,Live Company,33,05,189721,65124,na,cigna europe insurance a n v,189721|33|05,1,foreign_branch,cigna europe insurance a n v,Foreign (branch),False,n,unclassified,
T10FC0156F,CKD CORPORATION Branch Office,Foreign Company Branch,Live Company,04,01,347789,46599,na,ckd office,347789|04|01,2,foreign_branch,ckd office,Foreign (branch),False,n,unclassified,
T11FC0040F,CROWN JEWELS CONSULTANTS LTD (Singapore Branch),Foreign Company Branch,Live Company,12,01,068808,62021,na,crown jewels consultants,068808|12|01,541,foreign_branch,crown jewels consultants,Foreign (branch),False,n,unclassified,
T11FC0089A,CAMPBELL SOUP SOUTHEAST ASIA SDN. BHD. (Singapore Branch),Foreign Company Branch,Live Company,08,08,179094,47219,na,campbell soup southeast asia sdn bhd,179094|08|08,101,foreign_branch,campbell soup southeast asia sdn bhd,Foreign (branch),False,n,unclassified,
T11FC0111L,CHINA RAILWAY 11 BUREAU GROUP CORPORATION (Singapore Branch),Foreign Company Branch,Live Company,03,61/64,637145,41001,42200,china railway 11 bureau group,637145|03|61/64,2,foreign_branch,china railway 11 bureau group,Foreign (branch),False,n,unclassified,
T11FC0152E,CREDITEX BROKERAGE LLP (Singapore Branch),Foreign Company Branch,Live Company,36,na,049909,66129,na,creditex brokerage,049909|36|na,7,foreign_branch,creditex brokerage,Foreign (branch),False,n,unclassified,
T12FC0085L,CO-OPTRADE JAPAN LTD. Branch Office Singapore,Foreign Company Branch,Live Company,06,01/06,307591,52292,na,optrade japan office,307591|06|01/06,13,foreign_branch,optrade japan office,Foreign (branch),False,n,unclassified,
T12FC0127H,"CHINA RAILWAY NO.5 ENGINEERING GROUP CO., LTD Singapore Branch",Foreign Company Branch,Live Company,07,26,573960,42200,42909,china railway no 5 engineering group,573960|07|26,2,foreign_branch,china railway no 5 engineering group,Foreign (branch),False,n,unclassified,
T12FC0164G,CORNEY AND BARROW LIMITED (Singapore Branch),Foreign Company Branch,Live Company,07,01,079905,46307,na,corney and barrow,079905|07|01,1,foreign_branch,corney and barrow,Foreign (branch),False,n,unclassified,
T12FC0198F,CARNIVAL UK LTD. (Singapore Branch),Foreign Company Branch,Live Company,02,01,048616,50011,na,carnival uk,048616|02|01,90,foreign_branch,carnival uk,Foreign (branch),False,n,unclassified,
T13FC0003F,CARL KARCHER ENTERPRISES ASIA LLC Branch Office Singapore,Foreign Company Branch,Live Company,01,03,778904,56121,na,carl karcher enterprises asia llc office,778904|01|03,2,foreign_branch,carl karcher enterprises asia llc office,Foreign (branch),False,n,unclassified,
T13FC0140G,"CHINA RAILWAY TUNNEL GROUP CO., LTD. (Singapore Branch)",Foreign Company Branch,Live Company,15,16,369977,42200,71121,china railway tunnel group,369977|15|16,40,foreign_branch,china railway tunnel group,Foreign (branch),False,n,unclassified,
T14FC0105E,CAPCON LIMITED Singapore Branch,Foreign Company Branch,Live Company,05,04,737663,26112,28195,capcon,737663|05|04,2,foreign_branch,capcon,Foreign (branch),False,n,unclassified,
T14FC0121J,CRU ASIA LIMITED (Singapore Branch),Foreign Company Branch,Live Company,04,02-08,068815,47220,na,cru asia,068815|04|02-08,3,foreign_branch,cru asia,Foreign (branch),False,n,unclassified,
T14FC0144G,COLOPLAST A/S Singapore Branch,Foreign Company Branch,Live Company,15,18,079903,32509,46592,coloplast a,079903|15|18,1,foreign_branch,coloplast a,Foreign (branch),False,n,unclassified,
T14FC0158G,CHINA CIVIL ENGINEERING CONSTRUCTION CORPORATION Branch Office Singapore,Foreign Company Branch,Live Company,02,05,159086,42200,42100,china civil engineering construction office,159086|02|05,6,foreign_branch,china civil engineering construction office,Foreign (branch),False,n,unclassified,
T15FC0014F,"CHINA RAILWAY ENGINEERING EQUIPMENT GROUP CO., LTD. Singapore Branch",Foreign Company Branch,Live Company,06,15/17,318995,46549,43909,china railway engineering equipment group,318995|06|15/17,1,foreign_branch,china railway engineering equipment group,Foreign (branch),False,n,unclassified,
T15FC0036H,"CHINA RAILWAY FIRST GROUP CO., LTD. Singapore Branch",Foreign Company Branch,Live Company,08,119,573971,42200,42301,china railway first group,573971|08|119,3,foreign_branch,china railway first group,Foreign (branch),False,n,unclassified,
T15FC0056G,COVESTRO (HONG KONG) LIMITED Singapore Branch,Foreign Company Branch,Live Company,04,02/08,068815,46649,82999,covestro hong kong,068815|04|02/08,2,foreign_branch,covestro hong kong,Foreign (branch),False,n,unclassified,
T15FC0057C,COFENSE INC. (Singapore Branch),Foreign Company Branch,Live Company,20,01,068877,62011,62021,cofense,068877|20|01,2520,foreign_branch,cofense,Foreign (branch),False,n,unclassified,
T15FC0061K,"COUPA OPERATIONS, INC. Singapore Branch",Foreign Company Branch,Live Company,12,00,018936,63112,na,coupa operations,018936|12|00,149,foreign_branch,coupa operations,Foreign (branch),False,n,unclassified,
T15FC0104C,COMPUAGE INFOCOM LIMITED (Singapore Branch),Foreign Company Branch,Live Company,12,05,189648,46900,na,compuage infocom,189648|12|05,91,foreign_branch,compuage infocom,Foreign (branch),False,n,unclassified,
T15FC0125J,CLARKSONS FUTURES LIMITED (Singapore Branch),Foreign Company Branch,Live Company,29,01,018961,66124,na,clarksons futures,018961|29|01,1,foreign_branch,clarksons futures,Foreign (branch),False,n,unclassified,
T15FC0152C,COMMONWEALTH WAR GRAVES COMMISSION (Singapore Branch),Foreign Company Branch,Live Company,na,na,738656,96030,na,commonwealth war graves commission,738656|na|na,1,foreign_branch,commonwealth war graves commission,Foreign (branch),False,n,unclassified,
T16FC0006J,COTTON GINNERS AFRICA LIMITED (Singapore Branch),Foreign Company Branch,Live Company,03,04,208511,46900,na,cotton ginners africa,208511|03|04,2,foreign_branch,cotton ginners africa,Foreign (branch),False,n,unclassified,
T16FC0023J,CHINA REINSURANCE (GROUP) CORPORATION Singapore Branch,Foreign Company Branch,Live Company,33,04,048946,65202,65201,china reinsurance group,048946|33|04,1,foreign_branch,china reinsurance group,Foreign (branch),False,n,unclassified,
T16FC0029G,"CLINTON HEALTH ACCESS INITIATIVE, INC",Foreign Company Branch,Live Company,14,07,098632,88992,na,clinton health access initiative,098632|14|07,409,foreign_branch,clinton health access initiative,Foreign (branch),False,n,unclassified,
T16FC0044D,CATALYST EDUCATION GROUP LIMITED Singapore Branch,Foreign Company Branch,Live Company,14,07,098632,85609,70209,catalyst education group,098632|14|07,409,foreign_branch,catalyst education group,Foreign (branch),False,n,unclassified,
T16FC0054J,"CHOSUK HEAVY INDUSTRY & DEVELOPMENT CO., LTD (Singapore Branch)",Foreign Company Branch,Live Company,06,36,159836,41001,43909,chosuk heavy industry development,159836|06|36,2,foreign_branch,chosuk heavy industry development,Foreign (branch),False,n,unclassified,
T16FC0078C,CHANG HAE VIETNAM JOINT STOCK COMPANY Singapore Branch,Foreign Company Branch,Live Company,06,07C,238164,46900,70201,chang hae vietnam joint stock,238164|06|07C,14,foreign_branch,chang hae vietnam joint stock,Foreign (branch),False,n,unclassified,
T16FC0087A,"CP INTERNATIONAL, LLC Singapore Branch",Foreign Company Branch,Live Company,23,01,188778,74909,na,cp international llc,188778|23|01,211,foreign_branch,cp international llc,Foreign (branch),False,n,unclassified,
T16FC0121H,"CENTERRA GROUP, LLC",Foreign Company Branch,Live Company,73,04,759657,52292,43301,centerra group llc,759657|73|04,2,foreign_branch,centerra group llc,Foreign (branch),False,n,unclassified,
T17FC0009B,"CYBERLINKS CO., LTD. Singapore Branch",Foreign Company Branch,Live Company,07,25,339407,62090,na,cyberlinks,339407|07|25,58,foreign_branch,cyberlinks,Foreign (branch),False,n,unclassified,
T17FC0010K,CHINA TIANCHEN ENGINEERING CORPORATION Singapore Branch,Foreign Company Branch,Live Company,25,00,048583,41001,71129,china tianchen engineering,048583|25|00,9,foreign_branch,china tianchen engineering,Foreign (branch),False,n,unclassified,
T17FC0060B,CHINA COMMUNICATIONS CONSTRUCTION COMPANY LIMITED (Singapore Branch),Foreign Company Branch,Live Company,02,110,486036,42100,68101,china communications construction,486036|02|110,18,foreign_branch,china communications construction,Foreign (branch),False,n,unclassified,
T17FC0072K,"CHINA-SINGAPORE GUANGZHOU KNOWLEDGE CITY INVESTMENT & DEVELOPMENT CO., LTD. (Singapore Branch)",Foreign Company Branch,Live Company,31,01,079903,70201,na,china guangzhou knowledge city investment development,079903|31|01,119,foreign_branch,china guangzhou knowledge city investment development,Foreign (branch),False,n,unclassified,
T17FC0121B,CHUNGDAM COOPERATIEVE U.A.,Foreign Company Branch,Live Company,12,01/02,038989,68105,64202,chungdam cooperatieve u a,038989|12|01/02,204,foreign_branch,chungdam cooperatieve u a,Foreign (branch),False,n,unclassified,
T17FC0122J,CHUNGDAM B.V.,Foreign Company Branch,Live Company,12,01/02,038989,68105,64202,chungdam b v,038989|12|01/02,204,foreign_branch,chungdam b v,Foreign (branch),False,n,unclassified,
T17FC0142H,CELANESE FAR EAST LIMITED Singapore Branch,Foreign Company Branch,Live Company,21,02,079905,46649,64202,celanese far east,079905|21|02,10,foreign_branch,celanese far east,Foreign (branch),False,n,unclassified,
T17FC0160D,COGNIZANT WORLDWIDE LIMITED (Singapore Branch),Foreign Company Branch,Live Company,05,01,138542,62021,62090,cognizant worldwide,138542|05|01,2,foreign_branch,cognizant worldwide,Foreign (branch),False,n,unclassified,
T18FC0007D,CJ ENM HONG KONG LIMITED Singapore Branch,Foreign Company Branch,Live Company,13,04,079027,59132,73100,cj enm hong kong,079027|13|04,1,foreign_branch,cj enm hong kong,Foreign (branch),False,n,unclassified,
T18FC0027C,COLAS RAIL SAS Singapore Branch,Foreign Company Branch,Live Company,09,63,579700,71125,na,colas rail sas,579700|09|63,2,foreign_branch,colas rail sas,Foreign (branch),False,n,unclassified,
T18FC0052E,CHINA RAILWAY CONSTRUCTION CORPORATION (CRCC) Singapore Branch,Foreign Company Branch,Live Company,06,07,159086,42200,42100,china railway construction crcc,159086|06|07,1,foreign_branch,china railway construction crcc,Foreign (branch),False,n,unclassified,
T18FC0073L,"CHINA RAILWAY CONSTRUCTION ENGINEERING GROUP CO., LTD. Singapore Branch",Foreign Company Branch,Live Company,12,01A,069538,41001,na,china railway construction engineering group,069538|12|01A,95,foreign_branch,china railway construction engineering group,Foreign (branch),False,n,unclassified,
T18FC0086D,"CHINA RAILWAY ELECTRIFICATION ENGINEERING GROUP CO., LTD. (Singapore Branch)",Foreign Company Branch,Live Company,12,01A,069538,43210,71121,china railway electrification engineering group,069538|12|01A,95,foreign_branch,china railway electrification engineering group,Foreign (branch),False,n,unclassified,
T18FC0112J,CANACCORD GENUITY WEALTH (INTERNATIONAL) LIMITED (Singapore Branch),Foreign Company Branch,Live Company,15,06,048619,66194,na,canaccord genuity wealth international,048619|15|06,45,foreign_branch,canaccord genuity wealth international,Foreign (branch),False,n,unclassified,
T18FC0116D,COVENTRY UNIVERSITY (Singapore Branch),Foreign Company Branch,Live Company,05,02,138577,85509,70201,coventry university,138577|05|02,3,foreign_branch,coventry university,Foreign (branch),False,n,unclassified,
T18FC0128A,CHEMLUBE SA (Singapore Branch),Foreign Company Branch,Live Company,19,61,048616,46900,na,chemlube,048616|19|61,179,foreign_branch,chemlube,Foreign (branch),False,n,unclassified,
T18FC0129H,"CHINA CARGO AIRLINES CO., LTD. (Singapore Branch)",Foreign Company Branch,Live Company,02,218,819462,52292,na,china cargo airlines,819462|02|218,1,foreign_branch,china cargo airlines,Foreign (branch),False,n,unclassified,
T19FC0028D,"CHINA JIANGXI INTERNATIONAL ECONOMIC AND TECHNICAL COOPERATION CO., LTD. (Singapore Branch)",Foreign Company Branch,Live Company,09,90,569880,41009,71129,china jiangxi international economic and technical cooperation,569880|09|90,63,foreign_branch,china jiangxi international economic and technical cooperation,Foreign (branch),False,n,unclassified,
T19FC0071B,CUBIX TECH INTEGRATION PRIVATE LIMITED (Singapore Branch),Foreign Company Branch,Live Company,12,05,189648,46521,na,cubix tech integration,189648|12|05,91,foreign_branch,cubix tech integration,Foreign (branch),False,n,unclassified,
T19FC0100F,CENTRICA LNG COMPANY LIMITED (Singapore Branch),Foreign Company Branch,Live Company,26,01,048619,46900,na,centrica lng,048619|26|01,2453,foreign_branch,centrica lng,Foreign (branch),False,n,unclassified,
T19FC0111G,"CHAILEASE INTERNATIONAL FINANCIAL SERVICES CO., LTD. (Singapore Branch)",Foreign Company Branch,Live Company,15,01,048547,64910,na,chailease international financial services,048547|15|01,81,foreign_branch,chailease international financial services,Foreign (branch),False,n,unclassified,
T19FC0125G,CHINA RAILWAY CONSTRUCTION HEAVY INDUSTRY CORPORATION LIMITED Singapore Branch,Foreign Company Branch,Live Company,07,01,576147,46549,43299,china railway construction heavy industry,576147|07|01,6,foreign_branch,china railway construction heavy industry,Foreign (branch),False,n,unclassified,
T19FC0126C,"CHINA HAISUM ENGINEERING CO., LTD. Singapore Branch",Foreign Company Branch,Live Company,na,na,619099,71129,46900,china haisum engineering,619099|na|na,4,foreign_branch,china haisum engineering,Foreign (branch),False,n,unclassified,
T20FC0017E,"CPS CO., LTD. (Singapore Branch)",Foreign Company Branch,Live Company,05,07,068602,46900,na,cps,068602|05|07,128,foreign_branch,cps,Foreign (branch),False,n,unclassified,
T20FC0038L,"CHINA ENERGY ENGINEERING GROUP SHANXI ELECTRIC POWER ENGINEERING CO., LTD. (Singapore Branch)",Foreign Company Branch,Live Company,25,02,118479,41001,71123,china energy engineering group shanxi electric power engineering,118479|25|02,2,foreign_branch,china energy engineering group shanxi electric power engineering,Foreign (branch),False,n,unclassified,
T20FC0050J,"CHINA HUADIAN ENGINEERING CO., LTD. Singapore Branch",Foreign Company Branch,Live Company,23,02,069547,46900,na,china huadian engineering,069547|23|02,114,foreign_branch,china huadian engineering,Foreign (branch),False,n,unclassified,
T20FC0052A,CSAFE GLOBAL COOPERATIEF U.A. Singapore Branch,Foreign Company Branch,Live Company,23,11,189767,70102,52241,csafe global cooperatief u a,189767|23|11,532,foreign_branch,csafe global cooperatief u a,Foreign (branch),False,n,unclassified,
T20FC0080B,CORNING HUNGARY KFT. Singapore Branch,Foreign Company Branch,Live Company,09,11/12,237994,63119,69202,corning hungary kft,237994|09|11/12,1,foreign_branch,corning hungary kft,Foreign (branch),False,n,unclassified,
T20FC0100H,"CHENEGA WORLDWIDE SUPPORT, LLC Singapore Branch",Foreign Company Branch,Live Company,23,11,189767,52292,52109,chenega worldwide support llc,189767|23|11,532,foreign_branch,chenega worldwide support llc,Foreign (branch),False,n,unclassified,
T20FC0108J,CALC BERMUDA HOLDINGS LIMITED (Singapore Branch),Foreign Company Branch,Live Company,38,04,038986,64202,na,calc bermuda holdings,038986|38|04,8,foreign_branch,calc bermuda holdings,Foreign (branch),False,n,unclassified,
T21FC0025A,CENTRAL NEW PETROCHEMICAL HOLDINGS Branch Office,Foreign Company Branch,Live Company,na,na,099198,46643,20131,central new petrochemical holdings office,099198|na|na,5,foreign_branch,central new petrochemical holdings office,Foreign (branch),False,n,unclassified,
T21FC0028L,CGI FEDERAL INC. Singapore Branch,Foreign Company Branch,Live Company,10,01,069536,62021,na,cgi federal,069536|10|01,159,foreign_branch,cgi federal,Foreign (branch),False,n,unclassified,
T22FC0001A,CHENIERE MARKETING INTERNATIONAL LLP Singapore Branch,Foreign Company Branch,Live Company,13,00,068896,35200,na,cheniere marketing international,068896|13|00,838,foreign_branch,cheniere marketing international,Foreign (branch),False,n,unclassified,
T22FC0007K,CERDIA INTERNATIONAL GMBH Singapore Branch,Foreign Company Branch,Live Company,19,01,069046,32909,na,cerdia international,069046|19|01,97,foreign_branch,cerdia international,Foreign (branch),False,n,unclassified,
T22FC0016H,CHINA HARBOUR ENGINEERING COMPANY LTD Singapore Branch,Foreign Company Branch,Live Company,08,06/09,609935,41001,43909,china harbour engineering,609935|08|06/09,2,foreign_branch,china harbour engineering,Foreign (branch),False,n,unclassified,
T22FC0047H,CHINA RAILWAY 11TH BUREAU GROUP MALAYSIA SDN. BHD. (Singapore Branch),Foreign Company Branch,Live Company,03,61/62,637145,41001,46549,china railway 11th bureau group malaysia sdn bhd,637145|03|61/62,1,foreign_branch,china railway 11th bureau group malaysia sdn bhd,Foreign (branch),False,n,unclassified,
T22FC0070G,CORIO GENERATION INTERNATIONAL LIMITED Singapore Branch,Foreign Company Branch,Live Company,19,18,608526,64202,na,corio generation international,608526|19|18,497,foreign_branch,corio generation international,Foreign (branch),False,n,unclassified,
T22FC0078H,CERGAS ENERGY LIMITED (Singapore Branch),Foreign Company Branch,Live Company,37,00,049315,46649,66110,cergas energy,049315|37|00,30,foreign_branch,cergas energy,Foreign (branch),False,n,unclassified,
T22FC0089J,CREATIVE CLASSIC LIMITED (Singapore Branch),Foreign Company Branch,Live Company,15,01/02,048623,64202,na,creative classic,048623|15|01/02,11,foreign_branch,creative classic,Foreign (branch),False,n,unclassified,
T23FC0017J,"CONTENTSERV, INC. Singapore Branch",Foreign Company Branch,Live Company,11,15,238877,62011,62021,contentserv,238877|11|15,1,foreign_branch,contentserv,Foreign (branch),False,n,unclassified,
T23FC0037H,CEFETRA DAIRY B.V. Singapore Branch,Foreign Company Branch,Live Company,07,22,179097,46303,na,cefetra dairy b v,179097|07|22,112,foreign_branch,cefetra dairy b v,Foreign (branch),False,n,unclassified,
T23FC0038D,"CHINA ENERGY ENGINEERING GROUP SHANXI NO.3 ELECTRIC POWER CONSTRUCTION CO., LTD. (Singapore Branch)",Foreign Company Branch,Live Company,na,na,648762,42301,42302,china energy engineering group shanxi no 3 electric power construction,648762|na|na,2,foreign_branch,china energy engineering group shanxi no 3 electric power construction,Foreign (branch),False,n,unclassified,
T23FC0040H,CHARLES RUSSELL SPEECHLYS LLP,Foreign Company Branch,Live Company,23,02,048583,69101,na,charles russell speechlys,048583|23|02,1,foreign_branch,charles russell speechlys,Foreign (branch),False,n,unclassified,
T23FC0080F,CAPSPIRE LTD Singapore Branch,Foreign Company Branch,Live Company,8,00,298135,62021,na,capspire,298135|8|00,6,foreign_branch,capspire,Foreign (branch),False,n,unclassified,
T24FC0002G,CITI OVERSEAS INVESTMENTS BAHAMAS INC. Singapore Branch,Foreign Company Branch,Live Company,08,00,486026,64999,na,citi overseas investments bahamas,486026|08|00,12,foreign_branch,citi overseas investments bahamas,Foreign (branch),False,n,unclassified,
T24FC0011E,CHINA RAILWAY CONSTRUCTION GROUP CORPORATION LIMITED Singapore Branch,Foreign Company Branch,Live Company,05,03,159086,41001,71121,china railway construction group,159086|05|03,3,foreign_branch,china railway construction group,Foreign (branch),False,n,unclassified,
T24FC0045D,"CENTERRA CONSTRUCTION PARTNERS, LLC",Foreign Company Branch,Live Company,73,04,759657,52292,43301,centerra construction partners llc,759657|73|04,2,foreign_branch,centerra construction partners llc,Foreign (branch),False,n,unclassified,
T24FC0060A,"CRRC ZHUZHOU LOCOMOTIVE CO., LTD. Singapore Branch",Foreign Company Branch,Live Company,08,04,486066,41001,25949,crrc zhuzhou locomotive,486066|08|04,1,foreign_branch,crrc zhuzhou locomotive,Foreign (branch),False,n,unclassified,
T24FC0066K,"CHINA NATIONAL CHEMICAL ENGINEERING NO.14 CONSTRUCTION CO., LTD. (Singapore Branch)",Foreign Company Branch,Live Company,14,06,658079,71122,42909,china national chemical engineering no 14 construction,658079|14|06,8,foreign_branch,china national chemical engineering no 14 construction,Foreign (branch),False,n,unclassified,
T25FC0016A,"CHINA HUASHI ENTERPRISES CO., LTD Singapore Branch",Foreign Company Branch,Live Company,03,4193,760810,41001,42100,china huashi enterprises,760810|03|4193,8,foreign_branch,china huashi enterprises,Foreign (branch),False,n,unclassified,
T25FC0038C,CLATECH CONSULTING (Singapore Branch),Foreign Company Branch,Live Company,20,05,079903,70209,71129,clatech consulting,079903|20|05,484,foreign_branch,clatech consulting,Foreign (branch),False,n,unclassified,
T25FC0059J,CGFT,Foreign Company Branch,Live Company,09,26,339407,62011,na,cgft,339407|09|26,32,foreign_branch,cgft,Foreign (branch),False,n,unclassified,
T25FC0060F,COMBA TELECOM SYSTEMS HOLDINGS LIMITED Singapore Branch,Foreign Company Branch,Live Company,03,12,349248,64202,na,comba telecom systems holdings,349248|03|12,4,foreign_branch,comba telecom systems holdings,Foreign (branch),False,n,unclassified,
T25FC0072C,CENTER CORPORATION HONGKONG LIMITED Singapore Branch,Foreign Company Branch,Live Company,06,05,409015,41001,46900,center hongkong,409015|06|05,152,foreign_branch,center hongkong,Foreign (branch),False,n,unclassified,
T25FC0080E,"CHENGDU ANJU TIANXIA INDUSTRIAL CO., LTD Singapore Branch",Foreign Company Branch,Live Company,03,4193,760810,46431,na,chengdu anju tianxia industrial,760810|03|4193,8,foreign_branch,chengdu anju tianxia industrial,Foreign (branch),False,n,unclassified,
T26FC0006A,"CIVIL AVIATION LOGISTICS TECHNOLOGY CO., LTD. Singapore Branch",Foreign Company Branch,Live Company,05,22,409015,28299,71129,civil aviation logistics technology,409015|05|22,86,foreign_branch,civil aviation logistics technology,Foreign (branch),False,n,unclassified,
T26FC0043L,"CHINA OVERSEAS HOLDING GROUP CO., LTD Singapore Branch",Foreign Company Branch,Live Company,08,10,369977,46900,na,china overseas holding group,369977|08|10,243,foreign_branch,china overseas holding group,Foreign (branch),False,n,unclassified,
T26FC0071A,CACEIS BANK Singapore Branch,Foreign Company Branch,Live Company,10,04A,018916,64130,na,caceis bank,018916|10|04A,1,foreign_branch,caceis bank,Foreign (branch),False,n,unclassified,
S61FC1416K,SOON TECK CREDIT CORPORATION (MALAYSIA) BERHAD,Foreign Company Branch,Live Company,01,03,058416,47311,64999,soon teck credit malaysia berhad,058416|01|03,2,foreign_branch,soon teck credit malaysia berhad,Foreign (branch),False,n,unclassified,
S73FC2283B,SATO KOGYO COMPANY LIMITED,Foreign Company Branch,Live Company,04,14/15,188425,41001,na,sato kogyo,188425|04|14/15,3,foreign_branch,sato kogyo,Foreign (branch),False,n,unclassified,
S73FC2334H,SHIMIZU CORPORATION,Foreign Company Branch,Live Company,05,05/09,339509,41001,71121,shimizu,339509|05|05/09,4,foreign_branch,shimizu,Foreign (branch),False,n,unclassified,
S77FC2641G,SUMITOMO MITSUI CONSTRUCTION CO LTD,Foreign Company Branch,Live Company,14,01/02,159835,41009,71122,sumitomo mitsui construction,159835|14|01/02,2,foreign_branch,sumitomo mitsui construction,Foreign (branch),False,n,unclassified,
S78FC2685E,SOLAR TURBINES INTERNATIONAL COMPANY,Foreign Company Branch,Live Company,na,na,627973,46599,71129,solar turbines international,627973|na|na,1,foreign_branch,solar turbines international,Foreign (branch),False,n,unclassified,
S79FC2818L,SRILANKAN AIRLINES LIMITED,Foreign Company Branch,Live Company,07,02,529508,51003,na,srilankan airlines,529508|07|02,1,foreign_branch,srilankan airlines,Foreign (branch),False,n,unclassified,
S80FC2914J,SSANGYONG ENGINEERING & CONSTRUCTION CO LTD,Foreign Company Branch,Live Company,03,28/30,117674,41009,na,ssangyong engineering construction,117674|03|28/30,4,foreign_branch,ssangyong engineering construction,Foreign (branch),False,n,unclassified,
S83FC3268K,"SHIN NIPPON AIR TECHNOLOGIES CO, LTD",Foreign Company Branch,Live Company,09,06,169074,43220,na,shin nippon air technologies,169074|09|06,2,foreign_branch,shin nippon air technologies,Foreign (branch),False,n,unclassified,
S83FC3320B,SHINRYO CORPORATION,Foreign Company Branch,Live Company,05,03,149598,43220,43210,shinryo,149598|05|03,1,foreign_branch,shinryo,Foreign (branch),False,n,unclassified,
S89FC4021B,"SPEEDFAM CO., LTD",Foreign Company Branch,Live Company,na,na,757041,28224,46599,speedfam,757041|na|na,1,foreign_branch,speedfam,Foreign (branch),False,n,unclassified,
S90FC4179K,SHINHAN BANK,Foreign Company Branch,Live Company,41,02,018960,64130,64130,shinhan bank,018960|41|02,1,foreign_branch,shinhan bank,Foreign (branch),False,n,unclassified,
S91FC4283B,SARAWAK UNITED SAWMILLS SENDIRIAN BERHAD,Foreign Company Branch,Live Company,16,01,188979,46100,na,sarawak united sawmills sendirian berhad,188979|16|01,84,foreign_branch,sarawak united sawmills sendirian berhad,Foreign (branch),False,n,unclassified,
S92FC4489J,SOCIETE AIR FRANCE,Foreign Company Branch,Live Company,05,01,079903,51003,51004,societe air france,079903|05|01,136,foreign_branch,societe air france,Foreign (branch),False,n,unclassified,
S92FC4493E,SUZUYA INTERNATIONAL (H.K.) COMPANY LIMITED,Foreign Company Branch,Live Company,07,16,339159,81211,na,suzuya international h k,339159|07|16,2,foreign_branch,suzuya international h k,Foreign (branch),False,n,unclassified,
S93FC4535G,SAAB KOCKUMS AKTIEBOLAG (Singapore Branch),Foreign Company Branch,Live Company,16,01,068893,82999,46100,saab kockums aktiebolag,068893|16|01,2,foreign_branch,saab kockums aktiebolag,Foreign (branch),False,n,unclassified,
S93FC4651B,SEARIVER MARITIME LLC (Singapore Branch),Foreign Company Branch,Live Company,06,00,098633,50021,na,seariver maritime llc,098633|06|00,21,foreign_branch,seariver maritime llc,Foreign (branch),False,n,unclassified,
S94FC4711L,SRI RAMAKRISHNA HI-TECH SYSTEMS LIMITED,Foreign Company Branch,Live Company,19,04,179094,62011,na,sri ramakrishna hi tech systems,179094|19|04,3,foreign_branch,sri ramakrishna hi tech systems,Foreign (branch),False,n,unclassified,
S94FC4757G,SASOL CHEMICALS PACIFIC LIMITED,Foreign Company Branch,Live Company,12,01,068808,46649,na,sasol chemicals pacific,068808|12|01,541,foreign_branch,sasol chemicals pacific,Foreign (branch),False,n,unclassified,
S94FC4850D,STRUERS APS Singapore Branch,Foreign Company Branch,Live Company,05,07/08,318996,28229,28252,struers aps,318996|05|07/08,1,foreign_branch,struers aps,Foreign (branch),False,n,unclassified,
S95FC4960E,STANLEY ELECTRIC (ASIA PACIFIC) LTD,Foreign Company Branch,Live Company,12,10/11,237994,46522,na,stanley electric asia pacific,237994|12|10/11,2,foreign_branch,stanley electric asia pacific,Foreign (branch),False,n,unclassified,
S97FC5323F,"SETSUNAN CO., LTD",Foreign Company Branch,Live Company,06,74,737715,46592,na,setsunan,737715|06|74,50,foreign_branch,setsunan,Foreign (branch),False,n,unclassified,
S97FC5359H,SOUNDSCAPE DIGITAL TECHNOLOGY ASIA LTD,Foreign Company Branch,Live Company,10,03,188770,90390,58190,soundscape digital technology asia,188770|10|03,1,foreign_branch,soundscape digital technology asia,Foreign (branch),False,n,unclassified,
S98FC5636K,"SK ECOPLANT CO., LTD. Singapore Branch",Foreign Company Branch,Live Company,na,na,629844,41001,71122,sk ecoplant,629844|na|na,12,foreign_branch,sk ecoplant,Foreign (branch),False,n,unclassified,
S99FC5668L,SHANGHAI TUNNEL ENGINEERING CO. LTD.,Foreign Company Branch,Live Company,37,01,119963,42909,71125,shanghai tunnel engineering,119963|37|01,5,foreign_branch,shanghai tunnel engineering,Foreign (branch),False,n,unclassified,
T00FC5861H,SIRSIDYNIX PTY LTD Singapore Branch,Foreign Company Branch,Live Company,18,02,068912,62021,62011,sirsidynix pty,068912|18|02,47,foreign_branch,sirsidynix pty,Foreign (branch),False,n,unclassified,
T00FC5953H,SINO LAND CO. (HK) LIMITED,Foreign Company Branch,Live Company,26,01,048619,66303,na,sino land hk,048619|26|01,2453,foreign_branch,sino land hk,Foreign (branch),False,n,unclassified,
T00FC5975K,SYNTEX ENGINEERING SERVICES LIMITED,Foreign Company Branch,Live Company,27,08,079903,71129,43905,syntex engineering services,079903|27|08,139,foreign_branch,syntex engineering services,Foreign (branch),False,n,unclassified,
T01FC6027K,SECO TOOLS AKTIEBOLAG,Foreign Company Branch,Live Company,02,35,536465,52101,46900,seco tools aktiebolag,536465|02|35,2,foreign_branch,seco tools aktiebolag,Foreign (branch),False,n,unclassified,
T01FC6105K,"SUNRIDER SINGAPORE, LLC",Foreign Company Branch,Live Company,na,na,738737,46462,na,sunrider llc,738737|na|na,3,foreign_branch,sunrider llc,Foreign (branch),False,n,unclassified,
T02FC6213H,SWISS INTERNATIONAL AIR LINES LTD.,Foreign Company Branch,Live Company,13,01,238871,51003,51004,swiss international air lines,238871|13|01,5,foreign_branch,swiss international air lines,Foreign (branch),False,n,unclassified,
T02FC6227H,SANKO PROGRESS MABIS CORPORATION (Singapore Branch),Foreign Company Branch,Live Company,04,02B,038987,46100,46900,sanko progress mabis,038987|04|02B,3,foreign_branch,sanko progress mabis,Foreign (branch),False,n,unclassified,
T02FC6234C,SIME DARBY JOY INDUSTRIES SDN. BHD. (Singapore Branch),Foreign Company Branch,Live Company,na,na,629858,46900,46100,sime darby joy industries sdn bhd,629858|na|na,12,foreign_branch,sime darby joy industries sdn bhd,Foreign (branch),False,n,unclassified,
T02FC6305H,SARGAM METALS PRIVATE LIMITED (Singapore Branch),Foreign Company Branch,Live Company,09,05,169208,28300,na,sargam metals,169208|09|05,1,foreign_branch,sargam metals,Foreign (branch),False,n,unclassified,
T03FC6369E,STRATEGIC ANALYSIS ASIA LTD. (BRANCH OFFICE SINGAPORE),Foreign Company Branch,Live Company,30,00,049909,70209,na,strategic analysis asia office,049909|30|00,8,foreign_branch,strategic analysis asia office,Foreign (branch),False,n,unclassified,
T03FC6465A,SONATA SOFTWARE LIMITED Singapore Branch,Foreign Company Branch,Live Company,19,03,179094,62011,na,sonata software,179094|19|03,183,foreign_branch,sonata software,Foreign (branch),False,n,unclassified,
T03FC6473C,"SHINSUNG E&G CO., LTD. (Singapore Branch)",Foreign Company Branch,Live Company,04,14,415934,41009,28191,shinsung e g,415934|04|14,3,foreign_branch,shinsung e g,Foreign (branch),False,n,unclassified,
T04FC6489L,SCOR SE Singapore Branch,Foreign Company Branch,Live Company,30,01,068914,65201,na,scor se,068914|30|01,6,foreign_branch,scor se,Foreign (branch),False,n,unclassified,
T04FC6563E,SEVCON (INDIA) PRIVATE LIMITED (Singapore Branch),Foreign Company Branch,Live Company,05,01,048695,46639,na,sevcon india,048695|05|01,222,foreign_branch,sevcon india,Foreign (branch),False,n,unclassified,
T05FC6631E,"SFP VALUE REALIZATION CO., LTD.",Foreign Company Branch,Live Company,27,04,048619,82110,na,sfp value realization,048619|27|04,2,foreign_branch,sfp value realization,Foreign (branch),False,n,unclassified,
T05FC6761L,SOJITZ CORPORATION Singapore Branch,Foreign Company Branch,Live Company,24,01/02,078881,46900,na,sojitz,078881|24|01/02,7,foreign_branch,sojitz,Foreign (branch),False,n,unclassified,
T06FC6821J,"SANIPAK COMPANY OF JAPAN, LTD. Singapore Branch",Foreign Company Branch,Live Company,02,28,609930,46900,na,sanipak of japan,609930|02|28,1,foreign_branch,sanipak of japan,Foreign (branch),False,n,unclassified,
T06FC6864F,SICHUAN FULI INDUSTRIAL CONSTRUCTION CO. LTD (Singapore Branch),Foreign Company Branch,Live Company,08,12,159471,41001,na,sichuan fuli industrial construction,159471|08|12,125,foreign_branch,sichuan fuli industrial construction,Foreign (branch),False,n,unclassified,
T06FC6882B,SHIRLEY TECHNOLOGIES LIMITED,Foreign Company Branch,Live Company,07,147,609966,71200,na,shirley technologies,609966|07|147,3,foreign_branch,shirley technologies,Foreign (branch),False,n,unclassified,
T07FC7024K,SHV GAS SUPPLY & RISK MANAGEMENT Singapore Branch,Foreign Company Branch,Live Company,28,00,018989,46610,na,shv gas supply risk management,018989|28|00,321,foreign_branch,shv gas supply risk management,Foreign (branch),False,n,unclassified,
T07FC7043B,SEAL DYNAMICS LLC (Singapore Branch),Foreign Company Branch,Live Company,07,09,797523,46552,62011,seal dynamics llc,797523|07|09,1,foreign_branch,seal dynamics llc,Foreign (branch),False,n,unclassified,
T08FC7203B,STENA BULK AB Singapore Branch,Foreign Company Branch,Live Company,44,01,038986,50021,na,stena bulk ab,038986|44|01,6,foreign_branch,stena bulk ab,Foreign (branch),False,n,unclassified,
T09FC0072F,SHI SOLUTIONS INDIA PRIVATE LIMITED Singapore Branch,Foreign Company Branch,Live Company,19,08,179094,62021,62021,shi solutions india,179094|19|08,128,foreign_branch,shi solutions india,Foreign (branch),False,n,unclassified,
T09FC0076A,"SHANGHAI BOJI CURTAIN WALL ENGINEERING CO., LTD (Singapore Branch)",Foreign Company Branch,Live Company,03,23,508724,43307,43306,shanghai boji curtain wall engineering,508724|03|23,2,foreign_branch,shanghai boji curtain wall engineering,Foreign (branch),False,n,unclassified,
T09FC0079L,SPERRY ASSOCIATES SWITZERLAND GMBH (Singapore Branch),Foreign Company Branch,Live Company,05,34,768160,70201,62021,sperry associates switzerland,768160|05|34,57,foreign_branch,sperry associates switzerland,Foreign (branch),False,n,unclassified,
T09FC0126L,"STX CONSTRUCTION CO., LTD (Singapore Branch)",Foreign Company Branch,Live Company,40,03,068811,41009,na,stx construction,068811|40|03,1,foreign_branch,stx construction,Foreign (branch),False,n,unclassified,
T09FC0131C,SPC INDUSTRIES SDN. BHD. (Singapore Branch),Foreign Company Branch,Live Company,06,06,209000,46633,43904,spc industries sdn bhd,209000|06|06,65,foreign_branch,spc industries sdn bhd,Foreign (branch),False,n,unclassified,
T10FC0001K,"SINGRMA, LLC (BRANCH OFFICE SINGAPORE)",Foreign Company Branch,Live Company,18,01,068804,56122,na,singrma llc office,068804|18|01,147,foreign_branch,singrma llc office,Foreign (branch),False,n,unclassified,
T10FC0017B,"SAFRAN TEST CELLS, INC. (Singapore Branch)",Foreign Company Branch,Live Company,na,na,797554,41001,71122,safran test cells,797554|na|na,4,foreign_branch,safran test cells,Foreign (branch),False,n,unclassified,
T10FC0053E,SAMAYU CO LTD (Singapore Branch),Foreign Company Branch,Live Company,14,06,079903,30110,28112,samayu,079903|14|06,133,foreign_branch,samayu,Foreign (branch),False,n,unclassified,
T10FC0081F,"SUBCOM, LLC (Singapore Branch)",Foreign Company Branch,Live Company,24,01,048619,42302,na,subcom llc,048619|24|01,486,foreign_branch,subcom llc,Foreign (branch),False,n,unclassified,
T11FC0015D,SAMCO INC. Singapore Branch,Foreign Company Branch,Live Company,21,07,079903,46900,70102,samco,079903|21|07,138,foreign_branch,samco,Foreign (branch),False,n,unclassified,
T11FC0038B,SAUDI ARABIAN AIRLINES CORPORATION,Foreign Company Branch,Live Company,05,05,199553,51001,51001,saudi arabian airlines,199553|05|05,1,foreign_branch,saudi arabian airlines,Foreign (branch),False,n,unclassified,
T11FC0130C,"SAMSUNG HEAVY INDUSTRIES CO., LTD. (Singapore Branch)",Foreign Company Branch,Live Company,21,03,049483,28242,30110,samsung heavy industries,049483|21|03,1,foreign_branch,samsung heavy industries,Foreign (branch),False,n,unclassified,
T11FC0136A,SPS UK&I LIMITED Singapore Branch,Foreign Company Branch,Live Company,10,01,068808,70209,63909,sps uk i,068808|10|01,170,foreign_branch,sps uk i,Foreign (branch),False,n,unclassified,
T11FC0173L,SINOHYDRO CORPORATION LIMITED (Singapore Branch),Foreign Company Branch,Live Company,04,23,609927,42909,41009,sinohydro,609927|04|23,7,foreign_branch,sinohydro,Foreign (branch),False,n,unclassified,
T12FC0008C,STENA BULK A/S (Singapore Branch),Foreign Company Branch,Live Company,44,01,038986,50021,na,stena bulk a,038986|44|01,6,foreign_branch,stena bulk a,Foreign (branch),False,n,unclassified,
T12FC0094J,SHINE COMMERCIAL LIMITED (Singapore Branch),Foreign Company Branch,Live Company,03,01,228095,59132,59140,shine commercial,228095|03|01,489,foreign_branch,shine commercial,Foreign (branch),False,n,unclassified,
T12FC0167F,"SAMDAIYANG DEVELOPMENT CO., LTD (Singapore Branch)",Foreign Company Branch,Live Company,10,18,188307,42100,42903,samdaiyang development,188307|10|18,78,foreign_branch,samdaiyang development,Foreign (branch),False,n,unclassified,
T12FC0194L,SHURE SOUTH ASIA LIMITED Singapore Branch,Foreign Company Branch,Live Company,23,11,189767,46900,82999,shure south asia,189767|23|11,532,foreign_branch,shure south asia,Foreign (branch),False,n,unclassified,
T13FC0015C,"SANKYO RUBBER CO., LTD Singapore Branch",Foreign Company Branch,Live Company,35,02A,038988,46900,na,sankyo rubber,038988|35|02A,38,foreign_branch,sankyo rubber,Foreign (branch),False,n,unclassified,
T13FC0043D,SWISS NATIONAL BANK Singapore Branch,Foreign Company Branch,Live Company,35,02,018960,66301,na,swiss national bank,018960|35|02,1,foreign_branch,swiss national bank,Foreign (branch),False,n,unclassified,
T13FC0070J,SIMMONS & SIMMONS ASIA LLP,Foreign Company Branch,Live Company,19,02,078881,82999,na,simmons simmons asia,078881|19|02,5,foreign_branch,simmons simmons asia,Foreign (branch),False,n,unclassified,
T13FC0147A,S-1 CORPORATION Singapore Branch,Foreign Company Branch,Live Company,06,07S,238164,43210,46595,1,238164|06|07S,25,foreign_branch,1,Foreign (branch),False,n,unclassified,
T13FC0199G,SPECTRA CONNECTRONICS LLP Singapore Branch,Foreign Company Branch,Live Company,19,04,179094,46900,na,spectra connectronics,179094|19|04,3,foreign_branch,spectra connectronics,Foreign (branch),False,n,unclassified,
T14FC0063H,"SUMITOMO MITSUI CARD COMPANY, LIMITED Singapore Branch",Foreign Company Branch,Live Company,20,02,048547,73200,na,sumitomo mitsui card,048547|20|02,189,foreign_branch,sumitomo mitsui card,Foreign (branch),False,n,unclassified,
T14FC0072F,ST. JAMES'S PLACE INTERNATIONAL PUBLIC LIMITED COMPANY (Singapore Branch),Foreign Company Branch,Live Company,15,61,048616,65110,na,st james place international public,048616|15|61,4,foreign_branch,st james place international public,Foreign (branch),False,n,unclassified,
T14FC0129K,STUDY GROUP LIMITED Singapore Branch,Foreign Company Branch,Live Company,22,00,238874,82999,na,study group,238874|22|00,36,foreign_branch,study group,Foreign (branch),False,n,unclassified,
T14FC0133F,SHELL GLOBAL LNG LIMITED (Singapore Branch),Foreign Company Branch,Live Company,07,01,138588,46610,na,shell global lng,138588|07|01,34,foreign_branch,shell global lng,Foreign (branch),False,n,unclassified,
T14FC0134B,SHANGHAI FUDAN MICROELECTRONICS (HK) LIMITED Singapore Branch,Foreign Company Branch,Live Company,15,13,369977,26113,74111,shanghai fudan microelectronics hk,369977|15|13,47,foreign_branch,shanghai fudan microelectronics hk,Foreign (branch),False,n,unclassified,
T14FC0171A,"SHANGHAI GEOHARBOUR CONSTRUCTION GROUP CO., LTD. (Singapore Branch)",Foreign Company Branch,Live Company,06,02,408942,43901,43121,shanghai geoharbour construction group,408942|06|02,4,foreign_branch,shanghai geoharbour construction group,Foreign (branch),False,n,unclassified,
T15FC0009C,STRAITS ADVISORS GROUP LIMITED (Singapore Branch),Foreign Company Branch,Live Company,24,01,048946,70209,na,straits advisors group,048946|24|01,159,foreign_branch,straits advisors group,Foreign (branch),False,n,unclassified,
T15FC0025G,STORE FIRST LIMITED Singapore Branch,Foreign Company Branch,Live Company,28,01,048424,68101,na,store first,048424|28|01,5,foreign_branch,store first,Foreign (branch),False,n,unclassified,
T15FC0053H,SIGMA BYTE COMPUTERS PRIVATE LIMITED (Singapore Branch),Foreign Company Branch,Live Company,09,26,339407,63909,na,sigma byte computers,339407|09|26,32,foreign_branch,sigma byte computers,Foreign (branch),False,n,unclassified,
T15FC0076F,"SRS RESTAURANT ASSOCIATES, LLC (BRANCH OFFICE SINGAPORE)",Foreign Company Branch,Live Company,18,01,068804,56122,na,srs restaurant associates llc office,068804|18|01,147,foreign_branch,srs restaurant associates llc office,Foreign (branch),False,n,unclassified,
T15FC0094B,SONATA INFORMATION TECHNOLOGY LIMITED (Singapore Branch),Foreign Company Branch,Live Company,19,03,179094,47412,46512,sonata information technology,179094|19|03,183,foreign_branch,sonata information technology,Foreign (branch),False,n,unclassified,
T15FC0109E,SWCC CORPORATION Singapore Branch,Foreign Company Branch,Live Company,na,na,188726,27322,71129,swcc,188726|na|na,65,foreign_branch,swcc,Foreign (branch),False,n,unclassified,
T16FC0017K,"SICHUAN AIRLINES CO., LTD., Singapore Branch",Foreign Company Branch,Live Company,25,07,307684,51001,51003,sichuan airlines,307684|25|07,767,foreign_branch,sichuan airlines,Foreign (branch),False,n,unclassified,
T16FC0048K,SILK WAY WEST AIRLINES Branch Office Singapore,Foreign Company Branch,Live Company,03,520,819643,51002,na,silk way west airlines office,819643|03|520,1,foreign_branch,silk way west airlines office,Foreign (branch),False,n,unclassified,
T16FC0066F,SK CHEMICAL TRADING (HK) LIMITED (Singapore Branch),Foreign Company Branch,Live Company,03,01,228095,46649,na,sk chemical trading hk,228095|03|01,489,foreign_branch,sk chemical trading hk,Foreign (branch),False,n,unclassified,
T16FC0086E,SMARTER HOLDINGS INTERNATIONAL LTD Singapore Branch,Foreign Company Branch,Live Company,49,00,048583,62090,na,smarter holdings international,048583|49|00,119,foreign_branch,smarter holdings international,Foreign (branch),False,n,unclassified,
T16FC0098B,SAACKE GMBH Branch Office Singapore,Foreign Company Branch,Live Company,21,10,228208,71126,na,saacke office,228208|21|10,73,foreign_branch,saacke office,Foreign (branch),False,n,unclassified,
T16FC0110G,"SPS INTERNATIONAL, INC. (Singapore Branch)",Foreign Company Branch,Live Company,30,03,018982,70101,na,sps international,018982|30|03,134,foreign_branch,sps international,Foreign (branch),False,n,unclassified,
T16FC0123L,SAVEX TECHNOLOGIES PRIVATE LIMITED (Singapore Branch),Foreign Company Branch,Live Company,12,09,068805,46900,na,savex technologies,068805|12|09,4,foreign_branch,savex technologies,Foreign (branch),False,n,unclassified,
T17FC0024K,SL AUDIO A/S Singapore Branch,Foreign Company Branch,Live Company,B1,01,179104,46900,na,sl audio a,179104|B1|01,1,foreign_branch,sl audio a,Foreign (branch),False,n,unclassified,
T17FC0059E,STEAMSHIP MUTUAL UNDERWRITING ASSOCIATION LIMITED Singapore Branch,Foreign Company Branch,Live Company,16,04,068894,65121,na,steamship mutual underwriting association,068894|16|04,2,foreign_branch,steamship mutual underwriting association,Foreign (branch),False,n,unclassified,
T17FC0091B,"SHIN NIPPON BIOMEDICAL LABORATORIES, LTD. Singapore Branch",Foreign Company Branch,Live Company,21,08,228208,72106,na,shin nippon biomedical laboratories,228208|21|08,41,foreign_branch,shin nippon biomedical laboratories,Foreign (branch),False,n,unclassified,
T17FC0138A,SHOSEKI INTERNATIONAL K.K. Singapore Branch,Foreign Company Branch,Live Company,04,03,239519,70209,na,shoseki international k k,239519|04|03,4,foreign_branch,shoseki international k k,Foreign (branch),False,n,unclassified,
T17FC0146C,"SEIKO ELECTRIC CO., LTD. (Singapore Branch)",Foreign Company Branch,Live Company,10,01A,068898,27104,46512,seiko electric,068898|10|01A,72,foreign_branch,seiko electric,Foreign (branch),False,n,unclassified,
T17FC0157D,SD INTERNATIONAL DWC-LLC (Singapore Branch),Foreign Company Branch,Live Company,08,01,179104,46900,na,sd international dwc llc,179104|08|01,30,foreign_branch,sd international dwc llc,Foreign (branch),False,n,unclassified,
T17FC0187H,SAPPHIRE MINMETALS CORPORATION LIMITED (Singapore Branch),Foreign Company Branch,Live Company,08,03,048659,46900,na,sapphire minmetals,048659|08|03,2,foreign_branch,sapphire minmetals,Foreign (branch),False,n,unclassified,
T18FC0006H,SAIMAA TECHNOLOGIES LLP Singapore Branch,Foreign Company Branch,Live Company,19,03,179094,46900,na,saimaa technologies,179094|19|03,183,foreign_branch,saimaa technologies,Foreign (branch),False,n,unclassified,
T18FC0041D,"SONGWON INDUSTRIAL CO., LTD. (Singapore Branch)",Foreign Company Branch,Live Company,02,106A,609966,20249,na,songwon industrial,609966|02|106A,1,foreign_branch,songwon industrial,Foreign (branch),False,n,unclassified,
T18FC0117L,SIMPLEX-TURBULO COMPANY LTD Branch Office Singapore,Foreign Company Branch,Live Company,08,13,409051,71129,70201,simplex turbulo office,409051|08|13,138,foreign_branch,simplex turbulo office,Foreign (branch),False,n,unclassified,
T18FC0140K,SINO EXPERT INVESTMENTS LIMITED Branch Office Singapore,Foreign Company Branch,Live Company,50,01,079903,64999,64300,sino expert investments office,079903|50|01,1,foreign_branch,sino expert investments office,Foreign (branch),False,n,unclassified,
T18FC0141F,"SANKYO FRONTIER CO., LTD. Singapore Branch",Foreign Company Branch,Live Company,28,04,189720,46549,77330,sankyo frontier,189720|28|04,2,foreign_branch,sankyo frontier,Foreign (branch),False,n,unclassified,
T18FC0152G,SILTRONIC AG Singapore Branch,Foreign Company Branch,Live Company,na,na,528759,71129,na,siltronic,528759|na|na,2,foreign_branch,siltronic,Foreign (branch),False,n,unclassified,
T19FC0023B,SELECT INVESTORS (AUSTRALIA) PTY LTD (Singapore Branch),Foreign Company Branch,Live Company,20,01,048616,69201,na,select investors australia pty,048616|20|01,1,foreign_branch,select investors australia pty,Foreign (branch),False,n,unclassified,
T19FC0024J,"SANYO DENKI CO., LTD. Singapore Branch",Foreign Company Branch,Live Company,04,08,319002,26129,46900,sanyo denki,319002|04|08,1,foreign_branch,sanyo denki,Foreign (branch),False,n,unclassified,
T19FC0033G,SNP LIMITED Branch Office Singapore,Foreign Company Branch,Live Company,33,07,048581,46620,25924,snp office,048581|33|07,79,foreign_branch,snp office,Foreign (branch),False,n,unclassified,
T19FC0037B,SPHERA UK HOLDINGS LIMITED (Singapore Branch),Foreign Company Branch,Live Company,03,01,228095,62090,na,sphera uk holdings,228095|03|01,489,foreign_branch,sphera uk holdings,Foreign (branch),False,n,unclassified,
T19FC0041J,"SANYO CO., LTD. Singapore Branch",Foreign Company Branch,Live Company,07,02,068804,46620,na,sanyo,068804|07|02,3,foreign_branch,sanyo,Foreign (branch),False,n,unclassified,
T19FC0059D,SILVERSEA CRUISES (UK) LIMITED (Singapore Branch),Foreign Company Branch,Live Company,13,02,079909,79101,na,silversea cruises uk,079909|13|02,2,foreign_branch,silversea cruises uk,Foreign (branch),False,n,unclassified,
T19FC0063L,SOFTCAT PLC Singapore Branch,Foreign Company Branch,Live Company,49,00,048583,62090,62021,softcat,048583|49|00,119,foreign_branch,softcat,Foreign (branch),False,n,unclassified,
T19FC0069J,SOUDAL N.V. Singapore Branch,Foreign Company Branch,Live Company,12,05,018961,70102,na,soudal n v,018961|12|05,104,foreign_branch,soudal n v,Foreign (branch),False,n,unclassified,
T19FC0117E,SOFTCELL TECHNOLOGIES GLOBAL PRIVATE LIMITED,Foreign Company Branch,Live Company,05,01,048695,47412,62022,softcell technologies global,048695|05|01,222,foreign_branch,softcell technologies global,Foreign (branch),False,n,unclassified,
T19FC0139G,SOCIETE INTERNATIONALE DE PLANTATIONS D'HEVEAS (Singapore Branch),Foreign Company Branch,Live Company,03,01,228095,32909,na,societe internationale de plantations d heveas,228095|03|01,489,foreign_branch,societe internationale de plantations d heveas,Foreign (branch),False,n,unclassified,
T20FC0014F,SAPURA OFFSHORE SDN BHD Singapore Branch,Foreign Company Branch,Live Company,18,21,048619,42903,na,sapura offshore sdn bhd,048619|18|21,383,foreign_branch,sapura offshore sdn bhd,Foreign (branch),False,n,unclassified,
T20FC0031F,SNAP GROUP LIMITED Singapore Branch,Foreign Company Branch,Live Company,16,03/04,018982,62090,na,snap group,018982|16|03/04,1,foreign_branch,snap group,Foreign (branch),False,n,unclassified,
T20FC0042G,"SCG INTERNATIONAL CORPORATION CO., LTD. Branch Office Singapore",Foreign Company Branch,Live Company,08,09,238855,47535,43220,scg international office,238855|08|09,5,foreign_branch,scg international office,Foreign (branch),False,n,unclassified,
T21FC0002C,"SPROUT SOCIAL, INC. Singapore Branch",Foreign Company Branch,Live Company,26,01,048619,73200,na,sprout social,048619|26|01,2453,foreign_branch,sprout social,Foreign (branch),False,n,unclassified,
T21FC0011A,"SAIBU GAS CO., LTD. Branch Office Singapore",Foreign Company Branch,Live Company,09,13,048619,70209,na,saibu gas office,048619|09|13,1,foreign_branch,saibu gas office,Foreign (branch),False,n,unclassified,
T21FC0029G,SINGAPORE ENGINEERING AND CONTRACTING W.L.L (Singapore Branch),Foreign Company Branch,Live Company,11,01A,069535,41001,46900,engineering and contracting w l l,069535|11|01A,134,foreign_branch,engineering and contracting w l l,Foreign (branch),False,n,unclassified,
T21FC0034K,"STARLUX AIRLINES CO., LTD. Singapore Branch",Foreign Company Branch,Live Company,11,02,188024,51003,51004,starlux airlines,188024|11|02,1,foreign_branch,starlux airlines,Foreign (branch),False,n,unclassified,
T21FC0065K,SHAANXI CONSTRUCTION ENGINEERING GROUP CORPORATION LIMITED Singapore Branch,Foreign Company Branch,Live Company,16,01,079027,41001,42909,shaanxi construction engineering group,079027|16|01,517,foreign_branch,shaanxi construction engineering group,Foreign (branch),False,n,unclassified,
T21FC0074H,SKY PERFECT JSAT CORPORATION (Singapore Branch),Foreign Company Branch,Live Company,06,07,018937,61013,na,sky perfect jsat,018937|06|07,409,foreign_branch,sky perfect jsat,Foreign (branch),False,n,unclassified,
T21FC0078C,SAPURA RAIL SYSTEMS SDN. BHD. (Singapore Branch),Foreign Company Branch,Live Company,04,03,388466,61020,na,sapura rail systems sdn bhd,388466|04|03,154,foreign_branch,sapura rail systems sdn bhd,Foreign (branch),False,n,unclassified,
T22FC0008F,"SINOPEC FIFTH CONSTRUCTION CO., LTD. (Singapore Branch)",Foreign Company Branch,Live Company,04,03,388466,41001,71122,sinopec fifth construction,388466|04|03,154,foreign_branch,sinopec fifth construction,Foreign (branch),False,n,unclassified,
T22FC0028E,SUCRES ET DENREES Singapore Branch,Foreign Company Branch,Live Company,16,02,049246,46219,46223,sucres et denrees,049246|16|02,2,foreign_branch,sucres et denrees,Foreign (branch),False,n,unclassified,
T22FC0033H,"SEMES CO., LTD. Singapore Branch",Foreign Company Branch,Live Company,12,70,737715,28273,28274,semes,737715|12|70,1,foreign_branch,semes,Foreign (branch),False,n,unclassified,
T22FC0039F,SEAMLESS GROUP INC. (Singapore Branch),Foreign Company Branch,Live Company,04,11,188726,70101,na,seamless group,188726|04|11,1,foreign_branch,seamless group,Foreign (branch),False,n,unclassified,
T22FC0044J,SYMTRAX LIMITED Singapore Branch,Foreign Company Branch,Live Company,02,01,049426,62021,na,symtrax,049426|02|01,239,foreign_branch,symtrax,Foreign (branch),False,n,unclassified,
T22FC0053G,SENSIRION Singapore Branch,Foreign Company Branch,Live Company,06,29,179094,26129,na,sensirion,179094|06|29,98,foreign_branch,sensirion,Foreign (branch),False,n,unclassified,
T22FC0054C,STUDIO CITY INTERNATIONAL HOLDINGS LIMITED Singapore Branch,Foreign Company Branch,Live Company,26,01,048619,70101,na,studio city international holdings,048619|26|01,2453,foreign_branch,studio city international holdings,Foreign (branch),False,n,unclassified,
T23FC0011L,SQUAREPOINT SERVICES INTERNATIONAL LIMITED (Singapore Branch),Foreign Company Branch,Live Company,na,na,048948,63119,na,squarepoint services international,048948|na|na,1,foreign_branch,squarepoint services international,Foreign (branch),False,n,unclassified,
T23FC0019A,SVERDRUP STEEL INTERNATIONAL AS Singapore Branch,Foreign Company Branch,Live Company,39,na,018983,70205,na,sverdrup steel international as,018983|39|na,62,foreign_branch,sverdrup steel international as,Foreign (branch),False,n,unclassified,
T23FC0039L,"SHUILINGLONG (FUJIAN) CONSTRUCTION ENGINEERING CO., LTD. (Singapore Branch)",Foreign Company Branch,Live Company,03,80,769474,41001,na,shuilinglong fujian construction engineering,769474|03|80,3,foreign_branch,shuilinglong fujian construction engineering,Foreign (branch),False,n,unclassified,
T23FC0062K,SWISS AVIATION SOFTWARE AG Singapore Branch,Foreign Company Branch,Live Company,na,na,089744,62011,62023,swiss aviation software,089744|na|na,2,foreign_branch,swiss aviation software,Foreign (branch),False,n,unclassified,
T23FC0093K,STICHD SPORTMERCHANDISING B.V. Branch Office Singapore,Foreign Company Branch,Live Company,15,06,048619,47109,47630,stichd sportmerchandising b v office,048619|15|06,45,foreign_branch,stichd sportmerchandising b v office,Foreign (branch),False,n,unclassified,
T24FC0014D,SEPARATION SOLUTIONS ENTERPRISES GERMANY GMBH Singapore Branch,Foreign Company Branch,Live Company,14,01,069535,28192,na,separation solutions enterprises germany,069535|14|01,165,foreign_branch,separation solutions enterprises germany,Foreign (branch),False,n,unclassified,
T24FC0021K,"SUMINOE CAPITAL ONE CO., LTD. (Singapore Branch)",Foreign Company Branch,Live Company,20,02,048547,64300,na,suminoe capital one,048547|20|02,189,foreign_branch,suminoe capital one,Foreign (branch),False,n,unclassified,
T24FC0022F,"SUMINOE CAPITAL TWO CO., LTD. (Singapore Branch)",Foreign Company Branch,Live Company,20,02,048547,64300,na,suminoe capital two,048547|20|02,189,foreign_branch,suminoe capital two,Foreign (branch),False,n,unclassified,
T24FC0036F,"SICHUAN INDUSTRIAL EQUIPMENT INSTALLATION GROUP CO., LTD (Singapore Branch)",Foreign Company Branch,Live Company,05,08,486006,42100,72104,sichuan industrial equipment installation group,486006|05|08,1,foreign_branch,sichuan industrial equipment installation group,Foreign (branch),False,n,unclassified,
T24FC0047G,SPARK TECHNOLOGIES PRIVATE LIMITED (Singapore Branch),Foreign Company Branch,Live Company,16,10,068914,46900,na,spark technologies,068914|16|10,54,foreign_branch,spark technologies,Foreign (branch),False,n,unclassified,
T24FC0056E,SEAWAY GLOBAL CO. LTD. Singapore Branch,Foreign Company Branch,Live Company,06,01S,238164,46900,na,seaway global,238164|06|01S,44,foreign_branch,seaway global,Foreign (branch),False,n,unclassified,
T24FC0069J,SEARIDGE TECHNOLOGIES INC (Singapore Branch),Foreign Company Branch,Live Company,33,03,048581,62090,62011,searidge technologies,048581|33|03,560,foreign_branch,searidge technologies,Foreign (branch),False,n,unclassified,
T24FC0075H,"SHONAN SUNNYSIDE MARINA CO., LTD. Singapore Branch",Foreign Company Branch,Live Company,10,01A,068898,47630,na,shonan sunnyside marina,068898|10|01A,72,foreign_branch,shonan sunnyside marina,Foreign (branch),False,n,unclassified,
T25FC0004D,SAINT FOX CONSULTANCY Singapore Branch,Foreign Company Branch,Live Company,07,54,409051,70201,70209,saint fox consultancy,409051|07|54,917,foreign_branch,saint fox consultancy,Foreign (branch),False,n,unclassified,
T25FC0005L,"SEED CO., LTD. Singapore Branch",Foreign Company Branch,Live Company,03,01,319455,46491,52101,seed,319455|03|01,2,foreign_branch,seed,Foreign (branch),False,n,unclassified,
T25FC0013B,SWINGTEL COMMUNICATIONS PRIVATE LIMITED Singapore Branch,Foreign Company Branch,Live Company,04,01,367901,46900,na,swingtel communications,367901|04|01,9,foreign_branch,swingtel communications,Foreign (branch),False,n,unclassified,
T25FC0021D,SURFACE SOLUTIONS SDN. BHD. (Singapore Branch),Foreign Company Branch,Live Company,13,79,737715,46649,na,surface solutions sdn bhd,737715|13|79,561,foreign_branch,surface solutions sdn bhd,Foreign (branch),False,n,unclassified,
T25FC0023G,SAMYANG FOODS INC. Singapore Branch,Foreign Company Branch,Live Company,07,107,188647,46900,10799,samyang foods,188647|07|107,1,foreign_branch,samyang foods,Foreign (branch),False,n,unclassified,
T25FC0041C,SOCIETE DE PROMOTION ET DE PARTICIPATION POUR LA COOPERATION ECONOMIQUE (Singapore Branch),Foreign Company Branch,Live Company,26,01,048619,64929,na,societe de promotion et de participation pour la cooperation economique,048619|26|01,2453,foreign_branch,societe de promotion et de participation pour la cooperation economique,Foreign (branch),False,n,unclassified,
T25FC0043F,SUTPC DIGITAL TECHNOLOGY (Singapore Branch),Foreign Company Branch,Live Company,19,SUTPC,049320,70201,62011,sutpc digital technology,049320|19|SUTPC,1,foreign_branch,sutpc digital technology,Foreign (branch),False,n,unclassified,
T25FC0057F,SHANDONG KELINRUIER PIPELINE ENGINEERING,Foreign Company Branch,Live Company,03,76,658065,71125,71129,shandong kelinruier pipeline engineering,658065|03|76,18,foreign_branch,shandong kelinruier pipeline engineering,Foreign (branch),False,n,unclassified,
T25FC0064A,SMARTD TECHNOLOGIES INC. (Singapore Branch),Foreign Company Branch,Live Company,18,21,048619,27109,27103,smartd technologies,048619|18|21,383,foreign_branch,smartd technologies,Foreign (branch),False,n,unclassified,
T25FC0069C,"SHENZHEN SANXIN TECHNOLOGY DEVELOPMENT CO., LTD. (Singapore Branch)",Foreign Company Branch,Live Company,09,06,238164,43306,43299,shenzhen sanxin technology development,238164|09|06,306,foreign_branch,shenzhen sanxin technology development,Foreign (branch),False,n,unclassified,
T26FC0010H,SHANGHAI TONGZHENG ALUMINIUM STRUCTURE CONSTRUCTION&TECHNOLOGY COMPANY LIMITED Singapore Branch,Foreign Company Branch,Live Company,16,02,048580,43306,46900,shanghai tongzheng aluminium structure construction technology,048580|16|02,86,foreign_branch,shanghai tongzheng aluminium structure construction technology,Foreign (branch),False,n,unclassified,
T26FC0016F,SCHAULE VENTURES UG,Foreign Company Branch,Live Company,03,76,160057,64202,na,schaule ventures ug,160057|03|76,2,foreign_branch,schaule ventures ug,Foreign (branch),False,n,unclassified,
T26FC0024H,SB PAYMENT SERVICE CORP. Singapore Branch,Foreign Company Branch,Live Company,20,02,048547,70201,82999,sb payment service,048547|20|02,189,foreign_branch,sb payment service,Foreign (branch),False,n,unclassified,
T26FC0041H,"SUMEC MACHINERY & ELECTRIC CO., LTD. (Singapore Branch)",Foreign Company Branch,Live Company,32,00,048619,27102,na,sumec machinery electric,048619|32|00,32,foreign_branch,sumec machinery electric,Foreign (branch),False,n,unclassified,
T26FC0058G,SKF AUTOMOTIVE MALAYSIA Singapore Branch,Foreign Company Branch,Live Company,01,01,608839,46563,47314,skf automotive malaysia,608839|01|01,3,foreign_branch,skf automotive malaysia,Foreign (branch),False,n,unclassified,
T26FC0063K,SUNWAY CONSTRUCTION SDN BHD Branch Office Singapore,Foreign Company Branch,Live Company,09,05,307591,41001,43210,sunway construction sdn bhd office,307591|09|05,12,foreign_branch,sunway construction sdn bhd office,Foreign (branch),False,n,unclassified,
S87FC3806J,VAN OORD DREDGING AND MARINE CONTRACTORS B.V.,Foreign Company Branch,Live Company,32,05,119963,42901,na,van oord dredging and marine contractors b v,119963|32|05,3,foreign_branch,van oord dredging and marine contractors b v,Foreign (branch),False,n,unclassified,
S97FC5381L,VIETNAM AIRLINES JSC,Foreign Company Branch,Live Company,30,05/06,048581,51003,na,vietnam airlines jsc,048581|30|05/06,1,foreign_branch,vietnam airlines jsc,Foreign (branch),False,n,unclassified,
T01FC6175A,VOLTAS LIMITED,Foreign Company Branch,Live Company,37,01A,038987,43220,43210,voltas,038987|37|01A,68,foreign_branch,voltas,Foreign (branch),False,n,unclassified,
T02FC6218K,"VARIAN MEDICAL SYSTEMS PACIFIC, INC.",Foreign Company Branch,Live Company,na,na,348615,96099,na,varian medical systems pacific,348615|na|na,7,foreign_branch,varian medical systems pacific,Foreign (branch),False,n,unclassified,
T05FC6731G,VISION SOLUTIONS (SINGAPORE) INC.,Foreign Company Branch,Live Company,23,11,189767,70101,na,vision solutions,189767|23|11,532,foreign_branch,vision solutions,Foreign (branch),False,n,unclassified,
T06FC6820B,VITEC WPG LIMITED (Singapore Branch),Foreign Company Branch,Live Company,06,07,367904,46522,52292,vitec wpg,367904|06|07,9,foreign_branch,vitec wpg,Foreign (branch),False,n,unclassified,
T06FC6826L,VELOCITY SOLUTIONS HOLDINGS LIMITED (BRANCH OFFICE SINGAPORE),Foreign Company Branch,Live Company,03,12,068914,62021,62021,velocity solutions holdings office,068914|03|12,69,foreign_branch,velocity solutions holdings office,Foreign (branch),False,n,unclassified,
T07FC7026B,VOXBONE (Singapore Branch),Foreign Company Branch,Live Company,17,01,018982,70209,46900,voxbone,018982|17|01,126,foreign_branch,voxbone,Foreign (branch),False,n,unclassified,
T08FC7156B,VALERIO MAIOLI SPA,Foreign Company Branch,Live Company,02,10/12,058416,27400,26304,valerio maioli spa,058416|02|10/12,44,foreign_branch,valerio maioli spa,Foreign (branch),False,n,unclassified,
T11FC0081L,VIIV HEALTHCARE TRADING SERVICES UK LIMITED (Singapore Branch),Foreign Company Branch,Live Company,na,na,139234,46461,na,viiv healthcare trading services uk,139234|na|na,3,foreign_branch,viiv healthcare trading services uk,Foreign (branch),False,n,unclassified,
T11FC0097C,VISUAL TECHNOLOGIES INDIA PRIVATE LIMITED (Singapore Branch),Foreign Company Branch,Live Company,03,03,208787,47535,46900,visual technologies india,208787|03|03,4,foreign_branch,visual technologies india,Foreign (branch),False,n,unclassified,
T11FC0133B,VELOCIS SYSTEMS PRIVATE LIMITED (Singapore Branch),Foreign Company Branch,Live Company,16,10,068914,62021,62011,velocis systems,068914|16|10,54,foreign_branch,velocis systems,Foreign (branch),False,n,unclassified,
T11FC0208B,VICTAULIC INTERNATIONAL BV (Singapore Branch),Foreign Company Branch,Live Company,13,00,068896,46549,na,victaulic international,068896|13|00,838,foreign_branch,victaulic international,Foreign (branch),False,n,unclassified,
T12FC0006L,VINARCHY AUSTRALIA LIMITED (Singapore Branch),Foreign Company Branch,Live Company,24,05,228208,46900,na,vinarchy australia,228208|24|05,48,foreign_branch,vinarchy australia,Foreign (branch),False,n,unclassified,
T12FC0091K,VALTERRA PLATINUM MARKETING LIMITED Singapore Branch,Foreign Company Branch,Live Company,22,19,049315,46620,na,valterra platinum marketing,049315|22|19,1,foreign_branch,valterra platinum marketing,Foreign (branch),False,n,unclassified,
T14FC0169H,VETTER PHARMA INTERNATIONAL GMBH,Foreign Company Branch,Live Company,30,01,048623,46461,na,vetter pharma international,048623|30|01,29,foreign_branch,vetter pharma international,Foreign (branch),False,n,unclassified,
T15FC0078J,VALUEPOINT TECHSOL PRIVATE LIMITED Singapore Branch,Foreign Company Branch,Live Company,08,10,408538,62011,62021,valuepoint techsol,408538|08|10,64,foreign_branch,valuepoint techsol,Foreign (branch),False,n,unclassified,
T15FC0107B,"VICON INDUSTRIES, INC. (Singapore Branch)",Foreign Company Branch,Live Company,25,07,079903,26304,46900,vicon industries,079903|25|07,3,foreign_branch,vicon industries,Foreign (branch),False,n,unclassified,
T16FC0155G,VISIT VICTORIA LIMITED Branch Office Singapore,Foreign Company Branch,Live Company,08,01,307591,70102,na,visit victoria office,307591|08|01,1,foreign_branch,visit victoria office,Foreign (branch),False,n,unclassified,
T17FC0051D,VENATOR FAR EAST LIMITED Singapore Branch,Foreign Company Branch,Live Company,29,11,189767,64202,70209,venator far east,189767|29|11,5,foreign_branch,venator far east,Foreign (branch),False,n,unclassified,
T17FC0179F,VISION RT LIMITED (Singapore Branch),Foreign Company Branch,Live Company,07,04,059763,72104,na,vision rt,059763|07|04,43,foreign_branch,vision rt,Foreign (branch),False,n,unclassified,
T18FC0044C,VERBATIM (HONG KONG) LTD Singapore Branch,Foreign Company Branch,Live Company,10,10,349565,63119,61010,verbatim hong kong,349565|10|10,1,foreign_branch,verbatim hong kong,Foreign (branch),False,n,unclassified,
T18FC0095B,VP BANK LTD Singapore Branch,Foreign Company Branch,Live Company,13,01,189773,64130,64130,vp bank,189773|13|01,1,foreign_branch,vp bank,Foreign (branch),False,n,unclassified,
T19FC0017C,VHQ HONG KONG SEA LIMITED (Singapore Branch),Foreign Company Branch,Live Company,09,01,159545,59120,na,vhq hong kong sea,159545|09|01,3,foreign_branch,vhq hong kong sea,Foreign (branch),False,n,unclassified,
T21FC0049F,VANDERBILT INTERNATIONAL (IRL) LIMITED Singapore Branch,Foreign Company Branch,Live Company,21,01,179098,46595,26304,vanderbilt international irl,179098|21|01,678,foreign_branch,vanderbilt international irl,Foreign (branch),False,n,unclassified,
T22FC0049L,V5 TECHSOL INDIA LLP (Singapore Branch),Foreign Company Branch,Live Company,46,00,049513,46511,46514,v5 techsol india,049513|46|00,130,foreign_branch,v5 techsol india,Foreign (branch),False,n,unclassified,
T22FC0067G,VIABIZZUNO S.P.A. Singapore Branch,Foreign Company Branch,Live Company,33,03,048581,47539,na,viabizzuno p a,048581|33|03,560,foreign_branch,viabizzuno p a,Foreign (branch),False,n,unclassified,
T23FC0018E,VIVRITI ASSET MANAGEMENT PRIVATE LIMITED (Singapore Branch),Foreign Company Branch,Live Company,40,na,049315,66192,na,vivriti asset management,049315|40|na,19,foreign_branch,vivriti asset management,Foreign (branch),False,n,unclassified,
T23FC0028K,VXCEED SOFTWARE SOLUTIONS FZ-LLC Branch Office Singapore,Foreign Company Branch,Live Company,20,01,068877,62011,na,vxceed software solutions fz llc office,068877|20|01,2520,foreign_branch,vxceed software solutions fz llc office,Foreign (branch),False,n,unclassified,
T25FC0008K,VECIMA TECHNOLOGY (CANADA) INC. Singapore Branch,Foreign Company Branch,Live Company,32,01,048624,70102,na,vecima technology canada,048624|32|01,245,foreign_branch,vecima technology canada,Foreign (branch),False,n,unclassified,
S56FC1182L,HL BANK,Foreign Company Branch,Live Company,29,01,078881,64120,na,hl bank,078881|29|01,1,foreign_branch,hl bank,Foreign (branch),False,n,unclassified,
S71FC2111G,HABIB BANK LIMITED,Foreign Company Branch,Live Company,02,01,048693,64130,64130,habib bank,048693|02|01,1,foreign_branch,habib bank,Foreign (branch),False,n,unclassified,
S77FC2665A,HONG KONG TOURISM BOARD,Foreign Company Branch,Live Company,34,03,038989,70101,na,hong kong tourism board,038989|34|03,1,foreign_branch,hong kong tourism board,Foreign (branch),False,n,unclassified,
S94FC4764B,HAVI GLOBAL SOLUTIONS (ASIA PACIFIC) LLC,Foreign Company Branch,Live Company,23,09/14,608526,70209,na,havi global solutions asia pacific llc,608526|23|09/14,2,foreign_branch,havi global solutions asia pacific llc,Foreign (branch),False,n,unclassified,
S97FC5267H,HOPSCOTCH NETWORK,Foreign Company Branch,Live Company,10,01,068808,73100,72109,hopscotch network,068808|10|01,170,foreign_branch,hopscotch network,Foreign (branch),False,n,unclassified,
S98FC5621C,HARADA CORPORATION,Foreign Company Branch,Live Company,11,03,449269,46900,64202,harada,449269|11|03,1,foreign_branch,harada,Foreign (branch),False,n,unclassified,
S98FC5652C,HELIX ROBOTICS SOLUTIONS INTERNATIONAL CORP. (Singapore Branch),Foreign Company Branch,Live Company,14,07,098632,9002,na,helix robotics solutions international,098632|14|07,409,foreign_branch,helix robotics solutions international,Foreign (branch),False,n,unclassified,
T01FC6068D,HUTCHISON TRAVEL (HK) LIMITED,Foreign Company Branch,Live Company,23,11,189767,79102,62023,hutchison travel hk,189767|23|11,532,foreign_branch,hutchison travel hk,Foreign (branch),False,n,unclassified,
T03FC6384B,HANDAL INDAH SDN. BHD.,Foreign Company Branch,Live Company,05,07/08,739571,49211,49212,handal indah sdn bhd,739571|05|07/08,19,foreign_branch,handal indah sdn bhd,Foreign (branch),False,n,unclassified,
T04FC6556K,"HABITAT FOR HUMANITY INTERNATIONAL, INC. (Singapore Branch)",Foreign Company Branch,Live Company,23,11,189767,96099,na,habitat for humanity international,189767|23|11,532,foreign_branch,habitat for humanity international,Foreign (branch),False,n,unclassified,
T05FC6627J,"HANWHA ENGINE CO., LTD Branch Office Singapore",Foreign Company Branch,Live Company,06,10,079120,46551,na,hanwha engine office,079120|06|10,1,foreign_branch,hanwha engine office,Foreign (branch),False,n,unclassified,
T06FC6855H,HCL INFOSYSTEMS LIMITED,Foreign Company Branch,Live Company,19,03,179094,62011,62021,hcl infosystems,179094|19|03,183,foreign_branch,hcl infosystems,Foreign (branch),False,n,unclassified,
T07FC6985H,"HISAMITSU PHARMACEUTICAL CO., INC. Singapore Branch",Foreign Company Branch,Live Company,10,01A,068898,46461,na,hisamitsu pharmaceutical,068898|10|01A,72,foreign_branch,hisamitsu pharmaceutical,Foreign (branch),False,n,unclassified,
T07FC7042F,HOGAN LOVELLS CADWALADER INTERNATIONAL,Foreign Company Branch,Live Company,10,01,049321,70201,na,hogan lovells cadwalader international,049321|10|01,2,foreign_branch,hogan lovells cadwalader international,Foreign (branch),False,n,unclassified,
T08FC7232K,HEALTHCARE INFORMATION AND MANAGEMENT SYSTEMS SOCIETY Singapore Branch,Foreign Company Branch,Live Company,10,01,049909,70201,na,healthcare information and management systems society,049909|10|01,4,foreign_branch,healthcare information and management systems society,Foreign (branch),False,n,unclassified,
T08FC7295F,"HEUNGWOO INDUSTRIAL CO., LTD. (Singapore Branch)",Foreign Company Branch,Live Company,30,05,079903,41009,28300,heungwoo industrial,079903|30|05,30,foreign_branch,heungwoo industrial,Foreign (branch),False,n,unclassified,
T09FC0010F,HILL DICKINSON LLP,Foreign Company Branch,Live Company,24,03,079909,69101,na,hill dickinson,079909|24|03,2,foreign_branch,hill dickinson,Foreign (branch),False,n,unclassified,
T09FC0060J,HOLMAN FENWICK WILLAN SINGAPORE LLP,Foreign Company Branch,Live Company,24,01,048622,69101,na,holman fenwick willan,048622|24|01,1,foreign_branch,holman fenwick willan,Foreign (branch),False,n,unclassified,
T10FC0141K,HACOTA MANUFACTURE IMPORT EXPORT & TOURISM COMPANY Singapore Branch,Foreign Company Branch,Live Company,03,01,757695,46900,46100,hacota manufacture import export tourism,757695|03|01,8,foreign_branch,hacota manufacture import export tourism,Foreign (branch),False,n,unclassified,
T11FC0005K,HONG KONG AIRLINES LTD (Singapore Branch),Foreign Company Branch,Live Company,26,01,048619,51001,51001,hong kong airlines,048619|26|01,2453,foreign_branch,hong kong airlines,Foreign (branch),False,n,unclassified,
T11FC0082G,"HONGRUN CONSTRUCTION GROUP CO., LTD",Foreign Company Branch,Live Company,10,20,409051,42909,42200,hongrun construction group,409051|10|20,8,foreign_branch,hongrun construction group,Foreign (branch),False,n,unclassified,
T12FC0012K,HDI GLOBAL SE SINGAPORE,Foreign Company Branch,Live Company,19,01,049315,65124,65202,hdi global se,049315|19|01,1,foreign_branch,hdi global se,Foreign (branch),False,n,unclassified,
T12FC0022D,HUMMINGBIRD L.L.C. (BRANCH OFFICE),Foreign Company Branch,Live Company,41,01,068811,64202,na,hummingbird l l c office,068811|41|01,2,foreign_branch,hummingbird l l c office,Foreign (branch),False,n,unclassified,
T12FC0068L,HARIMIC (MALAYSIA) SDN. BHD. (Singapore Branch),Foreign Company Branch,Live Company,12,51,329983,20113,na,harimic malaysia sdn bhd,329983|12|51,10,foreign_branch,harimic malaysia sdn bhd,Foreign (branch),False,n,unclassified,
T12FC0159D,HEXAMINE SDN BHD (Singapore Branch),Foreign Company Branch,Live Company,20,01,068877,28300,42100,hexamine sdn bhd,068877|20|01,2520,foreign_branch,hexamine sdn bhd,Foreign (branch),False,n,unclassified,
T12FC0162D,"HYLAND SOFTWARE, INC. (Singapore Branch)",Foreign Company Branch,Live Company,26,01,048619,62011,na,hyland software,048619|26|01,2453,foreign_branch,hyland software,Foreign (branch),False,n,unclassified,
T12FC0208G,HYUNDAI STEEL COMPANY Singapore Branch,Foreign Company Branch,Live Company,11,02,189721,25112,46620,hyundai steel,189721|11|02,1,foreign_branch,hyundai steel,Foreign (branch),False,n,unclassified,
T13FC0128J,"HANWHA TOTALENERGIES PETROCHEMICAL CO., LTD. Singapore Branch",Foreign Company Branch,Live Company,14,03A,048581,46610,46643,hanwha totalenergies petrochemical,048581|14|03A,1,foreign_branch,hanwha totalenergies petrochemical,Foreign (branch),False,n,unclassified,
T13FC0204F,"HUNAN FENGTIAN CONSTRUCTION GROUP CO., LTD. Singapore Branch",Foreign Company Branch,Live Company,07,56,408868,41001,42100,hunan fengtian construction group,408868|07|56,3,foreign_branch,hunan fengtian construction group,Foreign (branch),False,n,unclassified,
T15FC0002J,HELVETIA SWISS INSURANCE COMPANY LTD (Singapore Branch),Foreign Company Branch,Live Company,36,02,068809,65124,65202,helvetia swiss insurance,068809|36|02,2,foreign_branch,helvetia swiss insurance,Foreign (branch),False,n,unclassified,
T15FC0063B,HKTDC LIMITED Singapore Branch,Foreign Company Branch,Live Company,14,01,018960,70101,na,hktdc,018960|14|01,1,foreign_branch,hktdc,Foreign (branch),False,n,unclassified,
T16FC0010E,HFC PRESTIGE INTERNATIONAL OPERATIONS SWITZERLAND SARL Singapore Branch,Foreign Company Branch,Live Company,10,09,238164,46424,70101,hfc prestige international operations switzerland sarl,238164|10|09,5,foreign_branch,hfc prestige international operations switzerland sarl,Foreign (branch),False,n,unclassified,
T16FC0093L,HILLSTONE NETWORKS (HK) LIMITED Singapore Branch,Foreign Company Branch,Live Company,09,38,409051,74909,na,hillstone networks hk,409051|09|38,4,foreign_branch,hillstone networks hk,Foreign (branch),False,n,unclassified,
T17FC0034D,HONG KONG FUTURES EXCHANGE LIMITED Singapore Branch,Foreign Company Branch,Live Company,26,01,048619,66110,na,hong kong futures exchange,048619|26|01,2453,foreign_branch,hong kong futures exchange,Foreign (branch),False,n,unclassified,
T17FC0082D,HIROSE BUSINESS SERVICE SDN. BHD. Singapore Branch,Foreign Company Branch,Live Company,30,na,048623,70101,46900,hirose business service sdn bhd,048623|30|na,17,foreign_branch,hirose business service sdn bhd,Foreign (branch),False,n,unclassified,
T17FC0137E,HENSEL ELECTRIC INDIA PRIVATE LIMITED (Singapore Branch),Foreign Company Branch,Live Company,02,106,609916,46900,27104,hensel electric india,609916|02|106,1,foreign_branch,hensel electric india,Foreign (branch),False,n,unclassified,
T18FC0066E,"HOTEL LOTTE CO., LTD. Singapore Branch",Foreign Company Branch,Live Company,14,01,068895,70102,na,hotel lotte,068895|14|01,32,foreign_branch,hotel lotte,Foreign (branch),False,n,unclassified,
T18FC0137K,"HANWHA VISION CO., LTD. Singapore Branch",Foreign Company Branch,Live Company,15,01,239920,70201,na,hanwha vision,239920|15|01,2,foreign_branch,hanwha vision,Foreign (branch),False,n,unclassified,
T18FC0145A,"HIROSHIMA GAS CO., LTD. Singapore Branch",Foreign Company Branch,Live Company,06,07,018937,70209,na,hiroshima gas,018937|06|07,409,foreign_branch,hiroshima gas,Foreign (branch),False,n,unclassified,
T18FC0147D,HONGKONG DREAMBUILDER TRAVEL CO. LIMITED (Singapore Branch),Foreign Company Branch,Live Company,02,00,068898,79101,na,hongkong dreambuilder travel,068898|02|00,25,foreign_branch,hongkong dreambuilder travel,Foreign (branch),False,n,unclassified,
T19FC0082C,HYOSUNG TNC CORPORATION Singapore Branch,Foreign Company Branch,Live Company,06,07H,238164,46900,46100,hyosung tnc,238164|06|07H,8,foreign_branch,hyosung tnc,Foreign (branch),False,n,unclassified,
T20FC0018A,HYUNDAI ROTEM COMPANY (Singapore Branch),Foreign Company Branch,Live Company,10,36,409051,30200,49102,hyundai rotem,409051|10|36,101,foreign_branch,hyundai rotem,Foreign (branch),False,n,unclassified,
T20FC0034E,"HONGYEJI GEOTECHNICAL TECHNOLOGY CO., LTD Singapore Branch",Foreign Company Branch,Live Company,02,01,058815,43901,43129,hongyeji geotechnical technology,058815|02|01,333,foreign_branch,hongyeji geotechnical technology,Foreign (branch),False,n,unclassified,
T20FC0107B,"HYOJIN CO., LTD Singapore Branch",Foreign Company Branch,Live Company,02,24,188975,41001,43909,hyojin,188975|02|24,31,foreign_branch,hyojin,Foreign (branch),False,n,unclassified,
T21FC0038E,HOYA TECHNOSURGICAL CORPORATION Singapore Branch,Foreign Company Branch,Live Company,na,na,738434,32909,na,hoya technosurgical,738434|na|na,1,foreign_branch,hoya technosurgical,Foreign (branch),False,n,unclassified,
T21FC0041E,HONG KONG EXPRESS AIRWAYS LIMITED,Foreign Company Branch,Live Company,07,03,188024,51003,na,hong kong express airways,188024|07|03,2,foreign_branch,hong kong express airways,Foreign (branch),False,n,unclassified,
T21FC0087A,"HUBEI WUXINSHENGSHI CONSTRUCTION ENGINEERING CO.,LTD (Singapore Branch)",Foreign Company Branch,Live Company,02,02,208989,41001,na,hubei wuxinshengshi construction engineering,208989|02|02,3,foreign_branch,hubei wuxinshengshi construction engineering,Foreign (branch),False,n,unclassified,
T22FC0051D,"HACHIJUNI NAGANO BANK, LTD. Singapore Branch",Foreign Company Branch,Live Company,17,02,048619,64130,na,hachijuni nagano bank,048619|17|02,1,foreign_branch,hachijuni nagano bank,Foreign (branch),False,n,unclassified,
T23FC0022A,HYUNDAI ELEVATOR SALES & SERVICES SDN BHD Singapore Branch,Foreign Company Branch,Live Company,03,07,339511,30110,46543,hyundai elevator sales services sdn bhd,339511|03|07,40,foreign_branch,hyundai elevator sales services sdn bhd,Foreign (branch),False,n,unclassified,
T24FC0076D,HUAYUAN INNOVATIVE DEVELOPMENT (HONGKONG) COMPANY LIMITED (Singapore Branch),Foreign Company Branch,Live Company,13,02,069538,42301,09002,huayuan innovative development hongkong,069538|13|02,290,foreign_branch,huayuan innovative development hongkong,Foreign (branch),False,n,unclassified,
T25FC0070L,HAINAN AIRLINES HOLDING COMPANY LIMITED Singapore Branch,Foreign Company Branch,Live Company,25,03,049513,51001,51003,hainan airlines holding,049513|25|03,271,foreign_branch,hainan airlines holding,Foreign (branch),False,n,unclassified,
T26FC0028C,"HUNAN PROVINCIAL EXPRESSWAY GROUP CO., LTD. Singapore Branch",Foreign Company Branch,Live Company,03,4193,760810,42100,42200,hunan provincial expressway group,760810|03|4193,8,foreign_branch,hunan provincial expressway group,Foreign (branch),False,n,unclassified,
T26FC0031C,HR LINES LIMITED (Singapore Branch),Foreign Company Branch,Live Company,13,01,068805,50021,52226,hr lines,068805|13|01,10,foreign_branch,hr lines,Foreign (branch),False,n,unclassified,
T26FC0045C,HOSAN TECH (Singapore Branch),Foreign Company Branch,Live Company,11,06,049705,32909,28129,hosan tech,049705|11|06,15,foreign_branch,hosan tech,Foreign (branch),False,n,unclassified,
T26FC0049J,HYDRO ALUMINIUM INTERNATIONAL SA Singapore Branch,Foreign Company Branch,Live Company,25,07,189720,8900,46620,hydro aluminium international,189720|25|07,1,foreign_branch,hydro aluminium international,Foreign (branch),False,n,unclassified,
T26FC0054A,HANGXIAO STEEL ENGINEERING Singapore Branch,Foreign Company Branch,Live Company,04,16,409051,25114,43909,hangxiao steel engineering,409051|04|16,1189,foreign_branch,hangxiao steel engineering,Foreign (branch),False,n,unclassified,
