parent_name,source,hq_country,industry_group,sg_entities,sg_uens,primary_ssic,needs_review,all_entities_at_secretarial_address,global_tier,size_segment,mnc_basis,hq_tag
AXA,frame_match,France,High-trust,AXA GLOBAL SOLUTIONS PTE. LTD.,202636612E,70201,True,True,y,large,,Foreign HQ
Aeon,frame_match,Japan,High-trust,AEON SERVICES PTE. LTD. | AEON+ PRIVATE LTD.,201610344C | 201908754R,70201,True,False,y,large,,Foreign HQ
Apollo Global Management,frame_match,United States,High-trust,APOLLO GLOBAL ADVISORY PTE. LTD. | APOLLO GLOBAL LS INVESTMENTS SGP PTE. LTD. | APOLLO GLOBAL TREASURE PTE. LTD.,201403532Z | 201842203Z | 202625520G,70201,False,False,y,large,,Foreign HQ
Automatic Data Processing,frame_match,United States,High-trust,AUTOMATIC DATA PROCESSING PTE. LTD.,200210082G,70209,False,False,y,large,,Foreign HQ
Baidu,frame_match,China,High-trust,BAIDU APOLLO (SOUTHEAST ASIA) PTE. LTD. | BAIDU CLOUD MIND PRIVATE LIMITED | BAIDU PTE. LTD. | BAIDU RECRUITMENT PTE. LTD.,202029027N | 202436251Z | 202549742C | 202610029M,70201,False,False,y,large,,Foreign HQ
Bain & Company,frame_match,United States,High-trust,"BAIN & COMPANY SE ASIA, INC.",S93FC4621J,70201,False,False,n,large,,Foreign HQ
Boston Consulting Group,frame_match,United States,High-trust,THE BOSTON CONSULTING GROUP PTE. LTD. | THE BOSTON CONSULTING GROUP SINGAPORE PTE. LTD.,199501168R | 201128508N,70201,False,True,n,large,,Foreign HQ
Brambles,frame_match,Australia,High-trust,BRAMBLES (ASIA) PTE. LIMITED,199202467N,70209,True,True,y,large,,Foreign HQ
CSL,frame_match,Australia,High-trust,CSL GLOBAL LIMITED (Singapore Branch) | CSL MANAGEMENT PTE. LTD. | CSL SERVICES PTE. LTD.,200607593N | 201006677N | T20FC0015B,70201,True,False,y,large,,Foreign HQ
Capital One,frame_match,United States,High-trust,CAPITAL ONE CONSULTING SERVICES PTE. LTD. | CAPITAL ONE TRADING PTE. LTD.,201705296Z | 201731291N,70201,False,False,y,large,,Foreign HQ
China Construction Bank,frame_match,China,High-trust,CCB INTERNATIONAL (SINGAPORE) PTE. LTD. | CCB MANAGEMENT SERVICES PTE LTD | CHINA CONSTRUCTION BANK CORPORATION Singapore Branch,198104984D | 201531408W | T06FC6809L,70201,True,False,y,large,,Foreign HQ
China State Shipbuilding Corporation,frame_match,China,High-trust,CSSC PTE. LTD.,201932429E,70201,True,False,y,large,,Foreign HQ
Clifford Chance,frame_match,United Kingdom,High-trust,CLIFFORD CHANCE PTE. LTD.,200210967G,69101,False,False,n,large,,Foreign HQ
Compagnie de Saint-Gobain,frame_match,France,High-trust,SAINT-GOBAIN (SEA) PTE. LTD. | SAINT-GOBAIN (SINGAPORE) PTE. LTD.,197201288N | 199804527M,70201,False,False,y,large,,Foreign HQ
Deloitte,frame_match,United Kingdom,High-trust,DELOITTE & TOUCHE MANAGEMENT SERVICES PTE LTD | DELOITTE ASIA PACIFIC SERVICES LIMITED (Singapore Branch) | DELOITTE ASIA PACIFIC TECHNOLOGY SERVICES PTE. LIMITED | DELOITTE CONSULTING (SEA) HOLDINGS PTE. LTD. | DELOITTE CONSULTING/ICS PTE. LTD. | DELOITTE EXPRESS PTE. LTD. | DELOITTE GLOBAL TAX CENTER ASIA PTE. LTD. | DELOITTE HOLDINGS PTE. LTD. | DELOITTE SINGAPORE ASSURANCE PTE. LTD. | DELOITTE SINGAPORE CORPORATE SERVICES PTE. LTD. | DELOITTE SINGAPORE SR&T CORPORATE FINANCE PTE. LTD. | DELOITTE SINGAPORE SR&T PTE. LTD. | DELOITTE SINGAPORE SR&T RESTRUCTURING SERVICES PTE. LTD. | DELOITTE SINGAPORE T&T CYBER PTE. LTD. | DELOITTE SINGAPORE T&T PTE. LTD. | DELOITTE SINGAPORE TAX SERVICES PTE. LTD.,197800820D | 199000281E | 199301778H | 199404362E | 199702256Z | 199707499N | 200200144N | 200205727K | 200312899H | 201919456H | 202008330C | 202118789D | 202450493Z | 202450494K | 202534737D | T18FC0124F,70201,False,False,n,large,,Foreign HQ
Dollar Tree,frame_match,United States,High-trust,DOLLAR TREE DEVELOP PTE. LTD. | DOLLAR TREE INC PTE. LTD.,200404364C | 201919596N,70201,False,False,y,large,,Foreign HQ
Dun & Bradstreet,frame_match,United States,High-trust,DUN & BRADSTREET (ASIA PACIFIC) PTE. LTD. | DUN & BRADSTREET (SINGAPORE) PTE. LTD.,198802965C | 200003058W,70201,False,False,n,large,,Foreign HQ
EDP Group,frame_match,Portugal,High-trust,EDP APAC PTE. LTD. | EDP HOLDINGS PTE. LTD. | EDP SINGAPORE PTE. LTD.,200715090W | 201512402M | 201538859E,70201,True,False,y,large,,Foreign HQ
EY,frame_match,United Kingdom,High-trust,ERNST & YOUNG ADVISORY PTE. LTD. | ERNST & YOUNG CORPORATE FINANCE PTE LTD | ERNST & YOUNG GLOBAL (ASIA PACIFIC) PTE LTD | EY GLOBAL TRADING INVESTMENT PTE. LTD. | EY GROUP PTE. LTD. | EY SOUTH EAST ASIA INVESTMENTS PTE. LTD.,198905395E | 199501082C | 199702967E | 201540883E | 201720106E | 201730108E,70201,True,False,n,large,,Foreign HQ
Eli Lilly,frame_match,United States,High-trust,ELI LILLY (SINGAPORE) PTE LTD,199402170N,70209,False,True,y,large,,Foreign HQ
Essity,frame_match,Sweden,High-trust,ESSITY SINGAPORE PTE. LTD.,201412913E,70201,True,True,y,large,,Foreign HQ
Fortis,frame_match,Canada,High-trust,FORTIS GROUP HOLDINGS PTE. LTD. | FORTIS PTE. LTD.,200817424G | 201021745D,70201,True,False,y,large,,Foreign HQ
Generali,frame_match,Italy,High-trust,GENERALI SERVICES PTE. LTD.,201543168C,70204,False,True,y,large,,Foreign HQ
Grab Holdings,frame_match,Singapore,High-trust,GRABTAXI HOLDINGS PTE. LTD. | GRABTAXI PTE. LTD.,201316157E | 201324745D,70201,False,False,n,large,Singapore-HQ group with operations outside Singapore (curated; verify),Singapore HQ
Herbert Smith Freehills Kramer,frame_match,United Kingdom,High-trust,HERBERT SMITH FREEHILLS KRAMER LLP,T09FC0046H,69101,False,False,n,large,,Foreign HQ
Honda,frame_match,Japan,High-trust,HONDA OFFICE SINGAPORE PTE. LTD.,202308957C,70205,True,True,y,large,,Foreign HQ
InterContinental Hotels Group,frame_match,United Kingdom,High-trust,INTERCONTINENTAL HOTELS GROUP (ASIA PACIFIC) PTE. LTD.,199907619H,70203,False,False,y,large,,Foreign HQ
Iron Mountain,frame_match,United States,High-trust,IRON MOUNTAIN ASIA PTE. LTD. | IRON MOUNTAIN DATA CENTRE PTE. LIMITED | IRON MOUNTAIN SINGAPORE PTE. LTD.,199602839K | 199605380M | 201719627D,70201,False,True,y,large,,Foreign HQ
JD.com,frame_match,China,High-trust,JD.COM E-COMMERCE (SINGAPORE) PTE. LTD. | JD.COM INTERNATIONAL (SINGAPORE) PTE. LIMITED | JD.COM INTERNATIONAL DEVELOPMENT (SINGAPORE) PTE. LTD.,201434825N | 201511638H | 201602214D,70201,False,True,y,large,,Foreign HQ
Jardine Matheson,frame_match,Hong Kong,High-trust,JARDINE MATHESON (SINGAPORE) LTD | JARDINE MATHESON MANAGEMENT (SEA) PTE. LIMITED,195200023G | 201216411H,70201,False,False,y,large,,Foreign HQ
KPMG,frame_match,Netherlands,High-trust,KPMG ADVISORY SERVICES PTE. LTD. | KPMG ASIA PACIFIC DPP PTE. LTD. | KPMG ASIA PACIFIC PTE. LIMITED | KPMG ASIA PACIFIC SERVICES LIMITED (Singapore Branch) | KPMG CONSULTING HOLDINGS PTE. LTD. | KPMG CORPORATE FINANCE PTE LTD | KPMG SERVICES PTE. LTD. | KPMG US TAX SERVICES (SINGAPORE) LLC,198301769C | 198500417D | 200003956G | 201427185Z | 202132964K | 202134966E | T24FC0019F | T26FC0051B,70201,False,False,n,large,,Foreign HQ
Lindt & Sprungli,frame_match,Switzerland,High-trust,LINDT & SPRUNGLI DISTRIBUTION SERVICES AG Singapore Branch,T22FC0079D,70209,False,True,y,large,,Foreign HQ
Linklaters,frame_match,United Kingdom,High-trust,LINKLATERS LLP | LINKLATERS SINGAPORE PTE. LTD.,200007472C | T07FC7025F,69101,False,False,n,large,,Foreign HQ
Marriott International,frame_match,United States,High-trust,MARRIOTT COMMUNICATIONS PTE. LTD.,202135418G,70205,False,False,y,large,,Foreign HQ
Marsh & McLennan Companies,frame_match,United States,High-trust,MARSH (SINGAPORE) PTE. LTD. | MARSH INVESTMENTS PTE. LTD. | MARSH MANAGEMENT SERVICES SINGAPORE PTE LTD | MERCER (SINGAPORE) PTE. LTD. | MERCER INVESTMENT SOLUTIONS (SINGAPORE) PTE. LTD. | MERCER INVESTMENTS (SINGAPORE) PTE. LTD. | OLIVER WYMAN PTE. LTD.,197200396D | 197802499E | 198801466D | 200302655G | 201525146K | 201530732W | 202609654M,70201,True,False,y,large,,Foreign HQ
McKinsey & Company,frame_match,United States,High-trust,"MCKINSEY & COMPANY SINGAPORE, PTE LTD | MCKINSEY ASIA SERVICES PTE. LTD. | MCKINSEY MORRIS (SINGAPORE) PTE. LTD.",199802795R | 200814494G | 201022664Z,70201,False,False,n,large,,Foreign HQ
Mitsubishi UFJ Financial,frame_match,Japan,High-trust,"MITSUBISHI UFJ TRUST AND BANKING CORPORATION | MUFG BANK, LTD. Singapore Branch | MUFG FUND SERVICES (SINGAPORE) PTE. LTD. | MUFG SECURITIES ASIA LIMITED Singapore Branch | MUFG TRADING (SINGAPORE) PTE. LTD.",201023732K | 202557393D | S73FC2287H | S87FC3759J | T19FC0073E,70201,False,False,y,large,,Foreign HQ
Naver,frame_match,South Korea,High-trust,NAVER CLOUD ASIA PACIFIC PTE. LTD.,201503837C,70201,True,False,y,large,,Foreign HQ
Okta,frame_match,United States,High-trust,OKTA SG PTE. LTD.,202003392W,70201,False,True,y,large,,Foreign HQ
Onto Innovation,frame_match,United States,High-trust,ONTO INNOVATION SOUTHEAST ASIA PTE. LIMITED,200310022N,70209,False,False,y,large,,Foreign HQ
PageGroup,frame_match,United Kingdom,High-trust,MICHAEL PAGE (PERSONNEL) PTE. LTD. | MICHAEL PAGE INTERNATIONAL PTE LTD,199804751N | 201736642C,70201,False,False,n,large,,Foreign HQ
PwC,frame_match,United Kingdom,High-trust,PRICEWATERHOUSECOOPERS ACCELERATION CENTER PRIVATE LIMITED | PRICEWATERHOUSECOOPERS ADVISORY SERVICES PTE. LTD. | PRICEWATERHOUSECOOPERS ASIA ACTUARIAL SERVICES (SINGAPORE) PTE. LTD. | PRICEWATERHOUSECOOPERS BUSINESS ADVISORY SERVICES PTE. LTD. | PRICEWATERHOUSECOOPERS CM SERVICES PTE. LTD. | PRICEWATERHOUSECOOPERS CONSULTING (SINGAPORE) PTE. LTD. | PRICEWATERHOUSECOOPERS CONSULTING HOLDINGS (S) PTE. LTD. | PRICEWATERHOUSECOOPERS CORPORATE FINANCE PTE LTD | PRICEWATERHOUSECOOPERS GLOBAL CAPITAL MARKETS GROUP (SINGAPORE) PTE LTD | PRICEWATERHOUSECOOPERS HOLDINGS SINGAPORE NO. 1 PTE. LTD. | PRICEWATERHOUSECOOPERS HOLDINGS SINGAPORE NO. 2 PTE. LTD. | PRICEWATERHOUSECOOPERS IAS PTE LTD | PRICEWATERHOUSECOOPERS MANAGEMENT SERVICES PTE LTD | PRICEWATERHOUSECOOPERS MYANMAR PTE. LTD. | PRICEWATERHOUSECOOPERS NOMINEES PTE LTD | PRICEWATERHOUSECOOPERS PROFESSIONAL SERVICES  PTE. LTD. | PRICEWATERHOUSECOOPERS RISK SERVICES PTE. LTD. | PRICEWATERHOUSECOOPERS SINGAPORE PTE. LTD. | PRICEWATERHOUSECOOPERS WMS HOLDINGS PTE. LTD. | PRICEWATERHOUSECOOPERS WMS PTE. LTD. | PWC DIGITAL SERVICES PTE. LTD. | PWC HOLDINGS PTE. LTD.,192600019W | 197200614D | 197201769M | 197501605H | 198105170G | 199505513C | 199903085C | 200102430K | 200202973K | 200312249W | 200414295N | 200613195K | 201003116E | 201003121D | 201107591Z | 201214428E | 201312561E | 201312744C | 201505065N | 201608055N | 202021191C | 202243599D,70201,True,False,n,large,,Foreign HQ
Quanta Services,frame_match,United States,High-trust,QUANTA SERVICES PTE. LTD.,201024214K,70209,False,True,y,large,,Foreign HQ
Robinhood,frame_match,United States,High-trust,ROBINHOOD SINGAPORE PTE. LTD. | ROBINHOOD VENTURES PTE. LTD.,200613813H | 202416011D,70201,True,False,y,large,,Foreign HQ
Royal Bank Of Canada,frame_match,Canada,High-trust,RBC MANAGEMENT PTE. LTD. | ROYAL BANK OF CANADA,201000001N | S75FC2444C,69202,True,False,y,large,,Foreign HQ
ServiceNow,frame_match,United States,High-trust,SERVICENOW PTE. LTD.,201304044N,70209,False,True,y,large,,Foreign HQ
Shanghai International Port Group,frame_match,China,High-trust,SHANGHAI INTERNATIONAL PORT GROUP (SINGAPORE) PTE. LTD.,201523535M,70209,False,False,y,large,,Foreign HQ
Sika,frame_match,Switzerland,High-trust,SIKA (SINGAPORE) PTE LTD | SIKA ASIA-PACIFIC MANAGEMENT (PTE) LTD,199501275K | 200005099M,70201,True,False,y,large,,Foreign HQ
South32,frame_match,Australia,High-trust,SOUTH32 MARKETING PTE. LTD.,201425243H,70201,True,False,y,large,,Foreign HQ
Synopsys,frame_match,United States,High-trust,SYNOPSYS (SINGAPORE) PRIVATE LIMITED,199403329N,70201,True,False,y,large,,Foreign HQ
Yili Group,frame_match,China,High-trust,YILI GLOBAL PTE. LTD. | YILI INVESTMENT MANAGEMENT PTE. LTD. | YILI TECH PTE. LTD.,202119902K | 202602034E | 202613429Z,70201,True,True,y,large,,Foreign HQ
eBay,frame_match,United States,High-trust,EBAY JAPAN HOLDINGS PTE. LTD. | EBAY SINGAPORE SERVICES PRIVATE LIMITED,200310706N | 201008713C,70209,False,False,y,large,,Foreign HQ
3M,frame_match,United States,Other,3M SINGAPORE PTE. LTD. | 3M TECHNOLOGIES (S) PTE. LTD.,196600239N | 200202548H,32909,False,False,y,large,,Foreign HQ
3i Group,frame_match,United Kingdom,Other,3I TECHNOLOGIES PTE. LTD.,200403142H,80100,True,False,y,large,,Foreign HQ
ABB,frame_match,Switzerland,Other,ABB PTE. LTD.,197000334W,46541,True,False,y,large,,Foreign HQ
APA Corporation,frame_match,United States,Other,APA OF SG PTE. LTD.,202225328K,93204,True,True,y,large,,Foreign HQ
ASICS Corporation,frame_match,Japan,Other,ASICS ASIA PTE. LTD.,201213268K,46441,True,False,y,large,,Foreign HQ
ASM International,frame_match,Netherlands,Other,ASM BRANDS PTE. LTD. | ASM DIGITAL TECHNOLOGIES PTE. LTD. | ASM GLOBAL (ASIA) PTE. LTD. | ASM GLOBAL MARKETING PTE. LTD. | ASM HOLDINGS PTE. LTD. | ASM INVESTMENT HOLDINGS PTE. LTD. | ASM PACIFIC INTERNATIONAL PTE. LTD. | ASM PTE. LTD. | ASM TRADING PTE LTD,199303257M | 199706310D | 200414167D | 201133415R | 201216902Z | 201540446H | 201937440N | 202136516R | 202331788C,46900,True,False,y,large,,Foreign HQ
AbbVie,frame_match,United States,Other,ABBVIE OPERATIONS SINGAPORE PTE. LTD. | ABBVIE PTE. LTD.,201206512R | 201400907E,46461,False,False,y,large,,Foreign HQ
Abbott Laboratories,frame_match,United States,Other,"ABBOTT HOLDING PTE. LTD. | ABBOTT LABORATORIES (SINGAPORE ) PRIVATE LIMITED | ABBOTT LABORATORIES SINGAPORE HOLDINGS PTE. LTD. | ABBOTT LABORATORIES SUBSIDIARY SINGAPORE PRIVATE LTD. | ABBOTT LABS MEDICAL SINGAPORE HOLDINGS PTE. LTD. | ABBOTT MANUFACTURING SINGAPORE PRIVATE LIMITED | ABBOTT MEDICAL (SINGAPORE), PTE. LTD. | ABBOTT OPERATIONS SINGAPORE PTE. LTD. | ABBOTT RAPID DIAGNOSTICS PTE. LTD.",197000079Z | 200501818H | 200601369N | 201108282K | 201525322K | 201634125Z | 201943608M | 202449056M | 202449492W,46461,False,False,y,large,,Foreign HQ
Adani Green Energy,frame_match,India,Other,ADANI GREEN ENERGY PTE. LTD.,201706649D,46900,False,False,y,large,,Foreign HQ
Adecco,frame_match,Switzerland,Other,"ADECCO CORPORATION PTE. LTD. | ADECCO GROUP APAC, PTE. LTD. | ADECCO PERSONNEL PTE LTD | ADECCO PROFESSIONAL SERVICES PTE. LTD. | ADECCO SUPPLY CHAIN PTE. LTD.",198500164K | 199904485R | 200509447H | 202446278Z | 202639208H,78104,False,False,n,large,,Foreign HQ
Adidas,frame_match,Germany,Other,ADIDAS SINGAPORE PTE LTD,199400638K,46441,False,False,y,large,,Foreign HQ
Adobe,frame_match,United States,Other,ADOBE SYSTEMS PTE. LTD. | ADOBE SYSTEMS SOFTWARE IRELAND LIMITED,199701495M | T01FC6164L,46512,False,False,y,large,,Foreign HQ
AerCap,frame_match,Ireland,Other,AERCAP SINGAPORE PTE. LTD.,200807576H,77320,True,True,y,large,,Foreign HQ
Air China,frame_match,China,Other,AIR CHINA LIMITED,S89FC4065F,51003,False,False,y,large,,Foreign HQ
Air Liquide,frame_match,France,Other,AIR LIQUIDE ADVANCED MATERIALS SINGAPORE PTE. LTD. | AIR LIQUIDE GLOBAL E&C SOLUTIONS SINGAPORE PTE. LTD. | AIR LIQUIDE INDUSTRIAL SERVICES PTE LTD | AIR LIQUIDE SINGAPORE PRIVATE LIMITED,197001157D | 198801540G | 199801276M | 202009052C,20111,False,False,y,large,,Foreign HQ
Airbnb,frame_match,United States,Other,AIRBNB HOLDINGS PRIVATE LIMITED | AIRBNB SINGAPORE PRIVATE LIMITED,201221410N | 201543022K,82999,False,False,y,large,,Foreign HQ
Airbus,frame_match,Netherlands,Other,AIRBUS HELICOPTERS SOUTHEAST ASIA PRIVATE LIMITED | AIRBUS SINGAPORE PRIVATE LIMITED,197702516C | 200823574W,46552,False,False,y,large,,Foreign HQ
Ajinomoto,frame_match,Japan,Other,AJINOMOTO (SINGAPORE) PRIVATE LIMITED,197301385Z,46309,True,False,y,large,,Foreign HQ
Alfa Laval,frame_match,Sweden,Other,ALFA LAVAL SINGAPORE PTE LTD | ALFA LAVAL TECHNOLOGIES AB,199507724G | S94FC4861E,46599,False,False,y,large,,Foreign HQ
Alliant Energy,frame_match,United States,Other,ALLIANT ENERGY SINGAPORE PTE. LTD.,201935690N,71123,False,True,y,large,,Foreign HQ
Allstate,frame_match,United States,Other,ALLSTATE (SINGAPORE) PTE LTD.,197601572N,46414,True,False,y,large,,Foreign HQ
Alphabet,frame_match,United States,Other,ALPHABET BUSINESS CONSULTANCY PTE. LTD. | ALPHABET CONSULTANTS PTE. LTD. | ALPHABET CONSULTING PTE. LTD. | ALPHABET DELTA VENTURES PTE. LTD. | ALPHABET HOSPITALITY PTE. LTD. | ALPHABET INVESTMENT VENTURE PTE. LTD. | ALPHABET PLANET PTE. LTD. | GOOGLE APAC TECHNOLOGY PTE. LTD. | GOOGLE ASIA PACIFIC PTE. LTD. | GOOGLE CABLE SINGAPORE PTE. LTD. | GOOGLE CLOUD CONNECT APAC PTE. LTD. | GOOGLE CONNECT ASIA PACIFIC PTE. LTD. | GOOGLE HOLDINGS PTE. LTD. | GOOGLE INFRASTRUCTURE SINGAPORE PTE. LTD. | GOOGLE PAYMENT SINGAPORE PTE. LTD. | GOOGLE SINGAPORE PTE. LTD. | THE ALPHABET GATEWAY PTE. LTD. | YOUTUBE AUTOMATION PTE. LTD.,200605367W | 200618426W | 200703572R | 200817984R | 201012198K | 201536898M | 201542550D | 201832012N | 201915418N | 201932822G | 202037860K | 202041337R | 202041339W | 202215514E | 202413695G | 202426860K | 202534286D | 202602037W,59112,False,False,y,large,,Foreign HQ
Aluminum Corporation of China,frame_match,China,Other,CHALCO SINGAPORE INVESTMENT PTE. LTD. | CHALCO TRADING SINGAPORE PTE. LTD.,201930921W | 202628959K,46900,True,False,y,large,,Foreign HQ
Amazon,frame_match,United States,Other,AMAZON ASIA-PACIFIC HOLDINGS PRIVATE LIMITED | AMAZON INTERNATIONAL PTE. LTD. | AMAZON MANAGEMENT GROUP PTE. LTD. | AMAZON WEB SERVICES SINGAPORE PRIVATE LIMITED,200202640R | 200811723C | 201411358G | 201434292D,46551,True,False,y,large,,Foreign HQ
Amcor,frame_match,Switzerland,Other,AMCOR SINGAPORE PRIVATE LTD. | AMCOR VENTURES SG PTE. LTD.,197900285K | 202143729Z,70101,True,False,y,large,,Foreign HQ
Ametek,frame_match,United States,Other,AMETEK SINGAPORE PRIVATE LIMITED,198402402E,70101,True,False,y,large,,Foreign HQ
Anglo American,frame_match,United Kingdom,Other,ANGLO AMERICAN CROP NUTRIENTS (SINGAPORE) PTE. LTD. | ANGLO AMERICAN MARKETING LIMITED Singapore Branch | ANGLO AMERICAN SHIPPING PTE. LIMITED | ANGLO-AMERICAN CORPORATION SDN . BHD. | ANGLO-AMERICAN TRANSPORTATION PTE LTD,194600009R | 197701007K | 201706010Z | 201921781D | T11FC0199H,46631,False,False,y,large,,Foreign HQ
Anta Sports,frame_match,China,Other,ANTA SPORTS INTERNATIONAL PTE. LTD.,202629364W,70101,False,False,y,large,,Foreign HQ
Apple,frame_match,United States,Other,APPLE SERVICES PTE. LTD. | APPLE SOUTH ASIA PTE. LTD.,198903166R | 202300624R,46511,True,False,y,large,,Foreign HQ
ArcelorMittal,frame_match,Luxembourg,Other,ARCELORMITTAL SINGAPORE PRIVATE LIMITED,198303421M,46620,True,False,y,large,,Foreign HQ
Archer Daniels Midland,frame_match,United States,Other,"ADM ASIA-PACIFIC PTE. LTD. | ADM ASIA-PACIFIC TRADING PTE. LTD. | ADM INVESTMENT SINGAPORE PTE. LTD. | ARCHER DANIELS MIDLAND SINGAPORE, PTE. LTD.",197601775R | 199502653W | 201103520N | 202452310D,46219,True,False,y,large,,Foreign HQ
Arista Networks,frame_match,United States,Other,ARISTA NETWORKS SINGAPORE PRIVATE LTD.,201013702N,46511,False,True,y,large,,Foreign HQ
Asian Paints,frame_match,India,Other,ASIAN PAINTS INTERNATIONAL PRIVATE LIMITED,199307986G,70101,False,False,y,large,,Foreign HQ
Assa Abloy,frame_match,Sweden,Other,ASSA ABLOY ENTRANCE SYSTEMS SINGAPORE PTE. LTD. | ASSA ABLOY GLOBAL SOLUTIONS SINGAPORE PTE. LTD. | ASSA ABLOY SINGAPORE PTE LTD,198401374E | 199606073E | 199708049H,43307,False,False,y,large,,Foreign HQ
Astera Labs,frame_match,United States,Other,ASTERA LABS SINGAPORE PRIVATE LIMITED,202503483H,74111,False,True,y,large,,Foreign HQ
AstraZeneca,frame_match,United Kingdom,Other,ASTRAZENECA PHARMACEUTICALS SINGAPORE PTE. LIMITED | ASTRAZENECA SINGAPORE PTE LTD,199002462M | 202435961W,46461,False,False,y,large,,Foreign HQ
Atlas Copco,frame_match,Sweden,Other,ATLAS COPCO (SOUTH-EAST ASIA) PTE. LTD.,197901051R,46541,False,False,y,large,,Foreign HQ
Atlassian,frame_match,Australia,Other,ATLASSIAN PTE. LTD.,202345105D,46512,False,True,y,large,,Foreign HQ
Autodesk,frame_match,United States,Other,AUTODESK ASIA PTE. LTD.,199206210K,46512,False,False,y,large,,Foreign HQ
B3,frame_match,Brazil,Other,B3 PTE. LTD.,200310087E,46900,True,False,y,large,,Foreign HQ
BAE Systems,frame_match,United Kingdom,Other,BAE SYSTEMS (OPERATIONS) SINGAPORE PTE. LIMITED | BAE SYSTEMS APPLIED INTELLIGENCE (ASIA PACIFIC) PTE. LIMITED | BAE SYSTEMS AVIONICS SINGAPORE PTE LIMITED,198602034N | 200409922W | 200822198M,71121,False,False,y,large,,Foreign HQ
BASF,frame_match,Germany,Other,BASF AGRICULTURAL SOLUTIONS SOUTH EAST ASIA PTE. LTD. | BASF INTERTRADE AG Singapore Branch | BASF SOUTH EAST ASIA PTE. LTD.,197801536N | 202555672W | T03FC6403A,46643,False,False,y,large,,Foreign HQ
BCE Inc.,frame_match,Canada,Other,BCE SG PTE. LTD.,202324977W,42100,True,False,y,large,,Foreign HQ
BMW,frame_match,Germany,Other,BMW ASIA PTE LTD,198502157D,46561,True,False,y,large,,Foreign HQ
BP,frame_match,United Kingdom,Other,BP ASIA PACIFIC PTE LTD | BP SINGAPORE PTE. LIMITED | CASTROL SINGAPORE PTE. LIMITED,196600436K | 199001768E | 202034037D,46610,False,False,y,large,,Foreign HQ
Baker McKenzie,frame_match,United States,Other,BAKER MCKENZIE GLOBAL SERVICES PTE. LTD.,201736700D,82999,False,True,n,large,,Foreign HQ
Bandai Namco,frame_match,Japan,Other,BANDAI NAMCO ENTERTAINMENT ASIA PTE. LTD. | BANDAI NAMCO SINGAPORE PTE. LTD.,200306707E | 200803443W,46444,False,False,y,large,,Foreign HQ
Baosteel,frame_match,China,Other,BAOSTEEL SINGAPORE PTE LTD,199701206Z,46620,True,False,y,large,,Foreign HQ
Baxter,frame_match,United States,Other,"BAXTER HEALTHCARE (ASIA) PTE LTD | BAXTER HEALTHCARE SA, Singapore Branch",197702531M | T03FC6334K,46461,False,False,n,large,,Foreign HQ
Bayer,frame_match,Germany,Other,BAYER (SOUTH EAST ASIA) PTE LTD,197901344Z,46461,False,False,y,large,,Foreign HQ
Becton Dickinson,frame_match,United States,Other,BECTON DICKINSON AND COMPANY | BECTON DICKINSON GREATER ASIA HOLDINGS PTE. LTD. | BECTON DICKINSON HOLDINGS PTE. LTD. | BECTON DICKINSON INTERNATIONAL HOLDINGS III PTE. LTD. | BECTON DICKINSON INTERNATIONAL HOLDINGS PTE. LTD. | BECTON DICKINSON MEDICAL (S) PTE LTD | BECTON DICKINSON MEDICAL PRODUCTS PTE LTD,198602285W | 199605508G | 201114149N | 201728726H | 201927568D | 202523669N | S91FC4370L,46461,False,False,y,large,,Foreign HQ
Beiersdorf,frame_match,Germany,Other,BEIERSDORF SINGAPORE PTE. LTD.,200202704D,46900,True,False,y,large,,Foreign HQ
Best Buy,frame_match,United States,Other,BEST BUY COMPUTERS (S) PTE LTD | BEST BUY HYPERMARKET PTE. LTD. | BEST BUY INVESTMENTS PTE. LTD. | BEST BUY MOBILE PTE. LTD.,200100735R | 201222559N | 202020171Z | 202228522D,46900,False,False,y,large,,Foreign HQ
Blackstone Group,frame_match,United States,Other,BLACKSTONE & GOLD LLC | BLACKSTONE ADVISORY PTE. LTD. | BLACKSTONE AI TECHNOLOGIES PTE. LTD. | BLACKSTONE BUILDERS PTE. LTD. | BLACKSTONE CAPITAL PARTNERS (SINGAPORE) V HOLDING CO PTE. LTD. | BLACKSTONE CAPITAL PARTNERS (SINGAPORE) VI HOLDING CO. PTE. LTD. | BLACKSTONE DAGANGAN PTE. LTD. | BLACKSTONE ENGINEERING PTE. LTD. | BLACKSTONE FAMILY INVESTMENT PARTNERSHIP (SINGAPORE) VI HOLDING CO. PTE. LTD. | BLACKSTONE FAMILY INVESTMENT PARTNERSHIP (SINGAPORE) VI-ESC HOLDING CO. PTE. LTD. | BLACKSTONE GATEWAY PTE. LTD. | BLACKSTONE INDIA ARC SG FDI HOLDING (NQ) CO. PTE. LTD. | BLACKSTONE INTERIOR PTE. LTD. | BLACKSTONE INVESTMENT MANAGEMENT PTE. LTD. | BLACKSTONE M&E PTE. LTD. | BLACKSTONE MINERALS PTE. LTD. | BLACKSTONE MINING PTE. LTD. | BLACKSTONE PACIFIC PTE. LTD. | BLACKSTONE POWER & CONTROLS PTE LTD | BLACKSTONE PROP INVESTMENT PTE. LTD. | BLACKSTONE REAL ESTATE SG SUPER HOLDING (NQ) CO I PTE. LTD. | BLACKSTONE REAL ESTATE SG SUPER HOLDING (NQ) CO II PTE. LTD. | BLACKSTONE REAL ESTATE SG SUPER HOLDING (NQ) CO III PTE. LTD. | BLACKSTONE REAL ESTATE SG SUPER HOLDING (NQ) CO IV PTE. LTD. | BLACKSTONE RECRUITMENT PTE. LTD. | BLACKSTONE SG HOLDINGS PTE. LTD. | BLACKSTONE SHIPPING SINGAPORE PTE. LTD. | BLACKSTONE SINGAPORE PTE. LTD. | BLACKSTONE STRATEGIC ADVISORY PTE. LTD. | BLACKSTONE STUDIO PTE. LTD. | BLACKSTONE TACTICAL OPPORTUNITIES SUPER HOLDING (NQ) CO I PTE. LTD. | BLACKSTONE TACTICAL OPPORTUNITIES SUPER HOLDING CO. I PTE. LTD. | BLACKSTONE TRADE PTE. LTD. | BLACKSTONE TREASURY ASIA PTE. LIMITED,199908239M | 201020503E | 201211334K | 201211348G | 201211352N | 201213036C | 201213556Z | 201213557K | 201213558C | 201221593D | 201310844D | 201312982Z | 201542084M | 201604227C | 201721246G | 201910112D | 202014057M | 202039779Z | 202106985W | 202121541Z | 202139970N | 202218283H | 202229125N | 202411913N | 202433823C | 202444590H | 202449571R | 202534932W | 202537692Z | 202606730H | 202619238K | 202621209K | 202630396H | 202639801Z,27104,False,False,y,large,,Foreign HQ
Bloom Energy,frame_match,United States,Other,BLOOM ENERGY PTE. LTD.,202345770E,46900,False,True,y,large,,Foreign HQ
Boeing,frame_match,United States,Other,BOEING ASIA PACIFIC PTE. LTD. | BOEING DISTRIBUTION PTE. LTD. | BOEING DISTRIBUTION SERVICES PTE. LIMITED | BOEING SINGAPORE PTE. LTD. | BOEING SINGAPORE TRAINING AND FLIGHT SERVICES PTE. LTD.,198703207W | 200503266R | 200509391M | 201204874E | 201523762G,46552,False,False,y,large,,Foreign HQ
Booking Holdings,frame_match,United States,Other,AGODA BOOKER COMPANY PTE. LTD. | AGODA COMPANY PTE. LTD. | AGODA INTERNATIONAL PTE. LTD. | AGODA TRAVEL OPERATIONS PTE. LTD. | AGODA TRAVEL SERVICES PTE. LTD. | BOOKING.COM (SINGAPORE) PTE. LTD. | BOOKING.COM CONSULTING SERVICES (SINGAPORE) PTE. LTD. | PRICELINE.COM SINGAPORE PTE. LTD.,200506877R | 200710607E | 200914710H | 201426612N | 201523662M | 201610078Z | 201922705C | 202207672H,79101,False,False,y,large,,Foreign HQ
Borouge,frame_match,UAE,Other,BOROUGE PTE. LTD.,199801755H,46643,True,True,y,large,,Foreign HQ
Bosch,frame_match,Germany,Other,BOSCH HOME COMFORT SINGAPORE PTE. LTD. | BOSCH REXROTH PTE. LTD. | ROBERT BOSCH (SOUTH EAST ASIA) PTE. LTD. | ROBERT BOSCH SECURITY SOLUTIONS PTE. LTD.,195800026C | 197700888D | 198601884W | 201732532H,46563,False,False,n,large,,Foreign HQ
Boston Scientific,frame_match,United States,Other,BOSTON SCIENTIFIC ASIA PACIFIC PTE. LTD.,199606195G,82999,False,True,y,large,,Foreign HQ
Bridgestone,frame_match,Japan,Other,BRIDGESTONE ASIA PACIFIC PTE. LTD. | BRIDGESTONE INNOVATION PTE. LTD. | BRIDGESTONE SINGAPORE PTE LTD,191900023K | 200610087R | 202321065D,46221,True,False,y,large,,Foreign HQ
Bristol-Myers Squibb,frame_match,United States,Other,BRISTOL-MYERS SQUIBB (SINGAPORE) PTE. LTD.,196600305G,46461,False,True,y,large,,Foreign HQ
British American Tobacco,frame_match,United Kingdom,Other,BRITISH AMERICAN TOBACCO SALES & MARKETING SINGAPORE PTE. LTD. | BRITISH-AMERICAN TOBACCO (SINGAPORE) PRIVATE LIMITED | BRITISH-AMERICAN TOBACCO MARKETING (SINGAPORE) PRIVATE LIMITED,193300009Z | 197300339D | 199607163D,52101,False,False,y,large,,Foreign HQ
Broadcom,frame_match,United States,Other,BROADCOM SINGAPORE PTE LTD.,199900400N,82999,False,False,y,large,,Foreign HQ
C. H. Robinson,frame_match,United States,Other,C.H. ROBINSON FREIGHT SERVICES (SINGAPORE) PTE. LTD. | C.H. ROBINSON INTERNATIONAL SINGAPORE PTE. LTD. | C.H. ROBINSON WORLDWIDE SINGAPORE PTE. LTD.,199504458R | 200700480D | 202104473W,52222,False,False,y,large,,Foreign HQ
CATL,frame_match,China,Other,CATL INVESTMENT INTERNATIONAL PTE. LTD.,202136458N,71123,True,True,y,large,,Foreign HQ
CBRE Group,frame_match,United States,Other,CBRE INVESTMENT MANAGEMENT (ASIA PACIFIC) PTE. LTD. | CBRE INVESTMENT MANAGEMENT (SINGAPORE) PTE. LTD. | CBRE PTE. LTD.,197701161R | 199707390C | 200822659E,68201,True,False,y,large,,Foreign HQ
CEZ Group,frame_match,Czech Republic,Other,CEZ TRADING PTE. LTD.,201731093G,46900,True,False,y,large,,Foreign HQ
CITIC limited,frame_match,China,Other,CITIC GROUP PTE. LTD.,202402465E,46900,True,True,y,large,,Foreign HQ
CMA CGM,frame_match,France,Other,CEVA LOGISTICS ASIA PTE. LTD. | CEVA LOGISTICS SERVICES ASIA-PACIFIC PTE. LTD. | CEVA LOGISTICS SOLUTIONS SINGAPORE PTE. LTD. | CMA CGM & ANL (SINGAPORE) PTE LTD | CMA CGM ASIA PACIFIC LIMITED | CMA CGM ASIA PACIFIC LINER PTE. LTD. | CMA CGM ASIA PTE. LTD. | CMA CGM ASIA SHIPPING PTE. LTD. | CMA CGM BUTTERFLY PTE. LTD. | CMA CGM GLOBAL AGENCY PTE. LTD. | CMA CGM GLOBAL BUSINESS SERVICES (SINGAPORE) PTE. LTD. | CMA CGM INTERNATIONAL SHIPPING COMPANY PTE. LTD. | CMA CGM-PSA LION TERMINAL PTE. LTD.,196800632D | 198304000N | 198401865R | 199500276E | 199604017Z | 200007072D | 200723411K | 200820154E | 200907193G | 201221260H | 201540684G | 201606722M | 201837370N,50021,False,False,n,large,,Foreign HQ
CMOC,frame_match,China,Other,CMOC SINGAPORE PTE. LTD. | CMOC TECHNOLOGY PTE. LTD.,202101274K | 202519233M,46900,True,False,y,large,,Foreign HQ
CNH Industrial,frame_match,United Kingdom,Other,CNH INDUSTRIAL SERVICES S.R.L. Singapore Branch,T13FC0086A,82999,False,True,y,large,,Foreign HQ
CNOOC,frame_match,China,Other,CNOOC TRADING (SINGAPORE) PTE. LTD.,200412252W,46610,True,False,y,large,,Foreign HQ
CRH,frame_match,Ireland,Other,CRH INTERNATIONAL HOLDINGS PTE. LTD.,200807341G,46900,True,True,y,large,,Foreign HQ
Cadence Design Systems,frame_match,United States,Other,CADENCE DESIGN SYSTEMS (S) PTE LTD,199500470H,47412,False,False,y,large,,Foreign HQ
Canon,frame_match,Japan,Other,CANON SINGAPORE PTE. LTD.,197903098R,46591,True,False,y,large,,Foreign HQ
CapitaLand,frame_match,Singapore,Other,CAPITALAND (BEIJING) KAI HENG HOLDINGS PTE. LTD. | CAPITALAND (BP&C) 11 SPR PTE. LTD. | CAPITALAND (KOREA) PTE. LTD. | CAPITALAND (OFFICE) INVESTMENTS PTE LTD | CAPITALAND (RCS) PROPERTY MANAGEMENT PTE. LTD. | CAPITALAND (VIETNAM) HOLDINGS PTE. LTD. | CAPITALAND 11 SPR HOLDING PTE. LTD. | CAPITALAND 12 AMK PTE. LTD. | CAPITALAND 2 AMK PTE. LTD. | CAPITALAND 3CS PTE. LTD. | CAPITALAND ASCENDAS REIT MANAGEMENT LIMITED | CAPITALAND ASCOTT BUSINESS TRUST MANAGEMENT PTE. LTD. | CAPITALAND ASCOTT RESIDENCE ASIA FUND II GP PTE. LTD. | CAPITALAND ASCOTT TRUST MANAGEMENT LIMITED | CAPITALAND ASIA LODGING VENTURES GP PTE. LTD. | CAPITALAND BUSINESS SERVICES PTE. LTD. | CAPITALAND CHINA ALPHA HOLDINGS PTE. LTD. | CAPITALAND CHINA DATA CENTRE ONE PTE. LTD. | CAPITALAND CHINA DEVELOPMENT FUND MANAGEMENT PTE. LTD. | CAPITALAND CHINA DEVELOPMENT FUND PTE. LTD. | CAPITALAND CHINA HOLDINGS  PTE LTD | CAPITALAND CHINA INVESTMENTS LIMITED | CAPITALAND CHINA RESIDENTIAL FUND LTD. | CAPITALAND CHINA TRUST MANAGEMENT LIMITED | CAPITALAND COMMERCIAL MANAGEMENT PTE. LTD. | CAPITALAND COMMERCIAL PROJECT MANAGEMENT PTE LTD | CAPITALAND CORPORATE INVESTMENTS PTE LTD | CAPITALAND DEVELOPMENT ENTERPRISE PTE. LTD. | CAPITALAND DEVELOPMENT INTERNATIONAL PTE. LTD. | CAPITALAND DEVELOPMENT PTE. LTD. | CAPITALAND DEVELOPMENT VENTURES PTE. LTD. | CAPITALAND DEVELOPMENT VIETNAM VENTURES PTE. LTD. | CAPITALAND DIGITAL HOLDINGS PTE. LTD. | CAPITALAND DIGITAL MANAGEMENT PTE. LTD. | CAPITALAND FUND MANAGEMENT (ASIA) PTE. LTD. | CAPITALAND FUND MANAGEMENT PTE. LTD. | CAPITALAND GCC HOLDINGS PTE. LTD. | CAPITALAND GROUP PTE. LTD. | CAPITALAND HOPE FOUNDATION | CAPITALAND HUNDRED VENTURES I PTE. LTD. | CAPITALAND HUNDRED VENTURES II PTE. LTD. | CAPITALAND INDIA  TRUST MANAGEMENT PTE. LTD. | CAPITALAND INDIA BUSINESS PARK FUND 2 PTE. LTD. | CAPITALAND INDIA BUSINESS PARK FUND HOLDINGS PTE. LTD. | CAPITALAND INDIA BUSINESS PARK FUND PTE. LTD. | CAPITALAND INDIA DATA CENTRE FUND HOLDINGS PTE. LTD. | CAPITALAND INDIA DATA CENTRE FUND PTE. LTD. | CAPITALAND INDIA DATA CENTRE HOLDINGS PTE. LTD. | CAPITALAND INDIA GROWTH FUND 2 PTE. LTD. | CAPITALAND INDIA LOGISTICS CORE FUND HOLDINGS PTE. LTD. | CAPITALAND INDIA LOGISTICS CORE FUND PTE. LTD. | CAPITALAND INDIA LOGISTICS II PTE. LTD. | CAPITALAND INDONESIA HOLDINGS PTE. LTD. | CAPITALAND INNOVATION FUND PTE. LTD. | CAPITALAND INTEGRATED COMMERCIAL TRUST MANAGEMENT LIMITED | CAPITALAND INTERNATIONAL (EUROPE) PTE. LTD. | CAPITALAND INTERNATIONAL (JAPAN) PTE. LTD. | CAPITALAND INTERNATIONAL (USA) PTE. LTD. | CAPITALAND INVEST INTERNATIONAL PTE. LTD. | CAPITALAND INVESTMENT LIMITED | CAPITALAND MALAYSIA PTE. LTD. | CAPITALAND MALL ASIA LIMITED | CAPITALAND MARKETING & PROPERTY SERVICES PTE. LTD. | CAPITALAND NINGBO (COMMERCIAL) HOLDINGS PTE. LTD. | CAPITALAND NINGBO HOLDINGS PTE. LTD. | CAPITALAND REGIONAL INVESTMENTS MANAGEMENT PTE. LTD. | CAPITALAND RESIDENTIAL MALAYSIA PTE. LTD. | CAPITALAND RESIDENTIAL SINGAPORE PTE LTD | CAPITALAND RETAIL (MY) PTE. LTD. | CAPITALAND RETAIL CHINA PTE. LTD. | CAPITALAND RETAIL INDIA INVESTMENTS PTE. LTD. | CAPITALAND RETAIL INDIA PTE. LTD. | CAPITALAND RETAIL INVESTMENTS (SY) PTE. LTD. | CAPITALAND RETAIL MANAGEMENT PTE LTD | CAPITALAND RETAIL PROJECT MANAGEMENT PTE. LIMITED | CAPITALAND RETAIL SINGAPORE INVESTMENTS PTE. LTD. | CAPITALAND RETAIL SINGAPORE INVESTMENTS TWO PTE. LTD. | CAPITALAND RETAIL TRUSTEE PTE. LTD. | CAPITALAND SEA LOGISTICS FUND I PTE. LTD. | CAPITALAND SHARED SERVICES PTE. LTD. | CAPITALAND SINGAPORE (BP&C) PTE. LTD. | CAPITALAND SINGAPORE LIMITED | CAPITALAND SINGAPORE MANAGEMENT LIMITED | CAPITALAND SINGAPORE SERVICES PTE. LTD. | CAPITALAND TOWNSHIP DEVELOPMENT FUND PTE. LTD. | CAPITALAND TOWNSHIP HOLDINGS PTE. LTD. | CAPITALAND TOWNSHIP INVESTMENT (SHENYANG) PTE. LTD. | CAPITALAND TOWNSHIP INVESTMENT (XIAN) PTE. LTD. | CAPITALAND TOWNSHIP PTE. LTD. | CAPITALAND TREASURY LIMITED | CAPITALAND TRUSTEE PTE. LTD. | CAPITALAND VANTARA GP PTE. LTD. | CAPITALAND VANTARA HOLDING PTE. LTD. | CAPITALAND VIETNAM INVESTMENTS PTE. LTD. | CAPITALAND VIETNAM MANAGEMENT PTE. LTD. | CAPITALAND VIETNAM PTE. LTD. | CAPITALAND VN LIMITED | CAPITALAND VOUCHER PTE. LTD. | CAPITALAND WELLNESS FUND I PTE. LTD.,197801869H | 198102209C | 198900036N | 198900717C | 198904978D | 198905362N | 199003222H | 199101642D | 199202169M | 199302460C | 199603613G | 199606698M | 199700619G | 199702664H | 199804433G | 200009177E | 200102075W | 200106159R | 200201987K | 200207733M | 200300501M | 200302561C | 200305058C | 200308451M | 200412730D | 200413169H | 200414570W | 200415847R | 200504215W | 200504219C | 200506183D | 200507500D | 200508636W | 200508639K | 200511975E | 200514412M | 200515736C | 200516209Z | 200517038N | 200517128R | 200602578C | 200605317N | 200605373G | 200611176D | 200615532M | 200615581E | 200706686R | 200712610N | 200713119R | 200716063H | 200719063W | 200723316K | 200801886G | 200803504M | 200809681N | 201020752G | 201020753W | 201109018N | 201403409D | 201410701H | 201420227E | 201539069W | 201626349M | 201731393K | 201734992R | 201818629M | 201828869K | 201830649D | 201834106M | 201925299R | 202004528Z | 202033968G | 202114980H | 202114987E | 202210554N | 202244316R | 202303786W | 202319337D | 202343098D | 202349343G | 202445135E | 202445163C | 202447233K | 202447590W | 202510402E | 202510404G | 202514466K | 202514473K | 202517611K | 202529711R | 202529737G | 202529747Z | 202534893K | 202534894C | 202534895M | 202534896D | 202546250K | 202619267W | 202619326K,82999,False,False,n,large,Singapore-HQ group with operations outside Singapore (curated; verify),Singapore HQ
Cardinal Health,frame_match,United States,Other,CARDINAL HEALTH HOLDINGS HUNGARY KFT. (Singapore Branch) | CARDINAL HEALTH SINGAPORE 225 PTE. LTD.,200400471K | T22FC0069K,46592,False,True,y,large,,Foreign HQ
Cargill,frame_match,United States,Other,CARGILL ASIA PACIFIC HOLDINGS PTE. LTD. | CARGILL ASIA PACIFIC TREASURY LTD | CARGILL BIOINDUSTRIAL SINGAPORE PTE. LTD. | CARGILL DONGGUAN HOLDINGS PTE. LTD. | CARGILL GWN HOLDINGS PTE. LTD. | CARGILL INTERNATIONAL TRADING PTE LTD | CARGILL OCEAN TRANSPORTATION (SINGAPORE) PTE. LTD. | CARGILL PH PTE. LTD. | CARGILL PTE. LTD. | CARGILL SERVICES PTE. LTD. | CARGILL TROPICAL PALM HOLDINGS PTE. LTD. | CARGILL TSF ASIA PTE. LTD.,196700442D | 198202051M | 199409275W | 200106030W | 200401312G | 200401800E | 200506905Z | 200513374Z | 201835329R | 202142167E | 202309980Z | 202615376H,46900,False,False,n,large,,Foreign HQ
Carpenter Technology,frame_match,United States,Other,CARPENTER TECHNOLOGY ASIA PACIFIC PTE. LTD.,199703941K,25921,False,True,y,large,,Foreign HQ
Caterpillar,frame_match,United States,Other,CATERPILLAR ASIA PTE LTD | CATERPILLAR CAPITAL PTE. LTD. | CATERPILLAR ENERGY SOLUTIONS ASIA PACIFIC PTE. LTD. | CATERPILLAR FINANCIAL SERVICES ASIA PTE LTD | CATERPILLAR INTERNATIONAL FUNDING PTE. LTD. | CATERPILLAR MARINE ASIA PACIFIC PTE. LTD. | CATERPILLAR MIDCO PTE. LTD. | CATERPILLAR SARL Singapore Branch,197001130C | 199003090G | 199608452Z | 199907598E | 201929890K | 201942088K | 202342209M | S99FC5744H,46541,False,False,y,large,,Foreign HQ
Celltrion,frame_match,South Korea,Other,CELLTRION ASIA PACIFIC PTE. LTD.,202023797G,46461,True,True,y,large,,Foreign HQ
Cencora,frame_match,United States,Other,CENCORA SERVICE PTE. LTD.,202615385K,81211,True,False,y,large,,Foreign HQ
Chevron,frame_match,United States,Other,CHEVRON (INTERNATIONAL) TRADING PTE. LTD. | CHEVRON ASIA PACIFIC SHIPPING PTE. LTD. | CHEVRON BUSINESS DEVELOPMENT ASIA PACIFIC PTE. LTD. | CHEVRON CHINA ENERGY COMPANY PTE. LTD. | CHEVRON EGYPT HOLDINGS A PTE. LTD. | CHEVRON EGYPT HOLDINGS B PTE. LTD. | CHEVRON EGYPT HOLDINGS C PTE. LTD. | CHEVRON EGYPT HOLDINGS D PTE. LTD. | CHEVRON EGYPT HOLDINGS E PTE. LTD. | CHEVRON EGYPT HOLDINGS F PTE. LTD. | CHEVRON GLOBAL 17 PTE. LTD. | CHEVRON GLOBAL PTE. LTD. | CHEVRON INTERNATIONAL HOLDINGS PTE. LTD. | CHEVRON LUBRICANTS HOLDINGS PTE. LTD. | CHEVRON NEW ENERGIES INTERNATIONAL PTE. LTD. | CHEVRON OFFSHORE PTE. LTD. | CHEVRON ORONITE PTE LTD | CHEVRON PHILLIPS CHEMICALS ASIA PTE. LTD. | CHEVRON SINGAPORE OVERSEAS HOLDINGS PTE. LTD. | CHEVRON SINGAPORE PTE. LTD. | CHEVRON SOUTH ASIA HOLDINGS PTE. LTD. | CHEVRON U.S.A. INC.,197201254M | 198803058G | 199206695E | 200606334D | 201131379H | 201227247W | 201424646D | 201917880G | 201931930R | 201935084W | 201935085H | 201935086Z | 201935087K | 201943319M | 202105283W | 202113141R | 202113142G | 202142345G | 202222853W | 202629682E | 202636863H | T01FC6150L,20242,False,False,y,large,,Foreign HQ
China State Construction Engineering,frame_match,China,Other,CHINA STATE CONSTRUCTION ENGINEERING CORPORATION LIMITED Singapore Branch,T09FC0039B,42200,False,False,y,large,,Foreign HQ
China Telecom,frame_match,China,Other,CHINA TELECOM (ASIA PACIFIC) PTE. LTD. | CHINA TELECOM INTERNATIONAL INVESTMENT PRIVATE LIMITED | CHINA TELECOM SINGAPORE INNOVATION RESEARCH INSTITUTE  PTE. LTD.,200614808G | 201902547H | 202501282R,96099,False,False,y,large,,Foreign HQ
Chubb,frame_match,Switzerland,Other,CHUBB ASIA PACIFIC PTE. LTD. | CHUBB INSURANCE SINGAPORE LIMITED | CHUBB SINGAPORE PRIVATE LIMITED,197201537D | 197500425H | 199702449H,43210,False,False,y,large,,Foreign HQ
Church & Dwight,frame_match,United States,Other,CHURCH & DWIGHT CONSUMER PRODUCTS SINGAPORE PTE. LTD.,201619073M,46499,False,False,y,large,,Foreign HQ
Cincinnati Financial,frame_match,United States,Other,CINCINNATI PTE. LTD.,202336152M,71129,True,True,y,large,,Foreign HQ
Cisco,frame_match,United States,Other,CISCO INTERNATIONAL LIMITED Singapore Branch | CISCO MACHINERY TECHNOLOGY (S) PTE. LTD. | CISCO SYSTEMS (USA) PTE. LTD. | CISCO SYSTEMS CAPITAL ASIA PTE. LTD. | SPLUNK SERVICES SINGAPORE PTE. LTD.,199508520K | 200206805N | 201118137E | 201731614D | T08FC7288L,70101,False,False,y,large,,Foreign HQ
City Developments,frame_match,Singapore,Other,CITY DEVELOPMENTS INVESTMENTS PTE. LTD. | CITY DEVELOPMENTS LIMITED | CITY DEVELOPMENTS REALTY LIMITED,196300316Z | 196400051R | 201424670R,68101,False,True,n,large,Singapore-HQ group with operations outside Singapore (curated; verify),Singapore HQ
Coca-Cola,frame_match,United States,Other,COCA-COLA ASIA PACIFIC PTE. LTD. | COCA-COLA BANGLADESH OVERSEAS HOLDINGS PTE. LIMITED | COCA-COLA INDOCHINA PTE LTD | COCA-COLA MYANMAR OVERSEAS HOLDING PTE. LTD. | COCA-COLA SINGAPORE BEVERAGES PTE. LTD. | COCA-COLA SINGAPORE HOLDINGS PTE. LTD.,199201657N | 199304504R | 199706877H | 200900667K | 201225886M | 201919733N,11041,False,False,y,large,,Foreign HQ
Coherent Corp.,frame_match,United States,Other,COHERENT SINGAPORE PTE. LTD. | COHERENT TECHNOLOGY PTE LTD,199304453N | 201023233H,74111,True,False,y,large,,Foreign HQ
Colgate-Palmolive,frame_match,United States,Other,COLGATE-PALMOLIVE (ASIA) PTE. LTD. | COLGATE-PALMOLIVE (EASTERN) PTE. LIMITED. | COLGATE-PALMOLIVE ASIA PACIFIC LIMITED (Singapore Branch),197101448H | 200413503E | T22FC0046A,47721,False,False,y,large,,Foreign HQ
Colliers,frame_match,Canada,Other,COLLIERS INTERNATIONAL (SINGAPORE) PTE LTD | COLLIERS INTERNATIONAL CONSULTANCY & VALUATION (SINGAPORE) PTE LTD,198105965E | 198901352R,68201,False,False,n,large,,Foreign HQ
Compagnie Financière Richemont,frame_match,Switzerland,Other,CARTIER LOGISTICS SUTTONS GROUP PRIVATE LIMITED | RICHEMONT LUXURY (SINGAPORE) PTE. LTD. | RICHEMONT PTE. LTD.,198602198H | 200407575D | 202636232M,47733,False,False,y,large,,Foreign HQ
Compass Group,frame_match,United Kingdom,Other,COMPASS GROUP (SINGAPORE) PTE. LTD. | COMPASS GROUP ASIA PACIFIC PTE. LTD. | COMPASS GROUP HOLDINGS SINGAPORE PTE. LTD.,199905842G | 200918987H | 201327251H,56200,False,False,y,large,,Foreign HQ
ConocoPhillips,frame_match,United States,Other,CONOCOPHILLIPS ASIA VENTURES PTE. LTD.,200104836G,82999,True,False,y,large,,Foreign HQ
CoreWeave,frame_match,United States,Other,COREWEAVE SINGAPORE PTE. LTD.,202637104W,70101,True,True,y,large,,Foreign HQ
Corebridge Financial,frame_match,United States,Other,COREBRIDGE GLOBAL PTE. LTD. | COREBRIDGE SOLUTIONS PTE. LTD. | COREBRIDGE TECHNOLOGIES PTE. LTD.,202521380E | 202523860E | 202612607E,46900,True,False,y,large,,Foreign HQ
Costco,frame_match,United States,Other,COSTCO SERVICES PTE. LTD.,202629802M,74191,True,False,y,large,,Foreign HQ
Coty,frame_match,United States,Other,COTY ASIA PTE. LTD. | COTY OPERATIONS ASIA PACIFIC PTE. LTD. | COTY PRESTIGE SOUTHEAST ASIA PTE. LTD. | COTY SOUTHEAST ASIA PTE. LTD.,200504947Z | 200507617G | 200808713E | 201942621E,46424,False,False,n,large,,Foreign HQ
Credo Technology,frame_match,United States,Other,CREDO TECHNOLOGY SINGAPORE PTE. LTD.,202519707K,74111,False,False,y,large,,Foreign HQ
Cushman & Wakefield,frame_match,United States,Other,CUSHMAN & WAKEFIELD (S) PTE LTD | CUSHMAN & WAKEFIELD INDONESIA HOLDINGS PTE. LTD. | CUSHMAN & WAKEFIELD SINGAPORE HOLDINGS PTE LIMITED | CUSHMAN & WAKEFIELD VHS PTE. LTD.,199704518G | 200000494N | 200709839D | 200716129W,68201,False,False,n,large,,Foreign HQ
Daiichi Sankyo,frame_match,Japan,Other,DAIICHI SANKYO SINGAPORE PTE. LTD.,202140793N,46461,False,False,y,large,,Foreign HQ
Daimler Truck,frame_match,Germany,Other,DAIMLER TRUCK SOUTH EAST ASIA PTE. LTD.,201715220D,46561,False,False,y,large,,Foreign HQ
Deere & Company,frame_match,United States,Other,JOHN DEERE (SINGAPORE) SERVICE CO. PTE. LTD. | JOHN DEERE ASIA (SINGAPORE) PRIVATE LIMITED,200610270R | 202312098M,46530,False,False,y,large,,Foreign HQ
Delta Air Lines,frame_match,United States,Other,"DELTA AIR LINES, INC.",T09FC0090B,51001,False,False,y,large,,Foreign HQ
Delta Electronics,frame_match,Taiwan,Other,DELTA ELECTRONICS INT'L (SINGAPORE) PTE. LTD.,201016894N,46522,False,False,y,large,,Foreign HQ
Deutsche Börse,frame_match,Germany,Other,CLEARSTREAM BANKING S.A. | CLEARSTREAM FUND CENTRE S.A. | DEUTSCHE BOERSE MARKET DATA+SERVICES SINGAPORE PTE. LTD. | EUREX FRANKFURT AKTIENGESELLSCHAFT Singapore Branch | EUREX GLOBE PTE. LTD.,201530204H | 202521677M | T09FC0133F | T11FC0008J | T26FC0032K,38309,False,False,y,large,,Foreign HQ
DexCom,frame_match,United States,Other,DEXCOM ASIA PACIFIC OPERATIONS PTE. LTD.,201931374D,70102,True,True,y,large,,Foreign HQ
DiDi,frame_match,China,Other,DIDI HOLDING MANAGEMENT PTE. LTD.,202202451C,50021,True,True,y,large,,Foreign HQ
Diageo,frame_match,United Kingdom,Other,DIAGEO SINGAPORE PTE. LTD.,196800129N,46307,False,True,y,large,,Foreign HQ
Disco Corp.,frame_match,Japan,Other,DISCO HI-TEC (SINGAPORE) PTE LTD,198400373W,46541,False,False,y,large,,Foreign HQ
DocuSign,frame_match,United States,Other,DOCUSIGN INTERNATIONAL (ASIA-PACIFIC) PRIVATE LIMITED,201505623H,70101,False,False,n,large,,Foreign HQ
Dynatrace,frame_match,United States,Other,DYNATRACE ASIA-PACIFIC PTE. LTD.,199402504G,46900,True,False,y,large,,Foreign HQ
Dyson,frame_match,Singapore,Other,DYSON ASIA HOLDINGS PTE. LTD. | DYSON ELECTRONICS PTE. LTD. | DYSON ENGINEERING PTE. LTD. | DYSON ENTERPRISE PTE. LTD. | DYSON HOLDINGS PTE. LTD. | DYSON HOME TECHNOLOGIES PTE. LTD. | DYSON INDUSTRIES PTE. LTD. | DYSON OPERATIONS PTE. LTD. | DYSON SINGAPORE PTE. LIMITED | DYSON SPHERE ENERGY PTE. LTD. | DYSON TECHNOLOGY HOLDING PTE. LTD. | DYSON TECHNOLOGY PTE. LTD. | DYSON TREASURY SERVICES PTE. LTD.,200517219H | 200711832N | 200721153G | 201601041D | 201824767H | 201824839G | 201903790C | 201903799Z | 202130329N | 202219922Z | 202303625R | 202439129D | 202541591N,46435,False,False,n,large,Singapore-HQ group with operations outside Singapore (curated; verify),Singapore HQ
E.ON,frame_match,Germany,Other,E.ON INNOVATION SINGAPORE PTE. LTD.,202624972N,70101,True,True,y,large,,Foreign HQ
ENGIE,frame_match,France,Other,ENGIE SERVICES SINGAPORE PTE. LTD. | ENGIE SOUTH EAST ASIA PTE. LTD.,197900315R | 198602334W,41009,True,False,y,large,,Foreign HQ
EVE Energy,frame_match,China,Other,EVE ENERGY PTE. LTD.,202324503G,46900,False,False,y,large,,Foreign HQ
Eaton,frame_match,Ireland,Other,EATON PTE. LTD. | EATON TECHNOLOGIES PTE. LTD.,200612741N | 201223775C,46900,True,False,y,large,,Foreign HQ
Ecolab,frame_match,United States,Other,ECOLAB PTE. LTD.,197200833G,20113,True,False,y,large,,Foreign HQ
Elbit Systems,frame_match,Israel,Other,ELBIT SYSTEMS SINGAPORE PTE. LTD.,199006099N,46900,False,True,y,large,,Foreign HQ
Emerson,frame_match,United States,Other,EMERSON ASIA PACIFIC PRIVATE LIMITED | EMERSON PROCESS MANAGEMENT MARINE SOLUTIONS SINGAPORE PTE. LTD.,196500174M | 199805010G,32909,True,False,y,large,,Foreign HQ
Endress+Hauser,frame_match,Switzerland,Other,ENDRESS + HAUSER (S.E.A.) PTE LTD,198900068N,71122,False,False,n,large,,Foreign HQ
Entegris,frame_match,United States,Other,ENTEGRIS ASIA PTE. LTD. | ENTEGRIS PACIFIC PTE. LTD. | ENTEGRIS SINGAPORE PTE. LTD.,199603819C | 201204945M | 202245473K,46592,True,False,y,large,,Foreign HQ
Enterprise Products,frame_match,United States,Other,ENTERPRISE PRODUCTS INTEGRATION PTE LTD,200103264Z,46900,False,True,y,large,,Foreign HQ
Equinor,frame_match,Norway,Other,EQUINOR ASIA PACIFIC PTE. LTD.,199104926N,70102,True,False,y,large,,Foreign HQ
Equitable Holdings,frame_match,United States,Other,EQUITABLE PTE. LTD.,202130776D,82911,True,False,y,large,,Foreign HQ
EssilorLuxottica,frame_match,France,Other,ESSILORLUXOTTICA ASIA PACIFIC PTE. LTD.,197602552E,46491,True,False,y,large,,Foreign HQ
Estee Lauder,frame_match,United States,Other,"ESTEE LAUDER COSMETICS PTE. LTD. | ESTEE LAUDER DISTRIBUTION CENTER PTE. LTD. | ESTEE LAUDER TRAVEL RETAILING, INC.",198403725D | 201023830D | S94FC4700K,46424,False,True,y,large,,Foreign HQ
Evergreen Marine,frame_match,Taiwan,Other,EVERGREEN MARINE (ASIA) PTE. LTD. | EVERGREEN MARINE (SINGAPORE) PTE. LTD. | EVERGREEN MARINE SERVICE PTE. LTD.,200822867E | 202110106K | 202619714N,50021,False,False,y,large,,Foreign HQ
Expedia Group,frame_match,United States,Other,EXPEDIA SERVICES SINGAPORE PTE. LTD.,201114875K,82999,False,False,y,large,,Foreign HQ
Expeditors International,frame_match,United States,Other,EXPEDITORS (ASIA) HOLDING CO. PTE LTD | EXPEDITORS SINGAPORE PTE LTD,198104553R | 199601319R,52292,True,False,y,large,,Foreign HQ
Experian,frame_match,Ireland,Other,EXPERIAN ASIA-PACIFIC HOLDINGS PTE. LTD. | EXPERIAN CREDIT SERVICES SINGAPORE PTE. LTD. | EXPERIAN SINGAPORE PTE. LTD.,197800821N | 198302653E | 200813844E,46512,False,False,y,large,,Foreign HQ
Exxon Mobil,frame_match,United States,Other,EXXONMOBIL ASIA HOLDINGS PTE. LTD. | EXXONMOBIL ASIA PACIFIC HOLDINGS PTE. LTD. | EXXONMOBIL ASIA PACIFIC PTE. LTD. | EXXONMOBIL CHEMICAL OPERATIONS PRIVATE LIMITED | EXXONMOBIL CHINA ENTERPRISES PTE. LTD. | EXXONMOBIL CHINA PETROLEUM & PETROCHEMICAL COMPANY PRIVATE LIMITED | EXXONMOBIL CHINA VENTURES PTE. LTD. | EXXONMOBIL EXPLORATION AND PRODUCTION OMAN PTE. LTD. | EXXONMOBIL HAI PHONG ENERGY PTE. LTD. | EXXONMOBIL SAUDI ARABIA HOLDING PTE. LTD. | EXXONMOBIL SINGAPORE MANAGEMENT PTE. LTD. | EXXONMOBIL VENTURES HOLDING PRIVATE LIMITED,196800312N | 199101785C | 199409267G | 201306818H | 201603071N | 201830377R | 202018519C | 202101275C | 202237759H | 202519335H | 202539184H | 202638196K,19201,False,False,y,large,,Foreign HQ
Fabrinet,frame_match,Cayman Islands,Other,FABRINET PTE. LTD.,200721128D,82999,True,False,y,large,,Foreign HQ
Fair Isaac,frame_match,United States,Other,FAIR ISAAC (ASPAC) PTE. LTD. | FAIR ISAAC (SINGAPORE) PTE. LTD. | FICO PTE. LTD.,199101138D | 199700682Z | 201634099W,46900,True,False,y,large,,Foreign HQ
Falabella,frame_match,Chile,Other,FALABELLA PTE. LTD.,201206350R,93203,True,False,y,large,,Foreign HQ
Fast Retailing,frame_match,Japan,Other,FAST RETAILING (SINGAPORE) PTE. LTD. | UNIQLO (SINGAPORE) PTE. LTD.,200816544K | 201119619K,47719,False,False,y,large,,Foreign HQ
Fastenal,frame_match,United States,Other,FASTENAL SINGAPORE PTE LTD,200102787N,46549,True,False,y,large,,Foreign HQ
FedEx,frame_match,United States,Other,FEDERAL EXPRESS (SINGAPORE) PTE LTD | FEDERAL EXPRESS CORPORATION | FEDERAL EXPRESS JAPAN G.K. Singapore Branch | FEDERAL EXPRESS KOREA LLC Singapore Branch | FEDEX LOGISTICS SINGAPORE PRIVATE LIMITED,198402740W | 200905637N | S89FC3991J | T17FC0048D | T17FC0076E,70101,False,True,y,large,,Foreign HQ
Fitch Group,frame_match,United States,Other,FITCH SOLUTIONS ASIA PTE. LTD.,201206949H,58190,False,False,n,large,,Foreign HQ
Flex,frame_match,Singapore,Other,FLEX AUTOMOTIVE SALES AND MARKETING (SINGAPORE) PTE. LTD. | FLEX BOX SHIPPING PTE. LTD. | FLEX BOX SHIPS MANAGEMENT PTE. LTD. | FLEX COMFORT PTE. LTD. | FLEX COMMODITIES PTE. LTD. | FLEX CONNECT PTE. LTD. | FLEX DIGITAL PTE. LTD. | FLEX DISPLAY PTE. LTD. | FLEX FACILITIES AND ENGINEERING SERVICES PTE. LTD. | FLEX FINDERS PTE. LTD. | FLEX FITNESS PTE. LTD. | FLEX FME PTE. LTD. | FLEX GLOBAL INNOVATIONS PTE. LTD. | FLEX GLOBAL SERVICES (SINGAPORE) PTE. LTD. | FLEX INTEGRATED MARKETING PTE. LTD. | FLEX INTERNATIONAL BUSINESS (SINGAPORE) PTE. LTD. | FLEX LIFE PTE. LTD. | FLEX LOGISTICS PTE. LTD. | FLEX LTD. | FLEX MEDICAL SALES AND MARKETING (SINGAPORE) PTE. LTD. | FLEX PHYSIOCARE PTE. LTD. | FLEX PROCUREMENT (SINGAPORE) PTE. LTD. | FLEX SEA GAMING PTE. LTD. | FLEX SERVICES PTE. LTD. | FLEX SOFTWARE PTE. LTD. | FLEX SYSTEMS INTERNATIONAL PRIVATE LIMITED | FLEX TECHNOLOGIES ESOP TRUST PTE. LTD. | FLEX TECHNOLOGIES PTE. LTD. | FLEX TEK HOLDINGS PTE. LTD. | FLEX TWO PTE. LTD. | FLEX YOUR IDEA PTE. LTD. | FLEX-LINE PTE. LTD. | FLEX-SOLVER PTE. LTD. | FLEXTRONICS GLOBAL ENCLOSURES (SINGAPORE) PTE. LTD. | FLEXTRONICS HOLDING (SINGAPORE) PTE LTD | FLEXTRONICS INDUSTRIES SINGAPORE LTD. | FLEXTRONICS INTERNATIONAL (SINGAPORE GROUP) PTE. LTD. | FLEXTRONICS INTERNATIONAL HOLDINGS PTE LTD | FLEXTRONICS INVESTMENT HOLDING (SINGAPORE) PTE. LTD. | FLEXTRONICS MANUFACTURING (SINGAPORE) PTE. LTD. | FLEXTRONICS MECHANICALS SINGAPORE PTE. LTD. | FLEXTRONICS PLASTICS (SINGAPORE) PTE LTD | FLEX_TEC PTE. LTD.,197800387D | 198101202H | 199002645H | 199103189K | 199504482H | 199606239H | 199606438G | 199702151K | 199703458G | 199703658R | 200001875N | 200010243H | 200404415D | 200503857C | 201135755D | 201501199E | 201540197Z | 201604713W | 201614187C | 201808781W | 201826101M | 201900411W | 201923819H | 202006477K | 202033938H | 202037714R | 202115360M | 202123107H | 202141587M | 202218148W | 202229339Z | 202315587K | 202342006K | 202401804Z | 202402290Z | 202443873D | 202505631E | 202517639D | 202529983R | 202530055Z | 202530077G | 202530090R | 202530105K,27501,False,False,y,large,Singapore-HQ group with operations outside Singapore (curated; verify),Singapore HQ
Fonterra,frame_match,New Zealand,Other,FONTERRA (SEA) PTE. LTD. | FONTERRA BRANDS (NEW YOUNG) PTE. LTD. | FONTERRA BRANDS (SINGAPORE) PTE. LTD. | FONTERRA INSURANCE PTE. LIMITED,197400676H | 197701784C | 200513646G | 201314280H,46303,False,False,n,large,,Foreign HQ
Formula One Group,frame_match,United States,Other,FORMULA ONE FURNICHE (PTE. LTD.),200410750R,74199,False,True,y,large,,Foreign HQ
Fortescue,frame_match,Australia,Other,FORTESCUE INTERNATIONAL MARKETING PTE. LTD.,201401814G,46620,True,True,y,large,,Foreign HQ
Fortinet,frame_match,United States,Other,FORTINET SINGAPORE PRIVATE LIMITED,200706224Z,96099,False,False,y,large,,Foreign HQ
FrieslandCampina,frame_match,Netherlands,Other,FRIESLANDCAMPINA AMEA PTE. LTD. | FRIESLANDCAMPINA DEVELOPMENT CENTRE AMEA PTE. LTD. | FRIESLANDCAMPINA SINGAPORE PTE. LTD.,195400138R | 201130240C | 201305014M,46303,False,False,n,large,,Foreign HQ
Fujifilm,frame_match,Japan,Other,FUJIFILM ASIA PACIFIC PTE. LTD. | FUJIFILM BUSINESS INNOVATION ASIA PACIFIC PTE. LTD. | FUJIFILM BUSINESS INNOVATION SINGAPORE PTE. LTD. | FUJIFILM DKH SINGAPORE PTE. LTD. | FUJIFILM ELECTRONIC MATERIALS (SINGAPORE) PTE. LTD. | FUJIFILM HEALTHCARE ASIA PACIFIC PTE. LTD. | FUJIFILM MICROCHANNEL SINGAPORE PTE. LTD. | FUJIFILM SONOSITE SINGAPORE HOLDING PTE. LTD.,198401266Z | 198500962E | 199100883W | 199301558N | 199406722E | 200202867G | 200700684R | 202347605H,46649,False,False,y,large,,Foreign HQ
Fujitsu,frame_match,Japan,Other,FUJITSU ASIA PTE LTD | FUJITSU BUSINESS TECHNOLOGIES ASIA PACIFIC PTE. LIMITED | FUJITSU SERVICES LIMITED (Singapore Branch),199503536G | 199701545D | S58FC1250E,82199,False,False,y,large,,Foreign HQ
Furukawa Electric,frame_match,Japan,Other,FURUKAWA ELECTRIC ENGINEERING SINGAPORE PTE. LTD. | FURUKAWA ELECTRIC SINGAPORE PTE LTD,198804608G | 200002977G,46544,False,False,y,large,,Foreign HQ
GE HealthCare Technologies,frame_match,United States,Other,GE HEALTHCARE FINANCIAL SERVICES PTE. LTD. | GE HEALTHCARE PTE. LTD. | GE HEALTHCARE TECHNOLOGIES PACIFIC PRIVATE LIMITED,197000148E | 199307961G | 199409532W,46592,False,False,y,large,,Foreign HQ
GSK plc,frame_match,United Kingdom,Other,GLAXOSMITHKLINE PTE LTD | GSK GROUP PTE. LTD. | GSK TECHNOLOGY PRIVATE LIMITED | GSK VENTURES PTE. LTD.,197903957E | 198102938K | 201538704M | 202222881N,46223,True,False,y,large,,Foreign HQ
Galaxy Entertainment,frame_match,Hong Kong,Other,GALAXY ENTERTAINMENT (S) PTE. LTD.,201101262K,59111,False,False,y,large,,Foreign HQ
Galderma Group,frame_match,Switzerland,Other,GALDERMA SINGAPORE PRIVATE LIMITED,200106927M,47721,True,False,y,large,,Foreign HQ
Garmin,frame_match,Switzerland,Other,GARMIN SINGAPORE PTE. LTD.,200611637R,46900,True,False,y,large,,Foreign HQ
Geberit,frame_match,Switzerland,Other,GEBERIT SOUTH EAST ASIA PTE LTD,199800372G,46639,True,False,y,large,,Foreign HQ
General Electric,frame_match,United States,Other,GE AEROSPACE PTE. LTD.,202345977K,30301,False,True,y,large,,Foreign HQ
General Mills,frame_match,United States,Other,GENERAL MILLS SG TWO PTE. LTD. | GENERAL MILLS SINGAPORE PTE. LTD.,198301050H | 202224415D,82199,False,True,y,large,,Foreign HQ
General Motors,frame_match,United States,Other,GENERAL MOTORS INTERNATIONAL OPERATIONS PTE. LTD. | GENERAL MOTORS OVERSEAS DISTRIBUTION LLC,201332196R | S72FC2182K,70101,False,False,y,large,,Foreign HQ
GigaDevice Semiconductor,frame_match,China,Other,GIGADEVICE SEMICONDUCTOR SINGAPORE PTE. LTD.,202037803G,46522,False,False,y,large,,Foreign HQ
Gilead Sciences,frame_match,United States,Other,GILEAD SCIENCES SINGAPORE PTE. LTD.,201319123M,46461,False,False,y,large,,Foreign HQ
Givaudan,frame_match,Switzerland,Other,GIVAUDAN SINGAPORE PTE LTD,199203766D,20232,True,False,y,large,,Foreign HQ
Glencore,frame_match,Switzerland,Other,GLENCORE COMMODITIES LTD | GLENCORE ENERGY BRAZIL HOLDINGS PTE. LTD. | GLENCORE ENERGY MARKETING PTE. LTD. | GLENCORE FREIGHT PTE. LTD. | GLENCORE MINERALS SINGAPORE PTE. LTD. | GLENCORE SINGAPORE PTE. LTD.,198102710H | 200715492W | 201025335W | 202530134W | 202551779D | T03FC6358D,46610,False,False,y,large,,Foreign HQ
Grasim Industries,frame_match,India,Other,GRASIM INDUSTRIES PTE. LTD.,202124843N,46900,False,True,y,large,,Foreign HQ
H&M,frame_match,Sweden,Other,H & M HENNES & MAURITZ PTE. LTD. | H & M INDUSTRIAL CERAMICS PTE. LTD. | H & M INVESTMENT (S) PTE. LTD. | H & M SUN CONNECT TECHNOLOGY & TRADING PTE. LTD. | H&M CONSTRUCTION PRIVATE LTD. | H&M EMPLOYMENT (PRIVATE LIMITED) | H&M ENGINEERING & CONSTRUCTION PTE. LTD. | H&M ENGINEERING SG SR PTE. LTD. | H&M MATERIAL SCIENCE PTE. LTD. | H&M METAL WAREHOUSING (S) PTE. LTD.,199600058R | 200201859Z | 201022672K | 201607076N | 201632779C | 202327189E | 202339262H | 202443757G | 202521564M | 202617741G,46900,False,False,y,large,,Foreign HQ
HD Hyundai Heavy Industries,frame_match,South Korea,Other,"HD HYUNDAI ASIA HOLDINGS PTE. LTD. | HD HYUNDAI HEAVY INDUSTRIES CO., LTD. | HD HYUNDAI M&S INTERNATIONAL (SINGAPORE ) PTE. LTD. | HD HYUNDAI MARINE SOLUTION CO., LTD. Singapore Branch | HD HYUNDAI MARINE SOLUTION SINGAPORE PTE. LTD. | HD HYUNDAI MARINE SOLUTION TECH CO., LTD. Singapore Branch | HD HYUNDAI OIL SINGAPORE PTE. LTD. | HD HYUNDAI SHIPPING INTERNATIONAL PTE. LTD.",200500080W | 201734919K | 202407260D | 202540132N | 202632084D | T20FC0089K | T22FC0037C | T25FC0053L,46610,False,False,y,large,,Foreign HQ
HD Korea Shipbuilding & Offshore Engineering,frame_match,South Korea,Other,HD KOREA SHIPBUILDING &OFFSHORE ENGINEERING Singapore Branch,T24FC0084F,30110,False,False,y,large,,Foreign HQ
Haleon,frame_match,United Kingdom,Other,HALEON SINGAPORE PTE. LTD.,201540806R,46306,False,False,y,large,,Foreign HQ
Halliburton,frame_match,United States,Other,HALLIBURTON SINGAPORE PTE LTD,198800618N,71122,True,True,y,large,,Foreign HQ
Hapag-Lloyd,frame_match,Germany,Other,HAPAG-LLOYD PTE. LTD.,199002696D,70101,True,False,y,large,,Foreign HQ
Hays,frame_match,United Kingdom,Other,HAYS SPECIALIST RECRUITMENT PTE. LTD.,200609504D,78104,False,True,n,large,,Foreign HQ
Heidelberg Materials,frame_match,Germany,Other,HEIDELBERG MATERIALS ASIA PTE. LTD.,199606847G,82999,False,False,y,large,,Foreign HQ
Heineken,frame_match,Netherlands,Other,ASIA PACIFIC BREWERIES (SINGAPORE) PTE LTD | HEINEKEN ASIA PACIFIC BEVERAGES PTE. LTD. | HEINEKEN ASIA PACIFIC EXPORT PTE. LTD. | HEINEKEN ASIA PACIFIC HOLDING PTE. LTD. | HEINEKEN ASIA PACIFIC PTE. LTD.,193100007K | 196200172Z | 198602086Z | 200104528M | 201936603H,11030,False,False,y,large,,Foreign HQ
Henkel,frame_match,Germany,Other,HENKEL SINGAPORE HOLDING PTE. LTD. | HENKEL SINGAPORE PTE LTD,198304615H | 202546271G,46641,True,False,y,large,,Foreign HQ
Hermès,frame_match,France,Other,HERMES GLOBAL PTE. LTD. | HERMES GLOBAL VENTURES PTE. LTD. | HERMES INVESTMENTS PTE. LTD. | HERMES SG PTE. LTD. | HERMES SINGAPORE (RETAIL) PTE LTD | HERMES SOLUTIONS PTE. LTD. | HERMES SOUTH ASIA PTE. LTD. | HERMES TRADING SOLUTIONS PTE. LTD. | HERMES VENTURES PTE. LTD.,199704141K | 200714251K | 200912927N | 201805212W | 202041280H | 202205683Z | 202322975D | 202345330R | 202420633W,47719,True,False,y,large,,Foreign HQ
Hikvision,frame_match,China,Other,HIKVISION SINGAPORE PTE. LTD. | HIKVISION TECHNOLOGY PTE. LTD.,201120216K | 202208273W,46900,True,False,y,large,,Foreign HQ
Hilti,frame_match,Liechtenstein,Other,HILTI ASIA PACIFIC PTE. LTD. | HILTI FAR EAST PTE LTD,196800338E | 201814317H,46900,False,False,n,large,,Foreign HQ
Hilton Worldwide,frame_match,United States,Other,HILTON INTERNATIONAL ASIA PACIFIC PTE LTD | HILTON INTERNATIONAL HOLDINGS PTE. LTD.,199802056N | 201918866D,70101,True,False,y,large,,Foreign HQ
Holcim Group,frame_match,Switzerland,Other,HOLCIM INTERNATIONAL SERVICES SINGAPORE PTE. LTD. | HOLCIM TRADING PTE. LTD.,199101141Z | 200810978M,46639,True,False,y,large,,Foreign HQ
Honeywell,frame_match,United States,Other,HONEYWELL AEROSPACE SINGAPORE PTE. LTD. | HONEYWELL PTE LTD,197803309M | 199000411E,42100,False,False,y,large,,Foreign HQ
Hua Nan Financial Holdings,frame_match,Taiwan,Other,"HUA NAN (CAMBODIA) PTE. LTD. | HUA NAN (LAOS) PTE. LTD. | HUA NAN COMMERCIAL BANK, LTD. | HUA NAN PROPERTIES PTE. LTD. | HUA NAN PTE. LTD.",201310733E | 201924790N | 201924795H | 202331698Z | S95FC5001K,46900,False,False,y,large,,Foreign HQ
Hydro One,frame_match,Canada,Other,HYDRO ONE PTE. LTD.,200817983E,41009,False,False,y,large,,Foreign HQ
Hyundai,frame_match,South Korea,Other,"HYUNDAI ENGINEERING & CONSTRUCTION CO. LTD | HYUNDAI ENGINEERING CO., LTD. (Singapore Branch) | HYUNDAI ENGINEERING SINGAPORE PTE. LTD. | HYUNDAI MOTOR GROUP INNOVATION CENTER IN SINGAPORE PTE. LTD.",201940052N | 202229099M | S81FC2987D | T13FC0005J,32909,False,False,y,large,,Foreign HQ
IDEX,frame_match,United States,Other,IDEX ASIA PACIFIC PTE LTD | IDEX TECH PTE. LTD.,199201741K | 201109083H,82999,True,False,y,large,,Foreign HQ
IDEXX Laboratories,frame_match,United States,Other,IDEXX LABORATORIES SINGAPORE PTE. LTD.,201434956W,75000,False,False,y,large,,Foreign HQ
IHI Corporation,frame_match,Japan,Other,IHI ASIA PACIFIC PTE. LTD. | IHI CORPORATION,201210755H | S63FC1576H,70101,True,False,y,large,,Foreign HQ
ITT,frame_match,United States,Other,ITT DIGITAL TECH PTE. LTD.,202616499W,46900,True,False,y,large,,Foreign HQ
Ibiden,frame_match,Japan,Other,IBIDEN ASIA HOLDINGS PTE. LTD. | IBIDEN SINGAPORE PTE LTD,199301313Z | 201128873M,46900,True,False,y,large,,Foreign HQ
Inditex,frame_match,Spain,Other,ZARA TECH PTE. LTD.,202015776E,46900,True,False,y,large,,Foreign HQ
Ingersoll Rand,frame_match,Ireland,Other,INGERSOLL RAND OVERSEAS INVESTMENTS (SG) PTE. LTD. | INGERSOLL RAND PRECISION TECHNOLOGIES ASIA PTE. LTD. | INGERSOLL-RAND SINGAPORE ENTERPRISES PTE. LTD. | INGERSOLL-RAND SOUTH EAST ASIA (PRIVATE) LIMITED,196400122D | 199701626D | 201132450R | 202242105K,68103,False,False,y,large,,Foreign HQ
Intel,frame_match,United States,Other,INTEL TECHNOLOGY ASIA PTE LTD,199704681N,70101,True,True,y,large,,Foreign HQ
InterGlobe Aviation,frame_match,India,Other,INDIGO GLOBAL TRADING PTE. LTD. | INDIGO HOLDING PTE. LTD. | INDIGO INVESTMENTS GROUP PTE. LTD. | INDIGO PACIFIC PTE LTD | INDIGO TECHNOLOGY PTE. LTD. | INTERGLOBE AVIATION LIMITED (Singapore Branch),200003601E | 201207090Z | 201430733E | 201912056R | 201916895W | T12FC0088K,46512,True,False,y,large,,Foreign HQ
International Flavors & Fragrances,frame_match,United States,Other,INTERNATIONAL FLAVORS & FRAGRANCES (GREATER ASIA) PTE. LTD.,201016049H,20232,False,False,y,large,,Foreign HQ
Intuitive Surgical,frame_match,United States,Other,INTUITIVE SURGICAL PTE. LTD.,200908147D,46592,False,False,y,large,,Foreign HQ
JSW Steel,frame_match,India,Other,JSW STEEL GLOBAL TRADE PTE. LTD.,202203325H,46900,False,False,y,large,,Foreign HQ
JX Advanced Metals,frame_match,Japan,Other,JX ADVANCED METALS SINGAPORE PTE. LTD.,200301728Z,46522,False,False,y,large,,Foreign HQ
Jio Financial Services,frame_match,India,Other,JIO TECHNOLOGIES LIMITED,201630419H,58120,True,False,y,large,,Foreign HQ
Johnson & Johnson,frame_match,United States,Other,JOHNSON & JOHNSON INTERNATIONAL (SINGAPORE) PTE. LTD. | JOHNSON & JOHNSON PTE. LTD.,197402104W | 200505218G,46461,False,False,y,large,,Foreign HQ
Johnson Controls,frame_match,Ireland,Other,JOHNSON CONTROLS (S) PTE. LTD. | JOHNSON CONTROLS CAPITAL SG PTE. LTD.,198205221M | 202143689C,71121,False,False,y,large,,Foreign HQ
KBC,frame_match,Belgium,Other,KBC INTERNATIONAL TRADING PTE. LTD.,201508526R,41009,True,False,y,large,,Foreign HQ
KIOXIA Holdings Corporation,frame_match,Japan,Other,KIOXIA SINGAPORE PTE. LTD.,201717111Z,46522,True,False,y,large,,Foreign HQ
KONE,frame_match,Finland,Other,KONE PTE LTD,197801381N,43291,True,False,y,large,,Foreign HQ
Kao,frame_match,Japan,Other,KAO GLOBAL HOLDING PTE. LTD. | KAO SINGAPORE PRIVATE LIMITED,198800984D | 202516023C,46649,True,False,y,large,,Foreign HQ
Kellanova,frame_match,United States,Other,KELLANOVA SEA PTE. LTD. | KELLANOVA SINGAPORE PTE. LTD. | KELLOGG ASIA PACIFIC PTE. LTD. | KELLOGG BROWN & ROOT ASIA PACIFIC PTE. LTD. | KELLOGG TOLARAM NOODLES SINGAPORE PTE. LTD.,200204642K | 201204702Z | 201726113D | 202336394N | 202342397Z,71129,False,False,n,large,,Foreign HQ
Kering,frame_match,France,Other,GUCCI SINGAPORE PTE LTD | GUCCI TEX INTERNATIONAL PTE LTD | KERING (SINGAPORE) WATCHES AND JEWELRY PTE. LTD. | KERING EYEWEAR SINGAPORE PTE. LTD. | KERING SOUTH EAST ASIA PTE. LTD.,199307553W | 200003741K | 201432272E | 201523428W | 201905199E,82999,False,False,y,large,,Foreign HQ
Keyence,frame_match,Japan,Other,KEYENCE SINGAPORE PTE LTD,199508791Z,46900,True,False,y,large,,Foreign HQ
Kimberly-Clark,frame_match,United States,Other,KIMBERLY-CLARK ASIA HOLDINGS PTE LTD | KIMBERLY-CLARK ASIA PACIFIC HEADQUARTERS PTE. LTD. | KIMBERLY-CLARK ASIA PACIFIC PTE LTD | KIMBERLY-CLARK SINGAPORE INTERCONTINENTAL PTE. LTD. | KIMBERLY-CLARK SINGAPORE PTE LTD | KIMBERLY-CLARK SOUTHEAST ASIA HOLDINGS PTE. LTD. | KIMBERLY-CLARK VIETNAM HOLDINGS PTE. LTD.,198104618N | 200009943Z | 200204303G | 201223540Z | 201324488D | 201324494M | 201631333K,46471,False,False,y,large,,Foreign HQ
Kirin Holdings,frame_match,Japan,Other,KIRIN HOLDINGS SINGAPORE PTE. LTD.,201021873N,46307,False,False,n,large,,Foreign HQ
Knight Frank,frame_match,United Kingdom,Other,KNIGHT FRANK ASIA PACIFIC PTE LTD | KNIGHT FRANK CAPITAL MARKETS PTE. LTD. | KNIGHT FRANK PROPERTY & FACILITIES MANAGEMENT PTE. LTD. | KNIGHT FRANK PTE LTD,198205243Z | 198300340D | 200007671Z | 200416225W,68201,False,False,n,large,,Foreign HQ
Kweichow Moutai,frame_match,China,Other,KWEICHOW MOUTAI TASTING CENTRE (SINGAPORE) PTE. LTD.,201731432W,46900,False,False,y,large,,Foreign HQ
Kyocera,frame_match,Japan,Other,KYOCERA ASIA PACIFIC PTE. LTD.,199804203Z,46522,True,False,y,large,,Foreign HQ
Kühne + Nagel,frame_match,Switzerland,Other,KUEHNE + NAGEL (ASIA PACIFIC) HOLDING PTE. LTD. | KUEHNE + NAGEL (ASIA PACIFIC) MANAGEMENT PTE. LTD. | KUEHNE + NAGEL PTE. LTD. | KUEHNE + NAGEL REAL ESTATE PTE. LTD.,199400013D | 200919407K | 201329235Z | 201827264M,52292,False,False,y,large,,Foreign HQ
L'Oréal,frame_match,France,Other,L'OREAL SINGAPORE PTE. LTD. | L'OREAL TRAVEL RETAIL ASIA PACIFIC PTE. LTD.,199001413D | 202607451W,46424,False,False,y,large,,Foreign HQ
LG Chem,frame_match,South Korea,Other,LG CHEM ASIA PTE. LTD.,202039226K,70101,False,False,y,large,,Foreign HQ
LG Electronics,frame_match,South Korea,Other,LG ELECTRONICS SINGAPORE PTE. LTD.,200416497W,46436,False,False,y,large,,Foreign HQ
LPL Financial,frame_match,United States,Other,LPL TRADING PTE. LTD.,200916488N,46900,True,False,y,large,,Foreign HQ
LS ELECTRIC,frame_match,South Korea,Other,"LS ELECTRIC CO., LTD. Singapore Branch",T20FC0082E,46900,False,False,y,large,,Foreign HQ
LVMH,frame_match,France,Other,DFS VENTURE SINGAPORE (PTE) LIMITED | LOUIS VUITTON (SINGAPORE) PTE. LTD. | LVMH FASHION GROUP SERVICES SINGAPORE PTE. LTD. | LVMH FRAGRANCE BRANDS SINGAPORE PTE. LTD. | LVMH FRAGRANCES AND COSMETICS (SINGAPORE) PTE LTD | LVMH SOUTH AND SOUTH EAST ASIA PTE. LTD. | LVMH WATCH & JEWELLERY SINGAPORE PTE LTD | MOET HENNESSY ASIA PACIFIC PTE. LTD. | MOET HENNESSY DIAGEO SINGAPORE PTE. LTD. | SEPHORA ASIA PTE. LTD. | SEPHORA BEAUTY INTL PTE. LTD. | SEPHORA SINGAPORE PTE. LTD.,197300867M | 197902974C | 198400487H | 199003403D | 199407046H | 199608524W | 200505470E | 200714848C | 200822658N | 200822866N | 201838723W | 202508622M,46307,False,False,y,large,,Foreign HQ
LY Corporation,frame_match,Japan,Other,LY CORPORATION LIMITED | LY GLOBAL TRADING PTE. LTD. | LY MARKETING PTE. LTD. | LY PTE. LTD.,200723717Z | 201629154K | 201906635N | 202226501N,46900,True,False,y,large,,Foreign HQ
LabCorp,frame_match,United States,Other,LABCORP DEVELOPMENT (ASIA) PTE. LTD.,199608825M,46900,True,False,y,large,,Foreign HQ
Lam Research,frame_match,United States,Other,LAM RESEARCH SINGAPORE PTE LTD,199202873C,46100,False,False,y,large,,Foreign HQ
Leidos,frame_match,United States,Other,LEIDOS SINGAPORE PTE. LTD.,199901090G,46595,True,True,y,large,,Foreign HQ
Lenovo,frame_match,Hong Kong,Other,LENOVO (INDIA) PRIVATE LIMITED Singapore Branch | LENOVO (SINGAPORE) PTE. LTD. | LENOVO ENTERPRISE SOLUTIONS (SINGAPORE) PTE. LTD. | LENOVO GLOBAL FINANCIAL SERVICES (SINGAPORE) PTE. LTD. | LENOVO INSURANCE PTE. LTD. | LENOVO TREASURY SOLUTIONS PTE. LTD.,200415694W | 200605201C | 201414114M | 202007058N | 202307698D | T15FC0115D,46523,False,False,y,large,,Foreign HQ
Leonardo,frame_match,Italy,Other,LEONARDO SINGAPORE PTE. LTD.,201916587D,70101,True,False,y,large,,Foreign HQ
Lincoln Electric,frame_match,United States,Other,THE LINCOLN ELECTRIC COMPANY (ASIA PACIFIC) PTE LTD,199202597G,70101,False,False,y,large,,Foreign HQ
Linde,frame_match,United Kingdom,Other,LINDE GMBH Branch Office Singapore,T19FC0038J,41001,True,True,y,large,,Foreign HQ
Lockheed Martin,frame_match,United States,Other,LOCKHEED MARTIN GLOBAL INC.,S87FC3786C,70101,False,False,y,large,,Foreign HQ
Louis Dreyfus Company,frame_match,Netherlands,Other,LOUIS DREYFUS COMPANY ASIA  PTE. LTD. | LOUIS DREYFUS COMPANY FREIGHT ASIA PTE. LTD. | LOUIS DREYFUS COMPANY FUNDING SSEA PTE. LTD. | LOUIS DREYFUS COMPANY NORTH ASIA PTE. LTD. | LOUIS DREYFUS COMPANY TRADING SERVICES PTE. LTD.,199300434N | 199306551Z | 201212970C | 201914671G | 202143308E,46900,False,False,n,large,,Foreign HQ
Lululemon,frame_match,Canada,Other,LULULEMON ATHLETICA SG PTE. LTD.,201304753W,46900,False,True,n,large,,Foreign HQ
LyondellBasell,frame_match,United States,Other,LYONDELLBASELL SINGAPORE PTE. LTD.,202238704G,46900,True,False,y,large,,Foreign HQ
MKS Instruments,frame_match,United States,Other,MKS INSTRUMENTS (SINGAPORE) PTE. LTD.,201024799Z,46594,False,False,y,large,,Foreign HQ
MS&AD Insurance,frame_match,Japan,Other,AIOI NISSAY DOWA SERVICES ASIA PTE. LTD. | MS FIRST CAPITAL INSURANCE LIMITED,195000106C | 201730030C,74909,False,False,y,large,,Foreign HQ
MSC,frame_match,Switzerland,Other,MEDITERRANEAN SHIPPING CO. (SWITZERLAND) ASIA REGIONAL OFFICE PTE LTD | MEDITERRANEAN SHIPPING COMPANY SOUTH EAST ASIA (SINGAPORE) PTE LTD,199602642W | 200009291Z,52221,False,False,n,large,,Foreign HQ
MTN Group,frame_match,South Africa,Other,MTN APAC PTE. LTD. | MTN GLOBAL PTE. LTD.,202021183K | 202615350W,52292,True,False,y,large,,Foreign HQ
MTR Corporation,frame_match,Hong Kong,Other,MTR HOLDINGS PTE. LTD. | MTR INTERNATIONAL PTE. LTD. | MTR LABS PTE. LTD.,201119599W | 201310819Z | 202036326R,46900,True,False,y,large,,Foreign HQ
Ma'aden,frame_match,Saudi Arabia,Other,MA'ADEN MARKETING SERVICES SINGAPORE PTE. LTD.,202451403C,70102,True,True,y,large,,Foreign HQ
Maersk,frame_match,Denmark,Other,MAERSK LOGISTICS & SERVICES SINGAPORE PTE. LTD. | MAERSK OIL TRADING SINGAPORE PTE. LTD. | MAERSK SINGAPORE PTE. LTD. | MAERSK TANKERS SINGAPORE PTE. LTD.,197401342Z | 197801591R | 200708781H | 201224590Z,52222,False,False,y,large,,Foreign HQ
Magna International,frame_match,Canada,Other,MAGNA INTERNATIONAL PTE LTD,199205076G,20119,True,False,y,large,,Foreign HQ
Mars,frame_match,United States,Other,"MARS FOODS, LLC (Singapore Branch) | ROYAL CANIN SINGAPORE PTE. LTD.",202338159C | S93FC4589E,46213,False,False,n,large,,Foreign HQ
Marubeni,frame_match,Japan,Other,MARUBENI ASEAN PTE. LTD. | MARUBENI CORPORATION,199100806H | S56FC1196L,46900,True,False,y,large,,Foreign HQ
McKesson,frame_match,United States,Other,MCKESSON SERVICES PTE. LTD.,202606867W,49231,True,False,y,large,,Foreign HQ
Meituan,frame_match,China,Other,KEETA PTE. LIMITED | KEETA TECHNOLOGIES PTE. LTD.,201625454H | 202407832N,77210,True,True,y,large,,Foreign HQ
Mercedes-Benz,frame_match,Germany,Other,MERCEDES-BENZ SINGAPORE PTE. LTD.,199000355E,46561,True,False,y,large,,Foreign HQ
Merck,frame_match,United States,Other,MERCK SHARP & DOHME ASIA PACIFIC SERVICES PTE LTD | MERCK SHARP & DOHME SINGAPORE TRADING PTE. LTD. | MSD ASIA HOLDINGS PTE. LTD. | MSD INTERNATIONAL GMBH (Singapore Branch) | MSD INTERNATIONAL TRADE PTE. LTD. | MSD SOLUTIONS PTE. LTD.,200100263Z | 200803831C | 201129251N | 201941435R | 202602049M | T10FC0048B,46461,True,False,y,large,,Foreign HQ
Merck KGaA,frame_match,Germany,Other,MERCK PTE. LTD.,199406040G,46649,True,False,y,large,,Foreign HQ
MetLife,frame_match,United States,Other,METLIFE INNOVATION CENTRE PTE. LTD. | METLIFE SOLUTIONS PTE. LTD.,200612495W | 201419989N,82999,True,True,y,large,,Foreign HQ
Meta Platforms,frame_match,United States,Other,FACEBOOK SINGAPORE PTE. LTD.,201004959C,70101,False,False,y,large,,Foreign HQ
Michelin,frame_match,France,Other,MICHELIN ASIA (SINGAPORE) CO. PTE. LTD.,198905612N,22199,True,False,y,large,,Foreign HQ
Microsoft,frame_match,United States,Other,LINKEDIN 514 PTE. LTD. | LINKEDIN SINGAPORE PTE. LTD. | MICROSOFT OPERATIONS PTE LTD | MICROSOFT PAYMENTS PTE. LTD. | MICROSOFT REGIONAL SALES PTE. LTD.,199802706M | 201109821G | 201116069W | 201906581Z | 202318774D,70101,False,False,y,large,,Foreign HQ
Mitsubishi Corporation,frame_match,Japan,Other,MITSUBISHI CORPORATION | MITSUBISHI CORPORATION RTM INTERNATIONAL PTE. LTD.,201230103M | S55FC1163C,46620,False,False,y,large,,Foreign HQ
Mitsubishi Electric,frame_match,Japan,Other,MITSUBISHI ELECTRIC ASIA PTE LTD,197701180K,46435,False,False,y,large,,Foreign HQ
Mitsubishi Estate,frame_match,Japan,Other,MITSUBISHI ESTATE ASIA PTE. LTD.,200815271R,68101,False,False,y,large,,Foreign HQ
Mitsubishi Heavy Industries,frame_match,Japan,Other,MITSUBISHI HEAVY INDUSTRIES ASIA PACIFIC PTE. LTD. | MITSUBISHI HEAVY INDUSTRIES ENGINE SYSTEM ASIA PTE. LTD.,198102850N | 201020850Z,27102,False,False,y,large,,Foreign HQ
Mitsui Fudosan,frame_match,Japan,Other,MITSUI FUDOSAN (ASIA) PTE. LTD.,198101129R,70101,False,False,y,large,,Foreign HQ
Mizuho Financial Group,frame_match,Japan,Other,"MIZUHO CO., INC. Singapore Branch | MIZUHO INTERNATIONAL CO., PTE. LTD.",200604968Z | T06FC6917D,46900,True,False,y,large,,Foreign HQ
Multiply Group,frame_match,UAE,Other,MULTIPLY LABS. PTE. LTD. | MULTIPLY MANAGEMENT PTE. LTD. | MULTIPLY VENTURES PTE. LTD.,201600347R | 201801940K | 202519106M,47711,True,False,y,large,,Foreign HQ
NVIDIA,frame_match,United States,Other,NVIDIA SINGAPORE DEVELOPMENT PTE. LTD. | NVIDIA SINGAPORE PTE LTD,200003831M | 200804724D,46522,False,True,y,large,,Foreign HQ
NatWest Group,frame_match,United Kingdom,Other,NATWEST DEVELOPMENT (PTE) LIMITED | NATWEST HOLDINGS (PTE) LIMITED,197902762W | 198103971C,68101,True,False,y,large,,Foreign HQ
Neste,frame_match,Finland,Other,NESTE ASIA PACIFIC PTE. LTD. | NESTE SINGAPORE PTE. LTD. | NESTE TECHNOLOGIES PRIVATE LIMITED,200715350K | 202007550Z | 202337526M,20298,True,False,y,large,,Foreign HQ
Nestlé,frame_match,Switzerland,Other,NESTLE R&D CENTER (PTE) LTD | NESTLE SINGAPORE (PTE) LTD | NESTLE TC ASIA PACIFIC PTE. LTD.,196700197W | 197903876E | 199805773W,46303,False,False,y,large,,Foreign HQ
Netflix,frame_match,United States,Other,NETFLIX ENTERTAINMENT PTE. LTD.,202029770D,82999,False,False,y,large,,Foreign HQ
Next plc,frame_match,United Kingdom,Other,NEXT GROUP SG PTE. LTD. | NEXT INNOVATION TECHNOLOGY PTE. LTD. | NEXT MANAGEMENT SERVICES PTE LTD | NEXT RETAIL PTE. LTD. | NEXT SOLUTIONS LABS PTE. LTD. | NEXT TECH PTE. LTD. | NEXT VENTURES PTE. LTD. | THE NEXT TECH SOLUTIONS PRIVATE LTD.,198902716D | 202025225R | 202122639E | 202127756N | 202228454H | 202312551W | 202635795W | 202639402M,82302,True,False,y,large,,Foreign HQ
Nidec,frame_match,Japan,Other,NIDEC SINGAPORE PTE LTD,198804512Z,70102,True,False,y,large,,Foreign HQ
Nike,frame_match,United States,Other,NIKE GLOBAL TRADING PTE. LTD.,200907884G,46900,True,True,y,large,,Foreign HQ
Nippon Paint,frame_match,Japan,Other,NIPPON PAINT (SINGAPORE) COMPANY PRIVATE LIMITED | NIPPON PAINT HOLDINGS SG PTE. LTD. | NIPPON PAINT MARINE (SINGAPORE) PTE. LTD.,196200138N | 199102568R | 200406089K,20221,False,False,y,large,,Foreign HQ
Nippon Sanso,frame_match,Japan,Other,NIPPON SANSO HOLDINGS SINGAPORE PTE. LTD. | NIPPON SANSO SINGAPORE LTD.,196400172G | 201421718M,35200,False,False,y,large,,Foreign HQ
Nippon Steel,frame_match,Japan,Other,NIPPON STEEL SINGAPORE PTE. LTD. | NIPPON STEEL TRADING (SINGAPORE) PTE. LTD.,199002668G | 199705365E,46900,False,False,y,large,,Foreign HQ
Nitto Denko,frame_match,Japan,Other,NITTO DENKO (SINGAPORE) PTE. LTD. | NITTO DENKO ASIA TECHNICAL CENTRE PTE. LTD.,198000070G | 200812640R,46639,False,False,y,large,,Foreign HQ
Nokia,frame_match,Finland,Other,NOKIA PTE LTD | NOKIA SOLUTIONS AND NETWORKS SINGAPORE PTE. LTD.,198900336W | 200617555D,47411,True,False,y,large,,Foreign HQ
Nomura Research Institute,frame_match,Japan,Other,NOMURA RESEARCH INSTITUTE ASIA PACIFIC PRIVATE LIMITED | NOMURA RESEARCH INSTITUTE SINGAPORE PTE. LTD.,198803117Z | 201507328M,70101,False,False,y,large,,Foreign HQ
Nongfu Spring,frame_match,China,Other,NONGFU SPRING BEVERAGES PTE. LTD.,202510837R,46900,False,True,y,large,,Foreign HQ
Northern Star,frame_match,Australia,Other,NORTHERN STAR & SOUTHERN OCEAN PTE. LTD. | NORTHERN STAR ASSETS MANAGEMENT PTE. LTD. | NORTHERN STAR FOOD 81 PTE. LTD. | NORTHERN STAR INFRASTRUCTURE (PTE.) LTD. | NORTHERN STAR MARITIME TRADING PTE. LTD. | NORTHERN STAR SERVICES PTE. LTD.,200715685G | 201201921N | 202224909G | 202446546D | 202535086K | 202554982W,41001,False,False,y,large,,Foreign HQ
Northrop Grumman,frame_match,United States,Other,"NORTHROP GRUMMAN INTERNATIONAL ASIA SERVICES, INC. Singapore Branch",T14FC0053C,82999,False,False,y,large,,Foreign HQ
Novonesis,frame_match,Denmark,Other,NOVONESIS SINGAPORE PTE. LTD.,199406596H,46900,True,False,y,large,,Foreign HQ
Ocean Network Express,frame_match,Singapore,Other,OCEAN NETWORK EXPRESS (SINGAPORE) PTE. LTD. | OCEAN NETWORK EXPRESS PTE. LTD.,201708450C | 201721993Z,50021,False,False,n,large,Singapore-HQ group with operations outside Singapore (curated; verify),Singapore HQ
Olam Group,frame_match,Singapore,Other,OLAM AGRI HOLDINGS LIMITED | OLAM AGRI PTE. LTD. | OLAM COCOA PTE. LTD. | OLAM ENTERPRISES PTE. LTD. | OLAM FINANCIAL SERVICES PTE. LTD. | OLAM FOOD INGREDIENTS VIETNAM PTE. LTD. | OLAM GHCO I PTE. LTD. | OLAM GHCO II PTE. LTD. | OLAM GLOBAL AGRI ASIA PTE. LTD. | OLAM GLOBAL AGRI KSA PTE. LTD. | OLAM GLOBAL AGRI LATAM PTE. LTD. | OLAM GLOBAL AGRI PTE. LTD. | OLAM GLOBAL AGRI TREASURY PTE. LTD. | OLAM GLOBAL HOLDCO PTE. LTD. | OLAM GRAINS EMPRESA PTE. LTD. | OLAM GROUP LIMITED | OLAM HOLDINGS PTE. LTD. | OLAM INTERNATIONAL LIMITED | OLAM MARITIME FREIGHT HOLDINGS PTE. LTD. | OLAM MARITIME FREIGHT PTE. LTD. | OLAM TREASURY PTE. LTD.,198401772C | 199504676H | 201003986K | 201116783Z | 201708046R | 202019624K | 202032628R | 202033543H | 202106083E | 202110101R | 202110111H | 202110222G | 202115457K | 202115518E | 202117285K | 202180000W | 202219828K | 202223253G | 202223282N | 202516597G | 202538812D,10731,False,False,n,large,Singapore-HQ group with operations outside Singapore (curated; verify),Singapore HQ
Olympus,frame_match,Japan,Other,OLYMPUS INVESTMENT PTE. LTD. | OLYMPUS SINGAPORE PTE. LTD. | OLYMPUS TECHNOLOGIES PTE. LIMITED,198900566E | 201826743M | 202127935G,46592,True,False,n,large,,Foreign HQ
Oracle,frame_match,United States,Other,ORACLE CORPORATION SG PTE. LTD. | ORACLE CORPORATION SINGAPORE PTE LTD | ORACLE DEVELOPMENT PTE. LTD. | ORACLE GLOBAL SERVICES SINGAPORE PTE. LTD. | ORACLE MANAGEMENT PTE. LTD. | ORACLE SINGAPORE HOLDINGS PTE. LTD. | ORACLE SOLUTIONS PTE. LTD.,198801539M | 200504397R | 201626655E | 201911799E | 202140499R | 202310996H | 202416983E,46512,True,False,y,large,,Foreign HQ
Otsuka Holdings,frame_match,Japan,Other,OTSUKA SINGAPORE PTE. LTD.,201819552R,11042,True,False,y,large,,Foreign HQ
PDD Holdings,frame_match,China,Other,PDD PTE. LTD. | TEMU E-COMMERCE PRIVATE LIMITED,202421847Z | 202628889N,96021,True,False,y,large,,Foreign HQ
PNC Financial Services,frame_match,United States,Other,PNC TECHNOLOGIES PTE. LTD.,202349681Z,46900,True,True,y,large,,Foreign HQ
POSCO,frame_match,South Korea,Other,POSCO INTERNATIONAL GLOBAL DEVELOPMENT PTE. LTD. | POSCO INTERNATIONAL SINGAPORE PTE. LTD.,200304508N | 201311387K,46900,True,False,y,large,,Foreign HQ
PPG Industries,frame_match,United States,Other,PPG INDUSTRIES (SINGAPORE) PTE. LTD.,199607076N,20222,False,False,y,large,,Foreign HQ
PPL,frame_match,United States,Other,PPL (PTE) LTD | PPL ASIA PTE. LTD. | PPL INNOVATION PTE. LTD.,198003840N | 201622326H | 202134760K,68103,True,False,y,large,,Foreign HQ
PTT PCL,frame_match,Thailand,Other,PTT GLOBAL PTE. LTD. | PTT INTERNATIONAL TRADING PTE LTD | PTT INVESTMENT HOLDINGS PTE. LTD.,200010108W | 202001390D | 202631292G,46610,True,False,y,large,,Foreign HQ
Pacific International Lines,frame_match,Singapore,Other,PACIFIC INTERNATIONAL LINES (PRIVATE) LIMITED,196700080N,50021,False,False,n,large,Singapore-HQ group with operations outside Singapore (curated; verify),Singapore HQ
Palo Alto Networks,frame_match,United States,Other,PALO ALTO NETWORKS (NETHERLANDS) B.V. (Singapore Branch) | PALO ALTO NETWORKS (SINGAPORE) HOLDING COMPANY PTE. LTD. | PALO ALTO NETWORKS (SINGAPORE) PTE. LTD.,201005542K | 201332778Z | T17FC0065D,46514,False,False,y,large,,Foreign HQ
Panasonic,frame_match,Japan,Other,PANASONIC ASIA PACIFIC PTE. LTD. | PANASONIC AVIONICS CORPORATION Singapore Branch | PANASONIC AVIONICS SERVICES SINGAPORE PTE. LTD. | PANASONIC FACTORY SOLUTIONS ASIA PACIFIC PTE. LTD. | PANASONIC INDUSTRIAL DEVICES SINGAPORE PTE. LTD. | PANASONIC INSURANCE AGENCY SERVICES SINGAPORE PTE. LTD. | PANASONIC PROJECTOR & DISPLAY ASIA PACIFIC PTE. LTD.,197401131G | 199607190H | 201108325C | 202137870G | 202139764R | 202442328E | S95FC4931H,70101,False,False,y,large,,Foreign HQ
Parker-Hannifin,frame_match,United States,Other,PARKER HANNIFIN SINGAPORE PRIVATE LIMITED,197601849R,46541,True,False,y,large,,Foreign HQ
Pepsico,frame_match,United States,Other,PEPSICO INTERNATIONAL BEVERAGES SERVICES LLC | PEPSICO INTERNATIONAL PTE. LTD. | PEPSICO SINGAPORE FINANCING I PTE. LTD. | PEPSICO SINGAPORE FINANCING II PTE. LTD.,198403722K | 202336290R | 202336300R | T26FC0020B,82999,False,False,y,large,,Foreign HQ
Pernod Ricard,frame_match,France,Other,PERNOD RICARD SINGAPORE PTE LTD,198903094W,46307,False,False,y,large,,Foreign HQ
PetroChina,frame_match,China,Other,PETROCHINA INTERNATIONAL (SINGAPORE) PTE. LTD.,200413294G,46610,True,False,y,large,,Foreign HQ
Petrobras,frame_match,Brazil,Other,PETROBRAS SINGAPORE PRIVATE LIMITED,200604967H,46610,True,False,y,large,,Foreign HQ
Pfizer,frame_match,United States,Other,PFIZER ASIA MANUFACTURING PTE. LTD. | PFIZER GLOBAL HOLDINGS PTE. LTD. | PFIZER HOLDING SG PTE. LTD. | PFIZER HOLDINGS INTERNATIONAL LLC (Singapore Branch) | PFIZER HOLDINGS INTERNATIONAL PTE. LTD. | PFIZER INTERMEDIATE HOLDINGS 1 PTE. LTD. | PFIZER INTERMEDIATE HOLDINGS 2 PTE. LTD. | PFIZER INVESTMENT ENTERPRISES HOLDINGS PTE. LTD. | PFIZER INVESTMENT ENTERPRISES PTE. LTD. | PFIZER PRIVATE LIMITED | PFIZER SINGAPORE HOLDING PTE. LTD.,196400192M | 200615588C | 201733458C | 202315648E | 202330859M | 202345546D | 202413444D | 202413448G | 202413521Z | 202413724C | T23FC0088G,46461,False,False,y,large,,Foreign HQ
PharmaEssentia,frame_match,Taiwan,Other,PHARMAESSENTIA SINGAPORE PTE. LTD.,202131032D,46592,True,True,y,large,,Foreign HQ
Philip Morris International,frame_match,United States,Other,PHILIP MORRIS SINGAPORE PTE. LTD.,199707015K,46308,False,True,y,large,,Foreign HQ
Philips,frame_match,Netherlands,Other,PHILIPS ELECTRONICS SINGAPORE PTE LTD,199705989C,46592,False,False,y,large,,Foreign HQ
Phillips 66,frame_match,United States,Other,PHILLIPS 66 INTERNATIONAL TRADING PTE. LTD.,200710844M,46610,False,False,y,large,,Foreign HQ
Pidilite,frame_match,India,Other,PIDILITE INNOVATION CENTRE PTE. LTD. | PIDILITE INTERNATIONAL PTE. LTD.,200416836H | 200619063N,46900,True,False,y,large,,Foreign HQ
Ping An Insurance,frame_match,China,Other,PING AN ENERGY TECHNOLOGY PTE. LTD. | PING AN HEALTHCAREG PTE. LTD. | PING AN IMMIGRATION PTE. LTD. | PING AN TRAVEL PTE. LTD. | PING AN WEALTH MANAGEMENT PTE. LTD.,201540407H | 202019454Z | 202400941R | 202421211H | 202616514R,79102,False,False,y,large,,Foreign HQ
Pop Mart International Group,frame_match,China,Other,POP MART (SINGAPORE) HOLDING PTE. LTD. | POP MART EASYFUN TECHNOLOGY PTE. LTD. | POP MART SINGAPORE PTE. LTD. | POP MART SOUTH ASIA PTE. LTD.,201939939E | 202143183D | 202200796W | 202451855E,32400,False,False,y,large,,Foreign HQ
Porsche,frame_match,Germany,Other,PORSCHE ASIA PACIFIC PTE LTD | PORSCHE SERVICES SINGAPORE PTE. LTD. | PORSCHE SINGAPORE PTE. LTD.,200104559C | 201118011Z | 202209850D,70102,True,False,y,large,,Foreign HQ
Power Assets,frame_match,Hong Kong,Other,POWER ASSETS PTE. LTD.,202617653G,46900,False,False,y,large,,Foreign HQ
Procter & Gamble,frame_match,United States,Other,P & G CONSULTING PTE. LTD. | P & G DESIGN SOLUTIONS PTE. LTD. | P&G ASSOCIATES PAC | P&G GREEN PRODUCT PTE. LTD. | P&G INNOVATE ADVISORY PTE. LTD. | P&G NORTHEAST ASIA PTE LTD | P&G SHOPPES PTE. LTD. | PROCTER & GAMBLE (SINGAPORE) PTE LTD | PROCTER & GAMBLE ASIA PTE. LIMITED | PROCTER & GAMBLE INTERNATIONAL OPERATIONS PTE LTD | PROCTER & GAMBLE INTERNATIONAL OPERATIONS SA Singapore Branch,196900413D | 199607681Z | 199806299M | 200003934Z | 201027119Z | 201719884R | 201904291R | 202224606K | 202334064Z | 202539002K | T10FC0158J,46424,False,False,y,large,,Foreign HQ
QUALCOMM,frame_match,United States,Other,QUALCOMM ASIA PACIFIC PTE. LTD. | QUALCOMM CDMA TECHNOLOGIES ASIA-PACIFIC PTE LTD | QUALCOMM GLOBAL TRADING PTE. LTD. | QUALCOMM TECH PTE. LTD.,199907853D | 200715933E | 201127766C | 202228035R,46522,False,False,y,large,,Foreign HQ
RB Global,frame_match,Canada,Other,RB GLOBAL SERVICES PTE. LTD.,202448390E,81211,False,False,y,large,,Foreign HQ
RELX,frame_match,United Kingdom,Other,ELSEVIER (SINGAPORE) PTE. LTD. | RELX (SINGAPORE) PTE. LTD.,197801021N | 198201562M,58110,False,False,y,large,,Foreign HQ
Ralph Lauren,frame_match,United States,Other,RALPH LAUREN (SINGAPORE) PRIVATE LIMITED,200907210G,47719,False,False,y,large,,Foreign HQ
Randstad,frame_match,Netherlands,Other,RANDSTAD FTC PTE. LTD. | RANDSTAD PTE. LIMITED,199304055W | 201606304K,78104,False,False,n,large,,Foreign HQ
Reliance Inc,frame_match,United States,Other,RELIANCE ASIA HOLDING PTE. LTD. | RELIANCE INTERNATIONAL HOLDING PTE. LTD. | RELIANCE INVESTMENT PTE. LTD. | RELIANCE MANAGEMENT SERVICES PTE. LTD. | RELIANCE PRODUCTS PTE. LTD. | RELIANCE PTE LTD | RELIANCE SERVICE MANAGEMENT PTE. LTD.,197601907W | 200400369K | 200812428H | 200919620H | 201224320C | 202011834C | 202100398W,68103,True,False,y,large,,Foreign HQ
Renesas Electronics,frame_match,Japan,Other,RENESAS ELECTRONICS SINGAPORE PTE. LTD.,199402303G,46522,False,False,y,large,,Foreign HQ
Repsol,frame_match,Spain,Other,REPSOL SINGAPORE PTE. LTD. | REPSOL TRADING SINGAPORE PTE. LTD.,201409449M | 201434096W,46610,True,False,y,large,,Foreign HQ
Resonac Holdings Corporation,frame_match,Japan,Other,RESONAC ASIA PACIFIC PTE. LTD.,200403873Z,46900,True,False,y,large,,Foreign HQ
Rheinmetall,frame_match,Germany,Other,RHEINMETALL SINGAPORE PTE. LTD.,198602208H,82999,True,False,y,large,,Foreign HQ
Rio Tinto,frame_match,United Kingdom,Other,RIO TINTO COMMERCIAL LITHIUM PTE. LTD. | RIO TINTO COMMERCIAL PTE. LTD. | RIO TINTO GLOBAL EMPLOYMENT COMPANY PTE. LTD. | RIO TINTO MARKETING PTE. LTD. | RIO TINTO MINERALS ASIA PTE. LTD. | RIO TINTO PROCUREMENT (SINGAPORE) PTE. LTD. | RIO TINTO SHIPPING (ASIA) PTE. LTD. | RIO TINTO SINGAPORE HOLDINGS PTE. LTD.,197001181R | 200511942N | 200517548Z | 200614443E | 200711921E | 200721407K | 201405448R | 202601757H,70101,False,False,y,large,,Foreign HQ
Robert Walters,frame_match,United Kingdom,Other,ROBERT WALTERS (SINGAPORE) PTE LTD,199706961E,78104,False,False,n,large,,Foreign HQ
Roblox,frame_match,United States,Other,ROBLOX SINGAPORE PTE. LTD.,202511972D,70101,True,True,y,large,,Foreign HQ
Roche,frame_match,Switzerland,Other,"ROCHE DIAGNOSTICS ASIA PACIFIC PTE LTD | ROCHE ENGINEERING TECHNOLOGY PTE. LTD. | ROCHE GREEN PTE. LTD. | ROCHE SINGAPORE PTE. LTD. | ROCHE SINGAPORE TECHNICAL OPERATIONS, PTE. LTD.",197200080C | 199803381W | 200702157K | 201600387G | 202201153D,46461,False,False,y,large,,Foreign HQ
Rolls-Royce Holdings,frame_match,United Kingdom,Other,ROLLS-ROYCE MOTOR CARS LIMITED (Singapore Branch) | ROLLS-ROYCE SINGAPORE PTE. LTD. | ROLLS-ROYCE SOLUTIONS ASIA PTE. LTD.,197400771H | 198500100K | T10FC0086H,46541,False,False,y,large,,Foreign HQ
Rongsheng Petrochemical,frame_match,China,Other,RONGSHENG PETROCHEMICAL (SINGAPORE) PTE. LTD.,201502714M,46643,False,False,y,large,,Foreign HQ
Royal Caribbean Group,frame_match,United States,Other,ROYAL CARIBBEAN CRUISES (ASIA) PTE. LTD.,200703693G,50011,False,False,y,large,,Foreign HQ
Royal Gold,frame_match,United States,Other,ROYAL GOLD MC PTE. LTD. | ROYAL GOLD MOUNTAIN TRADING PTE. LTD.,202509186R | 202534066H,46223,False,True,y,large,,Foreign HQ
Rubrik,frame_match,United States,Other,RUBRIK SINGAPORE PTE. LIMITED,201537718M,47412,True,True,y,large,,Foreign HQ
S.F. Express,frame_match,China,Other,S. F. EXPRESS (SINGAPORE) PRIVATE LIMITED | S. F. EXPRESS INTERNATIONAL (SINGAPORE) PTE. LTD.,200715259N | 201417450M,53200,False,False,y,large,,Foreign HQ
SAAB AB,frame_match,Sweden,Other,SAAB SINGAPORE PTE. LTD.,199101249C,70102,True,False,y,large,,Foreign HQ
SABIC,frame_match,Saudi Arabia,Other,SABIC ASIA PACIFIC PTE LTD,199106011H,46643,True,True,y,large,,Foreign HQ
SGS,frame_match,Switzerland,Other,SGS INCORPORATED (PTE. LTD.) | SGS SERVICES PTE. LTD.,201818467M | 201931475H,47109,True,False,y,large,,Foreign HQ
SK Group,frame_match,South Korea,Other,SK ENERGY INTERNATIONAL PTE. LTD. | SK TELECOM (NEE SOON) PTE. LTD. | SK TELECOM PTE. LTD.,199004669K | 201118696D | 202402055N,46610,False,False,y,large,,Foreign HQ
SK Hynix,frame_match,South Korea,Other,SK HYNIX ASIA PTE. LTD. | SK HYNIX NAND PRODUCT SOLUTIONS SINGAPORE PTE. LTD.,199103118K | 202116877K,46522,False,False,y,large,,Foreign HQ
SKF,frame_match,Sweden,Other,SKF ASIA PACIFIC PTE. LTD.,197300214H,46549,True,False,n,large,,Foreign HQ
SLB,frame_match,United States,Other,SLB DEVELOPMENT PTE. LTD. | SLB HOLDINGS PTE. LTD. | SLB INTERNATIONAL PTE. LTD.,200207489W | 200611237W | 201729864H,46411,True,False,y,large,,Foreign HQ
SSE,frame_match,United Kingdom,Other,SSE ASIA PACIFIC PTE. LTD.,200820247Z,50022,True,False,y,large,,Foreign HQ
ST Engineering,frame_match,Singapore,Other,SINGAPORE TECHNOLOGIES ENGINEERING LTD | ST ENGINEERING ADVANCED MATERIAL ENGINEERING PTE. LTD. | ST ENGINEERING ADVANCED NETWORKS & SENSORS PTE. LTD. | ST ENGINEERING AEROSPACE ENGINES PTE. LTD. | ST ENGINEERING AEROSPACE INVESTMENT MANAGEMENT PTE. LTD. | ST ENGINEERING AEROSPACE LTD. | ST ENGINEERING AEROSPACE PRECISION PRODUCTS PTE. LTD. | ST ENGINEERING AEROSPACE RESOURCES PTE. LTD. | ST ENGINEERING AEROSPACE SERVICES COMPANY PTE. LTD. | ST ENGINEERING AEROSPACE SYSTEMS PTE. LTD. | ST ENGINEERING AIRX PTE. LTD. | ST ENGINEERING AND TECHNOLOGY SOLUTIONS PTE. LTD. | ST ENGINEERING CLOUD AND DATA CENTRE SOLUTIONS PTE. LTD. | ST ENGINEERING D'CRYPT PTE. LTD. | ST ENGINEERING DEFENCE AVIATION SERVICES PTE. LTD. | ST ENGINEERING DIGITAL SYSTEMS PTE. LTD. | ST ENGINEERING E-SERVICES PTE. LTD. | ST ENGINEERING ENTERPRISE DIGITAL PTE. LTD. | ST ENGINEERING GEO-INSIGHTS PTE. LTD. | ST ENGINEERING IDIRECT (APAC) PTE. LTD. | ST ENGINEERING IHQ PTE. LTD. | ST ENGINEERING INFO-SECURITY PTE. LTD. | ST ENGINEERING INNOSPARKS PTE. LTD. | ST ENGINEERING LAND MRO & SERVICES PTE. LTD. | ST ENGINEERING LAND SYSTEMS LTD. | ST ENGINEERING MANAGEMENT SERVICES PTE. LTD. | ST ENGINEERING MARINE LTD. | ST ENGINEERING MISSION SOFTWARE & SERVICES PTE. LTD. | ST ENGINEERING MOBILITY SERVICES PTE. LTD. | ST ENGINEERING SATELLITE SYSTEMS PTE. LTD. | ST ENGINEERING SPACETECH PTE. LTD. | ST ENGINEERING SYNTHESIS PTE. LTD. | ST ENGINEERING TRAINING & SIMULATION SYSTEMS PTE. LTD. | ST ENGINEERING TREASURY PTE. LTD. | ST ENGINEERING UNMANNED & INTEGRATED SYSTEMS PTE. LTD. | ST ENGINEERING URBAN SOLUTIONS LTD. | ST ENGINEERING URS PARTNERSHIP CO. PTE. LTD. | ST ENGINEERING VENTURES FUND PTE. LTD. | ST ENGINEERING VENTURES PTE. LTD.,196800180M | 196900084E | 197100263N | 197501559C | 197700230E | 198004216K | 198105870H | 198202248E | 198601030N | 198601460K | 198703428D | 199000305C | 199103371Z | 199103901W | 199300213H | 199307390G | 199400107H | 199506881H | 199607423R | 199706274H | 199902746G | 200000445C | 200002505W | 200100708K | 200208838W | 200701199G | 200807753Z | 201009091R | 201013049Z | 201329889N | 201632394N | 201803324N | 201907611C | 202028623C | 202029257C | 202029348N | 202119489R | 202324443D | 202506873D,30110,False,False,y,large,Singapore-HQ group with operations outside Singapore (curated; verify),Singapore HQ
Safran,frame_match,France,Other,SAFRAN SINGAPORE PTE. LTD.,200202189M,30301,True,False,y,large,,Foreign HQ
Samsung Electro-Mechanics,frame_match,South Korea,Other,SAMSUNG ELECTRO-MECHANICS PTE. LTD.,200209516D,46522,False,False,y,large,,Foreign HQ
Sandvik,frame_match,Sweden,Other,SANDVIK SOUTH EAST ASIA PTE LTD,196900028M,46900,True,False,y,large,,Foreign HQ
Sanofi,frame_match,France,Other,SANOFI-AVENTIS SINGAPORE PTE. LTD.,199703242Z,46461,False,False,y,large,,Foreign HQ
Santos,frame_match,Australia,Other,SANTOS SG TRADING PTE. LTD. | SANTOS SINGAPORE MANAGEMENT PTE. LTD.,202040322M | 202328810R,71126,True,True,y,large,,Foreign HQ
Sartorius,frame_match,Germany,Other,SARTORIUS SINGAPORE PTE. LTD.,199705577H,46900,True,False,y,large,,Foreign HQ
Savills,frame_match,United Kingdom,Other,SAVILLS (PH) PROPERTY SERVICES PTE. LTD. | SAVILLS (SEA) PTE. LTD. | SAVILLS (SINGAPORE) PTE. LTD. | SAVILLS CAPITAL ADVISORS (ASIA PACIFIC) PRIVATE LIMITED | SAVILLS IM JAPAN RESIDENTIAL FUND II GP PTE. LTD. | SAVILLS INVESTMENT MANAGEMENT JAPAN VALUE FUND II GP PTE. LTD. | SAVILLS INVESTMENT MANAGEMENT PTE. LIMITED | SAVILLS PROJECTS HOLDINGS PTE. LTD. | SAVILLS PROJECTS SINGAPORE PTE. LTD. | SAVILLS PROPERTY MANAGEMENT PTE. LTD. | SAVILLS VALUATION AND PROFESSIONAL SERVICES (S) PTE. LTD.,198703410D | 199407355N | 200107358K | 200402411G | 200811952W | 201023646M | 201807620Z | 202026526G | 202127466D | 202346553Z | 202521351W,68201,False,False,n,large,,Foreign HQ
Schneider Electric,frame_match,France,Other,SCHNEIDER ELECTRIC ASIA PTE. LTD. | SCHNEIDER ELECTRIC IT LOGISTICS ASIA PACIFIC PTE. LTD. | SCHNEIDER ELECTRIC IT SINGAPORE PTE. LTD. | SCHNEIDER ELECTRIC JV HOLDINGS 2 PTE. LTD. | SCHNEIDER ELECTRIC JV HOLDINGS PTE. LTD. | SCHNEIDER ELECTRIC OVERSEAS ASIA PTE LTD | SCHNEIDER ELECTRIC SINGAPORE PTE. LTD. | SCHNEIDER ELECTRIC SOUTH EAST ASIA (HQ) PTE. LTD. | SCHNEIDER ELECTRIC SYSTEMS SINGAPORE PTE. LTD.,197300426M | 197700782D | 197903476G | 199508807E | 199608375D | 199708621D | 199806094H | 201813037N | 202022118M,82999,False,False,y,large,,Foreign HQ
Secom,frame_match,Japan,Other,SECOM (SINGAPORE) PTE LTD,199200612M,80100,True,False,y,large,,Foreign HQ
Shanghai Electric Group,frame_match,China,Other,SHANGHAI ELECTRIC POWER ENGINEERING CO. LTD. Singapore Branch | SHANGHAI ELECTRIC RENEWABLE ENERGY PTE. LTD.,201942423W | T26FC0014C,35102,False,False,y,large,,Foreign HQ
SharkNinja,frame_match,United States,Other,SHARKNINJA APAC HOLDING PTE. LTD. | SHARKNINJA SINGAPORE PTE. LTD.,201941792D | 202302857H,46435,True,False,y,large,,Foreign HQ
Shein,frame_match,Singapore,Other,ROADGET BUSINESS PTE. LTD. | SHEIN STAR PTE. LTD. | SHEIN TRADING PTE. LTD.,201310471K | 201939698G | 202338855Z,46900,False,False,n,large,Singapore-HQ group with operations outside Singapore (curated; verify),Singapore HQ
Shell,frame_match,United Kingdom,Other,SHELL CHEMICALS SERAYA PTE. LTD. | SHELL EASTERN TRADING (PTE) LTD | SHELL INTERNATIONAL SHIPPING SERVICES (PTE) LTD | SHELL SINGAPORE PTE. LTD.,196000089G | 198902087C | 199400986R | 200001789R,46610,False,False,y,large,,Foreign HQ
Shengyi Technology,frame_match,China,Other,SHENGYI TECHNOLOGY (SEA) PTE. LTD. | SYTECH INTERNATIONAL PTE. LTD.,201812043G | 202024678N,46900,True,False,y,large,,Foreign HQ
Shiseido,frame_match,Japan,Other,SHISEIDO ASIA PACIFIC PTE. LTD. | SHISEIDO SINGAPORE CO. (PTE) LIMITED | SHISEIDO TRAVEL RETAIL ASIA PACIFIC PTE. LTD.,197000237R | 200409869K | 201524668N,46900,False,False,n,large,,Foreign HQ
Shopify,frame_match,Canada,Other,SHOPIFY SOLUTIONS PTE. LTD.,202603366E,46900,True,False,y,large,,Foreign HQ
Siemens,frame_match,Germany,Other,SIEMENS BANK GMBH Singapore Branch | SIEMENS ELECTRONIC DESIGN AUTOMATION PTE. LTD. | SIEMENS INDUSTRY SOFTWARE PTE. LTD. | SIEMENS MOBILITY PTE. LTD. | SIEMENS PTE. LTD.,198904962E | 199605166D | 199708383W | 201802424M | T16FC0178E,46900,False,False,y,large,,Foreign HQ
Siemens Energy,frame_match,Germany,Other,SIEMENS ENERGY PTE. LTD.,201926800G,71122,False,False,y,large,,Foreign HQ
Siemens Healthineers,frame_match,Germany,Other,SIEMENS HEALTHCARE PTE. LTD.,201504514R,46592,False,False,n,large,,Foreign HQ
Sieyuan Electric,frame_match,China,Other,SIEYUAN ELECTRIC SG PTE. LTD.,202556074H,35103,False,True,y,large,,Foreign HQ
Singapore Airlines,frame_match,Singapore,Other,SINGAPORE AIRLINES CARGO PTE LTD | SINGAPORE AIRLINES LIMITED,197200078R | 200007345C,51001,False,False,y,large,Singapore-HQ group with operations outside Singapore (curated; verify),Singapore HQ
Sinopac Financial Holdings,frame_match,Taiwan,Other,SINOPAC GROUP PTE. LTD.,202554686W,46900,True,True,y,large,,Foreign HQ
Sinopec,frame_match,China,Other,SINOPEC (SOUTHEAST ASIA) PTE. LTD. | SINOPEC INTERNATIONAL (SINGAPORE) PRIVATE LIMITED,201131094R | 201334541H,46610,True,False,y,large,,Foreign HQ
Smurfit Westrock,frame_match,Ireland,Other,SMURFIT WESTROCK SINGAPORE PTE. LTD.,199305100K,82999,False,True,y,large,,Foreign HQ
Snam,frame_match,Italy,Other,SNAM VENTURES PTE. LIMITED,201436853D,46900,True,True,y,large,,Foreign HQ
Snowflake,frame_match,United States,Other,SNOWFLAKE COMPUTING SINGAPORE PTE. LTD. | SNOWFLAKE COUNTRY INVESTMENT PTE. LTD. | SNOWFLAKE HOLDINGS PTE. LTD. | SNOWFLAKE INVESTMENT HOLDINGS PTE. LTD. | SNOWFLAKE MEDICAL  PTE. LTD. | SNOWFLAKE TECHNOLOGY PRIVATE LIMITED,198900130D | 201512909C | 201531324E | 201833695M | 202143857K | 202501132W,80100,False,False,y,large,,Foreign HQ
Sociedad Quimica y Minera,frame_match,Chile,Other,SQM PTE. LTD.,202021228D,95301,True,False,y,large,,Foreign HQ
Sonova,frame_match,Switzerland,Other,SONOVA ASIA PACIFIC PTE. LTD. | SONOVA SINGAPORE PTE. LTD.,200802000Z | 202631583H,46592,True,False,y,large,,Foreign HQ
Sony,frame_match,Japan,Other,SONY BLOCK SOLUTIONS LABS PTE. LTD. | SONY BLOCK SOLUTIONS SINGAPORE PTE. LTD. | SONY ELECTRONICS (SINGAPORE) PTE. LTD. | SONY ELECTRONICS ASIA PACIFIC PTE. LTD. | SONY INTERACTIVE ENTERTAINMENT SINGAPORE PRIVATE LIMITED | SONY INTERNATIONAL (SINGAPORE) LTD. | SONY LIFE SINGAPORE PTE. LTD. | SONY MUSIC ENTERTAINMENT SINGAPORE (PTE.) LTD. | SONY MUSIC PUBLISHING (PTE) LTD | SONY PICTURES RELEASING SINGAPORE PTE. LTD. | SONY RAJ VISION PTE. LTD.,198104525Z | 198200481R | 198901336N | 199000682N | 199200663G | 201703453M | 201716748E | 201914138Z | 202212000G | 202342003W | 202539597M,46442,False,False,y,large,,Foreign HQ
SpaceX,frame_match,United States,Other,SPACEX SERVICES PTE. LTD.,202515861K,49231,True,False,y,large,,Foreign HQ
Starbucks,frame_match,United States,Other,STARBUCKS COFFEE SINGAPORE PTE. LTD. | STARBUCKS HOLDING COMPANY PTE. LTD. | STARBUCKS SINGAPORE INVESTMENT PTE. LTD.,198800670D | 200613598C | 201727353Z,56112,False,False,y,large,,Foreign HQ
Steris,frame_match,Ireland,Other,STERIS SOLUTIONS PTE. LIMITED,198200347R,46592,True,True,y,large,,Foreign HQ
Straumann,frame_match,Switzerland,Other,STRAUMANN GROUP SINGAPORE PTE. LTD.,200708440D,46592,True,False,y,large,,Foreign HQ
Sumitomo Corporation,frame_match,Japan,Other,SUMITOMO CORPORATION ASIA & OCEANIA PTE. LTD. | SUMITOMO CORPORATION CAPITAL ASIA PTE. LTD. | SUMITOMO CORPORATION GLOBAL COMMODITIES LIMITED,199101899M | 199508404N | T09FC0057J,46900,False,False,y,large,,Foreign HQ
Sumitomo Electric Industries,frame_match,Japan,Other,"SUMITOMO ELECTRIC ASIA PACIFIC PTE. LTD. | SUMITOMO ELECTRIC AUTOMOTIVE PRODUCTS (SINGAPORE) PTE LTD | SUMITOMO ELECTRIC HARDMETAL ASIA PACIFIC PTE LTD | SUMITOMO ELECTRIC INDUSTRIES, LTD. Singapore Branch | SUMITOMO ELECTRIC INTERNATIONAL (SINGAPORE) PTE LTD",197801956W | 198903324M | 199002449D | 199800959E | T14FC0152J,46900,False,False,y,large,,Foreign HQ
Sun Life Financial,frame_match,Canada,Other,SUN LIFE (SINGAPORE) SUPPORT CENTER PTE. LTD. | SUN LIFE ASSET MANAGEMENT PTE. LTD. | SUN LIFE ASSURANCE COMPANY OF CANADA Singapore Branch | SUN LIFE SERVICES (SINGAPORE) PTE. LTD.,202225440D | 202443004H | 202542450N | T19FC0132B,70101,False,False,y,large,,Foreign HQ
Sun Pharmaceutical,frame_match,India,Other,SUN PHARMACEUTICAL PTE. LTD.,200716618G,46461,False,False,y,large,,Foreign HQ
Suntory,frame_match,Japan,Other,SUNTORY BEVERAGE & FOOD ASIA PTE. LTD. | SUNTORY BUSINESS EXPERT APAC PTE. LTD. | SUNTORY TRADING HONG KONG LIMITED Singapore Branch | SUNTORY WELLNESS ASIA PACIFIC PTE. LTD.,201117283D | 201434573M | 202225170W | T19FC0035K,70101,False,False,n,large,,Foreign HQ
Swedish Orphan Biovitrum,frame_match,Sweden,Other,SWEDISH ORPHAN BIOVITRUM SINGAPORE PTE. LTD.,202637617R,70101,False,True,y,large,,Foreign HQ
Swire Pacific,frame_match,Hong Kong,Other,SWIRE PACIFIC PTE. LTD.,202215858D,46522,False,False,y,large,,Foreign HQ
Sysco,frame_match,United States,Other,SYSCO ANALYTICS ASIA PTE LTD | SYSCO INFOTECH PTE. LTD. | SYSCO OFFSHORE II PTE. LTD. | SYSCO OFFSHORE PTE. LTD.,199804587H | 202022617N | 202505152H | 202624755M,70102,False,False,y,large,,Foreign HQ
TDK,frame_match,Japan,Other,TDK SINGAPORE (PRIVATE) LIMITED | TDK TRADING (SINGAPORE) PTE. LTD.,197701252H | 201603373Z,46522,True,False,y,large,,Foreign HQ
TE Connectivity,frame_match,Switzerland,Other,TE CONNECTIVITY PTE. LIMITED,202606838K,46900,False,True,y,large,,Foreign HQ
TPG Inc.,frame_match,United States,Other,TPG PTE. LTD.,201714878E,47214,True,False,y,large,,Foreign HQ
TSMC,frame_match,Taiwan,Other,TSMC ENTERPRISE PTE. LTD.,200914252H,41009,False,False,y,large,,Foreign HQ
TVS Motor,frame_match,India,Other,TVS MOTOR (SINGAPORE) PTE. LIMITED | TVS MOTOR COMPANY LIMITED Singapore Branch,200301438H | T18FC0003J,82999,False,False,y,large,,Foreign HQ
Teradyne,frame_match,United States,Other,TERADYNE (ASIA) PTE. LTD.,200311819K,46592,True,True,y,large,,Foreign HQ
Tesco,frame_match,United Kingdom,Other,TESCO SINGAPORE PTE. LTD.,200507410C,46599,True,True,y,large,,Foreign HQ
Tetra Pak,frame_match,Switzerland,Other,TETRA PAK ASIA PTE LTD | TETRA PAK JURONG PTE LTD | TETRA PAK SOUTH EAST ASIA PTE LTD,197902618E | 199200416G | 199907159G,17022,False,True,n,large,,Foreign HQ
Thales,frame_match,France,Other,THALES ASIA PTE. LTD. | THALES SOLUTIONS ASIA PTE. LTD. | THALES VENTURES PTE. LTD.,199002348W | 199306768W | 202611954D,70101,True,False,y,large,,Foreign HQ
The Hershey Company,frame_match,United States,Other,HERSHEY ASIA PACIFIC PTE. LTD.,200918090N,82999,True,False,y,large,,Foreign HQ
The Phoenix Holdings,frame_match,Israel,Other,PHOENIX CORPORATION ASIA PTE. LTD. | PHOENIX DATA PTE LTD | PHOENIX GLOBAL HOLDINGS PTE. LTD. | PHOENIX GLOBAL INVESTMENTS PTE. LTD. | PHOENIX HOLDINGS PTE. LTD. | PHOENIX INTERNATIONAL HOLDINGS PTE. LTD. | PHOENIX INVESTMENT PTE. LTD. | PHOENIX INVESTMENTS PTE. LTD. | PHOENIX LABS PTE. LTD. | PHOENIX MANAGEMENT ASIA PTE LTD | PHOENIX PACIFIC INVESTMENT PTE. LTD. | PHOENIX PTE. LTD. | PHOENIX SOLUTIONS PTE. LTD. | PHOENIX TECHNOLOGY PTE. LTD.,199308089E | 199706175E | 200807623G | 201016276D | 201212616G | 201331533H | 201435137D | 201610477G | 201618255C | 201619495W | 201913545C | 202038379E | 202220888W | 202325591R,46521,True,False,y,large,,Foreign HQ
Thermo Fisher Scientific,frame_match,United States,Other,THERMO FISHER BIOPHARMA SERVICES PTE. LTD. | THERMO FISHER SCIENTIFIC PTE. LTD.,200510503Z | 202100940N,46592,False,False,y,large,,Foreign HQ
Thomson Reuters,frame_match,Canada,Other,THOMSON REUTERS CORPORATION PTE. LTD. | THOMSON REUTERS INFORMATION PTE. LTD.,199606134Z | 200716975N,58120,False,False,y,large,,Foreign HQ
Tokyo Electron,frame_match,Japan,Other,TOKYO ELECTRON DEVICE SINGAPORE PTE. LTD. | TOKYO ELECTRON SINGAPORE PTE. LTD.,200800972H | 201208006G,46900,False,False,y,large,,Foreign HQ
TotalEnergies,frame_match,France,Other,TOTALENERGIES CHARGING SERVICES SINGAPORE PTE. LTD. | TOTALENERGIES ENEOS RENEWABLES DISTRIBUTED GENERATION ASIA PTE. LTD. | TOTALENERGIES EP ASIA PACIFIC PTE. LTD. | TOTALENERGIES EP BOBARA PTE. LTD. | TOTALENERGIES EP SINGAPORE PTE. LTD. | TOTALENERGIES GAS & POWER ASIA PRIVATE LIMITED | TOTALENERGIES MARINE FUELS PTE. LTD. | TOTALENERGIES MARKETING ASIA-PACIFIC MIDDLE EAST PTE. LTD. | TOTALENERGIES REFINING & CHEMICALS SINGAPORE PTE. LTD. | TOTALENERGIES RENEWABLES ASIA PTE. LTD. | TOTALENERGIES RENEWABLES DEVELOPMENT ASIA PTE. LTD. | TOTALENERGIES RENEWABLES DG ASIA ASSETS PTE. LTD. | TOTALENERGIES RENEWABLES DG DEVELOPMENT ASIA PTE. LTD. | TOTALENERGIES RENEWABLES DG HOLDINGS ASIA PTE. LTD. | TOTALENERGIES RENEWABLES HOLDINGS JAPAN PTE. LTD. | TOTALENERGIES RENEWABLES HOLDINGS SINGAPORE PTE. LTD. | TOTALENERGIES RENEWABLES INDIA HOLDING ONE PTE. LTD. | TOTALENERGIES RENEWABLES OA HOLDINGS INDIA PTE. LTD. | TOTALENERGIES RENEWABLES PROJECTS SINGAPORE PTE. LTD. | TOTALENERGIES RENEWABLES PROJECTS VIETNAM PTE. LTD. | TOTALENERGIES RENEWABLES SINGAPORE PTE. LTD. | TOTALENERGIES SINGAPORE SERVICES PTE. LTD. | TOTALENERGIES TRADING ASIA PTE. LTD. | TOTALENERGIES-ENEOS SINGAPORE PROJECTS PTE. LTD. | TOTALENERGIES-ENEOS VIETNAM PROJECTS PTE. LTD.,198203852R | 198302113C | 201010351Z | 201014307G | 201100734K | 201231306K | 201511623C | 201512121D | 201819957H | 201832618G | 201840140K | 201840291Z | 202006363Z | 202013073W | 202031952R | 202041789Z | 202118557N | 202119628W | 202210253Z | 202233598N | 202237102C | 202304139R | 202346853D | 202426008E | 202525773H,19209,False,False,y,large,,Foreign HQ
Toyota,frame_match,Japan,Other,LEXUS 98 GROUP PTE. LTD. | LEXUS CONTAINER LINE PTE. LTD. | LEXUS DURIAN KING PTE. LTD. | LEXUS ELECTRICAL ENGINEERING PTE. LTD. | LEXUS ENGINEERING (S) PTE. LTD. | LEXUS EVENTS PTE. LTD. | LEXUS FRESH MART PTE. LTD. | LEXUS INVESTMENT PTE. LTD. | LEXUS STEEL PRIVATE LIMITED | LEXUS TRADING PTE. LTD. | LEXUS VISION PTE. LTD. | TOYOTA MOTOR ASIA (SINGAPORE) PTE. LTD.,199002145R | 200611353N | 200720056H | 201119749D | 201307767D | 201837481M | 202038830H | 202141168Z | 202238852D | 202516636N | 202517483M | 202618720G,70101,False,False,y,large,,Foreign HQ
Toyota Tsusho,frame_match,Japan,Other,TOYOTA TSUSHO ASIA PACIFIC PTE. LTD. | TOYOTA TSUSHO MARINE FUELS CORPORATION Singapore Branch | TOYOTA TSUSHO MOBILITY INFORMATICS PTE. LTD. | TOYOTA TSUSHO NEXTY ELECTRONICS SINGAPORE PTE. LTD. | TOYOTA TSUSHO PETROLEUM PTE. LTD. | TOYOTA TSUSHO RE SINGAPORE PTE. LTD. | TOYOTA TSUSHO SYSTEMS SINGAPORE PTE. LTD.,197501152G | 198900529G | 199501523H | 200208943K | 200402738M | 201936737E | T23FC0023H,46900,False,False,y,large,,Foreign HQ
Trafigura,frame_match,Singapore,Other,TRAFIGURA ALTERNATIVE INVESTMENTS PTE. LTD. | TRAFIGURA ASIA TRADING PTE. LTD. | TRAFIGURA BEHEER B.V. | TRAFIGURA CARBON TRADING PTE. LTD. | TRAFIGURA COMMODITIES FUNDING PTE. LTD. | TRAFIGURA CONTROL HOLDINGS PTE. LTD. | TRAFIGURA GLOBAL COMMODITIES FUNDING PTE. LTD. | TRAFIGURA GROUP PTE. LTD. | TRAFIGURA HOLDINGS PTE. LTD. | TRAFIGURA LOBITO INVESTMENTS PTE. LTD. | TRAFIGURA MARITIME LOGISTICS PTE. LTD. | TRAFIGURA OVERSEAS PROJECTS PTE. LTD. | TRAFIGURA PTE LTD | TRAFIGURA SERVICES PTE. LTD. | TRAFIGURA SINGAPORE INVESTMENT PLATFORM PTE. LTD. | TRAFIGURA SPECIAL HOLDINGS PTE. LTD. | TRAFIGURA WEST AFRICA PTE. LTD.,199601595D | 200605310W | 200810372Z | 201017488D | 201119446G | 201132622H | 201539314D | 201632608G | 201735628E | 201841127W | 201901407G | 202203308R | 202237002G | 202347908E | 202431324G | 202437579M | T19FC0025E,46610,False,False,n,large,Singapore-HQ group with operations outside Singapore (curated; verify),Singapore HQ
Trane Technologies,frame_match,Ireland,Other,TRANE TECHNOLOGIES INDIA PRIVATE LIMITED Singapore Branch,T21FC0051K,46599,False,False,y,large,,Foreign HQ
Trip.com,frame_match,China,Other,TRIP.COM TRAVEL SINGAPORE PTE. LTD.,201613701E,79102,False,False,y,large,,Foreign HQ
Uber,frame_match,United States,Other,UBER CAPITAL PTE. LTD. | UBER CHEMICALS PTE. LTD. | UBER DIAGNOSTICS PTE. LTD. | UBER ENGINEERING PTE. LTD. | UBER EVENTS PTE. LTD. | UBER GARAGE (S) PTE. LTD. | UBER GARAGE PTE. LTD. | UBER MANAGEMENT PTE. LTD. | UBER SINGAPORE TECHNOLOGY PTE. LTD. | UBER SPORTS PTE. LTD.,200203156W | 200616379G | 200701601W | 200818686K | 201013351H | 201301465Z | 201330384W | 201417154M | 201500752H | 202551555E,77330,False,False,y,large,,Foreign HQ
Unilever,frame_match,United Kingdom,Other,UNILEVER ASIA PRIVATE LIMITED | UNILEVER BUFFET PTE. LTD. | UNILEVER SINGAPORE PTE. LIMITED,197100592E | 199002280G | 202245800G,10764,False,False,y,large,,Foreign HQ
Union Pacific Corporation,frame_match,United States,Other,UNION PACIFIC GROUP PTE. LTD.,202028951C,46900,False,True,y,large,,Foreign HQ
United Airlines Holdings,frame_match,United States,Other,"UNITED AIRLINES, INC. (Singapore Branch)",T11FC0091E,51003,False,False,y,large,,Foreign HQ
United Parcel Service,frame_match,United States,Other,UNITED PARCEL SERVICE CO. | UNITED PARCEL SERVICE SINGAPORE PTE LTD | UPS ASIA GROUP PTE. LTD. | UPS ASIA HOLDING PTE. LTD.,198801949D | 201128506M | 202011747M | S94FC4817L,53200,True,False,y,large,,Foreign HQ
Universal Music Group,frame_match,Netherlands,Other,UNIVERSAL MUSIC PTE LTD | UNIVERSAL MUSIC PUBLISHING PTE LTD,196600395C | 198802368G,59201,False,False,y,large,,Foreign HQ
VAT Group,frame_match,Switzerland,Other,VAT SINGAPORE PTE. LTD.,200712409K,96099,True,False,y,large,,Foreign HQ
Vale,frame_match,Brazil,Other,VALE INTERNATIONAL SA Singapore Branch,T10FC0100E,70101,False,False,y,large,,Foreign HQ
Vertiv Holdings,frame_match,United States,Other,VERTIV (SINGAPORE) HOLDINGS PTE. LTD. | VERTIV (SINGAPORE) PTE. LTD.,198205102D | 201625165H,46511,True,False,y,large,,Foreign HQ
Vinci,frame_match,France,Other,VINCI SINGAPORE PTE. LTD.,202117280R,46900,True,True,y,large,,Foreign HQ
Vitol,frame_match,Switzerland,Other,VITOL (AFRICA) ENERGY PTE. LTD. | VITOL APAC CAPITAL PTE. LTD. | VITOL APAC COMMODITIES PTE. LTD. | VITOL APAC ENERGY PTE. LTD. | VITOL APAC HOLDING HORIZON PTE. LTD. | VITOL APAC HOLDING SUMMIT PTE. LTD. | VITOL ASIA PTE LTD | VITOL BUNKERS (S) PTE. LTD. | VITOL CHN ENERGY PTE. LTD. | VITOL CHN VENTURE PTE. LTD. | VITOL ENERGY (SINGAPORE) PTE. LTD. | VITOL IND HOLDING PTE. LTD. | VITOL INTERNATIONAL SHIPPING PTE. LTD. | VITOL OVERSEAS TRADING PTE. LTD. | VITOL RESOURCES INTERNATIONAL PTE. LTD. | VITOL SHIPPING PTE. LTD. | VITOL SINGAPORE PTE LTD,197902720E | 199001917Z | 199200407E | 200804963M | 200805018H | 201115304N | 201226057E | 201628921Z | 201941703Z | 201943831D | 202000719C | 202027372N | 202327801W | 202557904G | 202634878D | 202634934D | 202634938G,70101,False,False,n,large,,Foreign HQ
Volkswagen,frame_match,Germany,Other,VOLKSWAGEN GROUP SINGAPORE PTE LTD,199101494Z,47311,True,False,y,large,,Foreign HQ
Volvo Group,frame_match,Sweden,Other,VOLVO GROUP SINGAPORE (PTE.) LTD.,201812279Z,46559,True,False,y,large,,Foreign HQ
WEG,frame_match,Brazil,Other,WEG SINGAPORE PTE. LTD.,200514472H,27109,True,False,y,large,,Foreign HQ
Walt Disney,frame_match,United States,Other,DISNEY NETWORKS SINGAPORE PTE. LTD. | DISNEY STUDIO PTE. LTD. | THE WALT DISNEY COMPANY (SOUTHEAST ASIA) PTE. LIMITED,199304999D | 199407351K | 202449812N,60200,False,False,y,large,,Foreign HQ
Wanhua Chemical,frame_match,China,Other,WANHUA CHEMICAL (SINGAPORE) PTE. LTD. | WANHUA CHEMICAL INTERNATIONAL PTE. LTD. | WANHUA CHEMICAL SHIPPING (SINGAPORE) PTE. LTD.,201417285R | 201903864C | 202346463W,46900,False,False,y,large,,Foreign HQ
Waste Management,frame_match,United States,Other,WASTE MANAGEMENT PTE LTD,198905272M,46651,False,False,y,large,,Foreign HQ
Western Digital,frame_match,United States,Other,WESTERN DIGITAL (SINGAPORE) PTE. LTD.,201021203W,46522,False,False,y,large,,Foreign HQ
Westpac Banking,frame_match,Australia,Other,WESTPAC BANKING CORPORATION | WESTPAC CONSTRUCTION PTE. LTD. | WESTPAC ELECTRONICS (SG) PTE. LTD.,200918060R | 202339903E | S79FC2785A,41009,False,False,y,large,,Foreign HQ
Williams-Sonoma,frame_match,United States,Other,WILLIAMS-SONOMA SINGAPORE PTE. LTD.,200821051N,46439,True,False,y,large,,Foreign HQ
Wilmar International,frame_match,Singapore,Other,WILMAR INTERNATIONAL LIMITED | WILMAR INVESTMENT HOLDINGS PTE. LTD. | WILMAR TRADING (ASIA) PTE. LTD. | WILMAR TRADING PTE LTD | WILMAR VENTURES PTE. LTD.,198802023W | 199904785Z | 201221334H | 201613780R | 201625910G,46303,True,True,y,large,Singapore-HQ group with operations outside Singapore (curated; verify),Singapore HQ
Woodward,frame_match,United States,Other,WOODWARD INVESTMENTS PTE. LTD. | WOODWARD PTE. LTD.,200509283G | 200613330H,68103,True,True,y,large,,Foreign HQ
Woori Financial Group,frame_match,South Korea,Other,WOORI GLOBAL PTE. LTD. | WOORI SINGAPORE PTE. LTD.,201828055W | 202533894E,52222,True,True,y,large,,Foreign HQ
WuXi AppTec,frame_match,China,Other,WUXI APPTEC SINGAPORE PTE. LTD.,202138468Z,70101,False,True,y,large,,Foreign HQ
Xiaomi,frame_match,China,Other,XIAOMI ELECTRONICS PTE. LTD. | XIAOMI SINGAPORE FINTECH PRIVATE LIMITED | XIAOMI SINGAPORE PTE. LTD. | XIAOMI TECHNOLOGIES SINGAPORE PTE. LTD.,201334380Z | 201814012K | 202127014Z | 202433493M,47411,False,False,y,large,,Foreign HQ
YPF,frame_match,Argentina,Other,YPF TECHNOLOGY ASIAN PACIFIC PTE. LTD.,202628725Z,46599,True,True,y,large,,Foreign HQ
Yageo,frame_match,Taiwan,Other,YAGEO CORPORATION (SOUTH ASIA) PTE. LTD.,200004577C,46522,True,False,y,large,,Foreign HQ
ZF Friedrichshafen,frame_match,Germany,Other,ZF ASIA PACIFIC PTE. LTD.,198702489N,82999,False,False,n,large,,Foreign HQ
ZTE,frame_match,China,Other,ZTE SINGAPORE PTE. LTD.,200605796D,46523,True,False,y,large,,Foreign HQ
Zebra Technologies,frame_match,United States,Other,ZEBRA TECHNOLOGIES ASIA PACIFIC PTE. LTD.,200803661K,46511,False,True,y,large,,Foreign HQ
Zoetis,frame_match,United States,Other,ZOETIS SINGAPORE PTE. LTD.,201215505W,70101,True,True,y,large,,Foreign HQ
ABN AMRO,frame_match,Netherlands,Regulated,ABN AMRO CLEARING BANK N.V. | ABN AMRO CLEARING SINGAPORE PTE. LTD.,200502016G | T09FC0093A,66129,False,False,y,large,,Foreign HQ
ACWA POWER Company,frame_match,Saudi Arabia,Regulated,ACWA POWER ASIA HOLDINGS PTE. LTD.,201616525N,64202,False,True,y,large,,Foreign HQ
AIA,frame_match,Hong Kong,Regulated,AIA INVESTMENT MANAGEMENT HOLDING COMPANY PRIVATE LIMITED | AIA INVESTMENT MANAGEMENT PRIVATE LIMITED | AIA SINGAPORE PRIVATE LIMITED,201106386R | 201616233C | 201616304H,65110,False,False,y,large,,Foreign HQ
ANZ Bank,frame_match,Australia,Regulated,ANZ INTERNATIONAL PRIVATE LIMITED | ANZ INVESTMENT GROUP PTE. LTD. | ANZ TECHNOLOGY INVESTMENT PTE. LTD. | AUSTRALIA AND NEW ZEALAND BANKING GROUP LIMITED,198700358W | 201130103H | 202328057G | S80FC2839H,64202,True,False,y,large,,Foreign HQ
APi Group,frame_match,United States,Regulated,API GLOBAL SG PTE. LTD. | API-OPERATIONS PTE. LTD.,202103482D | 202419406M,64202,True,True,y,large,,Foreign HQ
ASUS,frame_match,Taiwan,Regulated,ASUS GLOBAL PTE. LTD. | ASUS TECHNOLOGY PTE. LIMITED,200505648D | 201306935R,64202,True,False,y,large,,Foreign HQ
Adani Power,frame_match,India,Regulated,ADANI POWER GLOBAL PTE. LTD.,202424131H,64202,False,False,y,large,,Foreign HQ
Adyen,frame_match,Netherlands,Regulated,ADYEN SINGAPORE PTE. LTD.,201210678M,64999,False,False,y,large,,Foreign HQ
Agilent Technologies,frame_match,United States,Regulated,AGILENT TECHNOLOGIES SINGAPORE (GLOBAL) PTE. LTD. | AGILENT TECHNOLOGIES SINGAPORE (HOLDINGS) PTE. LTD. | AGILENT TECHNOLOGIES SINGAPORE (INTERNATIONAL) PTE. LTD. | AGILENT TECHNOLOGIES SINGAPORE (SALES) PTE. LTD. | AGILENT TECHNOLOGIES SINGAPORE CORPORATION PTE. LTD. | AGILENT TECHNOLOGIES SINGAPORE PTE LTD,199903281G | 199904761K | 200309822Z | 201619604C | 201815040D | 202330362R,32501,False,True,y,large,,Foreign HQ
Agricultural Bank of China,frame_match,China,Regulated,AGRICULTURAL BANK OF CHINA LIMITED,S95FC4966C,64130,False,False,y,large,,Foreign HQ
AllianceBernstein,frame_match,United States,Regulated,ALLIANCEBERNSTEIN (SINGAPORE) LTD.,199703364C,64999,False,False,n,large,,Foreign HQ
Allianz SE,frame_match,Germany,Regulated,ALLIANZ ASIA HOLDING PTE. LTD. | ALLIANZ BULK CARRIERS PTE. LIMITED | ALLIANZ BULK CFR8 PTE. LTD. | ALLIANZ COMMUNICATION PRIVATE LIMITED | ALLIANZ FINANZEN (PRIVATE) LTD. | ALLIANZ GLOBAL CORPORATE & SPECIALTY SE Singapore Branch | ALLIANZ GLOBAL INVESTORS SINGAPORE LIMITED | ALLIANZ INFRASTRUCTURE HOLDING I PTE. LTD. | ALLIANZ INSURANCE SINGAPORE PTE. LTD. | ALLIANZ INVESTMENT MANAGEMENT SINGAPORE PTE. LTD. | ALLIANZ MANAGEMENT PTE. LTD. | ALLIANZ MARINE SERVICES PTE. LTD. | ALLIANZ NIKKO PTE. LTD. | ALLIANZ NIKKO1 PTE. LTD. | ALLIANZ NIKKO2 PTE. LTD. | ALLIANZ NIKKO3 PTE. LTD. | ALLIANZ RENTAL PTE. LTD. | ALLIANZ SAKURA MULTIFAMILY 1 PTE. LTD. | ALLIANZ SAKURA MULTIFAMILY 2 PTE. LTD. | ALLIANZ SE | ALLIANZ SERVICES PTE. LTD. | ALLIANZ SOLUTIONS PTE. LTD. | ALLIANZ SPECIALISTS & ENTREPRENEURSHIP TRAINING PTE. LTD. | ALLIANZ TECHNOLOGY SE Singapore Branch | ALLIANZ WERKZ PTE. LTD. | PIMCO ASIA PTE LTD | PIMCO PRIME REAL ESTATE ASIA PACIFIC PTE. LTD.,199804652K | 199907169Z | 200901934Z | 201135248K | 201326534D | 201333611H | 201903737C | 201903913C | 201912227W | 201918684W | 201931765Z | 201931993E | 201938670W | 202000233H | 202106651M | 202106933M | 202107651H | 202145086N | 202201615G | 202206295M | 202226530C | 202338819M | 202411057W | 202444981E | S98FC5644A | T11FC0131K | T11FC0142L,66309,False,False,y,large,,Foreign HQ
American Express,frame_match,United States,Regulated,AMERICAN EXPRESS INNOVATION LABORATORIES LIMITED (Singapore Branch) | AMERICAN EXPRESS INTERNATIONAL INC.,S68FC1878J | T22FC0063A,66195,False,False,y,large,,Foreign HQ
American International Group,frame_match,United States,Regulated,AIG ASIA PACIFIC INSURANCE PTE. LTD.,201009404M,65124,False,False,y,large,,Foreign HQ
Amgen,frame_match,United States,Regulated,AMGEN ASIA PACIFIC PTE. LTD. | AMGEN BIOTECHNOLOGY SINGAPORE PTE. LTD. | AMGEN SINGAPORE HOLDING PTE. LTD. | AMGEN SINGAPORE MANUFACTURING PTE. LTD. | AMGEN SINGAPORE PTE. LTD.,200402249D | 200719257W | 201230579E | 202306220M | 202345539D,64202,False,False,y,large,,Foreign HQ
Amphenol,frame_match,United States,Regulated,AMPHENOL HOLDING SG PTE. LTD. | AMPHENOL SINGAPORE PRIVATE LIMITED,200913374N | 202411011C,64202,True,False,y,large,,Foreign HQ
Amundi,frame_match,France,Regulated,AMUNDI SINGAPORE LIMITED,198900774E,64201,True,False,y,large,,Foreign HQ
Anheuser-Busch Inbev,frame_match,Belgium,Regulated,ANHEUSER-BUSCH INBEV CHINA PTE. LTD.,200901581M,64202,False,True,y,large,,Foreign HQ
Ant Group,frame_match,China,Regulated,ALIPAY CONNECT PTE. LTD. | ALIPAY SINGAPORE HOLDING PTE. LTD. | ANT INTERNATIONAL (SINGAPORE) SME SERVICES PTE. LTD. | ANT INTERNATIONAL TECHNOLOGIES (SINGAPORE) HOLDING PTE. LTD.,201614168G | 201835821C | 202111105R | 202215351N,64202,False,False,n,large,,Foreign HQ
Aon,frame_match,United Kingdom,Regulated,AON SINGAPORE PTE. LTD. | AON SOLUTIONS SINGAPORE PTE. LTD.,198301525W | 198901141D,66221,True,False,y,large,,Foreign HQ
Ares Management,frame_match,United States,Regulated,ARES MANAGEMENT ASIA (SINGAPORE) PTE. LTD.,201324375D,66301,False,True,y,large,,Foreign HQ
Arthur J. Gallagher & Co.,frame_match,United States,Regulated,ARTHUR J. GALLAGHER (SINGAPORE) PTE. LTD.,201018540R,66222,False,False,y,large,,Foreign HQ
Asahi Group,frame_match,Japan,Regulated,ASAHI ASIA PACIFIC PTE. LTD. | ASAHI HOLDINGS PTE. LTD.,200208663M | 201602343E,64202,True,False,y,large,,Foreign HQ
Aviva,frame_match,United Kingdom,Regulated,AVIVA ASIA MANAGEMENT PTE. LTD. | AVIVA INVESTMENT PTE. LTD.,200803524W | 201020946G,64202,True,True,y,large,,Foreign HQ
Axis Bank,frame_match,India,Regulated,AXIS BANK LIMITED Singapore Branch,T05FC6803H,64140,False,False,y,large,,Foreign HQ
BHP Group,frame_match,Australia,Regulated,BHP INVESTMENT PTE. LTD.,202020141C,64202,True,False,y,large,,Foreign HQ
BNP Paribas,frame_match,France,Regulated,BNP PARIBAS | BNP PARIBAS ASSET MANAGEMENT SINGAPORE LIMITED | BNP PARIBAS NOMINEES SINGAPORE PTE. LTD. | BNP PARIBAS REAL ESTATE (SINGAPORE) PTE. LTD. | BNP PARIBAS TRUST SERVICES SINGAPORE LIMITED,197800433K | 199308471D | 200800851W | 201833560E | S71FC2142G,66191,False,False,y,large,,Foreign HQ
BNY Mellon,frame_match,United States,Regulated,BNY MELLON INSTITUTIONAL SERVICES (ASIA PACIFIC) PTE. LTD. | BNY MELLON INVESTMENT MANAGEMENT SINGAPORE PTE. LIMITED | THE BANK OF NEW YORK MELLON,201230427E | 201619557D | S74FC2426B,66309,False,False,y,large,,Foreign HQ
Ball Corporation,frame_match,United States,Regulated,BALL SOUTHEAST ASIA HOLDINGS (SINGAPORE) PTE LTD,199508968G,64202,True,True,y,large,,Foreign HQ
Banco Bilbao Vizcaya Argentaria,frame_match,Spain,Regulated,"BANCO BILBAO VIZCAYA ARGENTARIA, S.A.",T06FC6840A,64130,False,False,y,large,,Foreign HQ
Bank of America,frame_match,United States,Regulated,"BANK OF AMERICA SINGAPORE LIMITED | BANK OF AMERICA,NATIONAL ASSOCIATION | MERRILL LYNCH (SINGAPORE) PTE. LTD. | MERRILL LYNCH GLOBAL SERVICES PTE. LTD.",198602883D | 199300889K | 200611164H | S63FC1518C,64140,False,False,y,large,,Foreign HQ
Bank of China,frame_match,China,Regulated,BANK OF CHINA ASSET MANAGEMENT (SINGAPORE) PTE. LTD. | BANK OF CHINA LIMITED | BANK OF CHINA NOMINEES (PTE) LTD,198500403G | 202133907D | S36FC0753G,66191,False,False,y,large,,Foreign HQ
Bank of Communications,frame_match,China,Regulated,"BANK OF COMMUNICATIONS CO., LTD",S96FC5208B,64130,False,False,y,large,,Foreign HQ
Barclays,frame_match,United Kingdom,Regulated,BARCLAYS BANK PLC | BARCLAYS EXECUTION SERVICES LIMITED Singapore Branch | BARCLAYS MERCHANT BANK (SINGAPORE) LTD,199704977K | S73FC2302A | T07FC7088B,64140,False,False,y,large,,Foreign HQ
Barrick Gold,frame_match,Canada,Regulated,BARRICK GOLD (SINGAPORE) PTE. LTD.,200913256R,64202,False,True,y,large,,Foreign HQ
BeOne Medicines,frame_match,United States,Regulated,BEONE MEDICINES SINGAPORE PTE. LTD.,201902029M,64202,False,True,y,large,,Foreign HQ
Berkshire Hathaway,frame_match,United States,Regulated,BERKSHIRE HATHAWAY SPECIALTY INSURANCE COMPANY,T14FC0124H,65124,False,False,y,large,,Foreign HQ
BlackRock,frame_match,United States,Regulated,BLACKROCK (SINGAPORE) HOLDCO PTE. LTD. | BLACKROCK (SINGAPORE) LIMITED | BLACKROCK ADVISORS SINGAPORE PTE. LTD. | BLACKROCK CAPITAL PTE. LTD. | BLACKROCK CAR PTE. LTD. | BLACKROCK ENERGY PTE. LTD. | BLACKROCK FINTECH CONSULTING PTE. LTD. | BLACKROCK INTERNATIONAL CAPITAL PTE. LTD. | BLACKROCK PROPERTY MANAGEMENT PRIVATE LIMITED | BLACKROCK VISUALIZED ASSETS FUND PTE. LTD.,200010143N | 200410353K | 200612248W | 201905154Z | 202011616H | 202238442M | 202309298W | 202343696H | 202505465W | 202517748Z,66301,False,False,y,large,,Foreign HQ
Bloomberg,frame_match,United States,Regulated,BLOOMBERG DATA MANAGEMENT SERVICES LIMITED | BLOOMBERG FINANCE SINGAPORE L.P. Singapore Branch | BLOOMBERG INDEX SERVICES LIMITED | BLOOMBERG SINGAPORE PTE. LTD. | BLOOMBERG TELECOMMUNICATIONS PTE LTD | BLOOMBERG TRADEBOOK SINGAPORE PTE LTD,200104338R | 200108289C | 201805596G | T13FC0181A | T14FC0068K | T18FC0069D,66199,False,True,n,large,,Foreign HQ
Blue Owl Capital,frame_match,United States,Regulated,BLUE OWL CAPITAL SINGAPORE PTE. LTD.,202138462N,66194,False,True,y,large,,Foreign HQ
Brookfield Corporation,frame_match,Canada,Regulated,BROOKFIELD ASIA HOLDINGS PTE. LTD. | BROOKFIELD ASIA PACIFIC DC KOREA HOLDINGS PTE. LTD. | BROOKFIELD ASIA PACIFIC DC MANAGEMENT PTE. LTD. | BROOKFIELD BLUESKY RENEWABLE ENERGY PTE. LTD. | BROOKFIELD BPY SINGAPORE HOLDINGS PTE. LTD. | BROOKFIELD CORPORATE HOLDINGS (SINGAPORE) PTE. LTD. | BROOKFIELD CTF ALBA HOLDINGS PTE. LTD. | BROOKFIELD CTF ASIA HOLDINGS PTE. LIMITED | BROOKFIELD CTF ASIA INVESTMENTS PTE. LTD. | BROOKFIELD CTF VESFIEL HOLDINGS PTE. LTD. | BROOKFIELD CTF VIETNAM HOLDINGS PTE. LIMITED | BROOKFIELD CTF VNI HOLDINGS PTE. LIMITED | BROOKFIELD CTF VNII HOLDINGS PTE. LIMITED | BROOKFIELD GLOBAL TRANSITION FUND CN HOLDINGS PTE. LTD. | BROOKFIELD INVESTMENTS PTE. LTD. | BROOKFIELD RENEWABLE ENERGY I PTE. LTD. | BROOKFIELD RENEWABLE PRC HOLDINGS PTE. LTD. | BROOKFIELD SINGAPORE PTE. LTD.,201416234E | 201531049C | 201717556D | 201812983H | 201926632W | 202133520N | 202139874D | 202412200D | 202413273C | 202413280C | 202431102K | 202514682C | 202539764K | 202539770Z | 202540942D | 202540949Z | 202602114N | 202605115N,66301,False,False,y,large,,Foreign HQ
CIBC,frame_match,Canada,Regulated,CANADIAN IMPERIAL BANK OF COMMERCE | CIBC CAPITAL MARKETS ASIA PTE. LTD.,202625180E | S77FC2645B,66121,False,False,y,large,,Foreign HQ
CLP Group,frame_match,Hong Kong,Regulated,CLP HOLDINGS PTE LTD | CLP INTERNATIONAL PTE LTD,199703777E | 200107294D,64201,True,False,y,large,,Foreign HQ
CM Bank,frame_match,China,Regulated,"CHINA MERCHANTS BANK CO., LTD",T13FC0088D,64130,False,False,y,large,,Foreign HQ
CME Group,frame_match,United States,Regulated,CME GROUP ASIA HOLDINGS PTE. LTD. | CME GROUP SINGAPORE OPERATIONS PTE. LTD. | CME PTE. LTD.,201200535R | 201208131E | 201217277W,64202,True,False,y,large,,Foreign HQ
COSCO Shipping,frame_match,China,Regulated,"COSCO SHIPPING (SINGAPORE) PETROLEUM PTE. LTD. | COSCO SHIPPING (SOUTH EAST ASIA) PTE. LTD. | COSCO SHIPPING BULK (SOUTHEAST ASIA) PTE. LTD. | COSCO SHIPPING CAR CARRIERS (SOUTHEAST ASIA) PTE. LTD. | COSCO SHIPPING ENGINEERING PTE. LTD. | COSCO SHIPPING INTERNATIONAL (SINGAPORE) CO., LTD. | COSCO SHIPPING LINES (SINGAPORE) PTE. LTD. | COSCO SHIPPING MARINE ENGINEERING (SINGAPORE) PTE. LTD. | COSCO SHIPPING SOUTHEAST ASIA CONTAINER LOGISTICS SERVICES PTE. LTD. | COSCO SHIPPING SPECIALIZED CARRIERS (SOUTHEAST ASIA) PTE. LTD. | COSCO SHIPPING TANKER (SINGAPORE) PTE. LTD.",196100159G | 198701648E | 198901787G | 199303588E | 199305664D | 199905426G | 201002567C | 201219173M | 201840176N | 202030894W | 202349164N,64202,False,False,y,large,,Foreign HQ
Carlsberg,frame_match,Denmark,Regulated,CARLSBERG ALLIANCE PTE. LTD. | CARLSBERG ASIA FUNDING PTE. LTD. | CARLSBERG ASIA PTE LTD | CARLSBERG SINGAPORE PTE LTD | CARLSBERG SOUTH ASIA PTE. LTD. | CARLSBERG VIETNAM HOLDINGS PTE. LTD.,200103537W | 200104095R | 201014561G | 202604914D | 202635810R | 202635823C,64202,False,False,n,large,,Foreign HQ
Cathay Financial Holding,frame_match,Taiwan,Regulated,CATHAY UNITED BANK,T08FC7284E,64130,False,False,y,large,,Foreign HQ
Charles Schwab,frame_match,United States,Regulated,CHARLES SCHWAB SG PTE. LTD.,200902152D,66121,False,True,y,large,,Foreign HQ
China International Capital Corporation,frame_match,China,Regulated,CHINA INTERNATIONAL CAPITAL CORPORATION (SINGAPORE) PTE. LIMITED,200814424W,66121,False,False,y,large,,Foreign HQ
China Life Insurance,frame_match,China,Regulated,CHINA LIFE INSURANCE (SINGAPORE) PTE. LTD.,201433645N,65110,False,False,y,large,,Foreign HQ
China Merchants Securities,frame_match,China,Regulated,CHINA MERCHANTS SECURITIES (SINGAPORE) PTE. LTD.,201423203E,66121,False,True,y,large,,Foreign HQ
China Steel,frame_match,Taiwan,Regulated,CHINA STEEL ASIA PACIFIC HOLDINGS PTE LTD,200009274G,64202,False,False,y,large,,Foreign HQ
Circle Internet Group,frame_match,United States,Regulated,CIRCLE INTERNET SINGAPORE PTE. LTD.,202205946E,64999,False,False,y,large,,Foreign HQ
Citigroup,frame_match,United States,Regulated,CITIBANK N.A. | CITIBANK NOMINEES SINGAPORE PTE LTD | CITIBANK SINGAPORE LIMITED | CITICORP INVESTMENT BANK (SINGAPORE) LIMITED | CITICORP TRUSTEE (SINGAPORE) LIMITED | CITIGROUP BUSINESS PROCESS SOLUTIONS PTE. LTD. | CITIGROUP GLOBAL MARKETS SINGAPORE HOLDINGS PTE. LTD. | CITIGROUP GLOBAL MARKETS SINGAPORE PTE. LTD. | CITIGROUP GLOBAL MARKETS SINGAPORE SECURITIES PTE. LTD. | CITIGROUP HOLDING (SINGAPORE) PRIVATE LIMITED,197200204M | 198303701K | 198801936W | 199001506W | 199002673E | 199604601H | 200308866W | 200309485K | 200403831G | S27FC0556D,64140,False,False,y,large,,Foreign HQ
Coca-Cola European Partners,frame_match,United Kingdom,Regulated,COCA-COLA EUROPACIFIC PARTNERS INVESTMENTS (SINGAPORE) PTE. LTD.,198701758M,64201,False,True,y,large,,Foreign HQ
Coinbase,frame_match,United States,Regulated,COINBASE DEVELOPER PLATFORM PTE. LTD. | COINBASE GLOBAL PTE. LTD. | COINBASE RISK STRATEGIES PTE. LTD. | COINBASE SINGAPORE PTE. LTD.,201935002N | 202122861E | 202143682E | 202246458R,64999,False,True,y,large,,Foreign HQ
ComfortDelGro,frame_match,Singapore,Regulated,COMFORTDELGRO (CHINA) PTE. LTD. | COMFORTDELGRO (S.E. ASIA) PTE. LTD. | COMFORTDELGRO BUS PTE. LTD. | COMFORTDELGRO CORPORATION LIMITED | COMFORTDELGRO ENERGY PTE. LTD. | COMFORTDELGRO ENGIE SOLAR PTE. LTD. | COMFORTDELGRO ENGINEERING PTE. LTD. | COMFORTDELGRO INSURANCE BROKERS PTE. LTD. | COMFORTDELGRO MEDCARE PTE. LTD. | COMFORTDELGRO RENT-A-CAR PTE. LTD. | COMFORTDELGRO TRANSIT PTE. LTD. | COMFORTDELGRO VENTURES PTE. LTD.,197200526D | 198105775H | 199403649D | 199506048W | 199607256W | 200300002K | 200308690C | 201840510K | 201917388C | 202040313K | 202134785K | 202207647E,64202,False,False,n,large,Singapore-HQ group with operations outside Singapore (curated; verify),Singapore HQ
Commonwealth Bank,frame_match,Australia,Regulated,COMMONWEALTH BANK OF AUSTRALIA,S82FC3137C,64130,False,False,y,large,,Foreign HQ
Continental,frame_match,Germany,Regulated,CONTINENTAL (SINGAPORE) PTE. LTD. | CONTINENTAL GROUP HOLDINGS PTE. LTD. | CONTINENTAL HOLDINGS INTERNATIONAL PTE. LTD. | CONTINENTAL INVESTMENT & HOLDINGS PTE. LTD. | CONTINENTAL MANAGEMENT SERVICES PTE LTD | CONTINENTAL RESEARCH & DEVELOPMENT PTE LTD | CONTINENTAL SERVICES PTE. LTD. | CONTINENTAL TECHNOLOGY SOLUTIONS PTE. LTD.,198500321R | 199903504C | 200306885Z | 200605919D | 201007087R | 201026364C | 201607073C | 201614968D,64202,True,False,y,large,,Foreign HQ
Copart,frame_match,United States,Regulated,COPART SINGAPORE PRIVATE LIMITED,202021233C,64202,True,True,y,large,,Foreign HQ
Coupang,frame_match,United States,Regulated,COUPANG ASIA HOLDINGS PTE. LTD.,201504864D,64202,False,True,y,large,,Foreign HQ
Crédit Agricole,frame_match,France,Regulated,CREDIT AGRICOLE CORPORATE AND INVESTMENT BANK,S74FC2397J,64120,False,False,y,large,,Foreign HQ
DBS Group,frame_match,Singapore,Regulated,DBS BANK LTD. | DBS GROUP HOLDINGS LTD | DBS VICKERS SECURITIES (SINGAPORE) PTE LTD | DBS VICKERS SECURITIES HOLDINGS PTE LTD | DBS VICKERS SECURITIES NOMINEES (SINGAPORE) PTE LTD,196800306E | 198600292E | 198600294G | 198802124D | 199901152M,64120,False,False,y,large,Singapore-HQ group with operations outside Singapore (curated; verify),Singapore HQ
DWS Group,frame_match,Germany,Regulated,DWS (SG) PTE. LTD. | DWS INVESTMENTS SINGAPORE LIMITED | DWS PRIVATE LIMITED,198701485N | 201134002H | 202415999G,66301,True,False,y,large,,Foreign HQ
Daikin,frame_match,Japan,Regulated,DAIKIN HOLDINGS SINGAPORE PTE. LTD.,198905453G,64202,True,False,y,large,,Foreign HQ
Daiwa House,frame_match,Japan,Regulated,DAIWA HOUSE ASSET MANAGEMENT ASIA PTE. LTD.,202037636H,66303,False,False,y,large,,Foreign HQ
Danone,frame_match,France,Regulated,DANONE ASIA HOLDINGS PTE. LTD. | DANONE ASIA PACIFIC HOLDINGS PTE. LTD. | DANONE ASIA PACIFIC MANUFACTURING PTE. LTD. | DANONE ASIA PTE LTD | DANONE DAIRY INVESTMENTS INDONESIA PTE. LTD. | DANONE IMPORTED WATERS (ASIA) PTE LTD | DANONE PROBIOTICS PTE. LTD. | DANONE SINGAPORE HOLDINGS PTE. LTD. | DANONE SPECIALIZED NUTRITION (SINGAPORE) PRIVATE LIMITED | DANONE WATERS CHINA HOLDING PTE. LTD.,198905732N | 199004006N | 199607260E | 199708710N | 199908013M | 200210083W | 200508896D | 200517399E | 200718760K | 201528463R,64202,False,False,y,large,,Foreign HQ
Dell,frame_match,United States,Regulated,DELL ASIA HOLDINGS PTE. LTD. | DELL GLOBAL PTE. LTD.,200720227K | 202451001C,64202,True,True,y,large,,Foreign HQ
Denso,frame_match,Japan,Regulated,DENSO INTERNATIONAL ASIA PTE. LTD.,199806227C,64202,True,False,y,large,,Foreign HQ
Dentons,frame_match,United States,Regulated,DENTONS RODYK MYANMAR (S) PTE. LTD.,201622520M,64202,False,True,n,large,,Foreign HQ
Deutsche Bank,frame_match,Germany,Regulated,DEUTSCHE BANK AKTIENGESELLSCHAFT,S72FC2238G,64130,False,False,y,large,,Foreign HQ
Digital Realty,frame_match,United States,Regulated,DIGITAL REALTY BERSAMA PTE. LTD.,202434718E,64202,False,True,y,large,,Foreign HQ
ENEOS Holdings,frame_match,Japan,Regulated,ENEOS APAC PTE. LTD.,202617163G,64202,True,False,y,large,,Foreign HQ
ENI,frame_match,Italy,Regulated,ENI INVESTMENT PTE. LTD.,200903389D,64202,True,False,y,large,,Foreign HQ
Ecopetrol,frame_match,Colombia,Regulated,ECOPETROL SINGAPORE PTE. LTD. | ECOPETROL TRADING ASIA PTE. LTD.,202123012M | 202123810G,64202,True,False,y,large,,Foreign HQ
Edison International,frame_match,United States,Regulated,EDISON INVESTMENT PTE LTD,198403822E,64202,True,False,y,large,,Foreign HQ
Edwards Lifesciences,frame_match,United States,Regulated,EDWARDS LIFESCIENCES (ASIA) PTE. LTD. | EDWARDS LIFESCIENCES (SINGAPORE) PTE. LTD. | EDWARDS LIFESCIENCES HOLDINGS (SG) PTE. LTD.,200502505R | 200608250D | 202331806M,21022,False,False,y,large,,Foreign HQ
Elia Group,frame_match,Belgium,Regulated,ELIA PTE. LTD.,201302463N,65124,True,False,y,large,,Foreign HQ
Energy Transfer LP,frame_match,United States,Regulated,ENERGY TRANSFER SINGAPORE PRIVATE LIMITED,202421179W,64202,False,True,y,large,,Foreign HQ
Eoptolink Technology,frame_match,China,Regulated,EOPTOLINK TECHNOLOGY SINGAPORE PTE. LTD.,202228560M,64202,False,True,y,large,,Foreign HQ
FWD Group,frame_match,Hong Kong,Regulated,FWD SINGAPORE PTE. LTD.,200501737H,65110,False,False,n,large,,Foreign HQ
Fairfax Financial,frame_match,Canada,Regulated,FAIRFAX HOLDINGS PTE. LTD.,201106325H,64202,True,True,y,large,,Foreign HQ
Ferrari,frame_match,Italy,Regulated,FERRARI INVESTMENT HOLDINGS PTE. LTD.,201327873D,64202,True,True,y,large,,Foreign HQ
Fidelity International,frame_match,Bermuda,Regulated,FIL INVESTMENT MANAGEMENT (SINGAPORE) LIMITED,199006300E,66301,False,False,n,large,,Foreign HQ
First Abu Dhabi Bank,frame_match,UAE,Regulated,FIRST ABU DHABI BANK P.J.S.C. Singapore Branch,T17FC0026B,64130,False,False,y,large,,Foreign HQ
First Solar,frame_match,United States,Regulated,FIRST SOLAR FE HOLDINGS PTE. LTD. | FIRST SOLAR SINGAPORE HOLD CO PTE. LTD. | FIRST SOLAR VIETNAM HOLDINGS PTE. LTD.,200700550Z | 201024434E | 201713850R,64202,False,True,y,large,,Foreign HQ
Franklin Templeton,frame_match,United States,Regulated,FRANKLIN TEMPLETON CAPITAL HOLDINGS PRIVATE LIMITED | TEMPLETON ASSET MANAGEMENT LTD,199205211E | 200410050N,64202,False,False,n,large,,Foreign HQ
Frasers Property,frame_match,Singapore,Regulated,FRASERS HOSPITALITY ASSET MANAGEMENT PTE. LTD. | FRASERS HOSPITALITY CAPITAL MANAGEMENT PTE. LTD. | FRASERS HOSPITALITY CAPRI GINZA PTE. LTD. | FRASERS HOSPITALITY CHANGI CITY PTE. LTD. | FRASERS HOSPITALITY CHINA SQUARE PTE. LTD. | FRASERS HOSPITALITY CHINA SQUARE TRUSTEE PTE. LTD. | FRASERS HOSPITALITY DALIAN HOLDING PTE. LTD. | FRASERS HOSPITALITY EUROPE INVESTMENTS PTE. LTD. | FRASERS HOSPITALITY HOLDINGS (CHINA) PTE. LTD. | FRASERS HOSPITALITY HOLDINGS (EUROPE) PTE. LTD. | FRASERS HOSPITALITY HOLDINGS (JAPAN) PTE. LTD. | FRASERS HOSPITALITY HOLDINGS PTE. LTD. | FRASERS HOSPITALITY INTERNATIONAL PTE. LTD. | FRASERS HOSPITALITY INVESTMENTS (CHINA) 1 PTE. LTD. | FRASERS HOSPITALITY INVESTMENTS (JAPAN) 1 PTE. LTD. | FRASERS HOSPITALITY INVESTMENTS (JAPAN) 2 PTE. LTD. | FRASERS HOSPITALITY INVESTMENTS (JAPAN) 3 PTE. LTD. | FRASERS HOSPITALITY INVESTMENTS (JAPAN) 4 PTE. LTD. | FRASERS HOSPITALITY INVESTMENTS CHINA SQUARE PTE. LTD. | FRASERS HOSPITALITY INVESTMENTS MELBOURNE PTE. LTD. | FRASERS HOSPITALITY LOYALTY SERVICES PTE. LTD. | FRASERS HOSPITALITY MANAGEMENT PTE. LTD. | FRASERS HOSPITALITY ML PTE. LTD. | FRASERS HOSPITALITY PROPERTY SERVICES PTE. LTD. | FRASERS HOSPITALITY PTE. LTD. | FRASERS HOSPITALITY TRUST MANAGEMENT PTE. LTD. | FRASERS HOSPITALITY TRUSTEE (MELBOURNE) PTE. LTD. | FRASERS HOSPITALITY TRUSTEE PTE. LTD. | FRASERS PROPERTY (EUROPE) HOLDINGS PTE. LTD. | FRASERS PROPERTY (SINGAPORE) PTE. LTD. | FRASERS PROPERTY AGATE PTE. LTD. | FRASERS PROPERTY ALEXANDRA POINT PTE. LTD. | FRASERS PROPERTY AQUAMARINE TRUSTEE PTE. LTD. | FRASERS PROPERTY CAPITAL SERVICES PTE. LTD. | FRASERS PROPERTY CENTREPOINT PTE. LTD. | FRASERS PROPERTY CITRINE PTE. LTD. | FRASERS PROPERTY COMMERCIAL MANAGEMENT PTE. LTD. | FRASERS PROPERTY COMMERCIAL TRUST HOLDINGS PTE. LTD. | FRASERS PROPERTY CORAL PTE. LTD. | FRASERS PROPERTY CORPORATE SERVICES PTE. LTD. | FRASERS PROPERTY CRYSTAL PTE. LTD. | FRASERS PROPERTY CUPPAGE PTE. LTD. | FRASERS PROPERTY DEVELOPMENT (CHINA) PTE. LTD. | FRASERS PROPERTY ENTERPRISES PTE. LTD. | FRASERS PROPERTY GOLD PTE. LTD. | FRASERS PROPERTY HOLDINGS (MALAYSIA) PTE. LTD. | FRASERS PROPERTY HOLDINGS (VIETNAM) PTE. LTD. | FRASERS PROPERTY HOSPITALITY TRUST HOLDINGS PTE. LTD. | FRASERS PROPERTY INDUSTRIAL (AUSTRALIA) PTE. LTD. | FRASERS PROPERTY INDUSTRIAL (EUROPE) PTE. LTD. | FRASERS PROPERTY INDUSTRIAL CORPORATE SERVICES PTE. LTD. | FRASERS PROPERTY INDUSTRIAL HOLDINGS PTE. LTD. | FRASERS PROPERTY INDUSTRIAL TRUST HOLDINGS II PTE. LTD. | FRASERS PROPERTY INDUSTRIAL TRUST HOLDINGS PTE. LTD. | FRASERS PROPERTY INTERNATIONAL PTE. LTD. | FRASERS PROPERTY INVESTMENTS (CHINA) 1 PTE. LTD. | FRASERS PROPERTY INVESTMENTS (CHINA) 2 PTE. LTD. | FRASERS PROPERTY INVESTMENTS (CHINA) 3 PTE. LTD. | FRASERS PROPERTY INVESTMENTS (CHINA) 4 PTE. LTD. | FRASERS PROPERTY INVESTMENTS (CHINA) 5 PTE. LTD. | FRASERS PROPERTY INVESTMENTS (VIETNAM) 1 PTE. LTD. | FRASERS PROPERTY INVESTMENTS (VIETNAM) 2 PTE. LTD. | FRASERS PROPERTY INVESTMENTS (VIETNAM) 3 PTE. LTD. | FRASERS PROPERTY INVESTMENTS (VIETNAM) 4 PTE. LTD. | FRASERS PROPERTY JADE PTE. LTD. | FRASERS PROPERTY LIMITED | FRASERS PROPERTY MANAGEMENT SERVICES (VIETNAM) PTE. LTD. | FRASERS PROPERTY MANAGEMENT SERVICES PTE. LTD. | FRASERS PROPERTY NORTH GEM TRUSTEE PTE. LTD. | FRASERS PROPERTY PHOENIX II PTE. LTD. | FRASERS PROPERTY PHOENIX PTE. LTD. | FRASERS PROPERTY QUAYSIDE PTE. LTD. | FRASERS PROPERTY RETAIL ASSET MANAGEMENT (MALAYSIA) PTE. LTD. | FRASERS PROPERTY RETAIL MANAGEMENT PTE. LTD. | FRASERS PROPERTY RETAIL TRUST HOLDINGS PTE. LTD. | FRASERS PROPERTY SINGAPORE CORPORATE MANAGEMENT PTE. LTD. | FRASERS PROPERTY STARLIGHT PTE. LTD. | FRASERS PROPERTY THAILAND (INDONESIA) PTE. LTD. | FRASERS PROPERTY THAILAND (INTERNATIONAL) PTE. LTD. | FRASERS PROPERTY THAILAND (VIETNAM) PTE. LTD. | FRASERS PROPERTY TREASURY PTE. LTD. | FRASERS PROPERTY VENTURES I PTE. LTD. | FRASERS PROPERTY VENTURES II PTE. LTD. | FRASERS PROPERTY VENTURES SUB 1 PTE. LTD. | FRASERS PROPERTY VENTURES SUB 2 PTE. LTD.,196300440G | 197802680D | 197901376Z | 198202545R | 198502184H | 199307692M | 200004534W | 200106064Z | 200201129Z | 200404774M | 200410289Z | 200606142E | 200606150R | 200710332E | 200715088M | 200721258R | 200805180E | 200805222E | 200805301D | 200805352W | 201012421H | 201108900H | 201109386E | 201132730N | 201214638G | 201323696G | 201327547E | 201331351D | 201401270M | 201416916D | 201417738W | 201435999W | 201508060H | 201511060M | 201511084C | 201511817C | 201523774C | 201524219D | 201629453D | 201629842W | 201710333C | 201711295C | 201728645H | 201728670M | 201729400K | 201735005Z | 201735015M | 201735768K | 201736836C | 201736839N | 201737162K | 201737166N | 201801078E | 201801342E | 201801475K | 201801476C | 201811207M | 201816169W | 201816171D | 201937279C | 202008494R | 202020175D | 202126397C | 202131445G | 202131459D | 202131470K | 202131480D | 202140859D | 202211504G | 202230779Z | 202239035K | 202239686M | 202244299R | 202244326H | 202301463D | 202301477Z | 202304946M | 202306828G | 202307008C | 202309570H | 202336522M | 202410995C | 202418134H | 202421539E | 202510196Z,64202,False,True,n,large,Singapore-HQ group with operations outside Singapore (curated; verify),Singapore HQ
Fujikura,frame_match,Japan,Regulated,FUJIKURA ASIA LIMITED,198700165H,66309,True,False,y,large,,Foreign HQ
Futu Holdings,frame_match,Hong Kong,Regulated,FUTU HOLDINGS (ASIA) PTE. LTD. | FUTU HOLDINGS (SINGAPORE) PTE. LTD.,202131693W | 202214565D,64202,True,False,y,large,,Foreign HQ
GLP,frame_match,Singapore,Regulated,GLP GMBH PTE. LTD. | GLP INTERNATIONAL PTE. LTD. | GLP INVESTMENT MANAGEMENT PTE. LTD. | GLP PTE. LTD. | GLP SINGAPORE HOLDINGS PTE. LTD.,200715832Z | 201119524N | 201943680G | 202131408H | 202452020M,64202,True,True,n,large,Singapore-HQ group with operations outside Singapore (curated; verify),Singapore HQ
Geely,frame_match,China,Regulated,GEELY (SINGAPORE) HOLDING PTE. LTD.,202237066G,64202,True,False,y,large,,Foreign HQ
Genuine Parts Company,frame_match,United States,Regulated,GENUINE PARTS CO SINGAPORE PTE. LTD.,201943296G,64202,False,True,y,large,,Foreign HQ
Global Payments,frame_match,United States,Regulated,GLOBAL PAYMENTS AND E-COMMERCE DISTRIBUTION PTE. LTD. | GLOBAL PAYMENTS ASIA-PACIFIC (SINGAPORE HOLDING) PRIVATE LIMITED | GLOBAL PAYMENTS ASIA-PACIFIC SINGAPORE PRIVATE LIMITED | GLOBAL PAYMENTS CLOUD PTE. LTD. | GLOBAL PAYMENTS SINGAPORE PRIVATE LIMITED,200802181G | 201002358K | 201215255W | 202112091H | 202345547N,64202,False,True,y,large,,Foreign HQ
Goldman Sachs,frame_match,United States,Regulated,GOLDMAN SACHS (SINGAPORE) PTE. | GOLDMAN SACHS ASIA STRATEGIC II PTE. LTD. | GOLDMAN SACHS ASIA STRATEGIC III PTE. LTD. | GOLDMAN SACHS ASIA STRATEGIC PTE. LTD. | GOLDMAN SACHS ASSET MANAGEMENT (SINGAPORE) PTE. LTD. | GOLDMAN SACHS BANK EUROPE SE Singapore Branch | GOLDMAN SACHS CAPITAL HOLDINGS I PTE. LTD. | GOLDMAN SACHS CAPITAL HOLDINGS II PTE. LTD. | GOLDMAN SACHS CAPITAL HOLDINGS III PTE. LTD. | GOLDMAN SACHS FUTURES PTE LTD | GOLDMAN SACHS GLOBAL FUNDING IV PTE. LTD. | GOLDMAN SACHS HOLDINGS (SINGAPORE) PTE. LTD. | GOLDMAN SACHS INDIA INVESTMENTS (SINGAPORE) PTE. LTD. | GOLDMAN SACHS INVESTMENTS HOLDINGS (ASIA) II PTE. LTD. | GOLDMAN SACHS SERVICES (SINGAPORE) PTE. LTD. | GOLDMAN SACHS STRATEGIC HOLDINGS PTE. LTD.,198602165W | 199004153Z | 200704694N | 201329851H | 201407274N | 201509642H | 201633602W | 201723593N | 201735701W | 201807300K | 201911051E | 201942127W | 202116097Z | 202116102E | 202117480E | T26FC0039D,66121,False,True,y,large,,Foreign HQ
Goodman Group,frame_match,Australia,Regulated,GOODMAN INVESTMENT HOLDINGS PTE. LTD. | GOODMAN INVESTMENT PTE LTD | GOODMAN SG SERVICES PTE. LIMITED | GOODMAN VENTURES PTE. LTD.,199801101N | 201807685K | 202337130C | 202436052C,64202,True,False,y,large,,Foreign HQ
Great Eastern,frame_match,Singapore,Regulated,GREAT EASTERN GENERAL INSURANCE LIMITED | THE GREAT EASTERN LIFE ASSURANCE COMPANY LIMITED,190800011G | 192000003W,65110,False,False,n,large,Singapore-HQ group with operations outside Singapore (curated; verify),Singapore HQ
Great Wall Motors,frame_match,China,Regulated,GREAT WALL MOTORS (S) PTE. LTD.,200009554E,64929,False,False,y,large,,Foreign HQ
HDFC Bank,frame_match,India,Regulated,HDFC BANK LIMITED,T23FC0049E,64130,False,False,y,large,,Foreign HQ
HSBC,frame_match,United Kingdom,Regulated,HSBC (SINGAPORE) NOMINEES PTE LTD | HSBC BANK (SINGAPORE) LIMITED | HSBC FINANCIAL ADVISORS SINGAPORE PTE. LTD. | HSBC GLOBAL ASSET MANAGEMENT (SINGAPORE) LIMITED | HSBC INSTITUTIONAL TRUST SERVICES (SINGAPORE) LIMITED | HSBC INTERNATIONAL TRUSTEE (HOLDINGS) PTE. LIMITED | HSBC INTERNATIONAL TRUSTEE LIMITED - Singapore Branch | HSBC LIFE (SINGAPORE) PTE. LTD. | HSBC SECURITIES (SINGAPORE) PTE LIMITED | HSBC TRUSTEE (SINGAPORE) LIMITED | THE HONGKONG AND SHANGHAI BANKING CORPORATION LIMITED,194600097H | 194600098Z | 194900022R | 198602036R | 199607643K | 199903512M | 201420624K | 201531625Z | 202132601W | S16FC0010A | S87FC3767L,64120,False,False,y,large,,Foreign HQ
Hana Financial Group,frame_match,South Korea,Regulated,KEB HANA BANK,S73FC2280C,64130,False,False,y,large,,Foreign HQ
Hanwha Ocean,frame_match,South Korea,Regulated,"HANWHA OCEAN CO., LTD. Singapore Branch | HANWHA OCEAN GLOBAL PROJECT EXECUTION CENTER PTE. LTD. | HANWHA OCEAN OFFSHORE HOLDINGS PTE. LTD. | HANWHA OCEAN SG HOLDINGS PTE. LTD.",202424953M | 202603236M | 202605966E | T13FC0011H,64202,False,False,y,large,,Foreign HQ
Hengli Petrochemical,frame_match,China,Regulated,HENGLI PETROCHEMICAL INTERNATIONAL PTE. LTD.,201730858K,64202,False,False,y,large,,Foreign HQ
Hongkong Land,frame_match,Hong Kong,Regulated,HONGKONG LAND (HALIFAX) PTE. LTD. | HONGKONG LAND (SINGAPORE) PTE. LTD. | HONGKONG LAND PROPERTY MANAGEMENT SINGAPORE PTE. LTD. | THE HONGKONG LAND TREASURY SERVICES (SINGAPORE) PTE. LTD.,197903507D | 200512326C | 201717179D | 202533358E,66121,False,False,y,large,,Foreign HQ
Hoya,frame_match,Japan,Regulated,HOYA CORPORATION Singapore Branch | HOYA HOLDINGS ASIA PACIFIC PTE LTD,199502279K | T09FC0006K,64202,True,False,y,large,,Foreign HQ
Huatai Securities,frame_match,China,Regulated,HUATAI SECURITIES (SINGAPORE) PTE. LIMITED,202233398E,66129,False,False,y,large,,Foreign HQ
ICBC,frame_match,China,Regulated,ICBC (SINGAPORE) NOMINEES PRIVATE LIMITED | ICBC STANDARD BANK PLC Singapore Branch | INDUSTRIAL AND COMMERCIAL BANK OF CHINA LIMITED,199400080Z | S93FC4609L | T08FC7151L,66191,False,False,y,large,,Foreign HQ
ICICI Bank,frame_match,India,Regulated,ICICI BANK LIMITED,T03FC6380G,64120,False,False,y,large,,Foreign HQ
IHH Healthcare,frame_match,Malaysia,Regulated,IHH HEALTHCARE BERHAD,T11FC0036K,64202,False,False,y,large,,Foreign HQ
ING,frame_match,Netherlands,Regulated,ING BANK N.V.,S87FC3803K,64130,False,False,y,large,,Foreign HQ
ITC,frame_match,India,Regulated,ITC HOLDINGS PTE. LTD.,201419836D,64202,True,False,y,large,,Foreign HQ
Illumina,frame_match,United States,Regulated,ILLUMINA SINGAPORE PTE. LTD. | ILLUMINA VENTURES PTE. LTD.,200310311N | 202303335E,32501,True,False,y,large,,Foreign HQ
Interactive Brokers,frame_match,United States,Regulated,INTERACTIVE BROKERS SINGAPORE PTE. LTD.,201915420Z,66121,False,False,y,large,,Foreign HQ
Intesa Sanpaolo,frame_match,Italy,Regulated,INTESA SANPAOLO S.P.A.,T06FC6959E,64130,False,False,y,large,,Foreign HQ
Invesco,frame_match,United States,Regulated,INVESCO ASSET MANAGEMENT SINGAPORE LTD | INVESCO SINGAPORE PTE. LTD.,199003387N | 201604765D,66301,False,False,n,large,,Foreign HQ
Itochu,frame_match,Japan,Regulated,ITOCHU SINGAPORE PTE LTD,198904241G,64202,True,False,y,large,,Foreign HQ
JPMorgan Chase,frame_match,United States,Regulated,"J.P. MORGAN (S.E.A.) LIMITED | J.P. MORGAN NOMINEES SINGAPORE PRIVATE LIMITED | J.P. MORGAN SECURITIES ASIA PRIVATE LIMITED | J.P. MORGAN SECURITIES SINGAPORE PRIVATE LIMITED | J.P. MORGAN TRUST COMPANY (SINGAPORE) PTE. LTD. | JPMORGAN ASSET MANAGEMENT (SINGAPORE) LIMITED | JPMORGAN CHASE BANK, N.A. | JPMORGAN VENTURES ENERGY (ASIA) PTE. LTD.",196500270D | 197300590K | 197601586K | 198500154W | 199405335R | 200700108E | 201836879H | S74FC2367E,66191,False,False,y,large,,Foreign HQ
Jardine Cycle & Carriage,frame_match,Singapore,Regulated,CYCLE & CARRIAGE 2-WHEELER PTE. LTD. | CYCLE & CARRIAGE AUTOMOTIVE PTE LIMITED | CYCLE & CARRIAGE ENGINEERING PTE. LTD. | CYCLE & CARRIAGE FRANCE PTE. LIMITED | CYCLE & CARRIAGE INDUSTRIES PTE. LIMITED | CYCLE & CARRIAGE KIA PTE LTD | CYCLE & CARRIAGE LEASING PTE. LTD. | CYCLE & CARRIAGE VENTURES PTE. LTD. | JARDINE CYCLE & CARRIAGE LIMITED | THE CYCLE & CARRIAGE. SERVICES. PRIVATE LIMITED,196400367W | 196900092R | 197701469G | 199405410K | 200609327M | 201900307R | 202326725R | 202349851K | 202417667R | 202612113C,64202,False,False,n,large,Singapore-HQ group with operations outside Singapore (curated; verify),Singapore HQ
Julius Baer,frame_match,Switzerland,Regulated,JULIUS BAER (SINGAPORE) GBP PTE. LTD. | JULIUS BAER (SINGAPORE) PTE. LTD. | JULIUS BAER TRUST COMPANY (SINGAPORE) LIMITED,201109211G | 201817130W | 202030573W,66191,False,False,y,large,,Foreign HQ
KB Financial Group,frame_match,South Korea,Regulated,"KOOKMIN BANK CO., LTD. Singapore Branch",T21FC0047C,64130,False,False,y,large,,Foreign HQ
KGI Financial Holding,frame_match,Taiwan,Regulated,KGI ASIA (HOLDINGS) PTE. LTD.,199706703C,64202,True,False,y,large,,Foreign HQ
KKR & Co.,frame_match,United States,Regulated,KKR ASIA INVESTMENT HOLDING PTE. LTD. | KKR SINGAPORE PTE. LTD.,200903221E | 202546858E,66309,True,True,y,large,,Foreign HQ
KPN,frame_match,Netherlands,Regulated,KPN GLOBAL PTE. LTD.,202027913R,64202,True,False,y,large,,Foreign HQ
Keppel,frame_match,Singapore,Regulated,KEPPEL CO-INVESTMENT HOLDINGS LTD. | KEPPEL CO-INVESTMENT PTE. LTD. | KEPPEL EAST TRADING PTE. LTD. | KEPPEL LTD. | KEPPEL MANAGEMENT LTD. | KEPPEL NETWORKS PTE. LTD. | KEPPEL RETAIL & CONSUMER SOLUTIONS PTE. LTD. | KEPPEL TECHNOLOGY SOLUTIONS HOLDING PTE. LTD. | KEPPEL TECHNOLOGY SOLUTIONS PTE. LTD.,189000001G | 196800351N | 198701200H | 201220917G | 201401384D | 201719159K | 202018312R | 202136749R | 202404504E,64202,True,False,y,large,Singapore-HQ group with operations outside Singapore (curated; verify),Singapore HQ
Keysight,frame_match,United States,Regulated,KEYSIGHT TECHNOLOGIES SINGAPORE (HOLDINGS) PTE. LTD. | KEYSIGHT TECHNOLOGIES SINGAPORE (INTERNATIONAL) PTE. LTD. | KEYSIGHT TECHNOLOGIES SINGAPORE (SALES) PTE. LTD.,201400772K | 201400779G | 201400782D,64994,True,True,y,large,,Foreign HQ
Kraft Heinz,frame_match,United States,Regulated,HEINZ ASEAN PTE. LTD. | KRAFT HEINZ SINGAPORE HOLDING PTE. LTD.,200005938R | 201939347H,64202,False,False,y,large,,Foreign HQ
Krung Thai Bank,frame_match,Thailand,Regulated,KRUNG THAI BANK PUBLIC COMPANY LIMITED,S94FC4735E,64130,False,False,y,large,,Foreign HQ
LGT,frame_match,Liechtenstein,Regulated,LGT BANK (SINGAPORE) LTD. | LGT INVESTMENT HOLDING (SINGAPORE) PTE. LTD.,200200473E | 202235999R,64140,False,False,n,large,,Foreign HQ
Live Nation,frame_match,United States,Regulated,LIVE NATION (SINGAPORE) HOLDINGS PTE. LTD. | LIVE NATION SINGAPORE CONCERTS PTE. LTD. | LIVE NATION SINGAPORE VENUES PTE. LTD.,200604178R | 201839889K | 202039337H,64202,False,False,y,large,,Foreign HQ
Lombard Odier,frame_match,Switzerland,Regulated,LOMBARD ODIER (SINGAPORE) LTD.,200618694N,64140,False,False,n,large,,Foreign HQ
Lonza,frame_match,Switzerland,Regulated,LONZA HOLDING SINGAPORE PTE LTD,199805706C,64202,True,False,y,large,,Foreign HQ
Macquarie Group Limited,frame_match,Australia,Regulated,MACQUARIE (ASIA) PTE LTD. | MACQUARIE ASIA INFRASTRUCTURE INVESTMENTS 2 PTE. LTD. | MACQUARIE ASIA INFRASTRUCTURE INVESTMENTS PTE. LTD. | MACQUARIE ASIA INFRASTRUCTURE MANAGEMENT 2 PTE. LIMITED | MACQUARIE ASIA-PACIFIC INFRASTRUCTURE INVESTMENTS 3 PTE. LTD. | MACQUARIE ASIA-PACIFIC INFRASTRUCTURE INVESTMENTS 4 PTE. LTD. | MACQUARIE ASIA-PACIFIC INFRASTRUCTURE MANAGEMENT 3 PTE. LTD. | MACQUARIE ASIA-PACIFIC INFRASTRUCTURE MANAGEMENT 4 PTE. LTD. | MACQUARIE BANK LIMITED Singapore Branch | MACQUARIE CAPITAL (SINGAPORE) PTE. LIMITED | MACQUARIE CAPITAL SECURITIES (SINGAPORE) PTE. LIMITED | MACQUARIE CHIROPRACTIC II PTE. LTD. | MACQUARIE CHIROPRACTIC PTE. LTD. | MACQUARIE COMMODITIES AND GLOBAL MARKETS (SINGAPORE) PTE. LIMITED | MACQUARIE COMMODITIES TRADING (SINGAPORE) PTE. LIMITED | MACQUARIE DATA CENTRE INVESTMENTS PTE. LIMITED | MACQUARIE DIGITAL INFRASTRUCTURE ASIA PTE. LIMITED | MACQUARIE DIGITAL TOWER PTE. LIMITED | MACQUARIE ENERGY TRANSITION ASIA PTE. LIMITED | MACQUARIE EV INVESTMENTS PTE. LIMITED | MACQUARIE FUTURES (SINGAPORE) PTE. LIMITED | MACQUARIE GROUP HOLDINGS (SINGAPORE) PTE. LIMITED | MACQUARIE GROUP SERVICES (SINGAPORE) PTE. LIMITED | MACQUARIE HEALTH CARE HOLDING PTE. LTD. | MACQUARIE HOLDINGS (SINGAPORE) PTE. LTD. | MACQUARIE HOLDINGS PTE. LTD. | MACQUARIE HOSTING (SINGAPORE) PTE. LTD. | MACQUARIE INDIA INFRASTRUCTURE MANAGEMENT HOLDINGS PTE. LIMITED | MACQUARIE INFRASTRUCTURE AND REAL ASSETS (SINGAPORE) PTE. LIMITED | MACQUARIE INFRASTRUCTURE HOLDINGS (PHILIPPINES) PTE. LIMITED | MACQUARIE INFRASTRUCTURE MANAGEMENT (ASIA) PTY LIMITED | MACQUARIE INSURANCE (SINGAPORE) PTE. LTD. | MACQUARIE PRINCIPAL FINANCE ASIA PTE. LIMITED | MACQUARIE SBI INFRASTRUCTURE INVESTMENTS PTE. LIMITED | MACQUARIE SBI INFRASTRUCTURE MANAGEMENT PTE. LIMITED | MACQUARIE SERANGOON PTE. LTD.,198500776M | 198702912C | 199704430K | 200408424K | 200412291W | 200505701K | 200513362E | 200703280D | 200703288K | 200805461N | 200823500E | 200921799W | 201217507M | 201218395M | 201420395G | 201629551R | 201711753C | 201713780Z | 201713842E | 201715715W | 201807627R | 201842473W | 201933734D | 202017632H | 202018594H | 202125957C | 202126530W | 202205411Z | 202237491H | 202243957H | 202335939D | 202410906W | 202441938H | 202443915D | T06FC6823A | T11FC0018C,64201,False,False,y,large,,Foreign HQ
ManpowerGroup,frame_match,United States,Regulated,MANPOWERGROUP INC. | MANPOWERGROUP SINGAPORE PRIVATE LIMITED,202013948E | S97FC5452E,64202,False,False,n,large,,Foreign HQ
Manulife Financial,frame_match,Canada,Regulated,MANULIFE (SINGAPORE) PTE. LTD. | MANULIFE FINANCIAL (SINGAPORE) PTE. LTD. | MANULIFE FINANCIAL ADVISERS PTE. LTD. | MANULIFE GENERAL ACCOUNT INVESTMENTS (SINGAPORE) PTE. LTD. | MANULIFE INVESTMENT MANAGEMENT (SINGAPORE) PTE. LTD. | MANULIFE US REAL ESTATE MANAGEMENT PTE. LTD. | MANULIFE US REIT ALPHA (SINGAPORE) PTE. LTD. | MANULIFE US REIT BETA (SINGAPORE) PTE. LTD. | MANULIFE US REIT BETA 10 (SINGAPORE) PTE. LTD. | MANULIFE US REIT BETA 2 (SINGAPORE) PTE. LTD. | MANULIFE US REIT BETA 3 (SINGAPORE) PTE. LTD. | MANULIFE US REIT BETA 5 (SINGAPORE) PTE. LTD. | MANULIFE US REIT BETA 6 (SINGAPORE) PTE. LTD. | MANULIFE US REIT BETA 7 (SINGAPORE) PTE. LTD. | MANULIFE US REIT BETA 8 (SINGAPORE) PTE. LTD. | MANULIFE US REIT BETA 9 (SINGAPORE) PTE. LTD.,198002116D | 200709952G | 201435515N | 201503253R | 201511594G | 201511598K | 201717125R | 201724796M | 201733966E | 201913746C | 201913750H | 201931242H | 202014556N | 202024633H | 202105879W | 202141290E,65110,False,False,y,large,,Foreign HQ
Mapletree,frame_match,Singapore,Regulated,MAPLETREE ALEXANDRITE HOLDINGS PTE. LTD. | MAPLETREE APAC LOGISTICS ASSETS PTE. LTD. | MAPLETREE APAL (AUS) ASSETS PTE. LTD. | MAPLETREE APAL (VI) ASSETS PTE. LTD. | MAPLETREE APTUS HOLDINGS PTE. LTD. | MAPLETREE ART VAULT PTE. LTD. | MAPLETREE ASSETS PTE. LTD. | MAPLETREE AUS LOGISTICS ASSETS PTE. LTD. | MAPLETREE BANDRA HOLDING PTE. LTD. | MAPLETREE BANGALORE HOLDINGS PTE. LTD. | MAPLETREE BG PTE. LTD. | MAPLETREE CAPITAL MANAGEMENT PTE. LTD. | MAPLETREE CHINA ASSETS 2 HOLDINGS PTE. LTD. | MAPLETREE CHINA ASSETS 3 HOLDINGS PTE. LTD. | MAPLETREE CHINA ASSETS 5 HOLDINGS PTE. LTD. | MAPLETREE CHINA ASSETS 6 HOLDINGS PTE. LTD. | MAPLETREE CHINA ASSETS 7 HOLDINGS PTE. LTD. | MAPLETREE CHINA ASSETS HOLDINGS PTE. LTD. | MAPLETREE CHINA LOGISTICS GP PTE. LTD. | MAPLETREE CHINA OPPORTUNITY FUND II PTE. LTD. | MAPLETREE CLEANING SERVICES PTE. LTD. | MAPLETREE CONCINNITY HOLDINGS PTE. LTD. | MAPLETREE CONTINENT HOLDINGS PTE. LTD. | MAPLETREE CORAL HOLDINGS PTE. LTD. | MAPLETREE DC VENTURES 2 PTE. LTD. | MAPLETREE DC VENTURES PTE. LTD. | MAPLETREE DEVELOPMENTS PTE. LTD. | MAPLETREE DEXTRA PTE. LTD. | MAPLETREE DSE GP PTE. LTD. | MAPLETREE DUBLIN HOLDINGS PTE. LTD. | MAPLETREE FACILITIES SERVICES PTE. LTD. | MAPLETREE FORTRESS PTE. LTD. | MAPLETREE GLOBE PTE. LTD. | MAPLETREE GROUP SERVICES PTE. LTD. | MAPLETREE HCMC HOLDINGS PTE. LTD. | MAPLETREE INDIA HOLDINGS PTE. LTD. | MAPLETREE INDUSTRIAL TRUST MANAGEMENT LTD. | MAPLETREE INDUSTRIAL TRUST TREASURY COMPANY PTE. LTD. | MAPLETREE INVESTMENTS PTE LTD | MAPLETREE JAPAN OFFICE ASSETS PTE. LTD. | MAPLETREE KENSINGTON HOLDINGS PTE. LTD. | MAPLETREE KYANITE PTE. LTD. | MAPLETREE LM PTE. LTD. | MAPLETREE LOGISTICS CHINA PTE. LTD. | MAPLETREE LOGISTICS INDIA PTE. LTD. | MAPLETREE LOGISTICS PROPERTIES PTE. LTD. | MAPLETREE LOGISTICS TRUST MANAGEMENT LTD. | MAPLETREE LOGISTICS VIETNAM PTE. LTD. | MAPLETREE LONGWATER HOLDINGS PTE. LTD. | MAPLETREE LUHARI HOLDINGS PTE. LTD. | MAPLETREE MALAYSIA LOGISTICS ASSETS 2 PTE. LTD. | MAPLETREE MALAYSIA LOGISTICS ASSETS 3 PTE. LTD. | MAPLETREE MALAYSIA LOGISTICS ASSETS PTE. LTD. | MAPLETREE MANAGEMENT CONSULTANCY PTE. LTD. | MAPLETREE MATTERHORN HOLDINGS PTE. LTD. | MAPLETREE MAXWELL PTE. LTD. | MAPLETREE NORTH ASIA COMMERCIAL TRUST MANAGEMENT LTD. | MAPLETREE NORTH ASIA COMMERCIAL TRUST TREASURY COMPANY (S) PTE. LTD. | MAPLETREE PAN ASIA LOGISTICS ASSETS PTE. LTD. | MAPLETREE PE PTE. LTD. | MAPLETREE PROJECT MANAGEMENT PTE. LTD. | MAPLETREE PROPERTY MANAGEMENT PTE. LTD. | MAPLETREE PROPERTY SERVICES PTE. LTD. | MAPLETREE QFLP HOLDINGS PTE. LTD. | MAPLETREE QFLP PTE. LTD. | MAPLETREE QL HOLDINGS PTE. LTD. | MAPLETREE QP GP PTE. LTD. | MAPLETREE READING HOLDINGS PTE. LTD. | MAPLETREE REAL ESTATE ADVISORS PTE. LTD. | MAPLETREE REGIONAL SERVICES PTE. LTD. | MAPLETREE S.A. NIHON PTE. LTD. | MAPLETREE SEA HOLDINGS PTE. LTD. | MAPLETREE SR MANAGEMENT PTE. LTD. | MAPLETREE STRAND HOLDINGS PTE. LTD. | MAPLETREE STRATFORD HOLDINGS PTE. LTD. | MAPLETREE STRAUSS HOLDINGS PTE. LTD. | MAPLETREE STUDENT ACCOMMODATION TRUST MANAGEMENT PTE. LTD. | MAPLETREE STUDENT CASTLE UK FUND GP PTE. LTD. | MAPLETREE TAI SENG PTE. LTD. | MAPLETREE TREASURY SERVICES (US) PTE. LTD. | MAPLETREE TREASURY SERVICES LIMITED | MAPLETREE TRUSTEE (AUS) PTE. LTD. | MAPLETREE TRUSTEE PTE. LTD. | MAPLETREE UK LOGISTICS ASSETS PTE. LTD. | MAPLETREE US LOGISTICS ASSETS PTE. LTD. | MAPLETREE US OFFICE ASSETS PTE. LTD. | MAPLETREE VENTURES (S) PTE. LTD. | MAPLETREE WATERFRONT HOLDINGS PTE. LTD. | MAPLETREE WELLINGTON PTE. LTD. | MAPLETREE WINDSOR HOLDINGS PTE. LTD.,200005757C | 200010560E | 200104531H | 200404563Z | 200404674W | 200412823W | 200500947N | 200504094Z | 200506566H | 200709456W | 200714840N | 200722630W | 200722631H | 200804140W | 200806354R | 201015667D | 201020350G | 201021161W | 201101113D | 201117802W | 201229323R | 201231252R | 201302648M | 201305183E | 201325577K | 201334114E | 201407374H | 201408323K | 201408744E | 201408757K | 201410302C | 201423568Z | 201425983C | 201510509K | 201531144C | 201532283M | 201533205H | 201533222C | 201534438E | 201534442M | 201541954H | 201605458R | 201608615K | 201608623C | 201615390D | 201626588C | 201628556N | 201629879M | 201629883Z | 201707757E | 201722283C | 201727879D | 201733603M | 201801486N | 201808136C | 201809720G | 201830591E | 201841515C | 201924227H | 201924579W | 201924749H | 201925007K | 201925132H | 201930119R | 201934357Z | 201940718K | 202017887R | 202030200M | 202038197Z | 202135298Z | 202136021C | 202222772W | 202234656M | 202234808Z | 202234815Z | 202234819D | 202234825M | 202239255E | 202312159G | 202321041N | 202321859K | 202338134C | 202348074R | 202348966R | 202441522M | 202447211D | 202447214R | 202447583W | 202504801Z | 202504804M,64202,False,False,n,large,Singapore-HQ group with operations outside Singapore (curated; verify),Singapore HQ
Markel Group,frame_match,United States,Regulated,MARKEL INTERNATIONAL SINGAPORE PTE. LIMITED,200714027H,65202,True,False,y,large,,Foreign HQ
Mastercard,frame_match,United States,Regulated,MASTERCARD AP FINANCING PTE. LTD. | MASTERCARD ASIA/PACIFIC PTE. LTD. | MASTERCARD LABS KENYA HOLDINGS PTE. LTD. | MASTERCARD LOYALTY SOLUTIONS SINGAPORE PTE. LTD. | MASTERCARD SINGAPORE HOLDING PTE. LTD. | MASTERCARD TRANSACTION SERVICES (SINGAPORE) PTE. LTD. | MASTERCARD VOCALINK ASIA PACIFIC PTE. LTD.,199302957W | 199306324E | 201008183D | 201431144W | 201700267K | 201731499K | 201927008N,64202,False,False,y,large,,Foreign HQ
Maybank,frame_match,Malaysia,Regulated,MAYBANK RESEARCH PTE. LTD. | MAYBANK SINGAPORE LIMITED,198700034E | 201804195C,66199,True,False,y,large,,Foreign HQ
Medline,frame_match,United States,Regulated,MEDLINE ASIA HOLDINGS PTE. LTD.,201436497Z,64202,True,False,y,large,,Foreign HQ
Micron Technology,frame_match,United States,Regulated,MICRON ASIA PTE. LTD. | MICRON ELECTRICAL PTE. LTD. | MICRON ENGINEERING PTE. LTD. | MICRON IT SERVICES PTE. LTD. | MICRON OFFSHORE PTE. LTD. | MICRON SEMICONDUCTOR ASIA OPERATIONS PTE. LTD. | MICRON SEMICONDUCTOR ASIA PTE. LTD. | MICRON TECHNOLOGY ASIA PTE. LTD.,199802941W | 200405584M | 200820415H | 201024423C | 201815216Z | 202131748D | 202220799G | 202451042D,64994,False,False,y,large,,Foreign HQ
Mitsui & Co,frame_match,Japan,Regulated,MITSUI & CO. (ASIA PACIFIC) PTE. LTD. | MITSUI & CO. ENERGY TRADING SINGAPORE PTE. LTD. | MITSUI & CO. ENGINEERING PARTNERS LTD. Singapore Branch | MITSUI & CO. FINANCIAL SERVICES (ASIA) LTD. | MITSUI & CO. GLOBAL LOGISTICS (ASIA) PTE. LTD. | MITSUI & CO. MIDDLE EAST AND AFRICA PROJECTS INVESTMENT & DEVELOPMENT  LIMITED Singapore Branch,199508683N | 199703168R | 200702159M | 201021907D | T11FC0104E | T26FC0037A,64202,False,False,y,large,,Foreign HQ
Mondelez International,frame_match,United States,Regulated,MONDELEZ BUSINESS SERVICES AP PTE. LTD. | MONDELEZ HELIX SINGAPORE PTE. LTD. | MONDELEZ HOLDINGS SINGAPORE PTE. LTD. | MONDELEZ INTERNATIONAL AMEA PTE. LTD. | MONDELEZ SINGAPORE SALES PTE. LTD. | MONDELEZ TRADING SINGAPORE PTE. LTD.,197803354C | 198305787K | 200715126H | 200723064H | 201024448C | 201221060Z,64202,False,False,y,large,,Foreign HQ
Morgan Stanley,frame_match,United States,Regulated,MORGAN STANLEY (SINGAPORE) HOLDINGS PTE. LTD. | MORGAN STANLEY ASIA (SINGAPORE) PTE. | MORGAN STANLEY ASIA (SINGAPORE) SECURITIES PTE LTD | MORGAN STANLEY BANK ASIA LIMITED | MORGAN STANLEY CAPITAL GROUP (SINGAPORE) PTE. | MORGAN STANLEY INVESTMENT MANAGEMENT COMPANY | MORGAN STANLEY MANAGEMENT SERVICE (SINGAPORE) PTE. LTD.,199002583D | 199002743C | 199206298Z | 199900625D | 200008434H | 202126589Z | T14FC0118J,66124,False,False,y,large,,Foreign HQ
Munich RE,frame_match,Germany,Regulated,MUNICH RE AUTOMATION SOLUTIONS PTE. LTD. | MUNICH RE SYNDICATE SINGAPORE PRIVATE LIMITED,199907298C | 201403822K,66299,False,False,y,large,,Foreign HQ
National Australia Bank,frame_match,Australia,Regulated,NATIONAL AUSTRALIA BANK LIMITED,S81FC2979B,64130,False,False,y,large,,Foreign HQ
National Bank of Kuwait,frame_match,Kuwait,Regulated,NATIONAL BANK OF KUWAIT S.A.K.P.,S83FC3355H,64130,False,False,y,large,,Foreign HQ
NetEase,frame_match,China,Regulated,NETEASE INVESTMENT (SG) PTE. LTD.,202227351E,64202,True,True,y,large,,Foreign HQ
Nintendo,frame_match,Japan,Regulated,NINTENDO SINGAPORE PTE. LTD.,202543020N,64202,True,True,y,large,,Foreign HQ
Nomura Holdings,frame_match,Japan,Regulated,"NOMURA ASIA INVESTMENT (SINGAPORE) PTE. LTD. | NOMURA INVESTMENTS (SINGAPORE) PTE. LTD. | NOMURA SINGAPORE LIMITED | NOMURA TRADING CO., LTD",197201440E | 201010922Z | 201408396M | T02FC6224J,64140,True,False,y,large,,Foreign HQ
Nordson,frame_match,United States,Regulated,NORDSON SG PTE. LTD.,202329236R,64202,True,False,y,large,,Foreign HQ
Northern Trust,frame_match,United States,Regulated,NORTHERN TRUST MANAGEMENT SERVICES ASIA PTE. LTD. | THE NORTHERN TRUST COMPANY,201311087G | S96FC5148J,64202,False,False,y,large,,Foreign HQ
Novartis,frame_match,Switzerland,Regulated,NOVARTIS (SINGAPORE) PTE LTD | NOVARTIS ASIA PACIFIC PHARMACEUTICALS PTE. LTD. | NOVARTIS SINGAPORE PHARMACEUTICAL MANUFACTURING PTE. LTD.,198601605W | 200406854N | 200707750D,21022,False,False,y,large,,Foreign HQ
Novatek,frame_match,Russia,Regulated,NOVATEK ASIA DEVELOPMENT HOLDING PTE. LTD.,201939711D,64202,True,False,y,large,,Foreign HQ
Novo Nordisk,frame_match,Denmark,Regulated,NOVO NORDISK INDIA HOLDING PTE. LIMITED | NOVO NORDISK PHARMA (SINGAPORE) PTE LTD,199402064K | 199703791E,64201,False,False,y,large,,Foreign HQ
OCBC Bank,frame_match,Singapore,Regulated,BANK OF SINGAPORE LIMITED | OCBC CAPITAL INVESTMENT I PTE. LTD. | OCBC GROUP PRIVATE LIMITED | OCBC MANAGEMENT SERVICES PRIVATE LIMITED | OCBC NOMINEES SINGAPORE PRIVATE LIMITED | OCBC OVERSEAS INVESTMENTS PTE. LTD. | OCBC PROPERTY SERVICES PRIVATE LIMITED | OCBC SECURITIES PRIVATE LIMITED | OCBC SQUARE PRIVATE LIMITED | OVERSEA-CHINESE BANKING CORPORATION LIMITED,193200032W | 196600262R | 197200276D | 197400645Z | 197700866R | 197800682M | 198102911H | 199408032H | 200105400C | 202591688D,64120,False,False,y,large,Singapore-HQ group with operations outside Singapore (curated; verify),Singapore HQ
ORIX,frame_match,Japan,Regulated,ORIX INVESTMENT AND MANAGEMENT PRIVATE LIMITED,198102178E,64202,True,False,y,large,,Foreign HQ
Omron,frame_match,Japan,Regulated,OMRON ASIA PACIFIC PTE LTD | OMRON ELECTRONICS PTE LTD | OMRON HEALTHCARE SINGAPORE PTE LTD,198803457N | 199700356C | 200100591Z,64202,False,False,n,large,,Foreign HQ
PSA International,frame_match,Singapore,Regulated,PSA CORPORATION LIMITED | PSA INTERNATIONAL PTE LTD,197200399R | 199706229Z,64202,False,True,n,large,Singapore-HQ group with operations outside Singapore (curated; verify),Singapore HQ
Partners Group,frame_match,Switzerland,Regulated,PARTNERS GROUP (SINGAPORE) PTE. LTD.,200410184K,66304,True,False,y,large,,Foreign HQ
PayPal,frame_match,United States,Regulated,PAYPAL NETWORK PTE. LTD. | PAYPAL PAYMENT HOLDINGS PTE. LTD. | PAYPAL PAYMENTS PTE. LTD. | PAYPAL PTE. LTD.,200509725E | 200918218H | 201508454W | 202508855M,66195,False,False,y,large,,Foreign HQ
Pictet,frame_match,Switzerland,Regulated,PICTET ASSET MANAGEMENT (SINGAPORE) PTE. LTD.,201220308W,66301,False,True,n,large,,Foreign HQ
Principal Financial Group,frame_match,United States,Regulated,PRINCIPAL ASSET MANAGEMENT (S) PTE. LTD.,200607208K,66309,False,False,y,large,,Foreign HQ
Prologis,frame_match,United States,Regulated,PROLOGIS SINGAPORE PTE. LTD. | PROLOGIS SOUTH ASIA HOLDING PTE. LTD.,200505591R | 202310588Z,64202,True,True,y,large,,Foreign HQ
Prudential Financial,frame_match,United States,Regulated,PGIM (SINGAPORE) PTE. LTD. | PGIM AC ACCESS 1 GP PTE. LTD. | PGIM AC CO-INVEST 1 GP PTE. LTD. | PGIM AC CO-INVEST GP PTE. LTD. | PGIM DC CO-INVEST GP PTE. LTD. | PGIM DC JV GP PTE. LTD. | PGIM GDC GP I PTE. LTD. | PGIM GDC ROW GP PTE. LTD. | PGIM GDC ROW HOLDCO GP PTE. LTD. | PGIM GDCF ROW MASTER PTE. LTD. | PRUDENTIAL FINANCIAL ADVISERS SINGAPORE PTE. LTD.,199404146N | 202113189N | 202113191Z | 202132208R | 202206570R | 202206580H | 202211309M | 202312631G | 202339177C | 202339182Z | 202500252C,66301,False,False,y,large,,Foreign HQ
Prudential plc,frame_match,United Kingdom,Regulated,EASTSPRING INVESTMENTS (SINGAPORE) LIMITED | EASTSPRING INVESTMENTS GROUP PTE. LTD. | EASTSPRING INVESTMENTS SERVICES PTE. LTD. | PRUDENTIAL ASSURANCE COMPANY SINGAPORE (PTE) LIMITED | PRUDENTIAL SINGAPORE HOLDINGS PTE. LIMITED,199002477Z | 199407631H | 200416812Z | 201117815D | 202021184C,66301,False,False,y,large,,Foreign HQ
QBE Insurance,frame_match,Australia,Regulated,QBE INSURANCE (SINGAPORE) PTE. LTD.,198401363C,65124,False,False,y,large,,Foreign HQ
QNB,frame_match,Qatar,Regulated,QATAR NATIONAL BANK (Q.P.S.C.),T08FC7231C,64130,False,False,y,large,,Foreign HQ
Raiffeisen Bank International,frame_match,Austria,Regulated,RAIFFEISEN BANK INTERNATIONAL AG,T10FC0122G,64130,False,False,y,large,,Foreign HQ
Reckitt Benckiser,frame_match,United Kingdom,Regulated,RECKITT BENCKISER (SINGAPORE) PTE LTD,197702628K,21022,False,False,y,large,,Foreign HQ
Red Bull,frame_match,Austria,Regulated,RED BULL SECURITIES PTE. LTD.,202322065Z,66110,False,True,n,large,,Foreign HQ
ResMed,frame_match,United States,Regulated,RESMED ASIA PTE. LTD. | RESMED INVESTMENT HOLDING PTE. LTD.,201816214N | 202553833N,32509,True,False,y,large,,Foreign HQ
Revolut,frame_match,United Kingdom,Regulated,REVOLUT SECURITIES SINGAPORE PTE. LTD. | REVOLUT TECHNOLOGIES SINGAPORE PTE. LTD.,201721013G | 202102782K,64993,False,True,n,large,,Foreign HQ
Rosneft,frame_match,Russia,Regulated,ROSNEFT SINGAPORE PTE. LTD.,201529654Z,64202,True,False,y,large,,Foreign HQ
SATS,frame_match,Singapore,Regulated,SATS AERO LAUNDRY PTE. LTD. | SATS AEROLOG EXPRESS PTE. LTD. | SATS AIRPORT SERVICES PTE LTD | SATS ASIA-PACIFIC STAR PTE. LTD. | SATS CATERING PTE LTD | SATS CONSUMER SERVICES PTE. LTD. | SATS FOOD SERVICES PTE. LTD. | SATS INSTITUTIONAL CATERING PTE. LTD. | SATS INVESTMENTS (II) PTE. LTD. | SATS INVESTMENTS (III) PTE. LTD. | SATS INVESTMENTS PTE. LTD. | SATS LTD. | SATS PPG SINGAPORE PTE. LTD. | SATS SECURITY SERVICES PRIVATE LIMITED | SATS SELETAR AVIATION SERVICES PTE. LTD. | SATS TREASURY PTE. LTD. | SATS-CREUERS CRUISE SERVICES PTE. LTD. | SATS-MIT FOOD SOLUTIONS PTE. LTD.,197201770G | 197300678G | 198500561R | 198500562G | 198900760H | 198903088H | 198905026D | 199705514Z | 200106625G | 200908257K | 201136140E | 201331407Z | 201710934Z | 201711640C | 201820449R | 202233449G | 202309453C | 202425614E,64202,False,False,n,large,Singapore-HQ group with operations outside Singapore (curated; verify),Singapore HQ
SCB,frame_match,Thailand,Regulated,"THE SIAM COMMERCIAL BANK PUBLIC COMPANY LIMITED, Singapore Branch",S94FC4786D,64130,False,False,y,large,,Foreign HQ
SMIC,frame_match,China,Regulated,SMIC SG HOLDINGS PTE. LTD.,202219950R,64202,True,True,y,large,,Foreign HQ
Samsara,frame_match,United States,Regulated,SAMSARA PTE. LTD.,200804646R,64202,True,False,y,large,,Foreign HQ
Samsung,frame_match,South Korea,Regulated,SAMSUNG ASIA PTE. LTD. | SAMSUNG C&T CORPORATION | SAMSUNG C&T SINGAPORE PTE. LTD. | SAMSUNG ELECTRONICS SINGAPORE PTE. LTD. | SAMSUNG SDS ASIA PACIFIC PTE. LTD.,200610380D | 200612002M | 200811644D | 202033851D | S90FC4239C,64202,False,False,y,large,,Foreign HQ
Santander,frame_match,Spain,Regulated,"BANCO SANTANDER, S.A.",T11FC0193K,64130,False,False,y,large,,Foreign HQ
Schroders,frame_match,United Kingdom,Regulated,SCHRODER INVESTMENT MANAGEMENT (SINGAPORE) LTD. | SCHRODER INVESTMENT MANAGEMENT NORTH AMERICA LIMITED Singapore Branch,199201080H | T06FC6856D,66301,False,False,n,large,,Foreign HQ
Scotiabank,frame_match,Canada,Regulated,THE BANK OF NOVA SCOTIA,S74FC2433H,64130,False,False,y,large,,Foreign HQ
Seagate Technology,frame_match,Ireland,Regulated,SEAGATE TECHNOLOGY HOLDINGS PUBLIC LIMITED COMPANY,T23FC0090L,64202,False,False,y,large,,Foreign HQ
Sembcorp,frame_match,Singapore,Regulated,SEMBCORP ARCHITECTS & ENGINEERS PTE. LTD. | SEMBCORP BANGLADESH HOLDING PTE. LTD. | SEMBCORP CAPTIVE INSURANCE PTE. LTD. | SEMBCORP CHENBA'ERHU WIND POWER CO PTE. LTD. | SEMBCORP COGEN PTE LTD | SEMBCORP DEVELOPMENT BATAM HOLDINGS PTE. LTD. | SEMBCORP DEVELOPMENT INDIA HOLDINGS PTE. LTD. | SEMBCORP DEVELOPMENT INDONESIA PTE. LTD. | SEMBCORP DEVELOPMENT LTD. | SEMBCORP DEVELOPMENT MYANMAR PTE. LTD. | SEMBCORP DEVELOPMENT VIETNAM PTE. LTD. | SEMBCORP ENERGY AUSTRALIA HOLDING PTE. LTD. | SEMBCORP ENERGY AUSTRALIA PTE. LTD. | SEMBCORP ENERGY INDONESIA PTE. LTD. | SEMBCORP ENERGY MARKETS PTE. LTD. | SEMBCORP ENERGY PHILIPPINES PTE. LTD. | SEMBCORP ENERGY VIETNAM PROJECT I PTE. LTD. | SEMBCORP ENERGY VIETNAM PTE. LTD. | SEMBCORP FINANCIAL SERVICES PTE. LTD. | SEMBCORP FLOATING SOLAR SINGAPORE PTE. LTD. | SEMBCORP FUELS (SINGAPORE) PTE. LTD. | SEMBCORP FUELS PTE. LTD. | SEMBCORP GAS PTE LTD | SEMBCORP GREEN HYDROGEN PTE. LTD. | SEMBCORP GULF PTE. LTD. | SEMBCORP HULUNBEIER WIND POWER CO PTE. LTD. | SEMBCORP INDUSTRIES LTD | SEMBCORP INFRA HOLDINGS PTE. LTD. | SEMBCORP INFRA SERVICES BINH DUONG PTE. LTD. | SEMBCORP INFRA SERVICES DINH VU PTE. LTD. | SEMBCORP INFRA SERVICES II PTE. LTD. | SEMBCORP INFRA SERVICES NGHE AN PTE. LTD. | SEMBCORP INFRA SERVICES PTE. LTD. | SEMBCORP INFRA SERVICES QUANG NGAI PTE. LTD. | SEMBCORP INFRA SERVICES THUY NGUYEN PTE. LTD. | SEMBCORP INFRA SERVICES YEN PHONG A PTE. LTD. | SEMBCORP INFRA SERVICES YEN PHONG B PTE. LTD. | SEMBCORP INTEGRATED HUB BAC NINH III PTE. LTD. | SEMBCORP INTEGRATED HUB BAC NINH IV PTE. LTD. | SEMBCORP INTEGRATED HUB BAC NINH V PTE. LTD. | SEMBCORP INTEGRATED HUB DONG NAI I PTE. LTD. | SEMBCORP INTEGRATED HUB HA NAM I PTE. LTD. | SEMBCORP INTEGRATED HUB HAI DUONG II PTE. LTD. | SEMBCORP INTEGRATED HUB HAI PHONG IV PTE. LTD. | SEMBCORP INTEGRATED HUB HAI PHONG V PTE. LTD. | SEMBCORP INTEGRATED HUB HCMC I PTE. LTD. | SEMBCORP INTEGRATED HUB HUNG YEN I PTE. LTD. | SEMBCORP INTEGRATED URBAN SOLUTIONS PTE. LTD. | SEMBCORP INTEGRATED UTILITIES PTE. LTD. | SEMBCORP INTERNATIONAL SERVICES PTE. LTD. | SEMBCORP INVESTMENT PTE. LTD. | SEMBCORP MYINGYAN HOLDING COMPANY PTE. LTD. | SEMBCORP MYINGYAN POWER COMPANY (SINGAPORE) PTE. LTD. | SEMBCORP NEWATER PTE. LTD. | SEMBCORP PARKS MANAGEMENT PTE LTD | SEMBCORP POWER PTE LTD | SEMBCORP PROJECT ENGINEERING COMPANY PTE. LTD. | SEMBCORP PROPERTIES (CHINA) PTE. LTD. | SEMBCORP PROPERTIES (VIETNAM) PTE. LTD. | SEMBCORP PROPERTIES PTE. LTD. | SEMBCORP RENEWABLE ENERGY VIETNAM PTE. LTD. | SEMBCORP RENEWABLES EAST SERVICES PTE. LTD. | SEMBCORP RENEWABLES INDONESIA PTE. LTD. | SEMBCORP RENEWABLES WEST PTE. LTD. | SEMBCORP RESOURCES PTE. LTD. | SEMBCORP SMART ENERGY SOLUTIONS VIETNAM PTE. LTD. | SEMBCORP SOLAR SINGAPORE PTE. LTD. | SEMBCORP SOLAR VIETNAM PTE. LTD. | SEMBCORP SPECIALISED CONSTRUCTION PTE. LTD. | SEMBCORP TAWEELAH C O&M PTE. LTD. | SEMBCORP TAWEELAH C PTE. LTD. | SEMBCORP UNITY LNG HOLDING PTE. LTD. | SEMBCORP UTILITIES PTE LTD | SEMBCORP UTILITIES SERVICES PTE. LTD. | SEMBCORP VENTURES PTE LTD | SEMBCORP WATER SEA PTE. LTD. | SEMBCORP WATERTECH PTE. LTD. | SEMBCORP XINBA'ERHU WIND POWER CO PTE. LTD.,197300648H | 197600209C | 197800674C | 199202243R | 199206639M | 199507721N | 199704333H | 199707556E | 199707557R | 199800073N | 199802418D | 199901080N | 200302373G | 200613199N | 200800316H | 200802147C | 200812818N | 200812832N | 201221138D | 201312925R | 201401965R | 201428026R | 201435086C | 201511968K | 201512192D | 201527905W | 201537014G | 201734913E | 201735065R | 201819132M | 201900556W | 201908421C | 201918091K | 201923349N | 201930568G | 201930587C | 201931401R | 201938458K | 202007513C | 202009915N | 202144613D | 202215444H | 202215482W | 202310121H | 202322355K | 202322362K | 202322522H | 202323932R | 202336604D | 202410215W | 202421485K | 202427235R | 202427244W | 202427771R | 202430749H | 202430751N | 202436183E | 202443138E | 202447307K | 202448344E | 202501859C | 202506444W | 202515469Z | 202527819E | 202532732R | 202533283N | 202538932D | 202538940N | 202538995M | 202543057H | 202544925R | 202551931N | 202552377Z | 202552841H | 202553165M | 202553171C | 202620925W | 202624174Z,64202,False,False,n,large,Singapore-HQ group with operations outside Singapore (curated; verify),Singapore HQ
Shanghai Pudong Development Bank,frame_match,China,Regulated,"SHANGHAI PUDONG DEVELOPMENT BANK CO., LTD. Singapore Branch",T16FC0129J,64130,False,False,y,large,,Foreign HQ
Singapore Exchange,frame_match,Singapore,Regulated,SINGAPORE EXCHANGE DERIVATIVES CLEARING LIMITED | SINGAPORE EXCHANGE DERIVATIVES TRADING LIMITED | SINGAPORE EXCHANGE IT SOLUTIONS PTE LIMITED | SINGAPORE EXCHANGE LIMITED | SINGAPORE EXCHANGE REGULATION PTE. LTD. | SINGAPORE EXCHANGE SECURITIES TRADING LIMITED,197300970D | 197802854W | 199705247G | 199904940D | 200005878M | 201709600D,66110,False,False,y,large,Singapore-HQ group with operations outside Singapore (curated; verify),Singapore HQ
Skandinaviska Enskilda Banken,frame_match,Sweden,Regulated,SKANDINAVISKA ENSKILDA BANKEN AB (PUBL),S88FC3906E,64130,False,False,y,large,,Foreign HQ
Snap-on,frame_match,United States,Regulated,SNAP-ON ASIA PACIFIC HOLDING PTE. LTD.,200410807D,64202,True,True,y,large,,Foreign HQ
Société Générale,frame_match,France,Regulated,SOCIETE GENERALE,S78FC2761B,64130,False,False,y,large,,Foreign HQ
Sompo Holdings,frame_match,Japan,Regulated,SOMPO HOLDINGS (ASIA) PTE. LTD. | SOMPO INSURANCE SINGAPORE PTE. LTD.,198905490E | 200815170K,65124,False,False,y,large,,Foreign HQ
Southern Company,frame_match,United States,Regulated,SOUTHERN COMPANY (MALAYA) PRIVATE LIMITED.,195100005Z,64202,False,False,y,large,,Foreign HQ
Standard Chartered,frame_match,United Kingdom,Regulated,STANDARD CHARTERED BANK | STANDARD CHARTERED BANK (SINGAPORE) LIMITED | STANDARD CHARTERED HOLDINGS (SINGAPORE) PRIVATE LIMITED | STANDARD CHARTERED NOMINEES (SINGAPORE) PTE. LTD. | STANDARD CHARTERED PRIVATE EQUITY (SINGAPORE) PTE. LTD. | STANDARD CHARTERED REAL ESTATE INVESTMENT HOLDINGS (SINGAPORE) PRIVATE LIMITED | STANDARD CHARTERED SERVICES LIMITED Singapore Branch | STANDARD CHARTERED TRUST (SINGAPORE) LIMITED,198502429K | 200802313H | 201223960D | 201224747C | 201303242E | 201316426Z | S16FC0027L | T26FC0007H,66191,False,False,y,large,,Foreign HQ
State Bank of India,frame_match,India,Regulated,STATE BANK OF INDIA,S77FC2670D,64120,False,False,y,large,,Foreign HQ
State Street Corporation,frame_match,United States,Regulated,STATE STREET BANK AND TRUST COMPANY | STATE STREET FUND SERVICES (SINGAPORE) PTE. LIMITED | STATE STREET GLOBAL ADVISORS SINGAPORE LIMITED | STATE STREET GX LIMITED Singapore Branch | STATE STREET TRUST (SG) LIMITED,200002719D | 200712750Z | 201315491W | T01FC6134G | T05FC6788D,66301,False,False,y,large,,Foreign HQ
Stryker Corporation,frame_match,United States,Regulated,STRYKER SINGAPORE PRIVATE LIMITED,199003364R,32501,True,True,y,large,,Foreign HQ
Sumitomo Mitsui Financial Group,frame_match,Japan,Regulated,"SMBC AVIATION CAPITAL SINGAPORE PTE. LTD. | SMBC NIKKO SECURITIES (SINGAPORE) PTE. LTD. | SUMITOMO MITSUI BANKING CORPORATION Singapore Branch | SUMITOMO MITSUI FINANCE AND LEASING (SINGAPORE) PTE. LTD. | SUMITOMO MITSUI FINANCE AND LEASING COMPANY, LIMITED Singapore Branch",198001515N | 201134547G | 202324477E | T03FC6366F | T09FC0023K,64999,False,False,y,large,,Foreign HQ
Sumitomo Mitsui Trust Holdings,frame_match,Japan,Regulated,"SUMITOMO MITSUI TRUST ASSET MANAGEMENT SINGAPORE PRIVATE LIMITED | SUMITOMO MITSUI TRUST BANK, LIMITED Singapore Branch",202349852C | S81FC3032E,66309,False,False,y,large,,Foreign HQ
Swire Properties,frame_match,Hong Kong,Regulated,SWIRE PROPERTIES PTE. LTD.,201226787E,64202,False,False,y,large,,Foreign HQ
Swiss Life,frame_match,Switzerland,Regulated,SWISS LIFE (SINGAPORE) PTE. LTD. | SWISS LIFE NETWORK (ASIA) PTE. LTD.,200712562E | 200913694D,66299,False,False,y,large,,Foreign HQ
Swiss Re,frame_match,Switzerland,Regulated,SWISS RE ASIA HOLDING PTE. LTD. | SWISS RE ASIA PTE. LTD. | SWISS RE INTERNATIONAL SE Singapore Branch | SWISS RE PRINCIPAL INVESTMENTS COMPANY ASIA PTE. LTD.,201728178G | 201737271G | 201941563G | T13FC0148H,64202,False,False,y,large,,Foreign HQ
Sysmex,frame_match,Japan,Regulated,SYSMEX ASIA PACIFIC PTE. LTD.,199800906H,32501,False,False,n,large,,Foreign HQ
T. Rowe Price,frame_match,United States,Regulated,T. ROWE PRICE SINGAPORE PRIVATE LTD.,201021137E,66309,False,False,y,large,,Foreign HQ
Taishin Financial Holdings,frame_match,Taiwan,Regulated,TAISHIN INVESTMENTS PTE. LTD.,201119011R,64202,True,False,y,large,,Foreign HQ
Techtronic Industries,frame_match,Hong Kong,Regulated,TECHTRONIC INDUSTRIES COMPANY PTE. LTD.,202121338N,64202,False,True,y,large,,Foreign HQ
Telenor,frame_match,Norway,Regulated,TELENOR ASIA PTE LTD | TELENOR GLOBAL SERVICES SINGAPORE PTE. LIMITED | TELENOR SOUTH ASIA INVESTMENT PTE. LTD. | TELENOR SOUTH EAST ASIA INVESTMENT PTE. LTD.,199705695G | 200918361K | 201204773Z | 201204806W,64202,True,False,y,large,,Foreign HQ
Terumo,frame_match,Japan,Regulated,TERUMO ASIA HOLDINGS PTE. LTD. | TERUMO BCT ASIA PTE. LTD. | TERUMO CAPITAL MANAGEMENT PTE. LTD.,201132437G | 201623230W | 201700181R,64202,False,False,n,large,,Foreign HQ
Texas Instruments,frame_match,United States,Regulated,TEXAS INSTRUMENTS SINGAPORE (PTE) LIMITED | TEXAS INSTRUMENTS SOUTHEAST ASIA PTE. LTD.,196800579R | 201828699Z,64994,False,True,y,large,,Foreign HQ
The Saudi National Bank,frame_match,Saudi Arabia,Regulated,THE SAUDI NATIONAL BANK Singapore Branch,T19FC0062D,64130,False,False,y,large,,Foreign HQ
Tokio Marine,frame_match,Japan,Regulated,TOKIO MARINE ASIA PTE. LTD. | TOKIO MARINE ASSET MANAGEMENT INTERNATIONAL PTE. LTD. | TOKIO MARINE FINANCIAL ADVISERS (SINGAPORE) PRIVATE LIMITED | TOKIO MARINE INSURANCE SINGAPORE LTD. | TOKIO MARINE KILN SINGAPORE PTE. LIMITED | TOKIO MARINE LIFE INSURANCE SINGAPORE PTE. LTD.,192300014M | 194800055D | 199201305E | 199704937Z | 200607812E | 202305494W,65124,False,False,y,large,,Foreign HQ
Toronto Dominion Bank,frame_match,Canada,Regulated,THE TORONTO-DOMINION BANK | TORONTO DOMINION (SOUTH EAST ASIA) LIMITED | TORONTO DOMINION INTERNATIONAL PTE. LTD.,197901732D | 202233861D | S96FC5114K,64140,False,False,y,large,,Foreign HQ
Tradeweb,frame_match,United States,Regulated,TRADEWEB ASIA PTE. LTD.,202504413R,66121,True,False,y,large,,Foreign HQ
UBS,frame_match,Switzerland,Regulated,CREDIT SUISSE (SINGAPORE) LIMITED | CREDIT SUISSE TRUST LIMITED,197702363D | 200102202E,64140,False,False,y,large,,Foreign HQ
UOB,frame_match,Singapore,Regulated,UNITED OVERSEAS BANK LIMITED | UNITED OVERSEAS BANK NOMINEES (PRIVATE) LIMITED | UOB ASSET MANAGEMENT LTD | UOB KAY HIAN CREDIT PTE. LTD. | UOB KAY HIAN NOMINEES PTE LTD | UOB KAY HIAN PRIVATE LIMITED | UOB KAY HIAN PROPERTIES PTE. LTD. | UOB VENTURE MANAGEMENT PRIVATE LIMITED | UOB-KAY HIAN HOLDINGS LIMITED,193500026Z | 196800520N | 197000447W | 198501558R | 198600120Z | 199100969M | 200004464C | 200612783G | 200811778Z,64120,False,False,y,large,Singapore-HQ group with operations outside Singapore (curated; verify),Singapore HQ
Ubiquiti,frame_match,United States,Regulated,UBIQUITI (SINGAPORE) PTE. LTD.,202110201K,64202,True,True,y,large,,Foreign HQ
Viatris,frame_match,United States,Regulated,VIATRIS ASIA PACIFIC PTE. LTD. | VIATRIS PRIVATE LIMITED | VIATRIS SINGAPORE PTE. LTD.,199907129H | 201502337M | 201541972M,21011,True,False,y,large,,Foreign HQ
Victory Giant Technology,frame_match,China,Regulated,VICTORY GIANT TECHNOLOGY (SINGAPORE) PTE. LTD.,202415256C,64202,False,True,y,large,,Foreign HQ
Vingroup Company,frame_match,Vietnam,Regulated,VINGROUP GLOBAL PTE. LTD. | VINGROUP INVESTMENT PTE. LTD.,201912628G | 201917180E,64202,True,True,y,large,,Foreign HQ
Visa,frame_match,United States,Regulated,VISA INTERNATIONAL SINGAPORE HOLDINGS PTE. LIMITED | VISA WORLDWIDE PTE. LIMITED | VISA WORLDWIDE SINGAPORE PTE. LIMITED,200719281K | 200820465M | 201115021D,66195,False,False,y,large,,Foreign HQ
Wells Fargo,frame_match,United States,Regulated,"WELLS FARGO BANK, NATIONAL ASSOCIATION | WELLS FARGO CDF INTERNATIONAL PTE. LTD. | WELLS FARGO SECURITIES SINGAPORE PTE. LTD.",201736108D | 201905735M | T10FC0018J,64991,False,False,y,large,,Foreign HQ
West Pharmaceutical Services,frame_match,United States,Regulated,WEST PHARMACEUTICAL SERVICES SINGAPORE PTE. LTD.,198200091K,21012,False,False,y,large,,Foreign HQ
Willis Towers Watson,frame_match,United Kingdom,Regulated,WILLIS TOWERS WATSON BROKERS (SINGAPORE) PTE. LTD. | WILLIS TOWERS WATSON CONSULTING (SINGAPORE) PTE. LTD. | WILLIS TOWERS WATSON HEALTH & BENEFITS (SG) PTE. LTD. | WILLIS TOWERS WATSON MANAGEMENT (SINGAPORE) PTE. LIMITED,198001608H | 198600361K | 198901172M | 201320432H,66221,False,False,y,large,,Foreign HQ
Wise,frame_match,United Kingdom,Regulated,WISE ASIA-PACIFIC PTE. LTD.,201422384R,64993,False,False,n,large,,Foreign HQ
Woodside Energy,frame_match,Australia,Regulated,WOODSIDE ENERGY (KOREA II) PTE. LTD. | WOODSIDE ENERGY (KOREA) PTE. LTD. | WOODSIDE ENERGY (LA) SINGAPORE PTE. LTD. | WOODSIDE ENERGY (MYANMAR) PTE. LTD. | WOODSIDE ENERGY AUSTRALIA ASIA HOLDINGS PTE. LTD. | WOODSIDE ENERGY SHIPPING SINGAPORE PTE. LTD. | WOODSIDE ENERGY TRADING SINGAPORE PTE. LTD.,200512381D | 200610275K | 201229736Z | 201324369N | 201324378R | 201700915G | 201802903H,64202,False,False,y,large,,Foreign HQ
WuXi Biologics,frame_match,China,Regulated,WUXI BIOLOGICS BIOPHARMACEUTICALS SINGAPORE PRIVATE LIMITED,202145073H,21022,False,True,y,large,,Foreign HQ
Xylem,frame_match,United States,Regulated,XYLEM INVESTMENTS PTE. LTD. | XYLEM PTE. LTD.,200202845Z | 202446168M,64202,True,False,y,large,,Foreign HQ
Yangzijiang Shipbuilding,frame_match,China,Regulated,YANGZIJIANG SHIPBUILDING (HOLDINGS) LTD.,200517636Z,64202,False,True,y,large,,Foreign HQ
Yuanta Financial Holding,frame_match,Taiwan,Regulated,YUANTA GLOBAL (SINGAPORE) PTE. LTD.,202241824K,66124,True,False,y,large,,Foreign HQ
ZTO Express,frame_match,China,Regulated,ZTO EXPRESS SG PTE. LTD.,201910943H,64202,False,True,y,large,,Foreign HQ
Zangge Mining,frame_match,China,Regulated,ZANGGE MINING INTERNATIONAL PTE. LTD.,202229926C,64202,False,True,y,large,,Foreign HQ
Zijin Mining,frame_match,China,Regulated,ZIJIN MINING INSURANCE (SINGAPORE) PTE. LTD.,202335175N,65122,False,False,y,large,,Foreign HQ
Zimmer Biomet,frame_match,United States,Regulated,ZIMMER BIOMET ASIA HOLDINGS PTE. LTD.,201734879M,64202,False,False,y,large,,Foreign HQ
Zoho,frame_match,India,Regulated,ZOHO CORPORATION PTE. LTD. | ZOHO ENGINEERING PTE. LTD. | ZOHO RESEARCH LABS PTE. LTD. | ZOHO VENTURES PTE. LTD.,201108056G | 202507241M | 202527741C | 202623764W,64202,False,False,n,large,,Foreign HQ
Zurich Insurance Group,frame_match,Switzerland,Regulated,ZURICH INSURANCE COMPANY LTD (Singapore Branch),T08FC7171K,65124,False,False,y,large,,Foreign HQ
Ørsted,frame_match,Denmark,Regulated,ORSTED SINGAPORE PTE. LTD.,201911141G,64202,False,True,y,large,,Foreign HQ
AMD,frame_match,United States,Technical,ADVANCED MICRO DEVICES (SINGAPORE) PTE LTD | AMD HOLDINGS PRIVATE LIMITED | AMD MANAGEMENT PTE. LTD. | AMD SERVICES PTE. LTD. | AMD SG PTE. LTD. | AMD SOLUTIONS PTE. LTD.,198700653G | 200810912K | 201105818E | 201226306N | 202403446G | 202637787Z,72102,True,False,y,large,,Foreign HQ
ASE Group,frame_match,Taiwan,Technical,ASE SINGAPORE PTE. LTD.,199800834K,26113,True,False,y,large,,Foreign HQ
ASML,frame_match,Netherlands,Technical,ASML SINGAPORE PTE LTD,199405535E,28300,False,True,y,large,,Foreign HQ
ATI Inc.,frame_match,United States,Technical,ATI ASIA PACIFIC PTE. LTD.,200612499C,26303,True,False,y,large,,Foreign HQ
Accenture,frame_match,Ireland,Technical,ACCENTURE PTE LTD | ACCENTURE SG SERVICES PTE. LTD. | ACCENTURE SOLUTIONS PTE. LTD.,197501877H | 201422277C | 201614700K,62021,False,False,y,large,,Foreign HQ
Accton Technology,frame_match,Taiwan,Technical,ACCTON TECHNOLOGY SG PTE. LTD.,202604503C,26302,False,False,y,large,,Foreign HQ
Advanced Info Service,frame_match,Thailand,Technical,AIS PRODUCTS PTE. LTD.,200902314D,26309,True,False,y,large,,Foreign HQ
Advantech,frame_match,Taiwan,Technical,ADVANTECH CO. SINGAPORE PTE LTD,199507032R,26209,True,False,y,large,,Foreign HQ
Advantest,frame_match,Japan,Technical,ADVANTEST (SINGAPORE) PTE. LTD.,199602230E,28273,True,False,y,large,,Foreign HQ
Alibaba,frame_match,China,Technical,ALIBABA AUTOMATION SOLUTION PTE. LTD. | ALIBABA CLOUD (SINGAPORE) PRIVATE LIMITED | ALIBABA CONSTRUCTION PTE. LTD. | ALIBABA INNOVATION PRIVATE LIMITED | ALIBABA INTERIOR PTE. LTD. | ALIBABA SINGAPORE HOLDING PRIVATE LIMITED | ALIBABA SOUTHEAST ASIA HOLDING PRIVATE LIMITED | ALIBABA TEXTILES PTE. LTD. | ALIBABA.COM GLOBAL SUPPLIER SERVICES PTE. LTD. | ALIBABA.COM HOLDING PTE. LTD. | ALIBABA.COM SINGAPORE E-COMMERCE PRIVATE LIMITED | ALIEXPRESS CIS HOLDING PTE. LTD. | ALIEXPRESS E-COMMERCE ONE PTE. LTD. | ALIEXPRESS INTERNATIONAL E-COMMERCE PTE. LTD. | ALIEXPRESS INTERNATIONAL SUPPLY CHAIN PRIVATE LIMITED | ALIEXPRESS KOREA HOLDING (SINGAPORE) PTE. LTD. | LAZADA EXPRESS (SINGAPORE) PTE. LTD. | LAZADA SERVICES HOLDING PTE. LTD. | LAZADA SERVICES SOUTH EAST ASIA PTE. LTD. | LAZADA SINGAPORE PTE. LTD. | LAZADA SOUTH EAST ASIA PTE. LTD.,200720572D | 200721152R | 201201679C | 201403859E | 201437184G | 201537356D | 201540804N | 201624375N | 201626368G | 201832234K | 201917627W | 202216156R | 202326157H | 202326380Z | 202326557G | 202328826N | 202329444R | 202338882E | 202340495Z | 202350626H | 202438961G,63201,False,False,y,large,,Foreign HQ
Analog Devices,frame_match,United States,Technical,"ANALOG DEVICES INTERNATIONAL, LLC Singapore Branch",S96FC5091E,26119,False,False,y,large,,Foreign HQ
Applied Materials,frame_match,United States,Technical,APPLIED MATERIALS GLOBAL VENTURE PARTNER PTE. LTD. | APPLIED MATERIALS SINGAPORE TECHNOLOGY PTE. LTD. | APPLIED MATERIALS SOUTH EAST ASIA PTE. LTD.,199507015D | 201111640Z | 202140046C,28274,False,False,y,large,,Foreign HQ
BT Group,frame_match,United Kingdom,Technical,BT GLOBAL CAPITAL PTE. LTD. | BT GLOBAL SOLUTIONS PTE. LTD. | BT SINGAPORE PTE. LTD.,195100025E | 199801489G | 201110336M,61020,False,True,y,large,,Foreign HQ
Baker Hughes,frame_match,United States,Technical,BAKER HUGHES ASIA PACIFIC PTE. LTD. | BAKER HUGHES ESP PTE. LTD. | BAKER HUGHES SERVICES PTE. LTD. | BAKER HUGHES SINGAPORE PTE | BAKER HUGHES SOLUTIONS (SINGAPORE) PTE. LTD.,196900109M | 197400996W | 198200222C | 200100590H | 202122784H,26513,False,False,y,large,,Foreign HQ
Bharat Electronics,frame_match,India,Technical,BHARAT ELECTRONICS LIMITED,S98FC5575K,26209,False,False,y,large,,Foreign HQ
Bio-Rad,frame_match,United States,Technical,BIO-RAD LABORATORIES (SINGAPORE) PTE LTD,199403029K,72109,False,False,n,large,,Foreign HQ
Block,frame_match,United States,Technical,BLOCK LABS PTE. LTD. | BLOCK OFFICE PTE. LTD. | BLOCK SOLUTIONS PTE. LTD. | BLOCK TECHNOLOGIES PTE. LTD. | BLOCK TECHNOLOGY PTE. LTD. | BLOCK VENTURES PTE. LTD.,202126753E | 202127225M | 202134256K | 202202279E | 202208305E | 202225103C,62011,True,False,y,large,,Foreign HQ
ByteDance,frame_match,China,Technical,BYTEDANCE NEXUS AI PTE. LTD. | BYTEDANCE PTE. LTD. | BYTEDANCE TECHNOLOGY PTE. LTD. | LARK TECHNOLOGIES PTE. LTD. | TIKTOK BARBER PTE. LTD. | TIKTOK NUSANTARA (SG) PTE. LTD. | TIKTOK PTE. LTD. | TIKTOK SERVICE PTE. LTD.,201719908M | 201839742H | 201923456H | 202008424G | 202348478W | 202402537D | 202444003N | 202633371W,62011,False,False,n,large,,Foreign HQ
Canva,frame_match,Australia,Technical,CANVA SG OPERATIONS PTE. LTD.,202200803E,58202,False,True,n,large,,Foreign HQ
Capgemini,frame_match,France,Technical,CAPGEMINI ASIA PACIFIC PTE. LTD. | CAPGEMINI SINGAPORE  PTE. LTD.,199106419N | 199602754G,62011,True,False,y,large,,Foreign HQ
Celestica,frame_match,Canada,Technical,CELESTICA HOLDINGS PTE LTD,199805000N,62023,True,True,y,large,,Foreign HQ
China Mobile,frame_match,China,Technical,CHINA MOBILE INTERNATIONAL (SINGAPORE) PTE. LTD. | CHINA MOBILE INTERNATIONAL INFRASTRUCTURE (SG1) PTE. LTD.,201330935M | 201727344W,61010,False,True,y,large,,Foreign HQ
China Unicom,frame_match,Hong Kong,Technical,CHINA UNICOM (SINGAPORE) OPERATIONS PTE. LTD.,200914331G,61010,False,False,y,large,,Foreign HQ
Chunghwa Telecom,frame_match,Taiwan,Technical,CHUNGHWA TELECOM SINGAPORE PTE. LTD.,200813436R,61020,False,False,y,large,,Foreign HQ
Cloudflare,frame_match,United States,Technical,"CLOUDFLARE, PTE. LTD.",201511371Z,62090,False,False,y,large,,Foreign HQ
Comcast,frame_match,United States,Technical,COMCAST INTERNATIONAL SINGAPORE PTE. LTD.,201135898C,62023,True,True,y,large,,Foreign HQ
Corning,frame_match,United States,Technical,CORNING INVESTMENT PTE. LTD. | CORNING SINGAPORE HOLDINGS PRIVATE LIMITED,201019507W | 201019809D,61020,True,False,y,large,,Foreign HQ
CrowdStrike,frame_match,United States,Technical,CROWDSTRIKE SINGAPORE PTE. LTD.,201634762E,62090,False,True,y,large,,Foreign HQ
Cummins,frame_match,United States,Technical,CUMMINS ASIA PACIFIC PTE. LTD. | CUMMINS SALES AND SERVICE SINGAPORE PTE. LTD.,197803168H | 201131653C,28112,True,False,y,large,,Foreign HQ
Dassault Systèmes,frame_match,France,Technical,DASSAULT SYSTEMES SINGAPORE PTE. LTD.,200202843W,62011,False,False,y,large,,Foreign HQ
Deutsche Telekom,frame_match,Germany,Technical,DEUTSCHE TELEKOM ASIA PTE LTD | DEUTSCHE TELEKOM GLOBAL BUSINESS SOLUTIONS SINGAPORE PTE. LTD.,199304385Z | 201940791R,61010,False,False,y,large,,Foreign HQ
DoorDash,frame_match,United States,Technical,DOORDASH SINGAPORE PTE. LTD.,202319194W,62090,True,True,y,large,,Foreign HQ
Dropbox,frame_match,United States,Technical,DROPBOX SINGAPORE PTE. LTD.,201603394R,62090,False,True,n,large,,Foreign HQ
Dubai Electricity and Water Authority,frame_match,UAE,Technical,DEWA VENTURES PTE. LTD.,202549437Z,62022,True,True,y,large,,Foreign HQ
Emera,frame_match,Canada,Technical,EMERA TECHNOLOGY PTE. LTD.,202345763E,62011,True,True,y,large,,Foreign HQ
Equinix,frame_match,United States,Technical,EQUINIX (APAC) SERVICES PTE. LTD. | EQUINIX APAC HOLDINGS PTE. LTD. | EQUINIX ASIA PACIFIC HOLDINGS PTE. LTD. | EQUINIX ASIA PACIFIC PTE. LTD. | EQUINIX SINGAPORE HOLDINGS PTE. LTD. | EQUINIX SINGAPORE PTE. LTD. | EQUINIX SOUTHEAST ASIA PTE. LTD.,200000041Z | 200210224C | 200210471C | 201542345R | 202137242D | 202238469N | 202347609M,63111,True,False,y,large,,Foreign HQ
Everpure,frame_match,United States,Technical,EVERPURE SINGAPORE PTE. LTD.,201319104W,62021,True,False,y,large,,Foreign HQ
F5,frame_match,United States,Technical,F5 GROUP PTE. LTD. | F5 NETWORKS SINGAPORE PTE LTD,200000999C | 202518347G,62013,True,False,y,large,,Foreign HQ
Fanuc,frame_match,Japan,Technical,FANUC SINGAPORE PTE LTD,197903544C,28224,True,False,y,large,,Foreign HQ
Ferrero,frame_match,Luxembourg,Technical,FERRERO ASIA PACIFIC PTE. LTD.,201627926W,72109,False,True,n,large,,Foreign HQ
Fidelity National Information Services,frame_match,United States,Technical,FIS GLOBAL TRADING (SINGAPORE) PTE. LTD. | FIS HOLDINGS PTE. LTD. | FIS SYSTEMS (SINGAPORE) PTE. LTD. | FIS TECHNOLOGY SERVICES SINGAPORE PTE. LTD.,199505654W | 199904587M | 201223767K | 202424024N,62021,True,False,y,large,,Foreign HQ
First Financial Holding,frame_match,Taiwan,Technical,FIRST ASIA TECHNOLOGY PTE. LTD. | FIRST ASIA VENTURES PTE. LTD. | FIRST CENTRE PTE. LTD. | FIRST DIGITAL GLOBAL PTE. LTD. | FIRST DIGITAL PTE. LTD. | FIRST DIGITAL TECH PTE. LTD. | FIRST EAST PTE. LTD. | FIRST FINANCIAL SERVICES PTE. LTD. | FIRST GLOBAL (PTE.) LTD. | FIRST GLOBAL TECHNOLOGY PTE. LTD. | FIRST HOLDING PTE. LTD. | FIRST HUB PTE. LTD. | FIRST LABS PTE. LTD. | FIRST MANAGEMENT PRIVATE LIMITED | FIRST PACIFIC PTE. LTD. | FIRST PACIFIC TECHNOLOGY PTE. LTD. | FIRST PTE. LTD. | FIRST SERVICES PRIVATE LIMITED | FIRST SOUTH PTE. LTD. | FIRST TECH PTE. LTD. | FIRST TECHNOLOGY (SINGAPORE) PTE. LTD. | FIRST TECHNOLOGY DEVELOPMENT PTE. LTD. | FIRST VENTURES PRIVATE LIMITED,200211023W | 200503576M | 200702864M | 200705450G | 200719915G | 200904350D | 201109763E | 201118069K | 201200600W | 201207308R | 201230014C | 201318322N | 201331118Z | 201713468W | 201805957E | 201922388W | 202135076D | 202240974M | 202305306K | 202309301C | 202439409C | 202512343E | 202606564C,62021,True,False,y,large,,Foreign HQ
Fiserv,frame_match,United States,Technical,FISERV APAC PTE. LTD.,200506823H,62021,True,False,y,large,,Foreign HQ
Foxconn,frame_match,Taiwan,Technical,FOXCONN SINGAPORE PTE LTD | FOXCONN TECHNOLOGY PTE. LTD. | FOXCONN VENTURES PTE. LTD.,199200874Z | 200000589K | 200505164M,26209,True,False,y,large,,Foreign HQ
GE Vernova,frame_match,United States,Technical,GE VERNOVA GLOBAL SERVICES GMBH Singapore Branch | GE VERNOVA INTERNATIONAL LLC Singapore Branch | GE VERNOVA SINGAPORE ELECTRIFICATION SOFTWARE SERVICES PTE. LTD. | GE VERNOVA SINGAPORE SERVICES PTE. LTD. | GE VERNOVA TREASURY APAC PTE. LTD.,195900132H | 201627297R | 201814347G | S72FC2212K | T15FC0147L,28111,False,False,y,large,,Foreign HQ
Genesys,frame_match,United States,Technical,GENESYS CLOUD SERVICES SINGAPORE PTE. LTD. | GENESYS PTE. LTD. | GENESYS SOLUTIONS PTE. LTD. | GENESYS TECHNOLOGY HOLDINGS PTE. LTD.,199801892C | 200503588G | 202112597G | 202311247K,62021,True,False,n,large,,Foreign HQ
GlobalFoundries,frame_match,United States,Technical,GLOBALFOUNDRIES SINGAPORE PTE. LTD.,198703584K,26112,True,False,y,large,,Foreign HQ
Guardant Health,frame_match,United States,Technical,GUARDANT HEALTH PTE. LTD.,201815106M,72101,False,False,y,large,,Foreign HQ
HCL Technologies,frame_match,India,Technical,HCL ASIA PACIFIC PTE. LTD. | HCL CLOUD PTE. LTD. | HCL INVESTMENTS PTE. LTD. | HCL NETWORK PTE. LTD. | HCL SINGAPORE PTE. LTD.,198000284M | 200202986R | 201025217Z | 201207548R | 202624689Z,62011,True,False,y,large,,Foreign HQ
HP,frame_match,United States,Technical,HEWLETT-PACKARD ASIA PACIFIC PTE. LTD. | HEWLETT-PACKARD SINGAPORE (SALES) PTE. LTD. | HP DIGITAL PTE. LTD. | HP INTERNATIONAL PTE. LTD. | HP MANAGEMENT PTE. LTD. | HP PPS ASIA PACIFIC PTE. LTD. | HP PPS SINGAPORE (SALES) PTE. LTD. | HP SINGAPORE (PRIVATE) LIMITED | HP SINGAPORE HOLDING PTE. LTD. | HP SINGAPORE SERVICES PTE. LTD.,197000137C | 198204256H | 198703164G | 199101131G | 200300739G | 201502910W | 201502912Z | 202102479K | 202303000H | 202516012W,26203,True,False,y,large,,Foreign HQ
Hewlett Packard Enterprise,frame_match,United States,Technical,HEWLETT PACKARD ENTERPRISE INTERNATIONAL PTE. LTD. | HEWLETT PACKARD ENTERPRISE SINGAPORE PTE. LTD.,201502906K | 201502917N,62011,False,False,y,large,,Foreign HQ
Hexagon AB,frame_match,Sweden,Technical,HEXAGON METROLOGY ASIA PACIFIC PTE. LTD. | LEICA GEOSYSTEMS PTE. LTD. | LEICA GEOSYSTEMS TECHNOLOGIES PTE. LTD.,199900921D | 200306971W | 201528088W,26511,False,False,y,large,,Foreign HQ
Hitachi,frame_match,Japan,Technical,"HITACHI AQUA-TECH ENGINEERING PTE. LTD. | HITACHI ASIA LTD. | HITACHI CONSTRUCTION MACHINERY (MALAYSIA) SDN. BHD. Singapore Branch | HITACHI CONSTRUCTION MACHINERY ASIA AND PACIFIC PTE. LTD. | HITACHI DIGITAL SERVICES APAC HOLDING PTE. LTD. | HITACHI DIGITAL SERVICES SINGAPORE PTE. LTD. | HITACHI EBWORX INTERNATIONAL PTE. LTD. | HITACHI ELEVATOR ASIA PTE. LTD. | HITACHI ENERGY SINGAPORE PTE. LTD. | HITACHI HIGH-TECH (SINGAPORE) PTE. LTD. | HITACHI HIGH-TECH ANALYTICAL SCIENCE GMBH Singapore Branch | HITACHI INTERNATIONAL TREASURY LTD. | HITACHI PAYMENT SERVICES PRIVATE LIMITED Branch Office Singapore | HITACHI PLANT CONSTRUCTION, LTD. Singapore Branch | HITACHI PLANT SERVICES CO., LTD. | HITACHI RAIL SINGAPORE PTE. LTD. | HITACHI SOLUTIONS ASIA PACIFIC PTE. LTD. | HITACHI SUNWAY INFORMATION SYSTEMS (SINGAPORE) PTE. LTD. | HITACHI SYSTEMS INDIA PRIVATE LIMITED Branch Office Singapore | HITACHI SYSTEMS NETWORK TECHNOLOGIES PTE. LTD. | HITACHI VANTARA PTE. LIMITED | HITACHI ZOSEN MARINE ENGINE CO., LTD. (Singapore Branch)",197201468W | 197300451R | 197701016M | 198403087Z | 198900416G | 198900599R | 199905557K | 200001198K | 200003947E | 200302088K | 200408397W | 200917965E | 201509357M | 201910167C | 202202955W | S91FC4277C | T01FC6045F | T13FC0127B | T17FC0189L | T18FC0065J | T19FC0055J | T23FC0068H,28162,False,False,y,large,,Foreign HQ
HubSpot,frame_match,United States,Technical,HUBSPOT ASIA PTE. LTD.,201526553E,62021,False,True,n,large,,Foreign HQ
IBM,frame_match,United States,Technical,IBM GLOBAL SERVICES PTE. LTD. | IBM INNOVATION SERVICES PTE. LTD. | IBM SG HOLDINGS PTE. LTD. | IBM SINGAPORE PTE LTD | IBM TECH PTE. LTD. | RED HAT ASIA PACIFIC PTE LTD,197501566C | 200004388R | 201021496N | 201417124N | 202345467E | 202432492E,62021,True,False,y,large,,Foreign HQ
IQVIA,frame_match,United States,Technical,IQVIA SOLUTIONS ASIA PTE. LTD.,198600924Z,62011,True,False,y,large,,Foreign HQ
Infineon,frame_match,Germany,Technical,INFINEON TECH PTE. LTD. | INFINEON TECHNOLOGIES ASIA PACIFIC PTE LTD,197000667M | 202539458W,26113,True,False,y,large,,Foreign HQ
Infosys,frame_match,India,Technical,INFOSYS BPM LIMITED Singapore Branch | INFOSYS COMPAZ PTE. LTD. | INFOSYS DISTRIBUTION PTE. LTD. | INFOSYS ENGINEERING PTE. LTD. | INFOSYS LIMITED Singapore Branch | INFOSYS SINGAPORE PTE. LTD.,199504205K | 200009030D | 200304516E | 200805143G | T00FC5817C | T13FC0138C,62021,False,False,y,large,,Foreign HQ
Inspur,frame_match,China,Technical,INSPUR SERVICE TECHNOLOGY PTE. LTD.,202443440N,26309,True,True,y,large,,Foreign HQ
KDDI,frame_match,Japan,Technical,KDDI ASIA PACIFIC PTE. LTD.,198904160G,61020,True,False,y,large,,Foreign HQ
KLA,frame_match,United States,Technical,KLA-TENCOR (SINGAPORE) PTE. LTD. | KLA-TENCOR SINGAPORE HOLDING COMPANY II PTE. LTD. | KLA-TENCOR SINGAPORE HOLDING COMPANY PTE. LTD.,199600895K | 200703571E | 201501877Z,28274,False,False,y,large,,Foreign HQ
Knorr-Bremse,frame_match,Germany,Technical,KNORR-BREMSE ASIA PACIFIC (HOLDING) LIMITED Singapore Branch,T08FC7236E,28300,True,False,y,large,,Foreign HQ
Lasertec,frame_match,Japan,Technical,LASERTEC SINGAPORE PTE. LTD.,201937595G,26112,True,False,y,large,,Foreign HQ
London Stock Exchange,frame_match,United Kingdom,Technical,REFINITIV ASIA PTE. LTD. | REFINITIV TRANSACTION SERVICES PTE. LTD.,199701117H | 199902761W,63909,False,False,y,large,,Foreign HQ
Luxshare Precision,frame_match,China,Technical,LUXSHARE PRECISION SINGAPORE PTE. LTD.,202206713C,72106,False,False,y,large,,Foreign HQ
MSCI,frame_match,United States,Technical,MSCI (SINGAPORE) PRIVATE LIMITED,200414069K,62021,True,False,y,large,,Foreign HQ
MediaTek,frame_match,Taiwan,Technical,MEDIATEK INVESTMENT SINGAPORE PTE. LTD. | MEDIATEK SINGAPORE PTE. LTD.,200407017R | 200801443E,72102,True,False,y,large,,Foreign HQ
Medpace,frame_match,United States,Technical,MEDPACE SINGAPORE PTE. LTD.,200617614R,72106,True,False,y,large,,Foreign HQ
Medtronic,frame_match,Ireland,Technical,"MEDTRONIC INTERNATIONAL TRADING PTE. LTD. | MEDTRONIC INTERNATIONAL, LTD. (Singapore Branch) | MEDTRONIC SINGAPORE OPERATIONS PTE. LTD.",200818638H | 201009458Z | S98FC5604C,26601,False,False,y,large,,Foreign HQ
Mindray,frame_match,China,Technical,MINDRAY INVESTMENTS SINGAPORE PTE. LIMITED,200707419G,26602,True,True,y,large,,Foreign HQ
MongoDB,frame_match,United States,Technical,MONGODB SINGAPORE PTE. LTD.,201312459E,62090,False,True,y,large,,Foreign HQ
Monolithic Power Systems,frame_match,United States,Technical,MONOLITHIC POWER SYSTEMS (SINGAPORE) PTE. LTD.,201113581Z,26112,False,True,y,large,,Foreign HQ
Moody's,frame_match,United States,Technical,MOODY'S ANALYTICS SINGAPORE PTE. LTD. | MOODY'S ASIA-PACIFIC GROUP (SINGAPORE) PTE. LTD. | MOODY'S INVESTORS SERVICE SINGAPORE PTE. LTD.,200403096C | 200722816G | 200722818H,58202,False,False,y,large,,Foreign HQ
Motorola Solutions,frame_match,United States,Technical,MOTOROLA SOLUTIONS SINGAPORE PTE. LTD.,198304800K,26309,False,False,y,large,,Foreign HQ
NEC Corp,frame_match,Japan,Technical,NEC ASIA PACIFIC PTE. LTD. | NEC CORPORATION | NEC CORPORATION INDIA PRIVATE LIMITED Singapore Branch,197700754G | S79FC2789G | T15FC0052A,62021,False,False,y,large,,Foreign HQ
NN Group,frame_match,Netherlands,Technical,NN SERVICES PTE. LTD.,201909717N,62021,True,False,y,large,,Foreign HQ
NTT,frame_match,Japan,Technical,NTT ASIA PACIFIC HOLDINGS PTE. LIMITED | NTT DATA ASIA PACIFIC PTE. LTD. | NTT DATA BUSINESS SOLUTIONS SINGAPORE PTE. LTD. | NTT DATA EPAYMENTS SINGAPORE PTE. LTD. | NTT DATA FA INSURANCE SYSTEMS PTE. LTD. | NTT DATA PAYMENT SERVICES SINGAPORE PTE. LTD. | NTT DATA SERVICES SINGAPORE PTE. LTD. | NTT GLOBAL PTE. LTD. | NTT SINGAPORE PTE. LTD.,198004404E | 199301842Z | 199604258K | 199701382M | 200311437R | 201707507M | 202110793Z | 202204161D | 202331995K,62011,True,False,y,large,,Foreign HQ
NXP Semiconductors,frame_match,Netherlands,Technical,NXP SEMICONDUCTORS SINGAPORE PTE. LTD.,200606863D,28273,False,False,y,large,,Foreign HQ
Nasdaq,frame_match,United States,Technical,NASDAQ SINGAPORE PTE. LTD.,201009353K,62011,True,False,y,large,,Foreign HQ
NetApp,frame_match,United States,Technical,NETAPP SINGAPORE PTE. LTD.,200004644E,62021,True,False,y,large,,Foreign HQ
Nutanix,frame_match,United States,Technical,NUTANIX SINGAPORE PTE. LTD.,201229861W,63119,True,True,y,large,,Foreign HQ
Orange,frame_match,France,Technical,ORANGE BUSINESS SERVICES SINGAPORE PTE. LTD.,199505973R,61010,False,True,y,large,,Foreign HQ
PTC,frame_match,United States,Technical,PTC DEVELOPMENT PTE. LTD. | PTC PTE. LTD.,200311020H | 200510415Z,28223,True,False,y,large,,Foreign HQ
Palantir,frame_match,United States,Technical,PALANTIR TECHNOLOGIES SINGAPORE PTE. LTD.,201216071G,62021,True,True,y,large,,Foreign HQ
Rakuten,frame_match,Japan,Technical,RAKUTEN ASIA PTE. LTD. | RAKUTEN ENERGY PTE. LTD. | RAKUTEN SYMPHONY SINGAPORE PTE. LTD. | RAKUTEN TRAVEL SINGAPORE PTE. LTD. | RAKUTEN TRAVEL XCHANGE PTE. LTD.,201132304C | 201134239M | 201213575N | 201933061G | 202505603H,62011,False,False,n,large,,Foreign HQ
Recruit,frame_match,Japan,Technical,INDEED SINGAPORE OPERATIONS (PTE.) LTD.,201416948D,63209,True,False,y,large,,Foreign HQ
Reddit,frame_match,United States,Technical,REDDIT SG PTE. LTD.,202228276G,63119,True,True,y,large,,Foreign HQ
Revvity,frame_match,United States,Technical,REVVITY SINGAPORE PTE. LTD.,199707113D,26511,True,True,y,large,,Foreign HQ
Rockwell Automation,frame_match,United States,Technical,ROCKWELL AUTOMATION ASIA PACIFIC BUSINESS CENTER PTE. LTD. | ROCKWELL AUTOMATION SOUTHEAST ASIA PTE. LTD.,199105857E | 200515979N,26513,False,False,y,large,,Foreign HQ
S&P Global,frame_match,United States,Technical,"PLATTS BENCHMARKS ASIA PTE. LTD. | S&P GLOBAL ASIAN HOLDINGS PTE. LTD. | S&P GLOBAL RATINGS SINGAPORE PTE. LTD. | STANDARD & POOR'S INTERNATIONAL,LLC",201016484D | 201117563C | 202020469W | T01FC6086L,63909,False,False,y,large,,Foreign HQ
SAP,frame_match,Germany,Technical,CONCUR TECHNOLOGIES (SINGAPORE) PTE. LTD. | SAP ASIA PTE. LTD. | SAP GROUP PTE LTD | SAP SERVICES PTE. LTD. | SAP TRADING PTE. LTD. | SAP-INTERNATIONAL PTE. LTD.,198902722M | 199700192Z | 200709814D | 201118943K | 201435346N | 201733316N,63119,True,False,y,large,,Foreign HQ
SCREEN Holdings,frame_match,Japan,Technical,SCREEN ASIA PTE. LTD. | SCREEN HOLDINGS SINGAPORE PTE. LTD.,201605394H | 201705468M,63909,True,False,y,large,,Foreign HQ
SMC corp,frame_match,Japan,Technical,SMC CORPORATION (SINGAPORE) PTE. LTD. | SMC GLOBAL PTE. LTD. | SMC MANAGEMENT PRIVATE LIMITED,197401505K | 201114051E | 201419252W,26513,True,False,y,large,,Foreign HQ
SS&C Technologies,frame_match,United States,Technical,SS&C TECHNOLOGIES (S) PTE LTD,199900696D,62011,False,False,y,large,,Foreign HQ
STMicroelectronics,frame_match,Switzerland,Technical,STMICROELECTRONICS ASIA PACIFIC PTE LTD | STMICROELECTRONICS PTE LTD,196900236M | 199404407W,26122,True,False,y,large,,Foreign HQ
Salesforce,frame_match,United States,Technical,SALESFORCE.COM SINGAPORE PTE. LTD.,200410660N,63909,False,False,y,large,,Foreign HQ
Sea Limited,frame_match,Singapore,Technical,GARENA GAMES PRIVATE LIMITED | GARENA INTERNATIONAL II PRIVATE LIMITED | GARENA INTERNATIONAL III PRIVATE LIMITED | GARENA INTERNATIONAL IV PRIVATE LIMITED | GARENA INTERNATIONAL IX PRIVATE LIMITED | GARENA INTERNATIONAL V PRIVATE LIMITED | GARENA INTERNATIONAL VI PRIVATE LIMITED | GARENA INTERNATIONAL VII PRIVATE LIMITED | GARENA INTERNATIONAL XI PRIVATE LIMITED | GARENA INTERNATIONAL XII PRIVATE LIMITED | GARENA INTERNATIONAL XIII PRIVATE LIMITED | GARENA INTERNATIONAL XIV PRIVATE LIMITED | GARENA MOBILE PRIVATE LIMITED | GARENA ONLINE PRIVATE LIMITED | GARENA TECHNOLOGY PRIVATE LIMITED | GARENA VENTURES HOLDING I PRIVATE LIMITED | GARENA VENTURES PRIVATE LIMITED | GARENA VIETNAM PRIVATE LIMITED | SEA GROUP TECHNOLOGY PTE. LTD. | SEAMONEY (PAYMENT) TW PRIVATE LIMITED | SEAMONEY CONSULTING HOLDINGS I PRIVATE LIMITED | SEAMONEY CONSULTING HOLDINGS II PRIVATE LIMITED | SEAMONEY HOLDING PH PRIVATE LIMITED | SHOPEE CHOICE II PRIVATE LIMITED | SHOPEE CHOICE PRIVATE LIMITED | SHOPEE DEVELOPMENT PRIVATE LIMITED | SHOPEE EXPRESS INTERNATIONAL III PRIVATE LIMITED | SHOPEE EXPRESS INTERNATIONAL IV PRIVATE LIMITED | SHOPEE EXPRESS TW PRIVATE LIMITED | SHOPEE HOLDING I PRIVATE LIMITED | SHOPEE INTERNATIONAL III PRIVATE LIMITED | SHOPEE INTERNATIONAL IV PRIVATE LIMITED | SHOPEE INTERNATIONAL IX PRIVATE LIMITED | SHOPEE INTERNATIONAL PRIVATE LIMITED | SHOPEE INTERNATIONAL V PRIVATE LIMITED | SHOPEE INTERNATIONAL VI PRIVATE LIMITED | SHOPEE INTERNATIONAL VIII PRIVATE LIMITED | SHOPEE INTERNATIONAL X PRIVATE LIMITED | SHOPEE INTERNATIONAL XI PRIVATE LIMITED | SHOPEE IP SINGAPORE PRIVATE LIMITED | SHOPEE KOREA PRIVATE LIMITED | SHOPEE LOGISTICS SERVICES PRIVATE LIMITED | SHOPEE MOBILE (MY) PRIVATE LIMITED | SHOPEE SINGAPORE PRIVATE LIMITED | SHOPEE TAIWAN PRIVATE LIMITED | SHOPEE TECHNOLOGY HOLDINGS PRIVATE LIMITED | SHOPEE TRAVEL SG PRIVATE LIMITED,200908142H | 201129406N | 201129411M | 201419598W | 201503526N | 201504801N | 201534695W | 201706401R | 201708117D | 201736579C | 201736673K | 201831998R | 201835313W | 201838779G | 201838783N | 201902998C | 201903122G | 201903134C | 201905471R | 201905493D | 201909162R | 201929058K | 201929065K | 201930192C | 201933688R | 201937970E | 201939799M | 202108009C | 202128296H | 202128297Z | 202130598C | 202130749W | 202145090C | 202145091M | 202211857G | 202211858W | 202221699H | 202301925G | 202500313R | 202500314G | 202501848W | 202517714W | 202538094K | 202550507G | 202602050G | 202602051W | 202616577E,58201,False,True,y,large,Singapore-HQ group with operations outside Singapore (curated; verify),Singapore HQ
Singtel,frame_match,Singapore,Technical,NCS GLOBAL VENTURES PTE. LTD. | NCS PTE. LTD. | NCS SG PTE. LTD. | SINGAPORE TELECOMMUNICATIONS LIMITED | SINGTEL AI ALLIANCE PTE. LTD. | SINGTEL AI INFRASTRUCTURE HOLDINGS PTE. LTD. | SINGTEL AI INFRASTRUCTURE PTE. LTD. | SINGTEL ALPHA INVESTMENTS PTE. LTD. | SINGTEL ASIA PACIFIC INVESTMENTS PTE. LTD. | SINGTEL ASIAN INVESTMENTS PTE LTD | SINGTEL ATN PTE. LTD. | SINGTEL AU INVESTMENTS PTE. LTD. | SINGTEL AUSTRALIA INVESTMENT LTD. | SINGTEL CONSULTANCY PTE. LTD. | SINGTEL CORPORATE PTE. LTD. | SINGTEL DIGITAL LIFE PTE. LTD. | SINGTEL DIGITAL MEDIA PTE. LTD. | SINGTEL EINVESTMENTS PTE LTD | SINGTEL ENTERPRISE SECURITY PTE. LTD. | SINGTEL FINGROUP INVESTMENT PTE. LTD. | SINGTEL GBS PTE. LTD. | SINGTEL GLOBAL INVESTMENT PTE. LTD. | SINGTEL GROUP TREASURY PTE. LTD. | SINGTEL ICT PTE. LTD. | SINGTEL IDEA FACTORY PTE. LTD. | SINGTEL INNOV8 HOLDINGS PTE. LTD. | SINGTEL INNOV8 PTE. LTD. | SINGTEL INNOV8 VENTURES PTE. LTD. | SINGTEL INTERACTIVE PTE. LTD. | SINGTEL INTERNATIONAL DIGITAL SERVICES PTE. LTD. | SINGTEL INTERNATIONAL INVESTMENTS PRIVATE LIMITED | SINGTEL LAND PTE. LTD. | SINGTEL MOBILE SINGAPORE PTE. LTD. | SINGTEL NEX PTE. LTD. | SINGTEL PARAGON PTE. LTD. | SINGTEL SINGAPORE PTE. LTD. | SINGTEL SOMERSET PTE. LTD. | SINGTEL STRATEGIC INVESTMENTS PTE LTD | SINGTEL TECHNOLOGY HOLDINGS PTE. LTD. | TRUSTWAVE PTE. LTD.,197501215D | 198101793G | 199201624D | 199508315D | 199601563D | 199605345R | 199704912Z | 199705906G | 199705915H | 200002910N | 200006907D | 200101508W | 200616191R | 200711405K | 200920548W | 201011892K | 201012456C | 201015885R | 201111616G | 201111628C | 201208485R | 201218301N | 201332199H | 201509080K | 201808303Z | 201833461C | 201939272W | 202025149K | 202025261D | 202216422W | 202216569Z | 202405926G | 202412951Z | 202414710C | 202423785G | 202423896E | 202505229C | 202622280K | 202633331G | T08FC7168K,62011,True,False,y,large,Singapore-HQ group with operations outside Singapore (curated; verify),Singapore HQ
Strategy,frame_match,United States,Technical,MICROSTRATEGY SINGAPORE PTE. LTD.,200517987W,62021,False,True,y,large,,Foreign HQ
Stripe,frame_match,United States,Technical,STRIPE PAYMENTS SINGAPORE PTE. LTD.,201524528H,62090,False,True,n,large,,Foreign HQ
Synchrony Financial,frame_match,United States,Technical,SYNCHRONY TECHNOLOGIES PTE. LTD.,202410263Z,62011,True,False,y,large,,Foreign HQ
T&D Holdings,frame_match,Japan,Technical,T&D LABS PRIVATE LIMITED,202606296W,62022,True,False,y,large,,Foreign HQ
TC Energy,frame_match,Canada,Technical,TC ENERGY EQUIPMENT AND SERVICES PTE. LTD.,201838916G,28242,False,False,y,large,,Foreign HQ
TKO Group Holdings,frame_match,United States,Technical,TKO PTE. LTD. | TKO TECHNOLOGIES PTE. LTD.,202306226W | 202438305G,28112,True,False,y,large,,Foreign HQ
Takeda Pharmaceutical,frame_match,Japan,Technical,"TAKEDA  MANUFACTURING SINGAPORE PTE. LTD. | TAKEDA DEVELOPMENT CENTER ASIA, PTE. LTD. | TAKEDA PHARMACEUTICALS (ASIA PACIFIC) PTE. LTD. | TAKEDA PHARMACEUTICALS INTERNATIONAL AG Singapore Branch",200817232H | 200902698M | 202106924K | T14FC0167E,72106,False,False,y,large,,Foreign HQ
Tata Consultancy Services,frame_match,India,Technical,TATA CONSULTANCY SERVICES ASIA PACIFIC PTE. LTD.,200308003M,62021,False,False,y,large,,Foreign HQ
Technoprobe,frame_match,Italy,Technical,TECHNOPROBE ASIA PTE. LTD.,200308724K,26129,True,True,y,large,,Foreign HQ
Telefonica,frame_match,Spain,Technical,"TELEFONICA GLOBAL SOLUTIONS, SINGAPORE PTE. LTD.",201322030C,61010,True,True,y,large,,Foreign HQ
Telstra,frame_match,Australia,Technical,TELSTRA HOLDINGS SINGAPORE PTE. LTD. | TELSTRA INTERNET (S) PTE. LTD. | TELSTRA SINGAPORE PTE. LTD.,199502086C | 200209830G | 201417749C,62090,False,False,y,large,,Foreign HQ
Tencent,frame_match,China,Technical,TENCENT CLOUD INTERNATIONAL PTE. LTD. | TENCENT CLOUD SERVICE PTE. LTD. | TENCENT COMPLIANCE CONSULTING PTE. LTD. | TENCENT ENGINEERING PTE. LTD. | TENCENT INTERNATIONAL SERVICE PTE. LTD. | TENCENT SENSETECH PTE. LTD. | TENCENT SERVICES PTE. LTD. | TENCENT SOCIAL PTE. LTD. | WECHAT INTERNATIONAL PTE. LTD. | WECHAT TEA PTE. LTD.,201114413N | 201227757D | 201314066Z | 201320984G | 201419065N | 202029901N | 202105664C | 202109468C | 202126996W | 202629806R,63112,False,False,y,large,,Foreign HQ
Twilio,frame_match,United States,Technical,TWILIO SINGAPORE PTE. LTD.,201529394G,62011,False,True,y,large,,Foreign HQ
United Microelectronics,frame_match,Taiwan,Technical,UNITED MICROELECTRONICS CORPORATION (Singapore Branch),T04FC6548H,26112,False,False,y,large,,Foreign HQ
Unity Software,frame_match,United States,Technical,UNITY SOFTWARE PTE. LTD.,202432635K,62011,False,True,y,large,,Foreign HQ
Veeva Systems,frame_match,United States,Technical,VEEVA SYSTEMS SINGAPORE PTE. LTD.,201305604G,62011,False,True,y,large,,Foreign HQ
Venture Global,frame_match,United States,Technical,VENTURE GLOBAL PTE. LTD.,202556730R,62023,False,False,y,large,,Foreign HQ
VeriSign,frame_match,United States,Technical,VERISIGN TECHNOLOGIES SINGAPORE PTE. LTD.,202624067E,62021,True,True,y,large,,Foreign HQ
Verizon,frame_match,United States,Technical,VERIZON ASIA PACIFIC HOLDINGS PTE. LTD. | VERIZON SERVICES SINGAPORE PTE. LTD.,199804310N | 200312059C,61020,True,False,y,large,,Foreign HQ
Vodafone,frame_match,United Kingdom,Technical,VODAFONE ENTERPRISE SINGAPORE PTE. LTD.,200902264M,61020,False,False,y,large,,Foreign HQ
Wartsila,frame_match,Finland,Technical,WARTSILA SINGAPORE PTE. LTD.,198102876E,28112,True,False,y,large,,Foreign HQ
Wipro,frame_match,India,Technical,WIPRO LIMITED (Singapore Branch) | WIPRO NETWORKS PTE. LIMITED | WIPRO SINGAPORE PTE. LIMITED,199907933M | 200712733G | S97FC5319K,62011,True,False,y,large,,Foreign HQ
Wolters Kluwer,frame_match,Netherlands,Technical,WOLTERS KLUWER SINGAPORE PTE. LTD.,199703606K,62011,False,False,y,large,,Foreign HQ
Workday,frame_match,United States,Technical,WORKDAY SINGAPORE PTE. LTD.,201542673R,62021,False,True,y,large,,Foreign HQ
Xero,frame_match,New Zealand,Technical,XERO (SINGAPORE) PTE. LTD.,201607789C,58202,True,True,n,large,,Foreign HQ
Yokogawa Electric,frame_match,Japan,Technical,YOKOGAWA ELECTRIC ASIA PTE LTD | YOKOGAWA ELECTRIC INTERNATIONAL PTE. LTD. | YOKOGAWA ENGINEERING ASIA PTE LTD | YOKOGAWA INDIA LIMITED (Singapore Branch) | YOKOGAWA VOTIVA SOLUTIONS PTE. LTD.,197400357K | 199702061H | 200504108D | 201842998K | S97FC5264J,26513,False,False,n,large,,Foreign HQ
Zendesk,frame_match,United States,Technical,ZENDESK SINGAPORE PTE. LTD.,201009107C,62011,False,False,n,large,,Foreign HQ
Zoom,frame_match,United States,Technical,ZOOM MARKETING SERVICES PTE. LTD. | ZOOM SERVICES SG PTE. LTD. | ZOOM TECH PTE. LTD.,200809012H | 201023572M | 202021185M,26304,True,False,y,large,,Foreign HQ
Choco Up,frame_match,Singapore,High-trust,CHOCO UP SG PTE. LTD.,202008457W,70201,False,False,n,mid,"Pending: Singapore-HQ, overseas operations not yet checked - confirm at stage 6 (c1)",Singapore HQ
Freshworks,frame_match,United States,High-trust,FRESHWORKS TECHNOLOGIES PTE. LTD.,201900121G,70209,False,True,n,mid,,Foreign HQ
TechCreate Group,frame_match,Singapore,High-trust,TECHCREATE SOLUTION PRIVATE LIMITED,201506901C,70201,False,False,n,mid,"Pending: Singapore-HQ, overseas operations not yet checked - confirm at stage 6 (c1)",Singapore HQ
Aspire,frame_match,Singapore,Other,ASPIRE BRANDS PTE. LTD. | ASPIRE FT HOLDING PTE. LTD. | ASPIRE FT PTE. LTD. | ASPIRE GLOBAL NETWORK PTE. LTD. | ASPIRE GROUP SERVICES PTE. LTD. | ASPIRE HUB GROUP PTE. LTD. | ASPIRE NETWORK MANAGEMENT PTE. LTD. | ASPIRE RETAIL MARKETING PTE. LTD. | ASPIRE SERVICE CENTRE PTE. LTD. | ASPIRE SERVICES PTE. LTD. | ASPIRE SOUTHEAST INTERNATIONAL PTE. LTD. | ASPIRE SYSTEMS GLOBAL PTE. LTD. | ASPIRE SYSTEMS INTERNATIONAL PTE. LTD. | ASPIRE TECH PTE. LTD. | ASPIRE TECH SERVICES AND SOLUTIONS PTE. LTD. | ASPIRE TECHNOLOGY PTE LTD,200006393G | 200919993N | 201112189M | 201422416D | 201542152G | 201903520D | 201928362E | 201933430R | 202107865N | 202245932C | 202401692D | 202423993G | 202428584H | 202435186C | 202448505N | 202531679M,46900,True,False,n,mid,"Pending: Singapore-HQ, overseas operations not yet checked - confirm at stage 6 (c1)",Singapore HQ
Genting Singapore,frame_match,Singapore,Other,GENTING SINGAPORE LIMITED,201818581G,70101,False,False,n,mid,"Pending: Singapore-HQ, overseas operations not yet checked - confirm at stage 6 (c1)",Singapore HQ
Golden Agri-Resources,frame_match,Singapore,Other,GOLDEN AGRI CAPITAL PTE. LTD. | GOLDEN AGRI INTERNATIONAL ENTERPRISES PTE. LTD. | GOLDEN AGRI INTERNATIONAL PTE LTD | GOLDEN AGRI INVESTMENT (S) PTE. LTD. | GOLDEN AGRI PLAZA PTE. LTD. | GOLDEN AGRI-RESOURCES EUROPE HOLDING PTE. LTD. | GOLDEN-AGRI MARITIME PTE. LTD. | GOLDEN-AGRI STENA PTE. LTD.,198803778N | 199800781G | 200609891H | 200914701G | 201131260D | 201215881Z | 201839230C | 202014511H,68203,False,True,n,mid,"Pending: Singapore-HQ, overseas operations not yet checked - confirm at stage 6 (c1)",Singapore HQ
HashKey Group,frame_match,Hong Kong,Other,HASHKEY CAPITAL SINGAPORE PTE. LTD. | HASHKEY DIGITAL WEALTH PTE. LTD. | HASHKEY MARKETS PTE. LTD. | HASHKEY NEWFIN PTE. LTD. | HASHKEY TECHNOLOGY SERVICES PTE. LTD. | HASHKEY TOKEN LIMITED,201927833N | 201936036M | 201937452H | 202038310K | 202240026Z | 202637554Z,70101,False,False,n,mid,,Foreign HQ
Hotel Properties Limited,frame_match,Singapore,Other,HOTEL PROPERTIES LIMITED,198000348Z,55101,False,True,n,mid,"Pending: Singapore-HQ, overseas operations not yet checked - confirm at stage 6 (c1)",Singapore HQ
Klook,frame_match,Hong Kong,Other,KLOOK BILI TRADING PTE. LTD. | KLOOK GALLERY PTE. LTD. | KLOOK TRAVEL TECHNOLOGY PTE. LTD.,201604352Z | 201809508Z | 202605101W,79101,False,False,n,mid,,Foreign HQ
Ninja Van,frame_match,Singapore,Other,NINJA LOGISTICS PTE. LTD.,201412014E,52292,False,False,n,mid,Singapore-HQ group with operations outside Singapore (curated; verify),Singapore HQ
Penguin International,frame_match,Singapore,Other,PENGUIN INTERNATIONAL LIMITED,197600165Z,30110,False,False,n,mid,"Pending: Singapore-HQ, overseas operations not yet checked - confirm at stage 6 (c1)",Singapore HQ
SIA Engineering Company,frame_match,Singapore,Other,SIA ENGINEERING COMPANY LIMITED,198201025C,30302,False,False,n,mid,"Pending: Singapore-HQ, overseas operations not yet checked - confirm at stage 6 (c1)",Singapore HQ
Seatrium,frame_match,Singapore,Other,SEATRIUM (SG) PTE. LTD. | SEATRIUM ACE PTE. LTD. | SEATRIUM CONSTRUCTION PTE. LTD. | SEATRIUM DIGITAL PTE. LTD. | SEATRIUM ECO TECHNOLOGY PTE. LTD. | SEATRIUM ENERGY (AMERICAS) PTE. LTD. | SEATRIUM ENERGY (FIXED PLATFORMS) PTE. LTD. | SEATRIUM ENERGY (INTERNATIONAL) PTE. LTD. | SEATRIUM FINANCIAL SERVICES PTE. LTD. | SEATRIUM LIMITED | SEATRIUM MARINE SERVICES PTE. LTD. | SEATRIUM NEW ENERGY LIMITED | SEATRIUM OFFSHORE & MARINE LIMITED | SEATRIUM OFFSHORE & MARINE TECHNOLOGY CENTRE PTE. LTD. | SEATRIUM OFFSHORE TECHNOLOGY PTE. LTD. | SEATRIUM REPAIRS & UPGRADES PTE. LTD. | SEATRIUM SINGMARINE PTE. LTD. | SEATRIUM SOLUTIONS PTE. LTD. | SEATRIUM SPECIALISED SHIPBUILDING PTE. LTD. | SEATRIUM TECHNOLOGY AND INNOVATION PTE. LTD.,188700005K | 196300098Z | 196700147N | 197000594D | 198500638H | 198701800R | 199002469H | 199305895C | 199606058N | 199900642R | 200401817N | 200615559N | 201219667R | 201415207D | 201527252G | 201527257C | 201732119C | 201905626R | 202214028M | 202518976C,30110,False,False,n,mid,"Pending: Singapore-HQ, overseas operations not yet checked - confirm at stage 6 (c1)",Singapore HQ
Sheng Siong Group,frame_match,Singapore,Other,SHENG SIONG GROUP LTD. | SHENG SIONG HOLDINGS PTE. LTD. | SHENG SIONG SUPERMARKET PTE LTD,198304925E | 201023989Z | 201026315H,82999,False,False,n,mid,"Pending: Singapore-HQ, overseas operations not yet checked - confirm at stage 6 (c1)",Singapore HQ
Singapore Post,frame_match,Singapore,Other,SINGAPORE POST ENTERPRISE PRIVATE LIMITED | SINGAPORE POST LIMITED,199201623M | 199503422R,53100,False,False,n,mid,"Pending: Singapore-HQ, overseas operations not yet checked - confirm at stage 6 (c1)",Singapore HQ
Toss,frame_match,South Korea,Other,TOSS GLOBAL PTE. LTD. | TOSS SG PTE. LTD.,202308163N | 202523123E,41001,True,False,n,mid,,Foreign HQ
Yanlord,frame_match,Singapore,Other,YANLORD CAPITAL PTE. LTD. | YANLORD COMMERCIAL PROPERTY INVESTMENTS PTE. LTD. | YANLORD ECO ISLAND INVESTMENTS PTE. LTD. | YANLORD ENTERPRISE (S) PTE LTD | YANLORD HO BEE INVESTMENTS PTE. LTD. | YANLORD HOLDINGS PTE. LTD. | YANLORD INDUSTRIES PTE. LTD. | YANLORD INVESTMENT (SINGAPORE) PTE. LTD. | YANLORD LAND GROUP LIMITED | YANLORD LAND PTE. LTD. | YANLORD PROPERTY INVESTMENTS PTE. LTD. | YANLORD PROPERTY PTE. LTD. | YANLORD REAL ESTATE PTE. LTD.,199001075D | 199406613H | 200509944H | 200515774K | 200515779E | 200516338C | 200601911K | 200615152Z | 200717008D | 200917022K | 200922439N | 201707245W | 201715887D,46549,False,False,n,mid,"Pending: Singapore-HQ, overseas operations not yet checked - confirm at stage 6 (c1)",Singapore HQ
Airwallex,frame_match,Australia,Regulated,AIRWALLEX (SINGAPORE) PTE. LTD. | AIRWALLEX CAPITAL (SINGAPORE) PTE. LTD. | AIRWALLEX CAPITAL HOLDING (SINGAPORE) PTE. LTD. | AIRWALLEX COMMERCELINK HOLDING (SINGAPORE) PTE. LTD. | AIRWALLEX DIGITAL (SINGAPORE) PTE. LTD. | AIRWALLEX DIGITAL HOLDING (SINGAPORE) PTE. LTD. | AIRWALLEX FINANCING (SINGAPORE) PTE. LTD. | AIRWALLEX FINANCING HOLDING (SINGAPORE) PTE. LTD. | AIRWALLEX TREASURY (SINGAPORE) PTE. LTD.,201626561Z | 202346393C | 202423926K | 202508527M | 202513573H | 202541822Z | 202548193M | 202619733H | 202627261W,64999,False,True,n,mid,,Foreign HQ
Carousell,frame_match,Singapore,Regulated,CAROUSELL TRUST PTE. LTD.,201815878E,64999,False,False,n,mid,Singapore-HQ group with operations outside Singapore (curated; verify),Singapore HQ
Funding Societies,frame_match,Singapore,Regulated,FS CAPITAL PTE. LTD. | FS CAPITAL SINGAPORE PTE. LTD. | FUNDING SOCIETIES PTE. LTD.,201505169M | 201631787R | 202620617D,64999,False,False,n,mid,"Pending: Singapore-HQ, overseas operations not yet checked - confirm at stage 6 (c1)",Singapore HQ
Haw Par,frame_match,Singapore,Regulated,HAW PAR CAPITAL PTE LTD | HAW PAR CENTRE PRIVATE LTD | HAW PAR CORPORATION LIMITED | HAW PAR EQUITIES PTE LTD | HAW PAR HEALTHCARE LIMITED | HAW PAR INVESTMENT HOLDINGS PRIVATE LIMITED | HAW PAR LEISURE PTE LTD | HAW PAR MANAGEMENT SERVICES PTE. LTD. | HAW PAR PHARMACEUTICAL HOLDINGS PTE. LTD. | HAW PAR PROPERTIES (SINGAPORE) PRIVATE LIMITED | HAW PAR SECURITIES (PRIVATE) LIMITED | HAW PAR TRADING PTE LTD | HAW PAR VENTURES PTE. LTD. | HAW PAR VILLA PTE. LTD.,196900437M | 197000315D | 197000458C | 197100686K | 197200457W | 197201132K | 197201618D | 197401034E | 198501752Z | 198602245G | 198701954W | 198801793M | 199004443K | 201718639C,64202,False,False,n,mid,"Pending: Singapore-HQ, overseas operations not yet checked - confirm at stage 6 (c1)",Singapore HQ
Karooooo,frame_match,Singapore,Regulated,CARTRACK TECHNOLOGIES PTE. LTD. | CARTRACK TECHNOLOGIES SOUTH EAST ASIA PTE. LTD. | KAROOOOO LTD. | KAROOOOO MANAGEMENT COMPANY PTE. LTD.,201129934D | 201206280Z | 201817157Z | 202114452Z,64202,False,False,n,mid,"Pending: Singapore-HQ, overseas operations not yet checked - confirm at stage 6 (c1)",Singapore HQ
Kenon Holdings,frame_match,Singapore,Regulated,KENON HOLDINGS LTD. | KENON TJ HOLDINGS PTE. LTD.,201406588W | 201507871M,64202,False,True,n,mid,"Pending: Singapore-HQ, overseas operations not yet checked - confirm at stage 6 (c1)",Singapore HQ
Lighthouse Canton,frame_match,Singapore,Regulated,LIGHTHOUSE CANTON ALTERNATIVES MANAGER PTE. LTD. | LIGHTHOUSE CANTON CF SERVICES PTE. LTD. | LIGHTHOUSE CANTON INVESTMENT HOLDINGS PTE. LTD. | LIGHTHOUSE CANTON PTE. LTD.,201422117K | 201900400N | 202555500M | 202624936G,66309,False,False,n,mid,"Pending: Singapore-HQ, overseas operations not yet checked - confirm at stage 6 (c1)",Singapore HQ
Pacific Century Regional Developments,frame_match,Singapore,Regulated,PACIFIC CENTURY REGIONAL DEVELOPMENTS LIMITED,196300381N,64202,False,False,n,mid,"Pending: Singapore-HQ, overseas operations not yet checked - confirm at stage 6 (c1)",Singapore HQ
Paragon Capital Management,frame_match,Singapore,Regulated,PARAGON CAPITAL MANAGEMENT SINGAPORE PRIVATE LIMITED,201726091H,66309,False,False,n,mid,"Pending: Singapore-HQ, overseas operations not yet checked - confirm at stage 6 (c1)",Singapore HQ
Paynamics,frame_match,Philippines,Regulated,PAYNAMICS NETWORK PTE. LTD.,202144917K,64202,False,False,n,mid,,Foreign HQ
Riverstone Holdings,frame_match,Singapore,Regulated,RIVERSTONE HOLDINGS LIMITED | RIVERSTONE PTE. LTD.,200510666D | 201129629C,64202,True,False,n,mid,"Pending: Singapore-HQ, overseas operations not yet checked - confirm at stage 6 (c1)",Singapore HQ
Sinarmas Land,frame_match,Singapore,Regulated,SINARMAS LAND OVERSEAS HOLDING PTE. LTD. | SINARMAS LAND PTE. LTD.,199400619R | 201534598R,64202,False,True,n,mid,"Pending: Singapore-HQ, overseas operations not yet checked - confirm at stage 6 (c1)",Singapore HQ
Singapore Land,frame_match,Singapore,Regulated,SINGAPORE LAND GROUP LIMITED,196300181E,64202,False,True,n,mid,"Pending: Singapore-HQ, overseas operations not yet checked - confirm at stage 6 (c1)",Singapore HQ
Statrys,frame_match,Hong Kong,Regulated,STATRYS CORPORATE SERVICES SINGAPORE PTE. LTD. | STATRYS INTERNATIONAL HOLDING PTE. LTD. | STATRYS SINGAPORE PTE. LTD.,202202124M | 202343451N | 202344224R,66195,False,True,n,mid,,Foreign HQ
Storepay,frame_match,Singapore,Regulated,STOREPAY HOLDING PTE. LTD.,202017356N,64202,False,True,n,mid,"Pending: Singapore-HQ, overseas operations not yet checked - confirm at stage 6 (c1)",Singapore HQ
Syfe,frame_match,Singapore,Regulated,SYFE PTE. LTD.,201834952H,66309,False,False,n,mid,"Pending: Singapore-HQ, overseas operations not yet checked - confirm at stage 6 (c1)",Singapore HQ
Thunes,frame_match,Singapore,Regulated,THUNES ASIA PRIVATE LIMITED,201926675C,66195,False,False,n,mid,Singapore-HQ group with operations outside Singapore (curated; verify),Singapore HQ
UOL Group,frame_match,Singapore,Regulated,UOL GROUP LIMITED | UOL MANAGEMENT SERVICES PTE LTD | UOL RETAIL MANAGEMENT PTE. LTD. | UOL VENTURES HOLDINGS PTE. LTD.,196300438C | 198104713N | 201705187D | 201821407Z,64202,True,True,n,mid,"Pending: Singapore-HQ, overseas operations not yet checked - confirm at stage 6 (c1)",Singapore HQ
WeLab,frame_match,Hong Kong,Regulated,WELAB SEA PTE. LTD.,202229927M,64202,False,True,n,mid,,Foreign HQ
iFAST Corporation,frame_match,Singapore,Regulated,IFAST CAPITAL LTD. | IFAST CHINA HOLDINGS PTE. LTD. | IFAST CORPORATION LTD. | IFAST FINANCIAL PTE. LTD. | IFAST GLOBAL TRUST PTE. LTD. | IFAST INDIA HOLDINGS PTE. LTD. | IFAST INDIA INVESTMENTS PTE. LTD. | IFAST NOMINEES PTE. LTD. | IFAST PAY PTE. LTD.,200000231R | 200007899C | 200616003H | 200722799G | 200804974R | 200907342C | 201309580R | 202305183K | 202320195Z,64999,False,False,n,mid,"Pending: Singapore-HQ, overseas operations not yet checked - confirm at stage 6 (c1)",Singapore HQ
iPartners,frame_match,Australia,Regulated,IPARTNERS ASIA PTE. LTD.,202219873Z,66309,False,True,n,mid,,Foreign HQ
Bitdeer Technologies Group,frame_match,Singapore,Technical,BITDEER AI HOLDING PTE. LTD. | BITDEER AI PTE. LTD. | BITDEER CLOUD APEX PTE. LTD. | BITDEER DEVELOPMENT PTE. LTD. | BITDEER ETHIOPIA DEVELOPMENT PTE. LTD. | BITDEER SEMICONDUCTOR SALES PTE. LTD. | BITDEER SEMICONDUCTOR TECHNOLOGY PTE. LTD.,202320520N | 202333714C | 202422396R | 202504757N | 202612392C | 202614614W | 202627645N,62011,False,False,n,mid,"Pending: Singapore-HQ, overseas operations not yet checked - confirm at stage 6 (c1)",Singapore HQ
Braze,frame_match,United States,Technical,BRAZE PTE. LTD.,201801029M,63909,True,True,n,mid,,Foreign HQ
CoverGo,frame_match,Singapore,Technical,COVERGO PTE. LTD.,201631620H,62021,False,True,n,mid,"Pending: Singapore-HQ, overseas operations not yet checked - confirm at stage 6 (c1)",Singapore HQ
DurianPay,frame_match,Indonesia,Technical,DURIANPAY PTE. LTD.,202028649M,62011,False,True,n,mid,,Foreign HQ
IGG Inc,frame_match,Singapore,Technical,IGG SINGAPORE PTE. LTD.,200911663C,58201,True,False,n,mid,"Pending: Singapore-HQ, overseas operations not yet checked - confirm at stage 6 (c1)",Singapore HQ
Juspay,frame_match,India,Technical,JUSPAY GLOBAL PTE. LTD. | JUSPAY TECHNOLOGIES PTE. LTD.,202425725D | 202447611C,62021,False,True,n,mid,,Foreign HQ
Kulicke and Soffa Industries,frame_match,Singapore,Technical,KULICKE & SOFFA PTE. LTD.,199902120H,28273,False,False,n,mid,"Pending: Singapore-HQ, overseas operations not yet checked - confirm at stage 6 (c1)",Singapore HQ
M-DAQ Global,frame_match,Singapore,Technical,M-DAQ CASHPORT PTE. LTD. | M-DAQ FINANCIAL SERVICES PTE. LTD. | M-DAQ GLOBAL PTE. LTD. | M-DAQ MARKET SOLUTIONS PTE. LTD. | M-DAQ PAYMENT SOLUTIONS PTE. LTD.,200402276H | 201511881E | 201630990E | 201816174R | 202232002E,62090,False,False,n,mid,"Pending: Singapore-HQ, overseas operations not yet checked - confirm at stage 6 (c1)",Singapore HQ
Nium,frame_match,Singapore,Technical,NIUM PTE. LTD.,201422465R,62011,True,False,n,mid,Singapore-HQ group with operations outside Singapore (curated; verify),Singapore HQ
Razer,frame_match,Singapore,Technical,RAZER (ASIA-PACIFIC) PTE. LTD. | RAZER CAFE PTE. LTD. | RAZER EVERGLIDE PTE. LTD. | RAZER FINTECH (SG) PTE. LTD. | RAZER FINTECH HOLDINGS PTE. LTD. | RAZER GOLD (SG) PTE. LTD. | RAZER MERCHANT SERVICES (SG) PTE. LTD. | RAZER MIDAS PTE. LTD. | RAZER ONLINE PTE. LTD. | RAZER SERVICES VIETNAM PTE. LTD.,200312968N | 200402379R | 201333815C | 201531137C | 201806432H | 201811801N | 201813819G | 202033461W | 202035677W | 202423134E,72102,False,False,n,mid,Singapore-HQ group with operations outside Singapore (curated; verify),Singapore HQ
Spark Systems,frame_match,Singapore,Technical,SPARK SYSTEMS PTE. LTD.,201611200H,62011,False,False,n,mid,"Pending: Singapore-HQ, overseas operations not yet checked - confirm at stage 6 (c1)",Singapore HQ
Sprinklr,frame_match,United States,Technical,SPRINKLR SINGAPORE PTE. LTD.,201625195G,62090,False,True,n,mid,,Foreign HQ
Vayana,frame_match,India,Technical,VAYANA NETWORK PTE. LTD.,201801650Z,62090,False,True,n,mid,,Foreign HQ
Venture Corporation,frame_match,Singapore,Technical,VENTURE CORPORATION LIMITED,198402886H,26201,False,False,n,mid,"Pending: Singapore-HQ, overseas operations not yet checked - confirm at stage 6 (c1)",Singapore HQ
Wave Life Sciences,frame_match,Singapore,Technical,WAVE LIFE SCIENCES PTE. LTD.,201218209G,72106,False,True,n,mid,"Pending: Singapore-HQ, overseas operations not yet checked - confirm at stage 6 (c1)",Singapore HQ
Xendit,frame_match,Indonesia,Technical,XENDIT ENTERPRISES PTE. LTD. | XENDIT PAYMENTS SINGAPORE PTE. LTD. | XENDIT PTE. LTD. | XENDIT SERVICE PTE. LTD.,201615149H | 201715598D | 201933854D | 202239442H,62011,False,False,n,mid,,Foreign HQ
