parent_name,aliases,hq_country,frame_source,mnc_basis,global_tier,global_tier_basis,size_segment,listed_in_midsize_source
NVIDIA,NVIDIA,United States,companiesmarketcap.com ranks 1-1000 by market cap (fetched 2026-09-28),,y,Proxy: market-cap top 1500 (Forbes list not available),large,
Apple,Apple South Asia;Apple Singapore;Apple Asia;=Apple,United States,companiesmarketcap.com ranks 1-1000 by market cap (fetched 2026-09-28),,y,Proxy: market-cap top 1500 (Forbes list not available),large,
Alphabet,Alphabet;Google;YouTube;DeepMind,United States,companiesmarketcap.com ranks 1-1000 by market cap (fetched 2026-09-28),,y,Proxy: market-cap top 1500 (Forbes list not available),large,
Microsoft,Microsoft;LinkedIn;GitHub,United States,companiesmarketcap.com ranks 1-1000 by market cap (fetched 2026-09-28),,y,Proxy: market-cap top 1500 (Forbes list not available),large,
Amazon,=Amazon;Amazon Web Services;Twitch,United States,companiesmarketcap.com ranks 1-1000 by market cap (fetched 2026-09-28),,y,Proxy: market-cap top 1500 (Forbes list not available),large,
TSMC,TSMC;Taiwan Semiconductor,Taiwan,companiesmarketcap.com ranks 1-1000 by market cap (fetched 2026-09-28),,y,Proxy: market-cap top 1500 (Forbes list not available),large,
SpaceX,=SpaceX,United States,companiesmarketcap.com ranks 1-1000 by market cap (fetched 2026-09-28),,y,Proxy: market-cap top 1500 (Forbes list not available),large,
Meta Platforms,Meta Platforms;Facebook;WhatsApp;Instagram,United States,companiesmarketcap.com ranks 1-1000 by market cap (fetched 2026-09-28),,y,Proxy: market-cap top 1500 (Forbes list not available),large,
Broadcom,Broadcom;VMware,United States,companiesmarketcap.com ranks 1-1000 by market cap (fetched 2026-09-28),,y,Proxy: market-cap top 1500 (Forbes list not available),large,
Saudi Aramco,Saudi Aramco,Saudi Arabia,companiesmarketcap.com ranks 1-1000 by market cap (fetched 2026-09-28),,y,Proxy: market-cap top 1500 (Forbes list not available),large,
Tesla,=Tesla,United States,companiesmarketcap.com ranks 1-1000 by market cap (fetched 2026-09-28),,y,Proxy: market-cap top 1500 (Forbes list not available),large,
Samsung,Samsung Electronics;Samsung Asia;Samsung C&T;Samsung SDS;Samsung Engineering,South Korea,companiesmarketcap.com ranks 1-1000 by market cap (fetched 2026-09-28),,y,Proxy: market-cap top 1500 (Forbes list not available),large,
Micron Technology,Micron Technology;Micron,United States,companiesmarketcap.com ranks 1-1000 by market cap (fetched 2026-09-28),,y,Proxy: market-cap top 1500 (Forbes list not available),large,
Berkshire Hathaway,Berkshire Hathaway,United States,companiesmarketcap.com ranks 1-1000 by market cap (fetched 2026-09-28),,y,Proxy: market-cap top 1500 (Forbes list not available),large,
Eli Lilly,Eli Lilly,United States,companiesmarketcap.com ranks 1-1000 by market cap (fetched 2026-09-28),,y,Proxy: market-cap top 1500 (Forbes list not available),large,
AMD,AMD;Advanced Micro Devices,United States,companiesmarketcap.com ranks 1-1000 by market cap (fetched 2026-09-28),,y,Proxy: market-cap top 1500 (Forbes list not available),large,
SK Hynix,SK Hynix,South Korea,companiesmarketcap.com ranks 1-1000 by market cap (fetched 2026-09-28),,y,Proxy: market-cap top 1500 (Forbes list not available),large,
JPMorgan Chase,JPMorgan Chase;JPMorgan;J.P. Morgan;JP Morgan Chase,United States,companiesmarketcap.com ranks 1-1000 by market cap (fetched 2026-09-28),,y,Proxy: market-cap top 1500 (Forbes list not available),large,
Walmart,=Walmart,United States,companiesmarketcap.com ranks 1-1000 by market cap (fetched 2026-09-28),,y,Proxy: market-cap top 1500 (Forbes list not available),large,
Visa,Visa Worldwide;Visa International,United States,companiesmarketcap.com ranks 1-1000 by market cap (fetched 2026-09-28),,y,Proxy: market-cap top 1500 (Forbes list not available),large,
ASML,ASML,Netherlands,companiesmarketcap.com ranks 1-1000 by market cap (fetched 2026-09-28),,y,Proxy: market-cap top 1500 (Forbes list not available),large,
Exxon Mobil,Exxon Mobil;ExxonMobil;Esso,United States,companiesmarketcap.com ranks 1-1000 by market cap (fetched 2026-09-28),,y,Proxy: market-cap top 1500 (Forbes list not available),large,
Johnson & Johnson,Johnson & Johnson;Janssen,United States,companiesmarketcap.com ranks 1-1000 by market cap (fetched 2026-09-28),,y,Proxy: market-cap top 1500 (Forbes list not available),large,
Intel,=Intel,United States,companiesmarketcap.com ranks 1-1000 by market cap (fetched 2026-09-28),,y,Proxy: market-cap top 1500 (Forbes list not available),large,
CXMT,=CXMT,China,companiesmarketcap.com ranks 1-1000 by market cap (fetched 2026-09-28),,y,Proxy: market-cap top 1500 (Forbes list not available),large,
Tencent,Tencent;WeChat,China,companiesmarketcap.com ranks 1-1000 by market cap (fetched 2026-09-28),,y,Proxy: market-cap top 1500 (Forbes list not available),large,
Mastercard,Mastercard,United States,companiesmarketcap.com ranks 1-1000 by market cap (fetched 2026-09-28),,y,Proxy: market-cap top 1500 (Forbes list not available),large,
AbbVie,AbbVie,United States,companiesmarketcap.com ranks 1-1000 by market cap (fetched 2026-09-28),,y,Proxy: market-cap top 1500 (Forbes list not available),large,
Palantir,=Palantir,United States,companiesmarketcap.com ranks 1-1000 by market cap (fetched 2026-09-28),,y,Proxy: market-cap top 1500 (Forbes list not available),large,
China Construction Bank,China Construction Bank;CCB,China,companiesmarketcap.com ranks 1-1000 by market cap (fetched 2026-09-28),,y,Proxy: market-cap top 1500 (Forbes list not available),large,
Cisco,Cisco;Splunk,United States,companiesmarketcap.com ranks 1-1000 by market cap (fetched 2026-09-28),,y,Proxy: market-cap top 1500 (Forbes list not available),large,
Oracle,=Oracle,United States,companiesmarketcap.com ranks 1-1000 by market cap (fetched 2026-09-28),,y,Proxy: market-cap top 1500 (Forbes list not available),large,
Costco,=Costco,United States,companiesmarketcap.com ranks 1-1000 by market cap (fetched 2026-09-28),,y,Proxy: market-cap top 1500 (Forbes list not available),large,
Chevron,Chevron,United States,companiesmarketcap.com ranks 1-1000 by market cap (fetched 2026-09-28),,y,Proxy: market-cap top 1500 (Forbes list not available),large,
Bank of America,Bank of America;BofA Securities;Merrill Lynch,United States,companiesmarketcap.com ranks 1-1000 by market cap (fetched 2026-09-28),,y,Proxy: market-cap top 1500 (Forbes list not available),large,
Lam Research,Lam Research,United States,companiesmarketcap.com ranks 1-1000 by market cap (fetched 2026-09-28),,y,Proxy: market-cap top 1500 (Forbes list not available),large,
Applied Materials,Applied Materials,United States,companiesmarketcap.com ranks 1-1000 by market cap (fetched 2026-09-28),,y,Proxy: market-cap top 1500 (Forbes list not available),large,
Coca-Cola,Coca-Cola,United States,companiesmarketcap.com ranks 1-1000 by market cap (fetched 2026-09-28),,y,Proxy: market-cap top 1500 (Forbes list not available),large,
Caterpillar,Caterpillar,United States,companiesmarketcap.com ranks 1-1000 by market cap (fetched 2026-09-28),,y,Proxy: market-cap top 1500 (Forbes list not available),large,
Merck,MSD;Merck Sharp & Dohme;MSD International,United States,companiesmarketcap.com ranks 1-1000 by market cap (fetched 2026-09-28),,y,Proxy: market-cap top 1500 (Forbes list not available),large,
Roche,Roche,Switzerland,companiesmarketcap.com ranks 1-1000 by market cap (fetched 2026-09-28),,y,Proxy: market-cap top 1500 (Forbes list not available),large,
Agricultural Bank of China,Agricultural Bank of China,China,companiesmarketcap.com ranks 1-1000 by market cap (fetched 2026-09-28),,y,Proxy: market-cap top 1500 (Forbes list not available),large,
Dell,=Dell,United States,companiesmarketcap.com ranks 1-1000 by market cap (fetched 2026-09-28),,y,Proxy: market-cap top 1500 (Forbes list not available),large,
ICBC,ICBC;Industrial and Commercial Bank of China,China,companiesmarketcap.com ranks 1-1000 by market cap (fetched 2026-09-28),,y,Proxy: market-cap top 1500 (Forbes list not available),large,
HSBC,HSBC;Hongkong and Shanghai Banking,United Kingdom,companiesmarketcap.com ranks 1-1000 by market cap (fetched 2026-09-28),,y,Proxy: market-cap top 1500 (Forbes list not available),large,
Procter & Gamble,Procter & Gamble;P&G,United States,companiesmarketcap.com ranks 1-1000 by market cap (fetched 2026-09-28),,y,Proxy: market-cap top 1500 (Forbes list not available),large,
General Electric,GE Aerospace;General Electric,United States,companiesmarketcap.com ranks 1-1000 by market cap (fetched 2026-09-28),,y,Proxy: market-cap top 1500 (Forbes list not available),large,
UnitedHealth,=UnitedHealth,United States,companiesmarketcap.com ranks 1-1000 by market cap (fetched 2026-09-28),,y,Proxy: market-cap top 1500 (Forbes list not available),large,
Arm Holdings,=Arm,United Kingdom,companiesmarketcap.com ranks 1-1000 by market cap (fetched 2026-09-28),,y,Proxy: market-cap top 1500 (Forbes list not available),large,
Bank of China,Bank of China Limited;Bank of China Singapore;BOC Aviation,China,companiesmarketcap.com ranks 1-1000 by market cap (fetched 2026-09-28),,y,Proxy: market-cap top 1500 (Forbes list not available),large,
Morgan Stanley,Morgan Stanley,United States,companiesmarketcap.com ranks 1-1000 by market cap (fetched 2026-09-28),,y,Proxy: market-cap top 1500 (Forbes list not available),large,
Palo Alto Networks,Palo Alto Networks,United States,companiesmarketcap.com ranks 1-1000 by market cap (fetched 2026-09-28),,y,Proxy: market-cap top 1500 (Forbes list not available),large,
Philip Morris International,Philip Morris,United States,companiesmarketcap.com ranks 1-1000 by market cap (fetched 2026-09-28),,y,Proxy: market-cap top 1500 (Forbes list not available),large,
Netflix,Netflix,United States,companiesmarketcap.com ranks 1-1000 by market cap (fetched 2026-09-28),,y,Proxy: market-cap top 1500 (Forbes list not available),large,
Home Depot,Home Depot,United States,companiesmarketcap.com ranks 1-1000 by market cap (fetched 2026-09-28),,y,Proxy: market-cap top 1500 (Forbes list not available),large,
Royal Bank Of Canada,Royal Bank Of Canada;RBC,Canada,companiesmarketcap.com ranks 1-1000 by market cap (fetched 2026-09-28),,y,Proxy: market-cap top 1500 (Forbes list not available),large,
Novartis,Novartis;=Sandoz,Switzerland,companiesmarketcap.com ranks 1-1000 by market cap (fetched 2026-09-28),,y,Proxy: market-cap top 1500 (Forbes list not available),large,
Shell,Shell Eastern;Shell Singapore;Shell Energy;Shell International;Shell Chemicals,United Kingdom,companiesmarketcap.com ranks 1-1000 by market cap (fetched 2026-09-28),,y,Proxy: market-cap top 1500 (Forbes list not available),large,
Alibaba,Alibaba;Lazada;Alibaba Cloud;AliExpress,China,companiesmarketcap.com ranks 1-1000 by market cap (fetched 2026-09-28),,y,Proxy: market-cap top 1500 (Forbes list not available),large,
Goldman Sachs,Goldman Sachs,United States,companiesmarketcap.com ranks 1-1000 by market cap (fetched 2026-09-28),,y,Proxy: market-cap top 1500 (Forbes list not available),large,
MediaTek,=MediaTek,Taiwan,companiesmarketcap.com ranks 1-1000 by market cap (fetched 2026-09-28),,y,Proxy: market-cap top 1500 (Forbes list not available),large,
Mitsubishi UFJ Financial,MUFG;Mitsubishi UFJ,Japan,companiesmarketcap.com ranks 1-1000 by market cap (fetched 2026-09-28),,y,Proxy: market-cap top 1500 (Forbes list not available),large,
Arista Networks,Arista Networks,United States,companiesmarketcap.com ranks 1-1000 by market cap (fetched 2026-09-28),,y,Proxy: market-cap top 1500 (Forbes list not available),large,
Sandisk,=Sandisk,United States,companiesmarketcap.com ranks 1-1000 by market cap (fetched 2026-09-28),,y,Proxy: market-cap top 1500 (Forbes list not available),large,
AstraZeneca,AstraZeneca,United Kingdom,companiesmarketcap.com ranks 1-1000 by market cap (fetched 2026-09-28),,y,Proxy: market-cap top 1500 (Forbes list not available),large,
CrowdStrike,CrowdStrike,United States,companiesmarketcap.com ranks 1-1000 by market cap (fetched 2026-09-28),,y,Proxy: market-cap top 1500 (Forbes list not available),large,
RTX,=RTX,United States,companiesmarketcap.com ranks 1-1000 by market cap (fetched 2026-09-28),,y,Proxy: market-cap top 1500 (Forbes list not available),large,
GE Vernova,GE Vernova,United States,companiesmarketcap.com ranks 1-1000 by market cap (fetched 2026-09-28),,y,Proxy: market-cap top 1500 (Forbes list not available),large,
Texas Instruments,Texas Instruments,United States,companiesmarketcap.com ranks 1-1000 by market cap (fetched 2026-09-28),,y,Proxy: market-cap top 1500 (Forbes list not available),large,
Wells Fargo,Wells Fargo,United States,companiesmarketcap.com ranks 1-1000 by market cap (fetched 2026-09-28),,y,Proxy: market-cap top 1500 (Forbes list not available),large,
Thermo Fisher Scientific,Thermo Fisher Scientific;Thermo Fisher,United States,companiesmarketcap.com ranks 1-1000 by market cap (fetched 2026-09-28),,y,Proxy: market-cap top 1500 (Forbes list not available),large,
Siemens,Siemens Pte;Siemens Industry;Siemens Mobility;Siemens Singapore,Germany,companiesmarketcap.com ranks 1-1000 by market cap (fetched 2026-09-28),,y,Proxy: market-cap top 1500 (Forbes list not available),large,
KLA,=KLA;KLA Corporation;KLA-Tencor,United States,companiesmarketcap.com ranks 1-1000 by market cap (fetched 2026-09-28),,y,Proxy: market-cap top 1500 (Forbes list not available),large,
SAP,=SAP;SAP Asia;SAP Singapore;SAP Concur;=Concur,Germany,companiesmarketcap.com ranks 1-1000 by market cap (fetched 2026-09-28),,y,Proxy: market-cap top 1500 (Forbes list not available),large,
Nestlé,Nestle,Switzerland,companiesmarketcap.com ranks 1-1000 by market cap (fetched 2026-09-28),,y,Proxy: market-cap top 1500 (Forbes list not available),large,
L'Oréal,L'Oreal,France,companiesmarketcap.com ranks 1-1000 by market cap (fetched 2026-09-28),,y,Proxy: market-cap top 1500 (Forbes list not available),large,
Marvell Technology,Marvell Technology,United States,companiesmarketcap.com ranks 1-1000 by market cap (fetched 2026-09-28),,y,Proxy: market-cap top 1500 (Forbes list not available),large,
Kweichow Moutai,Kweichow Moutai,China,companiesmarketcap.com ranks 1-1000 by market cap (fetched 2026-09-28),,y,Proxy: market-cap top 1500 (Forbes list not available),large,
PetroChina,=PetroChina,China,companiesmarketcap.com ranks 1-1000 by market cap (fetched 2026-09-28),,y,Proxy: market-cap top 1500 (Forbes list not available),large,
SoftBank Group Corp.,=SoftBank,Japan,companiesmarketcap.com ranks 1-1000 by market cap (fetched 2026-09-28),,y,Proxy: market-cap top 1500 (Forbes list not available),large,
Toyota,=Toyota;Toyota Motor;Toyota Motor Asia;Lexus;Toyota Material Handling,Japan,companiesmarketcap.com ranks 1-1000 by market cap (fetched 2026-09-28),,y,Proxy: market-cap top 1500 (Forbes list not available),large,
Citigroup,Citigroup;Citibank;Citicorp,United States,companiesmarketcap.com ranks 1-1000 by market cap (fetched 2026-09-28),,y,Proxy: market-cap top 1500 (Forbes list not available),large,
Amgen,Amgen,United States,companiesmarketcap.com ranks 1-1000 by market cap (fetched 2026-09-28),,y,Proxy: market-cap top 1500 (Forbes list not available),large,
LVMH,LVMH;Louis Vuitton;Sephora;Moet Hennessy;DFS Venture,France,companiesmarketcap.com ranks 1-1000 by market cap (fetched 2026-09-28),,y,Proxy: market-cap top 1500 (Forbes list not available),large,
International Holding Company,International Holding Company,UAE,companiesmarketcap.com ranks 1-1000 by market cap (fetched 2026-09-28),,y,Proxy: market-cap top 1500 (Forbes list not available),large,
China Mobile,China Mobile,China,companiesmarketcap.com ranks 1-1000 by market cap (fetched 2026-09-28),,y,Proxy: market-cap top 1500 (Forbes list not available),large,
Linde,=Linde,United Kingdom,companiesmarketcap.com ranks 1-1000 by market cap (fetched 2026-09-28),,y,Proxy: market-cap top 1500 (Forbes list not available),large,
BHP Group,BHP,Australia,companiesmarketcap.com ranks 1-1000 by market cap (fetched 2026-09-28),,y,Proxy: market-cap top 1500 (Forbes list not available),large,
QUALCOMM,QUALCOMM,United States,companiesmarketcap.com ranks 1-1000 by market cap (fetched 2026-09-28),,y,Proxy: market-cap top 1500 (Forbes list not available),large,
IBM,IBM;International Business Machines;Red Hat,United States,companiesmarketcap.com ranks 1-1000 by market cap (fetched 2026-09-28),,y,Proxy: market-cap top 1500 (Forbes list not available),large,
Santander,Santander;Banco Santander,Spain,companiesmarketcap.com ranks 1-1000 by market cap (fetched 2026-09-28),,y,Proxy: market-cap top 1500 (Forbes list not available),large,
American Express,American Express,United States,companiesmarketcap.com ranks 1-1000 by market cap (fetched 2026-09-28),,y,Proxy: market-cap top 1500 (Forbes list not available),large,
Seagate Technology,Seagate Technology,Ireland,companiesmarketcap.com ranks 1-1000 by market cap (fetched 2026-09-28),,y,Proxy: market-cap top 1500 (Forbes list not available),large,
Amphenol,=Amphenol,United States,companiesmarketcap.com ranks 1-1000 by market cap (fetched 2026-09-28),,y,Proxy: market-cap top 1500 (Forbes list not available),large,
CATL,=CATL,China,companiesmarketcap.com ranks 1-1000 by market cap (fetched 2026-09-28),,y,Proxy: market-cap top 1500 (Forbes list not available),large,
TotalEnergies,TotalEnergies,France,companiesmarketcap.com ranks 1-1000 by market cap (fetched 2026-09-28),,y,Proxy: market-cap top 1500 (Forbes list not available),large,
Toronto Dominion Bank,Toronto Dominion Bank;Toronto-Dominion;TD Securities,Canada,companiesmarketcap.com ranks 1-1000 by market cap (fetched 2026-09-28),,y,Proxy: market-cap top 1500 (Forbes list not available),large,
Verizon,=Verizon,United States,companiesmarketcap.com ranks 1-1000 by market cap (fetched 2026-09-28),,y,Proxy: market-cap top 1500 (Forbes list not available),large,
Salesforce,Salesforce;Slack Technologies;Tableau;MuleSoft,United States,companiesmarketcap.com ranks 1-1000 by market cap (fetched 2026-09-28),,y,Proxy: market-cap top 1500 (Forbes list not available),large,
Analog Devices,Analog Devices,United States,companiesmarketcap.com ranks 1-1000 by market cap (fetched 2026-09-28),,y,Proxy: market-cap top 1500 (Forbes list not available),large,
Inditex,Inditex;=Zara,Spain,companiesmarketcap.com ranks 1-1000 by market cap (fetched 2026-09-28),,y,Proxy: market-cap top 1500 (Forbes list not available),large,
Gilead Sciences,Gilead Sciences,United States,companiesmarketcap.com ranks 1-1000 by market cap (fetched 2026-09-28),,y,Proxy: market-cap top 1500 (Forbes list not available),large,
Schneider Electric,Schneider Electric,France,companiesmarketcap.com ranks 1-1000 by market cap (fetched 2026-09-28),,y,Proxy: market-cap top 1500 (Forbes list not available),large,
Deere & Company,John Deere;Deere,United States,companiesmarketcap.com ranks 1-1000 by market cap (fetched 2026-09-28),,y,Proxy: market-cap top 1500 (Forbes list not available),large,
Shopify,=Shopify,Canada,companiesmarketcap.com ranks 1-1000 by market cap (fetched 2026-09-28),,y,Proxy: market-cap top 1500 (Forbes list not available),large,
Walt Disney,Walt Disney;Disney,United States,companiesmarketcap.com ranks 1-1000 by market cap (fetched 2026-09-28),,y,Proxy: market-cap top 1500 (Forbes list not available),large,
Allianz SE,Allianz;PIMCO,Germany,companiesmarketcap.com ranks 1-1000 by market cap (fetched 2026-09-28),,y,Proxy: market-cap top 1500 (Forbes list not available),large,
KIOXIA Holdings Corporation,=KIOXIA,Japan,companiesmarketcap.com ranks 1-1000 by market cap (fetched 2026-09-28),,y,Proxy: market-cap top 1500 (Forbes list not available),large,
Prosus,=Prosus,Netherlands,companiesmarketcap.com ranks 1-1000 by market cap (fetched 2026-09-28),,y,Proxy: market-cap top 1500 (Forbes list not available),large,
Commonwealth Bank,Commonwealth Bank;Commonwealth Bank of Australia,Australia,companiesmarketcap.com ranks 1-1000 by market cap (fetched 2026-09-28),,y,Proxy: market-cap top 1500 (Forbes list not available),large,
T-Mobile US,T-Mobile US,United States,companiesmarketcap.com ranks 1-1000 by market cap (fetched 2026-09-28),,y,Proxy: market-cap top 1500 (Forbes list not available),large,
BlackRock,BlackRock,United States,companiesmarketcap.com ranks 1-1000 by market cap (fetched 2026-09-28),,y,Proxy: market-cap top 1500 (Forbes list not available),large,
Pepsico,Pepsico;Pepsi-Cola,United States,companiesmarketcap.com ranks 1-1000 by market cap (fetched 2026-09-28),,y,Proxy: market-cap top 1500 (Forbes list not available),large,
Abbott Laboratories,Abbott Laboratories;Abbott,United States,companiesmarketcap.com ranks 1-1000 by market cap (fetched 2026-09-28),,y,Proxy: market-cap top 1500 (Forbes list not available),large,
ABB,ABB,Switzerland,companiesmarketcap.com ranks 1-1000 by market cap (fetched 2026-09-28),,y,Proxy: market-cap top 1500 (Forbes list not available),large,
DBS Group,DBS Bank;DBS Group;DBS Vickers;DBS Asia,Singapore,companiesmarketcap.com ranks 1-1000 by market cap (fetched 2026-09-28),Singapore-HQ group with operations outside Singapore (curated; verify),y,Proxy: market-cap top 1500 (Forbes list not available),large,
AT&T,=AT&T,United States,companiesmarketcap.com ranks 1-1000 by market cap (fetched 2026-09-28),,y,Proxy: market-cap top 1500 (Forbes list not available),large,
Airbus,Airbus,Netherlands,companiesmarketcap.com ranks 1-1000 by market cap (fetched 2026-09-28),,y,Proxy: market-cap top 1500 (Forbes list not available),large,
Reliance Industries,Reliance Industries,India,companiesmarketcap.com ranks 1-1000 by market cap (fetched 2026-09-28),,y,Proxy: market-cap top 1500 (Forbes list not available),large,
Foxconn Industrial Internet,Foxconn Industrial Internet,China,companiesmarketcap.com ranks 1-1000 by market cap (fetched 2026-09-28),,y,Proxy: market-cap top 1500 (Forbes list not available),large,
Southern Copper,Southern Copper,United States,companiesmarketcap.com ranks 1-1000 by market cap (fetched 2026-09-28),,y,Proxy: market-cap top 1500 (Forbes list not available),large,
Novo Nordisk,Novo Nordisk,Denmark,companiesmarketcap.com ranks 1-1000 by market cap (fetched 2026-09-28),,y,Proxy: market-cap top 1500 (Forbes list not available),large,
Charles Schwab,Charles Schwab,United States,companiesmarketcap.com ranks 1-1000 by market cap (fetched 2026-09-28),,y,Proxy: market-cap top 1500 (Forbes list not available),large,
Eaton,=Eaton,Ireland,companiesmarketcap.com ranks 1-1000 by market cap (fetched 2026-09-28),,y,Proxy: market-cap top 1500 (Forbes list not available),large,
Sumitomo Mitsui Financial Group,SMBC;Sumitomo Mitsui Banking;Sumitomo Mitsui Finance,Japan,companiesmarketcap.com ranks 1-1000 by market cap (fetched 2026-09-28),,y,Proxy: market-cap top 1500 (Forbes list not available),large,
McDonald,=McDonald;McDonald's;McDonalds,United States,companiesmarketcap.com ranks 1-1000 by market cap (fetched 2026-09-28),,y,Proxy: market-cap top 1500 (Forbes list not available),large,
Welltower,=Welltower,United States,companiesmarketcap.com ranks 1-1000 by market cap (fetched 2026-09-28),,y,Proxy: market-cap top 1500 (Forbes list not available),large,
Western Digital,Western Digital,United States,companiesmarketcap.com ranks 1-1000 by market cap (fetched 2026-09-28),,y,Proxy: market-cap top 1500 (Forbes list not available),large,
Tokyo Electron,Tokyo Electron,Japan,companiesmarketcap.com ranks 1-1000 by market cap (fetched 2026-09-28),,y,Proxy: market-cap top 1500 (Forbes list not available),large,
CM Bank,China Merchants Bank,China,companiesmarketcap.com ranks 1-1000 by market cap (fetched 2026-09-28),,y,Proxy: market-cap top 1500 (Forbes list not available),large,
Pfizer,Pfizer,United States,companiesmarketcap.com ranks 1-1000 by market cap (fetched 2026-09-28),,y,Proxy: market-cap top 1500 (Forbes list not available),large,
Union Pacific Corporation,Union Pacific,United States,companiesmarketcap.com ranks 1-1000 by market cap (fetched 2026-09-28),,y,Proxy: market-cap top 1500 (Forbes list not available),large,
Rolls-Royce Holdings,Rolls-Royce,United Kingdom,companiesmarketcap.com ranks 1-1000 by market cap (fetched 2026-09-28),,y,Proxy: market-cap top 1500 (Forbes list not available),large,
Hermès,=Hermes,France,companiesmarketcap.com ranks 1-1000 by market cap (fetched 2026-09-28),,y,Proxy: market-cap top 1500 (Forbes list not available),large,
Banco Bilbao Vizcaya Argentaria,Banco Bilbao Vizcaya Argentaria;BBVA;Banco Bilbao Vizcaya,Spain,companiesmarketcap.com ranks 1-1000 by market cap (fetched 2026-09-28),,y,Proxy: market-cap top 1500 (Forbes list not available),large,
Safran,=Safran,France,companiesmarketcap.com ranks 1-1000 by market cap (fetched 2026-09-28),,y,Proxy: market-cap top 1500 (Forbes list not available),large,
Nextera Energy,Nextera Energy,United States,companiesmarketcap.com ranks 1-1000 by market cap (fetched 2026-09-28),,y,Proxy: market-cap top 1500 (Forbes list not available),large,
Danaher,=Danaher,United States,companiesmarketcap.com ranks 1-1000 by market cap (fetched 2026-09-28),,y,Proxy: market-cap top 1500 (Forbes list not available),large,
Advantest,=Advantest,Japan,companiesmarketcap.com ranks 1-1000 by market cap (fetched 2026-09-28),,y,Proxy: market-cap top 1500 (Forbes list not available),large,
Boeing,Boeing,United States,companiesmarketcap.com ranks 1-1000 by market cap (fetched 2026-09-28),,y,Proxy: market-cap top 1500 (Forbes list not available),large,
Delta Electronics,Delta Electronics,Taiwan,companiesmarketcap.com ranks 1-1000 by market cap (fetched 2026-09-28),,y,Proxy: market-cap top 1500 (Forbes list not available),large,
Hitachi,Hitachi,Japan,companiesmarketcap.com ranks 1-1000 by market cap (fetched 2026-09-28),,y,Proxy: market-cap top 1500 (Forbes list not available),large,
China Life Insurance,China Life Insurance,China,companiesmarketcap.com ranks 1-1000 by market cap (fetched 2026-09-28),,y,Proxy: market-cap top 1500 (Forbes list not available),large,
China Shenhua Energy,China Shenhua Energy,China,companiesmarketcap.com ranks 1-1000 by market cap (fetched 2026-09-28),,y,Proxy: market-cap top 1500 (Forbes list not available),large,
Iberdrola,=Iberdrola,Spain,companiesmarketcap.com ranks 1-1000 by market cap (fetched 2026-09-28),,y,Proxy: market-cap top 1500 (Forbes list not available),large,
Rio Tinto,Rio Tinto,United Kingdom,companiesmarketcap.com ranks 1-1000 by market cap (fetched 2026-09-28),,y,Proxy: market-cap top 1500 (Forbes list not available),large,
Anheuser-Busch Inbev,Anheuser-Busch Inbev;Anheuser-Busch;AB InBev,Belgium,companiesmarketcap.com ranks 1-1000 by market cap (fetched 2026-09-28),,y,Proxy: market-cap top 1500 (Forbes list not available),large,
ConocoPhillips,=ConocoPhillips,United States,companiesmarketcap.com ranks 1-1000 by market cap (fetched 2026-09-28),,y,Proxy: market-cap top 1500 (Forbes list not available),large,
UBS,UBS;Credit Suisse,Switzerland,companiesmarketcap.com ranks 1-1000 by market cap (fetched 2026-09-28),,y,Proxy: market-cap top 1500 (Forbes list not available),large,
Interactive Brokers,Interactive Brokers,United States,companiesmarketcap.com ranks 1-1000 by market cap (fetched 2026-09-28),,y,Proxy: market-cap top 1500 (Forbes list not available),large,
Deutsche Telekom,Deutsche Telekom,Germany,companiesmarketcap.com ranks 1-1000 by market cap (fetched 2026-09-28),,y,Proxy: market-cap top 1500 (Forbes list not available),large,
Recruit,=Indeed;Glassdoor;Recruit Holdings,Japan,companiesmarketcap.com ranks 1-1000 by market cap (fetched 2026-09-28),,y,Proxy: market-cap top 1500 (Forbes list not available),large,
Intuitive Surgical,Intuitive Surgical,United States,companiesmarketcap.com ranks 1-1000 by market cap (fetched 2026-09-28),,y,Proxy: market-cap top 1500 (Forbes list not available),large,
CNOOC,=CNOOC,China,companiesmarketcap.com ranks 1-1000 by market cap (fetched 2026-09-28),,y,Proxy: market-cap top 1500 (Forbes list not available),large,
UniCredit,=UniCredit,Italy,companiesmarketcap.com ranks 1-1000 by market cap (fetched 2026-09-28),,y,Proxy: market-cap top 1500 (Forbes list not available),large,
TJX Companies,=TJX,United States,companiesmarketcap.com ranks 1-1000 by market cap (fetched 2026-09-28),,y,Proxy: market-cap top 1500 (Forbes list not available),large,
Ping An Insurance,Ping An Insurance;Ping An,China,companiesmarketcap.com ranks 1-1000 by market cap (fetched 2026-09-28),,y,Proxy: market-cap top 1500 (Forbes list not available),large,
Uber,Uber,United States,companiesmarketcap.com ranks 1-1000 by market cap (fetched 2026-09-28),,y,Proxy: market-cap top 1500 (Forbes list not available),large,
Blackstone Group,Blackstone,United States,companiesmarketcap.com ranks 1-1000 by market cap (fetched 2026-09-28),,y,Proxy: market-cap top 1500 (Forbes list not available),large,
Zhongji Innolight,Zhongji Innolight,China,companiesmarketcap.com ranks 1-1000 by market cap (fetched 2026-09-28),,y,Proxy: market-cap top 1500 (Forbes list not available),large,
ServiceNow,ServiceNow,United States,companiesmarketcap.com ranks 1-1000 by market cap (fetched 2026-09-28),,y,Proxy: market-cap top 1500 (Forbes list not available),large,
Siemens Energy,Siemens Energy,Germany,companiesmarketcap.com ranks 1-1000 by market cap (fetched 2026-09-28),,y,Proxy: market-cap top 1500 (Forbes list not available),large,
Sony,Sony,Japan,companiesmarketcap.com ranks 1-1000 by market cap (fetched 2026-09-28),,y,Proxy: market-cap top 1500 (Forbes list not available),large,
Corning,=Corning,United States,companiesmarketcap.com ranks 1-1000 by market cap (fetched 2026-09-28),,y,Proxy: market-cap top 1500 (Forbes list not available),large,
Unilever,Unilever,United Kingdom,companiesmarketcap.com ranks 1-1000 by market cap (fetched 2026-09-28),,y,Proxy: market-cap top 1500 (Forbes list not available),large,
Intesa Sanpaolo,Intesa Sanpaolo,Italy,companiesmarketcap.com ranks 1-1000 by market cap (fetched 2026-09-28),,y,Proxy: market-cap top 1500 (Forbes list not available),large,
Mizuho Financial Group,=Mizuho,Japan,companiesmarketcap.com ranks 1-1000 by market cap (fetched 2026-09-28),,y,Proxy: market-cap top 1500 (Forbes list not available),large,
Vertex Pharmaceuticals,Vertex Pharmaceuticals,United States,companiesmarketcap.com ranks 1-1000 by market cap (fetched 2026-09-28),,y,Proxy: market-cap top 1500 (Forbes list not available),large,
Fast Retailing,Fast Retailing;Uniqlo,Japan,companiesmarketcap.com ranks 1-1000 by market cap (fetched 2026-09-28),,y,Proxy: market-cap top 1500 (Forbes list not available),large,
Petrobras,=Petrobras,Brazil,companiesmarketcap.com ranks 1-1000 by market cap (fetched 2026-09-28),,y,Proxy: market-cap top 1500 (Forbes list not available),large,
Prologis,=Prologis,United States,companiesmarketcap.com ranks 1-1000 by market cap (fetched 2026-09-28),,y,Proxy: market-cap top 1500 (Forbes list not available),large,
Chubb,Chubb,Switzerland,companiesmarketcap.com ranks 1-1000 by market cap (fetched 2026-09-28),,y,Proxy: market-cap top 1500 (Forbes list not available),large,
Bristol-Myers Squibb,Bristol-Myers Squibb,United States,companiesmarketcap.com ranks 1-1000 by market cap (fetched 2026-09-28),,y,Proxy: market-cap top 1500 (Forbes list not available),large,
Newmont,=Newmont,United States,companiesmarketcap.com ranks 1-1000 by market cap (fetched 2026-09-28),,y,Proxy: market-cap top 1500 (Forbes list not available),large,
Fortinet,Fortinet,United States,companiesmarketcap.com ranks 1-1000 by market cap (fetched 2026-09-28),,y,Proxy: market-cap top 1500 (Forbes list not available),large,
Investor AB,Investor AB,Sweden,companiesmarketcap.com ranks 1-1000 by market cap (fetched 2026-09-28),,y,Proxy: market-cap top 1500 (Forbes list not available),large,
Cloudflare,Cloudflare,United States,companiesmarketcap.com ranks 1-1000 by market cap (fetched 2026-09-28),,y,Proxy: market-cap top 1500 (Forbes list not available),large,
BNP Paribas,BNP Paribas,France,companiesmarketcap.com ranks 1-1000 by market cap (fetched 2026-09-28),,y,Proxy: market-cap top 1500 (Forbes list not available),large,
Parker-Hannifin,=Parker-Hannifin,United States,companiesmarketcap.com ranks 1-1000 by market cap (fetched 2026-09-28),,y,Proxy: market-cap top 1500 (Forbes list not available),large,
Booking Holdings,Booking.com;Agoda;Priceline,United States,companiesmarketcap.com ranks 1-1000 by market cap (fetched 2026-09-28),,y,Proxy: market-cap top 1500 (Forbes list not available),large,
Capital One,Capital One,United States,companiesmarketcap.com ranks 1-1000 by market cap (fetched 2026-09-28),,y,Proxy: market-cap top 1500 (Forbes list not available),large,
Air Liquide,Air Liquide,France,companiesmarketcap.com ranks 1-1000 by market cap (fetched 2026-09-28),,y,Proxy: market-cap top 1500 (Forbes list not available),large,
Keyence,=Keyence,Japan,companiesmarketcap.com ranks 1-1000 by market cap (fetched 2026-09-28),,y,Proxy: market-cap top 1500 (Forbes list not available),large,
Compagnie Financière Richemont,Compagnie Financiere Richemont;Richemont;Cartier,Switzerland,companiesmarketcap.com ranks 1-1000 by market cap (fetched 2026-09-28),,y,Proxy: market-cap top 1500 (Forbes list not available),large,
Lockheed Martin,Lockheed Martin,United States,companiesmarketcap.com ranks 1-1000 by market cap (fetched 2026-09-28),,y,Proxy: market-cap top 1500 (Forbes list not available),large,
Bank of Montreal,Bank of Montreal;BMO,Canada,companiesmarketcap.com ranks 1-1000 by market cap (fetched 2026-09-28),,y,Proxy: market-cap top 1500 (Forbes list not available),large,
British American Tobacco,British American Tobacco,United Kingdom,companiesmarketcap.com ranks 1-1000 by market cap (fetched 2026-09-28),,y,Proxy: market-cap top 1500 (Forbes list not available),large,
Progressive,Progressive Corporation,United States,companiesmarketcap.com ranks 1-1000 by market cap (fetched 2026-09-28),,y,Proxy: market-cap top 1500 (Forbes list not available),large,
S&P Global,S&P Global;Standard & Poor;Platts,United States,companiesmarketcap.com ranks 1-1000 by market cap (fetched 2026-09-28),,y,Proxy: market-cap top 1500 (Forbes list not available),large,
Snowflake,Snowflake,United States,companiesmarketcap.com ranks 1-1000 by market cap (fetched 2026-09-28),,y,Proxy: market-cap top 1500 (Forbes list not available),large,
HDFC Bank,HDFC Bank,India,companiesmarketcap.com ranks 1-1000 by market cap (fetched 2026-09-28),,y,Proxy: market-cap top 1500 (Forbes list not available),large,
Zijin Mining,Zijin Mining,China,companiesmarketcap.com ranks 1-1000 by market cap (fetched 2026-09-28),,y,Proxy: market-cap top 1500 (Forbes list not available),large,
Bharti Airtel,Bharti Airtel,India,companiesmarketcap.com ranks 1-1000 by market cap (fetched 2026-09-28),,y,Proxy: market-cap top 1500 (Forbes list not available),large,
ASE Group,=ASE,Taiwan,companiesmarketcap.com ranks 1-1000 by market cap (fetched 2026-09-28),,y,Proxy: market-cap top 1500 (Forbes list not available),large,
Altria Group,=Altria,United States,companiesmarketcap.com ranks 1-1000 by market cap (fetched 2026-09-28),,y,Proxy: market-cap top 1500 (Forbes list not available),large,
CVS Health,CVS Health,United States,companiesmarketcap.com ranks 1-1000 by market cap (fetched 2026-09-28),,y,Proxy: market-cap top 1500 (Forbes list not available),large,
Scotiabank,Scotiabank;Bank of Nova Scotia,Canada,companiesmarketcap.com ranks 1-1000 by market cap (fetched 2026-09-28),,y,Proxy: market-cap top 1500 (Forbes list not available),large,
BP,BP Singapore;BP Asia;Castrol,United Kingdom,companiesmarketcap.com ranks 1-1000 by market cap (fetched 2026-09-28),,y,Proxy: market-cap top 1500 (Forbes list not available),large,
OCBC Bank,OCBC;Oversea-Chinese Banking;Bank of Singapore,Singapore,companiesmarketcap.com ranks 1-1000 by market cap (fetched 2026-09-28),Singapore-HQ group with operations outside Singapore (curated; verify),y,Proxy: market-cap top 1500 (Forbes list not available),large,
Medtronic,Medtronic,Ireland,companiesmarketcap.com ranks 1-1000 by market cap (fetched 2026-09-28),,y,Proxy: market-cap top 1500 (Forbes list not available),large,
Mitsubishi Corporation,Mitsubishi Corporation,Japan,companiesmarketcap.com ranks 1-1000 by market cap (fetched 2026-09-28),,y,Proxy: market-cap top 1500 (Forbes list not available),large,
Valero Energy,Valero Energy,United States,companiesmarketcap.com ranks 1-1000 by market cap (fetched 2026-09-28),,y,Proxy: market-cap top 1500 (Forbes list not available),large,
Foxconn,=Foxconn;Hon Hai Precision Industry,Taiwan,companiesmarketcap.com ranks 1-1000 by market cap (fetched 2026-09-28),,y,Proxy: market-cap top 1500 (Forbes list not available),large,
PDD Holdings,PDD;=Pinduoduo;Temu;Whaleco,China,companiesmarketcap.com ranks 1-1000 by market cap (fetched 2026-09-28),,y,Proxy: market-cap top 1500 (Forbes list not available),large,
Starbucks,Starbucks,United States,companiesmarketcap.com ranks 1-1000 by market cap (fetched 2026-09-28),,y,Proxy: market-cap top 1500 (Forbes list not available),large,
Accenture,Accenture,Ireland,companiesmarketcap.com ranks 1-1000 by market cap (fetched 2026-09-28),,y,Proxy: market-cap top 1500 (Forbes list not available),large,
Robinhood,=Robinhood,United States,companiesmarketcap.com ranks 1-1000 by market cap (fetched 2026-09-28),,y,Proxy: market-cap top 1500 (Forbes list not available),large,
Lowe's Companies,=Lowe's,United States,companiesmarketcap.com ranks 1-1000 by market cap (fetched 2026-09-28),,y,Proxy: market-cap top 1500 (Forbes list not available),large,
Spotify,Spotify,Sweden,companiesmarketcap.com ranks 1-1000 by market cap (fetched 2026-09-28),,y,Proxy: market-cap top 1500 (Forbes list not available),large,
AXA,AXA,France,companiesmarketcap.com ranks 1-1000 by market cap (fetched 2026-09-28),,y,Proxy: market-cap top 1500 (Forbes list not available),large,
Automatic Data Processing,Automatic Data Processing,United States,companiesmarketcap.com ranks 1-1000 by market cap (fetched 2026-09-28),,y,Proxy: market-cap top 1500 (Forbes list not available),large,
Zurich Insurance Group,Zurich Insurance;Zurich International,Switzerland,companiesmarketcap.com ranks 1-1000 by market cap (fetched 2026-09-28),,y,Proxy: market-cap top 1500 (Forbes list not available),large,
CaixaBank,=CaixaBank,Spain,companiesmarketcap.com ranks 1-1000 by market cap (fetched 2026-09-28),,y,Proxy: market-cap top 1500 (Forbes list not available),large,
Stryker Corporation,=Stryker,United States,companiesmarketcap.com ranks 1-1000 by market cap (fetched 2026-09-28),,y,Proxy: market-cap top 1500 (Forbes list not available),large,
Enbridge,=Enbridge,Canada,companiesmarketcap.com ranks 1-1000 by market cap (fetched 2026-09-28),,y,Proxy: market-cap top 1500 (Forbes list not available),large,
ING,ING Bank,Netherlands,companiesmarketcap.com ranks 1-1000 by market cap (fetched 2026-09-28),,y,Proxy: market-cap top 1500 (Forbes list not available),large,
AppLovin,=AppLovin,United States,companiesmarketcap.com ranks 1-1000 by market cap (fetched 2026-09-28),,y,Proxy: market-cap top 1500 (Forbes list not available),large,
Freeport-McMoRan,=Freeport-McMoRan,United States,companiesmarketcap.com ranks 1-1000 by market cap (fetched 2026-09-28),,y,Proxy: market-cap top 1500 (Forbes list not available),large,
China Yangtze Power,China Yangtze Power,China,companiesmarketcap.com ranks 1-1000 by market cap (fetched 2026-09-28),,y,Proxy: market-cap top 1500 (Forbes list not available),large,
CIBC,CIBC;Canadian Imperial Bank of Commerce,Canada,companiesmarketcap.com ranks 1-1000 by market cap (fetched 2026-09-28),,y,Proxy: market-cap top 1500 (Forbes list not available),large,
Cambricon Technologies,Cambricon Technologies,China,companiesmarketcap.com ranks 1-1000 by market cap (fetched 2026-09-28),,y,Proxy: market-cap top 1500 (Forbes list not available),large,
Phillips 66,Phillips 66,United States,companiesmarketcap.com ranks 1-1000 by market cap (fetched 2026-09-28),,y,Proxy: market-cap top 1500 (Forbes list not available),large,
BNY Mellon,BNY Mellon;Bank of New York Mellon,United States,companiesmarketcap.com ranks 1-1000 by market cap (fetched 2026-09-28),,y,Proxy: market-cap top 1500 (Forbes list not available),large,
McKesson,=McKesson,United States,companiesmarketcap.com ranks 1-1000 by market cap (fetched 2026-09-28),,y,Proxy: market-cap top 1500 (Forbes list not available),large,
Al Rajhi Bank,Al Rajhi Bank,Saudi Arabia,companiesmarketcap.com ranks 1-1000 by market cap (fetched 2026-09-28),,y,Proxy: market-cap top 1500 (Forbes list not available),large,
Enel,=Enel,Italy,companiesmarketcap.com ranks 1-1000 by market cap (fetched 2026-09-28),,y,Proxy: market-cap top 1500 (Forbes list not available),large,
ICICI Bank,ICICI Bank,India,companiesmarketcap.com ranks 1-1000 by market cap (fetched 2026-09-28),,y,Proxy: market-cap top 1500 (Forbes list not available),large,
Equinor,=Equinor,Norway,companiesmarketcap.com ranks 1-1000 by market cap (fetched 2026-09-28),,y,Proxy: market-cap top 1500 (Forbes list not available),large,
Trane Technologies,Trane Technologies,Ireland,companiesmarketcap.com ranks 1-1000 by market cap (fetched 2026-09-28),,y,Proxy: market-cap top 1500 (Forbes list not available),large,
Bank of Communications,Bank of Communications,China,companiesmarketcap.com ranks 1-1000 by market cap (fetched 2026-09-28),,y,Proxy: market-cap top 1500 (Forbes list not available),large,
Equinix,=Equinix,United States,companiesmarketcap.com ranks 1-1000 by market cap (fetched 2026-09-28),,y,Proxy: market-cap top 1500 (Forbes list not available),large,
GSK plc,GSK;GlaxoSmithKline,United Kingdom,companiesmarketcap.com ranks 1-1000 by market cap (fetched 2026-09-28),,y,Proxy: market-cap top 1500 (Forbes list not available),large,
Grupo México,Grupo Mexico,Mexico,companiesmarketcap.com ranks 1-1000 by market cap (fetched 2026-09-28),,y,Proxy: market-cap top 1500 (Forbes list not available),large,
Sanofi,Sanofi,France,companiesmarketcap.com ranks 1-1000 by market cap (fetched 2026-09-28),,y,Proxy: market-cap top 1500 (Forbes list not available),large,
Agnico Eagle Mines,Agnico Eagle Mines,Canada,companiesmarketcap.com ranks 1-1000 by market cap (fetched 2026-09-28),,y,Proxy: market-cap top 1500 (Forbes list not available),large,
Itochu,=Itochu,Japan,companiesmarketcap.com ranks 1-1000 by market cap (fetched 2026-09-28),,y,Proxy: market-cap top 1500 (Forbes list not available),large,
Canadian Natural Resources,Canadian Natural Resources,Canada,companiesmarketcap.com ranks 1-1000 by market cap (fetched 2026-09-28),,y,Proxy: market-cap top 1500 (Forbes list not available),large,
Quanta Services,Quanta Services,United States,companiesmarketcap.com ranks 1-1000 by market cap (fetched 2026-09-28),,y,Proxy: market-cap top 1500 (Forbes list not available),large,
Vertiv Holdings,=Vertiv,United States,companiesmarketcap.com ranks 1-1000 by market cap (fetched 2026-09-28),,y,Proxy: market-cap top 1500 (Forbes list not available),large,
AIA,AIA Singapore;AIA Company;AIA Investment,Hong Kong,companiesmarketcap.com ranks 1-1000 by market cap (fetched 2026-09-28),,y,Proxy: market-cap top 1500 (Forbes list not available),large,
HCA Healthcare,HCA Healthcare,United States,companiesmarketcap.com ranks 1-1000 by market cap (fetched 2026-09-28),,y,Proxy: market-cap top 1500 (Forbes list not available),large,
Tokio Marine,Tokio Marine,Japan,companiesmarketcap.com ranks 1-1000 by market cap (fetched 2026-09-28),,y,Proxy: market-cap top 1500 (Forbes list not available),large,
Datadog,Datadog,United States,companiesmarketcap.com ranks 1-1000 by market cap (fetched 2026-09-28),,y,Proxy: market-cap top 1500 (Forbes list not available),large,
Sinopec,=Sinopec,China,companiesmarketcap.com ranks 1-1000 by market cap (fetched 2026-09-28),,y,Proxy: market-cap top 1500 (Forbes list not available),large,
Postal Savings Bank of China,Postal Savings Bank of China,China,companiesmarketcap.com ranks 1-1000 by market cap (fetched 2026-09-28),,y,Proxy: market-cap top 1500 (Forbes list not available),large,
Southern Company,Southern Company,United States,companiesmarketcap.com ranks 1-1000 by market cap (fetched 2026-09-28),,y,Proxy: market-cap top 1500 (Forbes list not available),large,
CME Group,=CME,United States,companiesmarketcap.com ranks 1-1000 by market cap (fetched 2026-09-28),,y,Proxy: market-cap top 1500 (Forbes list not available),large,
State Bank of India,State Bank of India,India,companiesmarketcap.com ranks 1-1000 by market cap (fetched 2026-09-28),,y,Proxy: market-cap top 1500 (Forbes list not available),large,
Airbnb,Airbnb,United States,companiesmarketcap.com ranks 1-1000 by market cap (fetched 2026-09-28),,y,Proxy: market-cap top 1500 (Forbes list not available),large,
Midea,=Midea,China,companiesmarketcap.com ranks 1-1000 by market cap (fetched 2026-09-28),,y,Proxy: market-cap top 1500 (Forbes list not available),large,
Adobe,Adobe,United States,companiesmarketcap.com ranks 1-1000 by market cap (fetched 2026-09-28),,y,Proxy: market-cap top 1500 (Forbes list not available),large,
Constellation Energy,Constellation Energy,United States,companiesmarketcap.com ranks 1-1000 by market cap (fetched 2026-09-28),,y,Proxy: market-cap top 1500 (Forbes list not available),large,
Howmet Aerospace,Howmet Aerospace,United States,companiesmarketcap.com ranks 1-1000 by market cap (fetched 2026-09-28),,y,Proxy: market-cap top 1500 (Forbes list not available),large,
Murata Manufacturing,Murata Manufacturing,Japan,companiesmarketcap.com ranks 1-1000 by market cap (fetched 2026-09-28),,y,Proxy: market-cap top 1500 (Forbes list not available),large,
U.S. Bancorp,U.S. Bancorp,United States,companiesmarketcap.com ranks 1-1000 by market cap (fetched 2026-09-28),,y,Proxy: market-cap top 1500 (Forbes list not available),large,
Marriott International,Marriott,United States,companiesmarketcap.com ranks 1-1000 by market cap (fetched 2026-09-28),,y,Proxy: market-cap top 1500 (Forbes list not available),large,
Mitsui & Co,Mitsui & Co,Japan,companiesmarketcap.com ranks 1-1000 by market cap (fetched 2026-09-28),,y,Proxy: market-cap top 1500 (Forbes list not available),large,
General Dynamics,General Dynamics,United States,companiesmarketcap.com ranks 1-1000 by market cap (fetched 2026-09-28),,y,Proxy: market-cap top 1500 (Forbes list not available),large,
Johnson Controls,Johnson Controls,Ireland,companiesmarketcap.com ranks 1-1000 by market cap (fetched 2026-09-28),,y,Proxy: market-cap top 1500 (Forbes list not available),large,
NTT,NTT;Nippon Telegraph & Telephone;Nippon Telegraph;NTT Data,Japan,companiesmarketcap.com ranks 1-1000 by market cap (fetched 2026-09-28),,y,Proxy: market-cap top 1500 (Forbes list not available),large,
Eoptolink Technology,Eoptolink Technology,China,companiesmarketcap.com ranks 1-1000 by market cap (fetched 2026-09-28),,y,Proxy: market-cap top 1500 (Forbes list not available),large,
PNC Financial Services,=PNC,United States,companiesmarketcap.com ranks 1-1000 by market cap (fetched 2026-09-28),,y,Proxy: market-cap top 1500 (Forbes list not available),large,
Cadence Design Systems,Cadence Design Systems,United States,companiesmarketcap.com ranks 1-1000 by market cap (fetched 2026-09-28),,y,Proxy: market-cap top 1500 (Forbes list not available),large,
Itaú Unibanco,Itau Unibanco;Itau,Brazil,companiesmarketcap.com ranks 1-1000 by market cap (fetched 2026-09-28),,y,Proxy: market-cap top 1500 (Forbes list not available),large,
KKR & Co.,KKR,United States,companiesmarketcap.com ranks 1-1000 by market cap (fetched 2026-09-28),,y,Proxy: market-cap top 1500 (Forbes list not available),large,
MercadoLibre,=MercadoLibre,Argentina,companiesmarketcap.com ranks 1-1000 by market cap (fetched 2026-09-28),,y,Proxy: market-cap top 1500 (Forbes list not available),large,
Emerson,=Emerson;Emerson Electric;Emerson Process,United States,companiesmarketcap.com ranks 1-1000 by market cap (fetched 2026-09-28),,y,Proxy: market-cap top 1500 (Forbes list not available),large,
Duke Energy,Duke Energy,United States,companiesmarketcap.com ranks 1-1000 by market cap (fetched 2026-09-28),,y,Proxy: market-cap top 1500 (Forbes list not available),large,
Atlas Copco,Atlas Copco,Sweden,companiesmarketcap.com ranks 1-1000 by market cap (fetched 2026-09-28),,y,Proxy: market-cap top 1500 (Forbes list not available),large,
3M,3M Singapore;3M Asia;3M Technologies,United States,companiesmarketcap.com ranks 1-1000 by market cap (fetched 2026-09-28),,y,Proxy: market-cap top 1500 (Forbes list not available),large,
Xiaomi,Xiaomi,China,companiesmarketcap.com ranks 1-1000 by market cap (fetched 2026-09-28),,y,Proxy: market-cap top 1500 (Forbes list not available),large,
CSX Corporation,=CSX,United States,companiesmarketcap.com ranks 1-1000 by market cap (fetched 2026-09-28),,y,Proxy: market-cap top 1500 (Forbes list not available),large,
Intercontinental Exchange,Intercontinental Exchange,United States,companiesmarketcap.com ranks 1-1000 by market cap (fetched 2026-09-28),,y,Proxy: market-cap top 1500 (Forbes list not available),large,
Elevance Health,Elevance Health,United States,companiesmarketcap.com ranks 1-1000 by market cap (fetched 2026-09-28),,y,Proxy: market-cap top 1500 (Forbes list not available),large,
Glencore,Glencore,Switzerland,companiesmarketcap.com ranks 1-1000 by market cap (fetched 2026-09-28),,y,Proxy: market-cap top 1500 (Forbes list not available),large,
Dior,=Dior,France,companiesmarketcap.com ranks 1-1000 by market cap (fetched 2026-09-28),,y,Proxy: market-cap top 1500 (Forbes list not available),large,
Bloom Energy,Bloom Energy,United States,companiesmarketcap.com ranks 1-1000 by market cap (fetched 2026-09-28),,y,Proxy: market-cap top 1500 (Forbes list not available),large,
Williams Companies,Williams Companies,United States,companiesmarketcap.com ranks 1-1000 by market cap (fetched 2026-09-28),,y,Proxy: market-cap top 1500 (Forbes list not available),large,
Lumentum,=Lumentum,United States,companiesmarketcap.com ranks 1-1000 by market cap (fetched 2026-09-28),,y,Proxy: market-cap top 1500 (Forbes list not available),large,
Monster Beverage,Monster Beverage,United States,companiesmarketcap.com ranks 1-1000 by market cap (fetched 2026-09-28),,y,Proxy: market-cap top 1500 (Forbes list not available),large,
Infineon,=Infineon,Germany,companiesmarketcap.com ranks 1-1000 by market cap (fetched 2026-09-28),,y,Proxy: market-cap top 1500 (Forbes list not available),large,
DoorDash,=DoorDash,United States,companiesmarketcap.com ranks 1-1000 by market cap (fetched 2026-09-28),,y,Proxy: market-cap top 1500 (Forbes list not available),large,
Hewlett Packard Enterprise,Hewlett Packard Enterprise;HPE;Aruba Networks,United States,companiesmarketcap.com ranks 1-1000 by market cap (fetched 2026-09-28),,y,Proxy: market-cap top 1500 (Forbes list not available),large,
Mitsubishi Heavy Industries,Mitsubishi Heavy Industries,Japan,companiesmarketcap.com ranks 1-1000 by market cap (fetched 2026-09-28),,y,Proxy: market-cap top 1500 (Forbes list not available),large,
Lloyds Banking Group,Lloyds Banking,United Kingdom,companiesmarketcap.com ranks 1-1000 by market cap (fetched 2026-09-28),,y,Proxy: market-cap top 1500 (Forbes list not available),large,
Barclays,Barclays,United Kingdom,companiesmarketcap.com ranks 1-1000 by market cap (fetched 2026-09-28),,y,Proxy: market-cap top 1500 (Forbes list not available),large,
National Australia Bank,National Australia Bank,Australia,companiesmarketcap.com ranks 1-1000 by market cap (fetched 2026-09-28),,y,Proxy: market-cap top 1500 (Forbes list not available),large,
Westpac Banking,Westpac Banking;Westpac,Australia,companiesmarketcap.com ranks 1-1000 by market cap (fetched 2026-09-28),,y,Proxy: market-cap top 1500 (Forbes list not available),large,
Waste Management,Waste Management,United States,companiesmarketcap.com ranks 1-1000 by market cap (fetched 2026-09-28),,y,Proxy: market-cap top 1500 (Forbes list not available),large,
Brookfield Corporation,Brookfield,Canada,companiesmarketcap.com ranks 1-1000 by market cap (fetched 2026-09-28),,y,Proxy: market-cap top 1500 (Forbes list not available),large,
Marsh & McLennan Companies,Marsh & McLennan;=Marsh;=Mercer;Oliver Wyman;Guy Carpenter,United States,companiesmarketcap.com ranks 1-1000 by market cap (fetched 2026-09-28),,y,Proxy: market-cap top 1500 (Forbes list not available),large,
Synopsys,=Synopsys,United States,companiesmarketcap.com ranks 1-1000 by market cap (fetched 2026-09-28),,y,Proxy: market-cap top 1500 (Forbes list not available),large,
TAQA,=TAQA,UAE,companiesmarketcap.com ranks 1-1000 by market cap (fetched 2026-09-28),,y,Proxy: market-cap top 1500 (Forbes list not available),large,
Moody's,Moody's,United States,companiesmarketcap.com ranks 1-1000 by market cap (fetched 2026-09-28),,y,Proxy: market-cap top 1500 (Forbes list not available),large,
Regeneron Pharmaceuticals,Regeneron Pharmaceuticals,United States,companiesmarketcap.com ranks 1-1000 by market cap (fetched 2026-09-28),,y,Proxy: market-cap top 1500 (Forbes list not available),large,
WuXi AppTec,WuXi AppTec,China,companiesmarketcap.com ranks 1-1000 by market cap (fetched 2026-09-28),,y,Proxy: market-cap top 1500 (Forbes list not available),large,
ANZ Bank,ANZ Bank;Australia and New Zealand Banking;ANZ,Australia,companiesmarketcap.com ranks 1-1000 by market cap (fetched 2026-09-28),,y,Proxy: market-cap top 1500 (Forbes list not available),large,
United Parcel Service,United Parcel Service;UPS,United States,companiesmarketcap.com ranks 1-1000 by market cap (fetched 2026-09-28),,y,Proxy: market-cap top 1500 (Forbes list not available),large,
Sherwin-Williams,=Sherwin-Williams,United States,companiesmarketcap.com ranks 1-1000 by market cap (fetched 2026-09-28),,y,Proxy: market-cap top 1500 (Forbes list not available),large,
Cintas,=Cintas,United States,companiesmarketcap.com ranks 1-1000 by market cap (fetched 2026-09-28),,y,Proxy: market-cap top 1500 (Forbes list not available),large,
Suncor Energy,Suncor Energy,Canada,companiesmarketcap.com ranks 1-1000 by market cap (fetched 2026-09-28),,y,Proxy: market-cap top 1500 (Forbes list not available),large,
Moderna,=Moderna,United States,companiesmarketcap.com ranks 1-1000 by market cap (fetched 2026-09-28),,y,Proxy: market-cap top 1500 (Forbes list not available),large,
Enterprise Products,Enterprise Products,United States,companiesmarketcap.com ranks 1-1000 by market cap (fetched 2026-09-28),,y,Proxy: market-cap top 1500 (Forbes list not available),large,
American Tower,American Tower,United States,companiesmarketcap.com ranks 1-1000 by market cap (fetched 2026-09-28),,y,Proxy: market-cap top 1500 (Forbes list not available),large,
Tata Consultancy Services,Tata Consultancy,India,companiesmarketcap.com ranks 1-1000 by market cap (fetched 2026-09-28),,y,Proxy: market-cap top 1500 (Forbes list not available),large,
ENI,=ENI,Italy,companiesmarketcap.com ranks 1-1000 by market cap (fetched 2026-09-28),,y,Proxy: market-cap top 1500 (Forbes list not available),large,
Japan Tobacco,Japan Tobacco,Japan,companiesmarketcap.com ranks 1-1000 by market cap (fetched 2026-09-28),,y,Proxy: market-cap top 1500 (Forbes list not available),large,
Ecolab,=Ecolab,United States,companiesmarketcap.com ranks 1-1000 by market cap (fetched 2026-09-28),,y,Proxy: market-cap top 1500 (Forbes list not available),large,
Illinois Tool Works,Illinois Tool Works,United States,companiesmarketcap.com ranks 1-1000 by market cap (fetched 2026-09-28),,y,Proxy: market-cap top 1500 (Forbes list not available),large,
Simon Property Group,Simon Property,United States,companiesmarketcap.com ranks 1-1000 by market cap (fetched 2026-09-28),,y,Proxy: market-cap top 1500 (Forbes list not available),large,
Comcast,=Comcast,United States,companiesmarketcap.com ranks 1-1000 by market cap (fetched 2026-09-28),,y,Proxy: market-cap top 1500 (Forbes list not available),large,
Warner Bros. Discovery,Warner Bros. Discovery,United States,companiesmarketcap.com ranks 1-1000 by market cap (fetched 2026-09-28),,y,Proxy: market-cap top 1500 (Forbes list not available),large,
Mondelez International,Mondelez,United States,companiesmarketcap.com ranks 1-1000 by market cap (fetched 2026-09-28),,y,Proxy: market-cap top 1500 (Forbes list not available),large,
SLB,=SLB;=Schlumberger,United States,companiesmarketcap.com ranks 1-1000 by market cap (fetched 2026-09-28),,y,Proxy: market-cap top 1500 (Forbes list not available),large,
BAE Systems,BAE Systems,United Kingdom,companiesmarketcap.com ranks 1-1000 by market cap (fetched 2026-09-28),,y,Proxy: market-cap top 1500 (Forbes list not available),large,
CPKC,=CPKC;Canadian Pacific Kansas City,Canada,companiesmarketcap.com ranks 1-1000 by market cap (fetched 2026-09-28),,y,Proxy: market-cap top 1500 (Forbes list not available),large,
National Grid,National Grid,United Kingdom,companiesmarketcap.com ranks 1-1000 by market cap (fetched 2026-09-28),,y,Proxy: market-cap top 1500 (Forbes list not available),large,
Japan Post Bank,Japan Post Bank,Japan,companiesmarketcap.com ranks 1-1000 by market cap (fetched 2026-09-28),,y,Proxy: market-cap top 1500 (Forbes list not available),large,
The Travelers Companies,Travelers Companies,United States,companiesmarketcap.com ranks 1-1000 by market cap (fetched 2026-09-28),,y,Proxy: market-cap top 1500 (Forbes list not available),large,
Motorola Solutions,Motorola Solutions,United States,companiesmarketcap.com ranks 1-1000 by market cap (fetched 2026-09-28),,y,Proxy: market-cap top 1500 (Forbes list not available),large,
Ross Stores,Ross Stores,United States,companiesmarketcap.com ranks 1-1000 by market cap (fetched 2026-09-28),,y,Proxy: market-cap top 1500 (Forbes list not available),large,
EssilorLuxottica,=EssilorLuxottica,France,companiesmarketcap.com ranks 1-1000 by market cap (fetched 2026-09-28),,y,Proxy: market-cap top 1500 (Forbes list not available),large,
Generali,Generali,Italy,companiesmarketcap.com ranks 1-1000 by market cap (fetched 2026-09-28),,y,Proxy: market-cap top 1500 (Forbes list not available),large,
SoftBank Corp.,=SoftBank,Japan,companiesmarketcap.com ranks 1-1000 by market cap (fetched 2026-09-28),,y,Proxy: market-cap top 1500 (Forbes list not available),large,
EOG Resources,EOG Resources,United States,companiesmarketcap.com ranks 1-1000 by market cap (fetched 2026-09-28),,y,Proxy: market-cap top 1500 (Forbes list not available),large,
General Motors,General Motors,United States,companiesmarketcap.com ranks 1-1000 by market cap (fetched 2026-09-28),,y,Proxy: market-cap top 1500 (Forbes list not available),large,
CITIC Bank,CITIC Bank,China,companiesmarketcap.com ranks 1-1000 by market cap (fetched 2026-09-28),,y,Proxy: market-cap top 1500 (Forbes list not available),large,
NetEase,=NetEase,China,companiesmarketcap.com ranks 1-1000 by market cap (fetched 2026-09-28),,y,Proxy: market-cap top 1500 (Forbes list not available),large,
Intuit,=Intuit,United States,companiesmarketcap.com ranks 1-1000 by market cap (fetched 2026-09-28),,y,Proxy: market-cap top 1500 (Forbes list not available),large,
NatWest Group,=NatWest,United Kingdom,companiesmarketcap.com ranks 1-1000 by market cap (fetched 2026-09-28),,y,Proxy: market-cap top 1500 (Forbes list not available),large,
Munich RE,Munich RE;Munchener Ruck;Munich Reinsurance,Germany,companiesmarketcap.com ranks 1-1000 by market cap (fetched 2026-09-28),,y,Proxy: market-cap top 1500 (Forbes list not available),large,
Canadian National Railway,Canadian National Railway,Canada,companiesmarketcap.com ranks 1-1000 by market cap (fetched 2026-09-28),,y,Proxy: market-cap top 1500 (Forbes list not available),large,
DHL Group,DHL;Deutsche Post,Germany,companiesmarketcap.com ranks 1-1000 by market cap (fetched 2026-09-28),,y,Proxy: market-cap top 1500 (Forbes list not available),large,
Manulife Financial,Manulife,Canada,companiesmarketcap.com ranks 1-1000 by market cap (fetched 2026-09-28),,y,Proxy: market-cap top 1500 (Forbes list not available),large,
Northrop Grumman,Northrop Grumman,United States,companiesmarketcap.com ranks 1-1000 by market cap (fetched 2026-09-28),,y,Proxy: market-cap top 1500 (Forbes list not available),large,
Cummins,=Cummins,United States,companiesmarketcap.com ranks 1-1000 by market cap (fetched 2026-09-28),,y,Proxy: market-cap top 1500 (Forbes list not available),large,
Ferrari,=Ferrari,Italy,companiesmarketcap.com ranks 1-1000 by market cap (fetched 2026-09-28),,y,Proxy: market-cap top 1500 (Forbes list not available),large,
Carvana,=Carvana,United States,companiesmarketcap.com ranks 1-1000 by market cap (fetched 2026-09-28),,y,Proxy: market-cap top 1500 (Forbes list not available),large,
The Cigna Group,=Cigna,United States,companiesmarketcap.com ranks 1-1000 by market cap (fetched 2026-09-28),,y,Proxy: market-cap top 1500 (Forbes list not available),large,
Apollo Global Management,Apollo Global Management;Apollo Global,United States,companiesmarketcap.com ranks 1-1000 by market cap (fetched 2026-09-28),,y,Proxy: market-cap top 1500 (Forbes list not available),large,
Target,Target Corporation,United States,companiesmarketcap.com ranks 1-1000 by market cap (fetched 2026-09-28),,y,Proxy: market-cap top 1500 (Forbes list not available),large,
KDDI,=KDDI,Japan,companiesmarketcap.com ranks 1-1000 by market cap (fetched 2026-09-28),,y,Proxy: market-cap top 1500 (Forbes list not available),large,
Brookfield Asset Management,Brookfield Asset Management;Brookfield Asset,Canada,companiesmarketcap.com ranks 1-1000 by market cap (fetched 2026-09-28),,y,Proxy: market-cap top 1500 (Forbes list not available),large,
Hilton Worldwide,Hilton Worldwide;=Hilton,United States,companiesmarketcap.com ranks 1-1000 by market cap (fetched 2026-09-28),,y,Proxy: market-cap top 1500 (Forbes list not available),large,
NAURA Technology Group,NAURA Technology,China,companiesmarketcap.com ranks 1-1000 by market cap (fetched 2026-09-28),,y,Proxy: market-cap top 1500 (Forbes list not available),large,
Barrick Gold,Barrick Gold,Canada,companiesmarketcap.com ranks 1-1000 by market cap (fetched 2026-09-28),,y,Proxy: market-cap top 1500 (Forbes list not available),large,
Sberbank,=Sberbank,Russia,companiesmarketcap.com ranks 1-1000 by market cap (fetched 2026-09-28),,y,Proxy: market-cap top 1500 (Forbes list not available),large,
Norfolk Southern,Norfolk Southern,United States,companiesmarketcap.com ranks 1-1000 by market cap (fetched 2026-09-28),,y,Proxy: market-cap top 1500 (Forbes list not available),large,
Vinci,=Vinci,France,companiesmarketcap.com ranks 1-1000 by market cap (fetched 2026-09-28),,y,Proxy: market-cap top 1500 (Forbes list not available),large,
O'Reilly Automotive,O'Reilly Automotive,United States,companiesmarketcap.com ranks 1-1000 by market cap (fetched 2026-09-28),,y,Proxy: market-cap top 1500 (Forbes list not available),large,
ADNOC Gas,ADNOC Gas,UAE,companiesmarketcap.com ranks 1-1000 by market cap (fetched 2026-09-28),,y,Proxy: market-cap top 1500 (Forbes list not available),large,
Energy Transfer LP,Energy Transfer,United States,companiesmarketcap.com ranks 1-1000 by market cap (fetched 2026-09-28),,y,Proxy: market-cap top 1500 (Forbes list not available),large,
Chugai Pharmaceutical,Chugai Pharmaceutical,Japan,companiesmarketcap.com ranks 1-1000 by market cap (fetched 2026-09-28),,y,Proxy: market-cap top 1500 (Forbes list not available),large,
SMIC,=SMIC,China,companiesmarketcap.com ranks 1-1000 by market cap (fetched 2026-09-28),,y,Proxy: market-cap top 1500 (Forbes list not available),large,
Nordea Bank,Nordea Bank,Finland,companiesmarketcap.com ranks 1-1000 by market cap (fetched 2026-09-28),,y,Proxy: market-cap top 1500 (Forbes list not available),large,
Deutsche Bank,Deutsche Bank,Germany,companiesmarketcap.com ranks 1-1000 by market cap (fetched 2026-09-28),,y,Proxy: market-cap top 1500 (Forbes list not available),large,
Colgate-Palmolive,Colgate-Palmolive,United States,companiesmarketcap.com ranks 1-1000 by market cap (fetched 2026-09-28),,y,Proxy: market-cap top 1500 (Forbes list not available),large,
Kinder Morgan,Kinder Morgan,United States,companiesmarketcap.com ranks 1-1000 by market cap (fetched 2026-09-28),,y,Proxy: market-cap top 1500 (Forbes list not available),large,
Hyundai,Hyundai Motor;Hyundai Engineering,South Korea,companiesmarketcap.com ranks 1-1000 by market cap (fetched 2026-09-28),,y,Proxy: market-cap top 1500 (Forbes list not available),large,
Mitsubishi Electric,Mitsubishi Electric,Japan,companiesmarketcap.com ranks 1-1000 by market cap (fetched 2026-09-28),,y,Proxy: market-cap top 1500 (Forbes list not available),large,
Panasonic,Panasonic,Japan,companiesmarketcap.com ranks 1-1000 by market cap (fetched 2026-09-28),,y,Proxy: market-cap top 1500 (Forbes list not available),large,
Shin-Etsu Chemical,Shin-Etsu Chemical,Japan,companiesmarketcap.com ranks 1-1000 by market cap (fetched 2026-09-28),,y,Proxy: market-cap top 1500 (Forbes list not available),large,
FedEx,FedEx;Federal Express,United States,companiesmarketcap.com ranks 1-1000 by market cap (fetched 2026-09-28),,y,Proxy: market-cap top 1500 (Forbes list not available),large,
ENGIE,=ENGIE,France,companiesmarketcap.com ranks 1-1000 by market cap (fetched 2026-09-28),,y,Proxy: market-cap top 1500 (Forbes list not available),large,
Digital Realty,Digital Realty,United States,companiesmarketcap.com ranks 1-1000 by market cap (fetched 2026-09-28),,y,Proxy: market-cap top 1500 (Forbes list not available),large,
Honeywell,Honeywell,United States,companiesmarketcap.com ranks 1-1000 by market cap (fetched 2026-09-28),,y,Proxy: market-cap top 1500 (Forbes list not available),large,
Monolithic Power Systems,Monolithic Power Systems,United States,companiesmarketcap.com ranks 1-1000 by market cap (fetched 2026-09-28),,y,Proxy: market-cap top 1500 (Forbes list not available),large,
Vingroup Company,=Vingroup,Vietnam,companiesmarketcap.com ranks 1-1000 by market cap (fetched 2026-09-28),,y,Proxy: market-cap top 1500 (Forbes list not available),large,
Merck KGaA,=Merck;EMD;MilliporeSigma,Germany,companiesmarketcap.com ranks 1-1000 by market cap (fetched 2026-09-28),,y,Proxy: market-cap top 1500 (Forbes list not available),large,
Volvo Group,=Volvo,Sweden,companiesmarketcap.com ranks 1-1000 by market cap (fetched 2026-09-28),,y,Proxy: market-cap top 1500 (Forbes list not available),large,
Standard Chartered,Standard Chartered,United Kingdom,companiesmarketcap.com ranks 1-1000 by market cap (fetched 2026-09-28),,y,Proxy: market-cap top 1500 (Forbes list not available),large,
America Movil,America Movil,Mexico,companiesmarketcap.com ranks 1-1000 by market cap (fetched 2026-09-28),,y,Proxy: market-cap top 1500 (Forbes list not available),large,
Nu Holdings,Nubank,Brazil,companiesmarketcap.com ranks 1-1000 by market cap (fetched 2026-09-28),,y,Proxy: market-cap top 1500 (Forbes list not available),large,
United Rentals,United Rentals,United States,companiesmarketcap.com ranks 1-1000 by market cap (fetched 2026-09-28),,y,Proxy: market-cap top 1500 (Forbes list not available),large,
Republic Services,Republic Services,United States,companiesmarketcap.com ranks 1-1000 by market cap (fetched 2026-09-28),,y,Proxy: market-cap top 1500 (Forbes list not available),large,
Royal Caribbean Group,Royal Caribbean,United States,companiesmarketcap.com ranks 1-1000 by market cap (fetched 2026-09-28),,y,Proxy: market-cap top 1500 (Forbes list not available),large,
Wheaton Precious Metals,Wheaton Precious Metals,Canada,companiesmarketcap.com ranks 1-1000 by market cap (fetched 2026-09-28),,y,Proxy: market-cap top 1500 (Forbes list not available),large,
Bajaj Finance,Bajaj Finance,India,companiesmarketcap.com ranks 1-1000 by market cap (fetched 2026-09-28),,y,Proxy: market-cap top 1500 (Forbes list not available),large,
Fubon Financial,=Fubon,Taiwan,companiesmarketcap.com ranks 1-1000 by market cap (fetched 2026-09-28),,y,Proxy: market-cap top 1500 (Forbes list not available),large,
American Electric Power,American Electric Power,United States,companiesmarketcap.com ranks 1-1000 by market cap (fetched 2026-09-28),,y,Proxy: market-cap top 1500 (Forbes list not available),large,
Macquarie Group Limited,Macquarie,Australia,companiesmarketcap.com ranks 1-1000 by market cap (fetched 2026-09-28),,y,Proxy: market-cap top 1500 (Forbes list not available),large,
Boston Scientific,Boston Scientific,United States,companiesmarketcap.com ranks 1-1000 by market cap (fetched 2026-09-28),,y,Proxy: market-cap top 1500 (Forbes list not available),large,
The Saudi National Bank,Saudi National Bank,Saudi Arabia,companiesmarketcap.com ranks 1-1000 by market cap (fetched 2026-09-28),,y,Proxy: market-cap top 1500 (Forbes list not available),large,
TE Connectivity,TE Connectivity,Switzerland,companiesmarketcap.com ranks 1-1000 by market cap (fetched 2026-09-28),,y,Proxy: market-cap top 1500 (Forbes list not available),large,
Astera Labs,Astera Labs,United States,companiesmarketcap.com ranks 1-1000 by market cap (fetched 2026-09-28),,y,Proxy: market-cap top 1500 (Forbes list not available),large,
Ma'aden,=Ma'aden,Saudi Arabia,companiesmarketcap.com ranks 1-1000 by market cap (fetched 2026-09-28),,y,Proxy: market-cap top 1500 (Forbes list not available),large,
Strategy,MicroStrategy,United States,companiesmarketcap.com ranks 1-1000 by market cap (fetched 2026-09-28),,y,Proxy: market-cap top 1500 (Forbes list not available),large,
Crédit Agricole,Credit Agricole;CACIB,France,companiesmarketcap.com ranks 1-1000 by market cap (fetched 2026-09-28),,y,Proxy: market-cap top 1500 (Forbes list not available),large,
Air Products and Chemicals,Air Products and Chemicals,United States,companiesmarketcap.com ranks 1-1000 by market cap (fetched 2026-09-28),,y,Proxy: market-cap top 1500 (Forbes list not available),large,
Hong Kong Exchanges & Clearing,Hong Kong Exchanges & Clearing,Hong Kong,companiesmarketcap.com ranks 1-1000 by market cap (fetched 2026-09-28),,y,Proxy: market-cap top 1500 (Forbes list not available),large,
TransDigm Group,=TransDigm,United States,companiesmarketcap.com ranks 1-1000 by market cap (fetched 2026-09-28),,y,Proxy: market-cap top 1500 (Forbes list not available),large,
Teradyne,=Teradyne,United States,companiesmarketcap.com ranks 1-1000 by market cap (fetched 2026-09-28),,y,Proxy: market-cap top 1500 (Forbes list not available),large,
MetLife,=MetLife,United States,companiesmarketcap.com ranks 1-1000 by market cap (fetched 2026-09-28),,y,Proxy: market-cap top 1500 (Forbes list not available),large,
Keysight,=Keysight,United States,companiesmarketcap.com ranks 1-1000 by market cap (fetched 2026-09-28),,y,Proxy: market-cap top 1500 (Forbes list not available),large,
Unimicron,=Unimicron,Taiwan,companiesmarketcap.com ranks 1-1000 by market cap (fetched 2026-09-28),,y,Proxy: market-cap top 1500 (Forbes list not available),large,
TC Energy,TC Energy,Canada,companiesmarketcap.com ranks 1-1000 by market cap (fetched 2026-09-28),,y,Proxy: market-cap top 1500 (Forbes list not available),large,
CSL,=CSL,Australia,companiesmarketcap.com ranks 1-1000 by market cap (fetched 2026-09-28),,y,Proxy: market-cap top 1500 (Forbes list not available),large,
Imperial Oil,Imperial Oil,Canada,companiesmarketcap.com ranks 1-1000 by market cap (fetched 2026-09-28),,y,Proxy: market-cap top 1500 (Forbes list not available),large,
Sea Limited,Shopee;Garena;SeaMoney;Sea Group,Singapore,companiesmarketcap.com ranks 1-1000 by market cap (fetched 2026-09-28),Singapore-HQ group with operations outside Singapore (curated; verify),y,Proxy: market-cap top 1500 (Forbes list not available),large,
United Microelectronics,United Microelectronics,Taiwan,companiesmarketcap.com ranks 1-1000 by market cap (fetched 2026-09-28),,y,Proxy: market-cap top 1500 (Forbes list not available),large,
KBC,=KBC,Belgium,companiesmarketcap.com ranks 1-1000 by market cap (fetched 2026-09-28),,y,Proxy: market-cap top 1500 (Forbes list not available),large,
Takeda Pharmaceutical,Takeda Pharmaceutical;Takeda,Japan,companiesmarketcap.com ranks 1-1000 by market cap (fetched 2026-09-28),,y,Proxy: market-cap top 1500 (Forbes list not available),large,
CITIC Securities,CITIC Securities,China,companiesmarketcap.com ranks 1-1000 by market cap (fetched 2026-09-28),,y,Proxy: market-cap top 1500 (Forbes list not available),large,
First Abu Dhabi Bank,First Abu Dhabi Bank,UAE,companiesmarketcap.com ranks 1-1000 by market cap (fetched 2026-09-28),,y,Proxy: market-cap top 1500 (Forbes list not available),large,
NXP Semiconductors,NXP Semiconductors,Netherlands,companiesmarketcap.com ranks 1-1000 by market cap (fetched 2026-09-28),,y,Proxy: market-cap top 1500 (Forbes list not available),large,
Société Générale,Societe Generale,France,companiesmarketcap.com ranks 1-1000 by market cap (fetched 2026-09-28),,y,Proxy: market-cap top 1500 (Forbes list not available),large,
Argenx,=Argenx,Netherlands,companiesmarketcap.com ranks 1-1000 by market cap (fetched 2026-09-28),,y,Proxy: market-cap top 1500 (Forbes list not available),large,
Targa Resources,Targa Resources,United States,companiesmarketcap.com ranks 1-1000 by market cap (fetched 2026-09-28),,y,Proxy: market-cap top 1500 (Forbes list not available),large,
Natera,=Natera,United States,companiesmarketcap.com ranks 1-1000 by market cap (fetched 2026-09-28),,y,Proxy: market-cap top 1500 (Forbes list not available),large,
Nan Ya Plastics,Nan Ya Plastics,Taiwan,companiesmarketcap.com ranks 1-1000 by market cap (fetched 2026-09-28),,y,Proxy: market-cap top 1500 (Forbes list not available),large,
Nintendo,=Nintendo,Japan,companiesmarketcap.com ranks 1-1000 by market cap (fetched 2026-09-28),,y,Proxy: market-cap top 1500 (Forbes list not available),large,
Arthur J. Gallagher & Co.,Arthur J. Gallagher;Gallagher,United States,companiesmarketcap.com ranks 1-1000 by market cap (fetched 2026-09-28),,y,Proxy: market-cap top 1500 (Forbes list not available),large,
Great-West Lifeco,Great-West Lifeco,Canada,companiesmarketcap.com ranks 1-1000 by market cap (fetched 2026-09-28),,y,Proxy: market-cap top 1500 (Forbes list not available),large,
Aon,Aon,United Kingdom,companiesmarketcap.com ranks 1-1000 by market cap (fetched 2026-09-28),,y,Proxy: market-cap top 1500 (Forbes list not available),large,
Wesfarmers,=Wesfarmers,Australia,companiesmarketcap.com ranks 1-1000 by market cap (fetched 2026-09-28),,y,Proxy: market-cap top 1500 (Forbes list not available),large,
Paccar,=Paccar,United States,companiesmarketcap.com ranks 1-1000 by market cap (fetched 2026-09-28),,y,Proxy: market-cap top 1500 (Forbes list not available),large,
Cencora,=Cencora,United States,companiesmarketcap.com ranks 1-1000 by market cap (fetched 2026-09-28),,y,Proxy: market-cap top 1500 (Forbes list not available),large,
W. W. Grainger,W. W. Grainger,United States,companiesmarketcap.com ranks 1-1000 by market cap (fetched 2026-09-28),,y,Proxy: market-cap top 1500 (Forbes list not available),large,
Deutsche Börse,Deutsche Borse;Deutsche Boerse;Eurex;Clearstream,Germany,companiesmarketcap.com ranks 1-1000 by market cap (fetched 2026-09-28),,y,Proxy: market-cap top 1500 (Forbes list not available),large,
Comfort Systems USA,Comfort Systems USA,United States,companiesmarketcap.com ranks 1-1000 by market cap (fetched 2026-09-28),,y,Proxy: market-cap top 1500 (Forbes list not available),large,
RELX,RELX;Elsevier;LexisNexis,United Kingdom,companiesmarketcap.com ranks 1-1000 by market cap (fetched 2026-09-28),,y,Proxy: market-cap top 1500 (Forbes list not available),large,
Truist Financial Corporation,=Truist,United States,companiesmarketcap.com ranks 1-1000 by market cap (fetched 2026-09-28),,y,Proxy: market-cap top 1500 (Forbes list not available),large,
Nokia,=Nokia,Finland,companiesmarketcap.com ranks 1-1000 by market cap (fetched 2026-09-28),,y,Proxy: market-cap top 1500 (Forbes list not available),large,
Coherent Corp.,=Coherent,United States,companiesmarketcap.com ranks 1-1000 by market cap (fetched 2026-09-28),,y,Proxy: market-cap top 1500 (Forbes list not available),large,
Vale,Vale International;Vale Singapore,Brazil,companiesmarketcap.com ranks 1-1000 by market cap (fetched 2026-09-28),,y,Proxy: market-cap top 1500 (Forbes list not available),large,
Fastenal,=Fastenal,United States,companiesmarketcap.com ranks 1-1000 by market cap (fetched 2026-09-28),,y,Proxy: market-cap top 1500 (Forbes list not available),large,
Saudi Telecom Company,Saudi Telecom,Saudi Arabia,companiesmarketcap.com ranks 1-1000 by market cap (fetched 2026-09-28),,y,Proxy: market-cap top 1500 (Forbes list not available),large,
MPLX,=MPLX,United States,companiesmarketcap.com ranks 1-1000 by market cap (fetched 2026-09-28),,y,Proxy: market-cap top 1500 (Forbes list not available),large,
Allstate,=Allstate,United States,companiesmarketcap.com ranks 1-1000 by market cap (fetched 2026-09-28),,y,Proxy: market-cap top 1500 (Forbes list not available),large,
Ametek,=Ametek,United States,companiesmarketcap.com ranks 1-1000 by market cap (fetched 2026-09-28),,y,Proxy: market-cap top 1500 (Forbes list not available),large,
National Bank of Canada,National Bank of Canada,Canada,companiesmarketcap.com ranks 1-1000 by market cap (fetched 2026-09-28),,y,Proxy: market-cap top 1500 (Forbes list not available),large,
Baker Hughes,Baker Hughes,United States,companiesmarketcap.com ranks 1-1000 by market cap (fetched 2026-09-28),,y,Proxy: market-cap top 1500 (Forbes list not available),large,
Anglo American,Anglo American,United Kingdom,companiesmarketcap.com ranks 1-1000 by market cap (fetched 2026-09-28),,y,Proxy: market-cap top 1500 (Forbes list not available),large,
Luxshare Precision,Luxshare Precision,China,companiesmarketcap.com ranks 1-1000 by market cap (fetched 2026-09-28),,y,Proxy: market-cap top 1500 (Forbes list not available),large,
Cenovus Energy,Cenovus Energy,Canada,companiesmarketcap.com ranks 1-1000 by market cap (fetched 2026-09-28),,y,Proxy: market-cap top 1500 (Forbes list not available),large,
Aflac,=Aflac,United States,companiesmarketcap.com ranks 1-1000 by market cap (fetched 2026-09-28),,y,Proxy: market-cap top 1500 (Forbes list not available),large,
Occidental Petroleum,Occidental Petroleum,United States,companiesmarketcap.com ranks 1-1000 by market cap (fetched 2026-09-28),,y,Proxy: market-cap top 1500 (Forbes list not available),large,
Garmin,=Garmin,Switzerland,companiesmarketcap.com ranks 1-1000 by market cap (fetched 2026-09-28),,y,Proxy: market-cap top 1500 (Forbes list not available),large,
Lenovo,Lenovo,Hong Kong,companiesmarketcap.com ranks 1-1000 by market cap (fetched 2026-09-28),,y,Proxy: market-cap top 1500 (Forbes list not available),large,
CRH,=CRH,Ireland,companiesmarketcap.com ranks 1-1000 by market cap (fetched 2026-09-28),,y,Proxy: market-cap top 1500 (Forbes list not available),large,
Nongfu Spring,Nongfu Spring,China,companiesmarketcap.com ranks 1-1000 by market cap (fetched 2026-09-28),,y,Proxy: market-cap top 1500 (Forbes list not available),large,
Industrial Bank,Industrial Bank Co,China,companiesmarketcap.com ranks 1-1000 by market cap (fetched 2026-09-28),,y,Proxy: market-cap top 1500 (Forbes list not available),large,
Nucor,=Nucor,United States,companiesmarketcap.com ranks 1-1000 by market cap (fetched 2026-09-28),,y,Proxy: market-cap top 1500 (Forbes list not available),large,
UOB,United Overseas Bank;UOB Asset;UOB Kay Hian;UOB Venture,Singapore,companiesmarketcap.com ranks 1-1000 by market cap (fetched 2026-09-28),Singapore-HQ group with operations outside Singapore (curated; verify),y,Proxy: market-cap top 1500 (Forbes list not available),large,
Bayer,Bayer,Germany,companiesmarketcap.com ranks 1-1000 by market cap (fetched 2026-09-28),,y,Proxy: market-cap top 1500 (Forbes list not available),large,
Oneok,=Oneok,United States,companiesmarketcap.com ranks 1-1000 by market cap (fetched 2026-09-28),,y,Proxy: market-cap top 1500 (Forbes list not available),large,
Delta Air Lines,Delta Air Lines,United States,companiesmarketcap.com ranks 1-1000 by market cap (fetched 2026-09-28),,y,Proxy: market-cap top 1500 (Forbes list not available),large,
Cheniere Energy,Cheniere Energy,United States,companiesmarketcap.com ranks 1-1000 by market cap (fetched 2026-09-28),,y,Proxy: market-cap top 1500 (Forbes list not available),large,
Singtel,Singapore Telecommunications;Singtel;NCS Pte;Trustwave,Singapore,companiesmarketcap.com ranks 1-1000 by market cap (fetched 2026-09-28),Singapore-HQ group with operations outside Singapore (curated; verify),y,Proxy: market-cap top 1500 (Forbes list not available),large,
Larsen & Toubro,Larsen & Toubro,India,companiesmarketcap.com ranks 1-1000 by market cap (fetched 2026-09-28),,y,Proxy: market-cap top 1500 (Forbes list not available),large,
Erste Group Bank,Erste Group Bank,Austria,companiesmarketcap.com ranks 1-1000 by market cap (fetched 2026-09-28),,y,Proxy: market-cap top 1500 (Forbes list not available),large,
BTG Pactual,BTG Pactual,Brazil,companiesmarketcap.com ranks 1-1000 by market cap (fetched 2026-09-28),,y,Proxy: market-cap top 1500 (Forbes list not available),large,
Sumitomo Corporation,Sumitomo Corporation,Japan,companiesmarketcap.com ranks 1-1000 by market cap (fetched 2026-09-28),,y,Proxy: market-cap top 1500 (Forbes list not available),large,
Public Storage,Public Storage,United States,companiesmarketcap.com ranks 1-1000 by market cap (fetched 2026-09-28),,y,Proxy: market-cap top 1500 (Forbes list not available),large,
Thales,=Thales,France,companiesmarketcap.com ranks 1-1000 by market cap (fetched 2026-09-28),,y,Proxy: market-cap top 1500 (Forbes list not available),large,
Dominion Energy,Dominion Energy,United States,companiesmarketcap.com ranks 1-1000 by market cap (fetched 2026-09-28),,y,Proxy: market-cap top 1500 (Forbes list not available),large,
ArcelorMittal,=ArcelorMittal,Luxembourg,companiesmarketcap.com ranks 1-1000 by market cap (fetched 2026-09-28),,y,Proxy: market-cap top 1500 (Forbes list not available),large,
Emirates NBD Bank PJSC,Emirates NBD Bank PJSC,UAE,companiesmarketcap.com ranks 1-1000 by market cap (fetched 2026-09-28),,y,Proxy: market-cap top 1500 (Forbes list not available),large,
Nike,=Nike,United States,companiesmarketcap.com ranks 1-1000 by market cap (fetched 2026-09-28),,y,Proxy: market-cap top 1500 (Forbes list not available),large,
The People's Insurance Company,People's Insurance;=PICC,China,companiesmarketcap.com ranks 1-1000 by market cap (fetched 2026-09-28),,y,Proxy: market-cap top 1500 (Forbes list not available),large,
RWE,=RWE,Germany,companiesmarketcap.com ranks 1-1000 by market cap (fetched 2026-09-28),,y,Proxy: market-cap top 1500 (Forbes list not available),large,
Realty Income,Realty Income,United States,companiesmarketcap.com ranks 1-1000 by market cap (fetched 2026-09-28),,y,Proxy: market-cap top 1500 (Forbes list not available),large,
Corteva,=Corteva,United States,companiesmarketcap.com ranks 1-1000 by market cap (fetched 2026-09-28),,y,Proxy: market-cap top 1500 (Forbes list not available),large,
Rheinmetall,=Rheinmetall,Germany,companiesmarketcap.com ranks 1-1000 by market cap (fetched 2026-09-28),,y,Proxy: market-cap top 1500 (Forbes list not available),large,
London Stock Exchange,London Stock Exchange;LSEG;Refinitiv,United Kingdom,companiesmarketcap.com ranks 1-1000 by market cap (fetched 2026-09-28),,y,Proxy: market-cap top 1500 (Forbes list not available),large,
Fujikura,=Fujikura,Japan,companiesmarketcap.com ranks 1-1000 by market cap (fetched 2026-09-28),,y,Proxy: market-cap top 1500 (Forbes list not available),large,
Nasdaq,=Nasdaq,United States,companiesmarketcap.com ranks 1-1000 by market cap (fetched 2026-09-28),,y,Proxy: market-cap top 1500 (Forbes list not available),large,
Diamondback Energy,Diamondback Energy,United States,companiesmarketcap.com ranks 1-1000 by market cap (fetched 2026-09-28),,y,Proxy: market-cap top 1500 (Forbes list not available),large,
China Telecom,China Telecom,China,companiesmarketcap.com ranks 1-1000 by market cap (fetched 2026-09-28),,y,Proxy: market-cap top 1500 (Forbes list not available),large,
Commerzbank,=Commerzbank,Germany,companiesmarketcap.com ranks 1-1000 by market cap (fetched 2026-09-28),,y,Proxy: market-cap top 1500 (Forbes list not available),large,
Devon Energy,Devon Energy,United States,companiesmarketcap.com ranks 1-1000 by market cap (fetched 2026-09-28),,y,Proxy: market-cap top 1500 (Forbes list not available),large,
Coinbase,Coinbase,United States,companiesmarketcap.com ranks 1-1000 by market cap (fetched 2026-09-28),,y,Proxy: market-cap top 1500 (Forbes list not available),large,
Emirates Telecom,Emirates Telecom;Etisalat Group,UAE,companiesmarketcap.com ranks 1-1000 by market cap (fetched 2026-09-28),,y,Proxy: market-cap top 1500 (Forbes list not available),large,
Meituan,Meituan;=Keeta,China,companiesmarketcap.com ranks 1-1000 by market cap (fetched 2026-09-28),,y,Proxy: market-cap top 1500 (Forbes list not available),large,
Loblaw Companies,=Loblaw,Canada,companiesmarketcap.com ranks 1-1000 by market cap (fetched 2026-09-28),,y,Proxy: market-cap top 1500 (Forbes list not available),large,
E.ON,=E.ON,Germany,companiesmarketcap.com ranks 1-1000 by market cap (fetched 2026-09-28),,y,Proxy: market-cap top 1500 (Forbes list not available),large,
Cathay Financial Holding,Cathay United Bank;Cathay Life Insurance,Taiwan,companiesmarketcap.com ranks 1-1000 by market cap (fetched 2026-09-28),,y,Proxy: market-cap top 1500 (Forbes list not available),large,
Maersk,Maersk;Damco,Denmark,companiesmarketcap.com ranks 1-1000 by market cap (fetched 2026-09-28),,y,Proxy: market-cap top 1500 (Forbes list not available),large,
Cardinal Health,Cardinal Health,United States,companiesmarketcap.com ranks 1-1000 by market cap (fetched 2026-09-28),,y,Proxy: market-cap top 1500 (Forbes list not available),large,
Sempra,=Sempra,United States,companiesmarketcap.com ranks 1-1000 by market cap (fetched 2026-09-28),,y,Proxy: market-cap top 1500 (Forbes list not available),large,
Alimentation Couche-Tard,Alimentation Couche-Tard,Canada,companiesmarketcap.com ranks 1-1000 by market cap (fetched 2026-09-28),,y,Proxy: market-cap top 1500 (Forbes list not available),large,
Ford,=Ford,United States,companiesmarketcap.com ranks 1-1000 by market cap (fetched 2026-09-28),,y,Proxy: market-cap top 1500 (Forbes list not available),large,
Ciena,=Ciena,United States,companiesmarketcap.com ranks 1-1000 by market cap (fetched 2026-09-28),,y,Proxy: market-cap top 1500 (Forbes list not available),large,
Swiss Re,Swiss Re;Swiss Reinsurance,Switzerland,companiesmarketcap.com ranks 1-1000 by market cap (fetched 2026-09-28),,y,Proxy: market-cap top 1500 (Forbes list not available),large,
AngloGold Ashanti,AngloGold Ashanti,South Africa,companiesmarketcap.com ranks 1-1000 by market cap (fetched 2026-09-28),,y,Proxy: market-cap top 1500 (Forbes list not available),large,
Becton Dickinson,Becton Dickinson,United States,companiesmarketcap.com ranks 1-1000 by market cap (fetched 2026-09-28),,y,Proxy: market-cap top 1500 (Forbes list not available),large,
Compass Group,Compass Group,United Kingdom,companiesmarketcap.com ranks 1-1000 by market cap (fetched 2026-09-28),,y,Proxy: market-cap top 1500 (Forbes list not available),large,
Marubeni,=Marubeni,Japan,companiesmarketcap.com ranks 1-1000 by market cap (fetched 2026-09-28),,y,Proxy: market-cap top 1500 (Forbes list not available),large,
Hoya,=Hoya,Japan,companiesmarketcap.com ranks 1-1000 by market cap (fetched 2026-09-28),,y,Proxy: market-cap top 1500 (Forbes list not available),large,
State Street Corporation,State Street,United States,companiesmarketcap.com ranks 1-1000 by market cap (fetched 2026-09-28),,y,Proxy: market-cap top 1500 (Forbes list not available),large,
Edwards Lifesciences,Edwards Lifesciences,United States,companiesmarketcap.com ranks 1-1000 by market cap (fetched 2026-09-28),,y,Proxy: market-cap top 1500 (Forbes list not available),large,
Franco-Nevada,=Franco-Nevada,Canada,companiesmarketcap.com ranks 1-1000 by market cap (fetched 2026-09-28),,y,Proxy: market-cap top 1500 (Forbes list not available),large,
CITIC limited,=CITIC,China,companiesmarketcap.com ranks 1-1000 by market cap (fetched 2026-09-28),,y,Proxy: market-cap top 1500 (Forbes list not available),large,
BASF,BASF,Germany,companiesmarketcap.com ranks 1-1000 by market cap (fetched 2026-09-28),,y,Proxy: market-cap top 1500 (Forbes list not available),large,
Cerebras Systems,Cerebras Systems,United States,companiesmarketcap.com ranks 1-1000 by market cap (fetched 2026-09-28),,y,Proxy: market-cap top 1500 (Forbes list not available),large,
Endesa,=Endesa,Spain,companiesmarketcap.com ranks 1-1000 by market cap (fetched 2026-09-28),,y,Proxy: market-cap top 1500 (Forbes list not available),large,
Nanya Technology,Nanya Technology,Taiwan,companiesmarketcap.com ranks 1-1000 by market cap (fetched 2026-09-28),,y,Proxy: market-cap top 1500 (Forbes list not available),large,
Agilent Technologies,Agilent Technologies,United States,companiesmarketcap.com ranks 1-1000 by market cap (fetched 2026-09-28),,y,Proxy: market-cap top 1500 (Forbes list not available),large,
Diageo,Diageo,United Kingdom,companiesmarketcap.com ranks 1-1000 by market cap (fetched 2026-09-28),,y,Proxy: market-cap top 1500 (Forbes list not available),large,
Wabtec,=Wabtec,United States,companiesmarketcap.com ranks 1-1000 by market cap (fetched 2026-09-28),,y,Proxy: market-cap top 1500 (Forbes list not available),large,
Lonza,=Lonza,Switzerland,companiesmarketcap.com ranks 1-1000 by market cap (fetched 2026-09-28),,y,Proxy: market-cap top 1500 (Forbes list not available),large,
DNB,=DNB,Norway,companiesmarketcap.com ranks 1-1000 by market cap (fetched 2026-09-28),,y,Proxy: market-cap top 1500 (Forbes list not available),large,
Rockwell Automation,Rockwell Automation,United States,companiesmarketcap.com ranks 1-1000 by market cap (fetched 2026-09-28),,y,Proxy: market-cap top 1500 (Forbes list not available),large,
CoreWeave,=CoreWeave,United States,companiesmarketcap.com ranks 1-1000 by market cap (fetched 2026-09-28),,y,Proxy: market-cap top 1500 (Forbes list not available),large,
eBay,eBay,United States,companiesmarketcap.com ranks 1-1000 by market cap (fetched 2026-09-28),,y,Proxy: market-cap top 1500 (Forbes list not available),large,
Swire Pacific,Swire Pacific,Hong Kong,companiesmarketcap.com ranks 1-1000 by market cap (fetched 2026-09-28),,y,Proxy: market-cap top 1500 (Forbes list not available),large,
Humana,=Humana,United States,companiesmarketcap.com ranks 1-1000 by market cap (fetched 2026-09-28),,y,Proxy: market-cap top 1500 (Forbes list not available),large,
Shengyi Technology,Shengyi Technology;=SYTECH,China,companiesmarketcap.com ranks 1-1000 by market cap (fetched 2026-09-28),,y,Proxy: market-cap top 1500 (Forbes list not available),large,
Samsung Biologics,Samsung Biologics,South Korea,companiesmarketcap.com ranks 1-1000 by market cap (fetched 2026-09-28),,y,Proxy: market-cap top 1500 (Forbes list not available),large,
Atlassian,Atlassian,Australia,companiesmarketcap.com ranks 1-1000 by market cap (fetched 2026-09-28),,y,Proxy: market-cap top 1500 (Forbes list not available),large,
Zijin Gold International Company Limited,Zijin Gold,Hong Kong,companiesmarketcap.com ranks 1-1000 by market cap (fetched 2026-09-28),,y,Proxy: market-cap top 1500 (Forbes list not available),large,
Antofagasta,=Antofagasta,United Kingdom,companiesmarketcap.com ranks 1-1000 by market cap (fetched 2026-09-28),,y,Proxy: market-cap top 1500 (Forbes list not available),large,
Rocket Lab,Rocket Lab,United States,companiesmarketcap.com ranks 1-1000 by market cap (fetched 2026-09-28),,y,Proxy: market-cap top 1500 (Forbes list not available),large,
Fifth Third Bank,Fifth Third Bank,United States,companiesmarketcap.com ranks 1-1000 by market cap (fetched 2026-09-28),,y,Proxy: market-cap top 1500 (Forbes list not available),large,
Porsche,=Porsche,Germany,companiesmarketcap.com ranks 1-1000 by market cap (fetched 2026-09-28),,y,Proxy: market-cap top 1500 (Forbes list not available),large,
Entergy,=Entergy,United States,companiesmarketcap.com ranks 1-1000 by market cap (fetched 2026-09-28),,y,Proxy: market-cap top 1500 (Forbes list not available),large,
PayPal,PayPal,United States,companiesmarketcap.com ranks 1-1000 by market cap (fetched 2026-09-28),,y,Proxy: market-cap top 1500 (Forbes list not available),large,
Sandvik,=Sandvik,Sweden,companiesmarketcap.com ranks 1-1000 by market cap (fetched 2026-09-28),,y,Proxy: market-cap top 1500 (Forbes list not available),large,
ASM International,=ASM,Netherlands,companiesmarketcap.com ranks 1-1000 by market cap (fetched 2026-09-28),,y,Proxy: market-cap top 1500 (Forbes list not available),large,
PICC Property and Casualty Company Limited,PICC Property and Casualty,China,companiesmarketcap.com ranks 1-1000 by market cap (fetched 2026-09-28),,y,Proxy: market-cap top 1500 (Forbes list not available),large,
Swedbank,=Swedbank,Sweden,companiesmarketcap.com ranks 1-1000 by market cap (fetched 2026-09-28),,y,Proxy: market-cap top 1500 (Forbes list not available),large,
Medline,=Medline,United States,companiesmarketcap.com ranks 1-1000 by market cap (fetched 2026-09-28),,y,Proxy: market-cap top 1500 (Forbes list not available),large,
UCB,=UCB,Belgium,companiesmarketcap.com ranks 1-1000 by market cap (fetched 2026-09-28),,y,Proxy: market-cap top 1500 (Forbes list not available),large,
Danske Bank,Danske Bank,Denmark,companiesmarketcap.com ranks 1-1000 by market cap (fetched 2026-09-28),,y,Proxy: market-cap top 1500 (Forbes list not available),large,
Kuwait Finance House,Kuwait Finance House,Kuwait,companiesmarketcap.com ranks 1-1000 by market cap (fetched 2026-09-28),,y,Proxy: market-cap top 1500 (Forbes list not available),large,
Vistra,Vistra Corp,United States,companiesmarketcap.com ranks 1-1000 by market cap (fetched 2026-09-28),,y,Proxy: market-cap top 1500 (Forbes list not available),large,
Carrier Global,Carrier Global,United States,companiesmarketcap.com ranks 1-1000 by market cap (fetched 2026-09-28),,y,Proxy: market-cap top 1500 (Forbes list not available),large,
AutoZone,=AutoZone,United States,companiesmarketcap.com ranks 1-1000 by market cap (fetched 2026-09-28),,y,Proxy: market-cap top 1500 (Forbes list not available),large,
Hindustan Unilever,Hindustan Unilever,India,companiesmarketcap.com ranks 1-1000 by market cap (fetched 2026-09-28),,y,Proxy: market-cap top 1500 (Forbes list not available),large,
Skandinaviska Enskilda Banken,Skandinaviska Enskilda Banken,Sweden,companiesmarketcap.com ranks 1-1000 by market cap (fetched 2026-09-28),,y,Proxy: market-cap top 1500 (Forbes list not available),large,
STMicroelectronics,=STMicroelectronics,Switzerland,companiesmarketcap.com ranks 1-1000 by market cap (fetched 2026-09-28),,y,Proxy: market-cap top 1500 (Forbes list not available),large,
AMEC,=AMEC,China,companiesmarketcap.com ranks 1-1000 by market cap (fetched 2026-09-28),,y,Proxy: market-cap top 1500 (Forbes list not available),large,
Sun Pharmaceutical,Sun Pharmaceutical,India,companiesmarketcap.com ranks 1-1000 by market cap (fetched 2026-09-28),,y,Proxy: market-cap top 1500 (Forbes list not available),large,
Celestica,=Celestica,Canada,companiesmarketcap.com ranks 1-1000 by market cap (fetched 2026-09-28),,y,Proxy: market-cap top 1500 (Forbes list not available),large,
MS&AD Insurance,MS&AD Insurance;Mitsui Sumitomo Insurance;Aioi Nissay Dowa;MS First Capital,Japan,companiesmarketcap.com ranks 1-1000 by market cap (fetched 2026-09-28),,y,Proxy: market-cap top 1500 (Forbes list not available),large,
Block,=Block;Afterpay,United States,companiesmarketcap.com ranks 1-1000 by market cap (fetched 2026-09-28),,y,Proxy: market-cap top 1500 (Forbes list not available),large,
Galderma Group,=Galderma,Switzerland,companiesmarketcap.com ranks 1-1000 by market cap (fetched 2026-09-28),,y,Proxy: market-cap top 1500 (Forbes list not available),large,
Teva Pharmaceutical Industries,Teva Pharmaceutical Industries,Israel,companiesmarketcap.com ranks 1-1000 by market cap (fetched 2026-09-28),,y,Proxy: market-cap top 1500 (Forbes list not available),large,
Workday,Workday,United States,companiesmarketcap.com ranks 1-1000 by market cap (fetched 2026-09-28),,y,Proxy: market-cap top 1500 (Forbes list not available),large,
Shanghai Pudong Development Bank,Shanghai Pudong Development Bank,China,companiesmarketcap.com ranks 1-1000 by market cap (fetched 2026-09-28),,y,Proxy: market-cap top 1500 (Forbes list not available),large,
Veeva Systems,Veeva Systems,United States,companiesmarketcap.com ranks 1-1000 by market cap (fetched 2026-09-28),,y,Proxy: market-cap top 1500 (Forbes list not available),large,
Rosneft,=Rosneft,Russia,companiesmarketcap.com ranks 1-1000 by market cap (fetched 2026-09-28),,y,Proxy: market-cap top 1500 (Forbes list not available),large,
ORLEN,=ORLEN,Poland,companiesmarketcap.com ranks 1-1000 by market cap (fetched 2026-09-28),,y,Proxy: market-cap top 1500 (Forbes list not available),large,
Mercedes-Benz,=Mercedes-Benz,Germany,companiesmarketcap.com ranks 1-1000 by market cap (fetched 2026-09-28),,y,Proxy: market-cap top 1500 (Forbes list not available),large,
Walmex,=Walmex,Mexico,companiesmarketcap.com ranks 1-1000 by market cap (fetched 2026-09-28),,y,Proxy: market-cap top 1500 (Forbes list not available),large,
Heineken,Heineken;Asia Pacific Breweries,Netherlands,companiesmarketcap.com ranks 1-1000 by market cap (fetched 2026-09-28),,y,Proxy: market-cap top 1500 (Forbes list not available),large,
Holcim Group,=Holcim,Switzerland,companiesmarketcap.com ranks 1-1000 by market cap (fetched 2026-09-28),,y,Proxy: market-cap top 1500 (Forbes list not available),large,
Ambev,=Ambev,Brazil,companiesmarketcap.com ranks 1-1000 by market cap (fetched 2026-09-28),,y,Proxy: market-cap top 1500 (Forbes list not available),large,
Japan Post Holdings,Japan Post,Japan,companiesmarketcap.com ranks 1-1000 by market cap (fetched 2026-09-28),,y,Proxy: market-cap top 1500 (Forbes list not available),large,
Coca-Cola European Partners,Coca-Cola European Partners;Coca-Cola Europacific,United Kingdom,companiesmarketcap.com ranks 1-1000 by market cap (fetched 2026-09-28),,y,Proxy: market-cap top 1500 (Forbes list not available),large,
KB Financial Group,Kookmin Bank;KB Kookmin,South Korea,companiesmarketcap.com ranks 1-1000 by market cap (fetched 2026-09-28),,y,Proxy: market-cap top 1500 (Forbes list not available),large,
IQVIA,=IQVIA,United States,companiesmarketcap.com ranks 1-1000 by market cap (fetched 2026-09-28),,y,Proxy: market-cap top 1500 (Forbes list not available),large,
Titan Company,Titan Company,India,companiesmarketcap.com ranks 1-1000 by market cap (fetched 2026-09-28),,y,Proxy: market-cap top 1500 (Forbes list not available),large,
Sun Life Financial,Sun Life,Canada,companiesmarketcap.com ranks 1-1000 by market cap (fetched 2026-09-28),,y,Proxy: market-cap top 1500 (Forbes list not available),large,
Ventas,=Ventas,United States,companiesmarketcap.com ranks 1-1000 by market cap (fetched 2026-09-28),,y,Proxy: market-cap top 1500 (Forbes list not available),large,
Dai-ichi Life Holdings,Dai-ichi Life,Japan,companiesmarketcap.com ranks 1-1000 by market cap (fetched 2026-09-28),,y,Proxy: market-cap top 1500 (Forbes list not available),large,
L3Harris Technologies,L3Harris Technologies,United States,companiesmarketcap.com ranks 1-1000 by market cap (fetched 2026-09-28),,y,Proxy: market-cap top 1500 (Forbes list not available),large,
Aena,=Aena,Spain,companiesmarketcap.com ranks 1-1000 by market cap (fetched 2026-09-28),,y,Proxy: market-cap top 1500 (Forbes list not available),large,
Danone,Danone,France,companiesmarketcap.com ranks 1-1000 by market cap (fetched 2026-09-28),,y,Proxy: market-cap top 1500 (Forbes list not available),large,
Guotai Junan Securities,Guotai Junan Securities,China,companiesmarketcap.com ranks 1-1000 by market cap (fetched 2026-09-28),,y,Proxy: market-cap top 1500 (Forbes list not available),large,
Jiangsu Hengrui Medicine,Jiangsu Hengrui Medicine,China,companiesmarketcap.com ranks 1-1000 by market cap (fetched 2026-09-28),,y,Proxy: market-cap top 1500 (Forbes list not available),large,
Revolution Medicines,Revolution Medicines,United States,companiesmarketcap.com ranks 1-1000 by market cap (fetched 2026-09-28),,y,Proxy: market-cap top 1500 (Forbes list not available),large,
Toyota Tsusho,Toyota Tsusho,Japan,companiesmarketcap.com ranks 1-1000 by market cap (fetched 2026-09-28),,y,Proxy: market-cap top 1500 (Forbes list not available),large,
Hikvision,=Hikvision,China,companiesmarketcap.com ranks 1-1000 by market cap (fetched 2026-09-28),,y,Proxy: market-cap top 1500 (Forbes list not available),large,
Lukoil,=Lukoil,Russia,companiesmarketcap.com ranks 1-1000 by market cap (fetched 2026-09-28),,y,Proxy: market-cap top 1500 (Forbes list not available),large,
DSV,=DSV,Denmark,companiesmarketcap.com ranks 1-1000 by market cap (fetched 2026-09-28),,y,Proxy: market-cap top 1500 (Forbes list not available),large,
Autodesk,Autodesk,United States,companiesmarketcap.com ranks 1-1000 by market cap (fetched 2026-09-28),,y,Proxy: market-cap top 1500 (Forbes list not available),large,
China Pacific Insurance,China Pacific Insurance,China,companiesmarketcap.com ranks 1-1000 by market cap (fetched 2026-09-28),,y,Proxy: market-cap top 1500 (Forbes list not available),large,
Quanta Computer,Quanta Computer,Taiwan,companiesmarketcap.com ranks 1-1000 by market cap (fetched 2026-09-28),,y,Proxy: market-cap top 1500 (Forbes list not available),large,
Fujitsu,Fujitsu,Japan,companiesmarketcap.com ranks 1-1000 by market cap (fetched 2026-09-28),,y,Proxy: market-cap top 1500 (Forbes list not available),large,
Xcel Energy,Xcel Energy,United States,companiesmarketcap.com ranks 1-1000 by market cap (fetched 2026-09-28),,y,Proxy: market-cap top 1500 (Forbes list not available),large,
Ameriprise Financial,=Ameriprise,United States,companiesmarketcap.com ranks 1-1000 by market cap (fetched 2026-09-28),,y,Proxy: market-cap top 1500 (Forbes list not available),large,
Sumitomo Electric Industries,Sumitomo Electric,Japan,companiesmarketcap.com ranks 1-1000 by market cap (fetched 2026-09-28),,y,Proxy: market-cap top 1500 (Forbes list not available),large,
Keurig Dr Pepper,Keurig Dr Pepper,United States,companiesmarketcap.com ranks 1-1000 by market cap (fetched 2026-09-28),,y,Proxy: market-cap top 1500 (Forbes list not available),large,
Banco Santander Brasil,Banco Santander Brasil,Brazil,companiesmarketcap.com ranks 1-1000 by market cap (fetched 2026-09-28),,y,Proxy: market-cap top 1500 (Forbes list not available),large,
HEICO,=HEICO,United States,companiesmarketcap.com ranks 1-1000 by market cap (fetched 2026-09-28),,y,Proxy: market-cap top 1500 (Forbes list not available),large,
Ferguson Enterprises,Ferguson Enterprises,United Kingdom,companiesmarketcap.com ranks 1-1000 by market cap (fetched 2026-09-28),,y,Proxy: market-cap top 1500 (Forbes list not available),large,
Constellation Software,Constellation Software,Canada,companiesmarketcap.com ranks 1-1000 by market cap (fetched 2026-09-28),,y,Proxy: market-cap top 1500 (Forbes list not available),large,
CTBC Financial Holding,=CTBC,Taiwan,companiesmarketcap.com ranks 1-1000 by market cap (fetched 2026-09-28),,y,Proxy: market-cap top 1500 (Forbes list not available),large,
Thomson Reuters,Thomson Reuters;Reuters,Canada,companiesmarketcap.com ranks 1-1000 by market cap (fetched 2026-09-28),,y,Proxy: market-cap top 1500 (Forbes list not available),large,
FEMSA,=FEMSA,Mexico,companiesmarketcap.com ranks 1-1000 by market cap (fetched 2026-09-28),,y,Proxy: market-cap top 1500 (Forbes list not available),large,
Orange,Orange Business;Orange Singapore,France,companiesmarketcap.com ranks 1-1000 by market cap (fetched 2026-09-28),,y,Proxy: market-cap top 1500 (Forbes list not available),large,
Honda,=Honda,Japan,companiesmarketcap.com ranks 1-1000 by market cap (fetched 2026-09-28),,y,Proxy: market-cap top 1500 (Forbes list not available),large,
China State Shipbuilding Corporation,China State Shipbuilding;=CSSC,China,companiesmarketcap.com ranks 1-1000 by market cap (fetched 2026-09-28),,y,Proxy: market-cap top 1500 (Forbes list not available),large,
Bank Central Asia,Bank Central Asia,Indonesia,companiesmarketcap.com ranks 1-1000 by market cap (fetched 2026-09-28),,y,Proxy: market-cap top 1500 (Forbes list not available),large,
Waters Corporation,Waters Corporation;Waters Asia,United States,companiesmarketcap.com ranks 1-1000 by market cap (fetched 2026-09-28),,y,Proxy: market-cap top 1500 (Forbes list not available),large,
Infosys,Infosys,India,companiesmarketcap.com ranks 1-1000 by market cap (fetched 2026-09-28),,y,Proxy: market-cap top 1500 (Forbes list not available),large,
Flex,Flextronics;Flex Ltd,Singapore,companiesmarketcap.com ranks 1-1000 by market cap (fetched 2026-09-28),Singapore-HQ group with operations outside Singapore (curated; verify),y,Proxy: market-cap top 1500 (Forbes list not available),large,
Twilio,Twilio,United States,companiesmarketcap.com ranks 1-1000 by market cap (fetched 2026-09-28),,y,Proxy: market-cap top 1500 (Forbes list not available),large,
Bombardier,=Bombardier,Canada,companiesmarketcap.com ranks 1-1000 by market cap (fetched 2026-09-28),,y,Proxy: market-cap top 1500 (Forbes list not available),large,
Everpure,=Everpure,United States,companiesmarketcap.com ranks 1-1000 by market cap (fetched 2026-09-28),,y,Proxy: market-cap top 1500 (Forbes list not available),large,
Kotak Mahindra Bank,Kotak Mahindra Bank,India,companiesmarketcap.com ranks 1-1000 by market cap (fetched 2026-09-28),,y,Proxy: market-cap top 1500 (Forbes list not available),large,
Woodside Energy,Woodside Energy,Australia,companiesmarketcap.com ranks 1-1000 by market cap (fetched 2026-09-28),,y,Proxy: market-cap top 1500 (Forbes list not available),large,
Power Corporation of Canada,Power Corporation of Canada,Canada,companiesmarketcap.com ranks 1-1000 by market cap (fetched 2026-09-28),,y,Proxy: market-cap top 1500 (Forbes list not available),large,
Prysmian Group,=Prysmian,Italy,companiesmarketcap.com ranks 1-1000 by market cap (fetched 2026-09-28),,y,Proxy: market-cap top 1500 (Forbes list not available),large,
Ibiden,=Ibiden,Japan,companiesmarketcap.com ranks 1-1000 by market cap (fetched 2026-09-28),,y,Proxy: market-cap top 1500 (Forbes list not available),large,
Exelon Corporation,=Exelon,United States,companiesmarketcap.com ranks 1-1000 by market cap (fetched 2026-09-28),,y,Proxy: market-cap top 1500 (Forbes list not available),large,
Banca Monte dei Paschi di Siena,Banca Monte dei Paschi di Siena,Italy,companiesmarketcap.com ranks 1-1000 by market cap (fetched 2026-09-28),,y,Proxy: market-cap top 1500 (Forbes list not available),large,
WEG,=WEG,Brazil,companiesmarketcap.com ranks 1-1000 by market cap (fetched 2026-09-28),,y,Proxy: market-cap top 1500 (Forbes list not available),large,
Prudential Financial,PGIM;Prudential Financial,United States,companiesmarketcap.com ranks 1-1000 by market cap (fetched 2026-09-28),,y,Proxy: market-cap top 1500 (Forbes list not available),large,
Reckitt Benckiser,Reckitt Benckiser;Reckitt,United Kingdom,companiesmarketcap.com ranks 1-1000 by market cap (fetched 2026-09-28),,y,Proxy: market-cap top 1500 (Forbes list not available),large,
Swisscom,=Swisscom,Switzerland,companiesmarketcap.com ranks 1-1000 by market cap (fetched 2026-09-28),,y,Proxy: market-cap top 1500 (Forbes list not available),large,
Volkswagen,=Volkswagen,Germany,companiesmarketcap.com ranks 1-1000 by market cap (fetched 2026-09-28),,y,Proxy: market-cap top 1500 (Forbes list not available),large,
CMOC,=CMOC,China,companiesmarketcap.com ranks 1-1000 by market cap (fetched 2026-09-28),,y,Proxy: market-cap top 1500 (Forbes list not available),large,
IDEXX Laboratories,IDEXX Laboratories,United States,companiesmarketcap.com ranks 1-1000 by market cap (fetched 2026-09-28),,y,Proxy: market-cap top 1500 (Forbes list not available),large,
BeOne Medicines,BeOne Medicines,United States,companiesmarketcap.com ranks 1-1000 by market cap (fetched 2026-09-28),,y,Proxy: market-cap top 1500 (Forbes list not available),large,
Adani Power,Adani Power,India,companiesmarketcap.com ranks 1-1000 by market cap (fetched 2026-09-28),,y,Proxy: market-cap top 1500 (Forbes list not available),large,
Illumina,=Illumina,United States,companiesmarketcap.com ranks 1-1000 by market cap (fetched 2026-09-28),,y,Proxy: market-cap top 1500 (Forbes list not available),large,
ORIX,=ORIX,Japan,companiesmarketcap.com ranks 1-1000 by market cap (fetched 2026-09-28),,y,Proxy: market-cap top 1500 (Forbes list not available),large,
Haleon,Haleon,United Kingdom,companiesmarketcap.com ranks 1-1000 by market cap (fetched 2026-09-28),,y,Proxy: market-cap top 1500 (Forbes list not available),large,
NEC Corp,=NEC;NEC Asia;NEC Corporation,Japan,companiesmarketcap.com ranks 1-1000 by market cap (fetched 2026-09-28),,y,Proxy: market-cap top 1500 (Forbes list not available),large,
PKO Bank Polski,PKO Bank Polski,Poland,companiesmarketcap.com ranks 1-1000 by market cap (fetched 2026-09-28),,y,Proxy: market-cap top 1500 (Forbes list not available),large,
ABN AMRO,ABN AMRO,Netherlands,companiesmarketcap.com ranks 1-1000 by market cap (fetched 2026-09-28),,y,Proxy: market-cap top 1500 (Forbes list not available),large,
Ares Management,Ares Management,United States,companiesmarketcap.com ranks 1-1000 by market cap (fetched 2026-09-28),,y,Proxy: market-cap top 1500 (Forbes list not available),large,
Renesas Electronics,Renesas Electronics,Japan,companiesmarketcap.com ranks 1-1000 by market cap (fetched 2026-09-28),,y,Proxy: market-cap top 1500 (Forbes list not available),large,
Wuliangye Yibin,Wuliangye Yibin,China,companiesmarketcap.com ranks 1-1000 by market cap (fetched 2026-09-28),,y,Proxy: market-cap top 1500 (Forbes list not available),large,
Legrand,=Legrand,France,companiesmarketcap.com ranks 1-1000 by market cap (fetched 2026-09-28),,y,Proxy: market-cap top 1500 (Forbes list not available),large,
Jardine Matheson,Jardine Matheson,Hong Kong,companiesmarketcap.com ranks 1-1000 by market cap (fetched 2026-09-28),,y,Proxy: market-cap top 1500 (Forbes list not available),large,
GigaDevice Semiconductor,GigaDevice Semiconductor,China,companiesmarketcap.com ranks 1-1000 by market cap (fetched 2026-09-28),,y,Proxy: market-cap top 1500 (Forbes list not available),large,
MSCI,=MSCI,United States,companiesmarketcap.com ranks 1-1000 by market cap (fetched 2026-09-28),,y,Proxy: market-cap top 1500 (Forbes list not available),large,
QNB,=QNB;Qatar National Bank,Qatar,companiesmarketcap.com ranks 1-1000 by market cap (fetched 2026-09-28),,y,Proxy: market-cap top 1500 (Forbes list not available),large,
Ferrovial,=Ferrovial,Spain,companiesmarketcap.com ranks 1-1000 by market cap (fetched 2026-09-28),,y,Proxy: market-cap top 1500 (Forbes list not available),large,
Assa Abloy,Assa Abloy,Sweden,companiesmarketcap.com ranks 1-1000 by market cap (fetched 2026-09-28),,y,Proxy: market-cap top 1500 (Forbes list not available),large,
Live Nation,Live Nation,United States,companiesmarketcap.com ranks 1-1000 by market cap (fetched 2026-09-28),,y,Proxy: market-cap top 1500 (Forbes list not available),large,
Credo Technology,Credo Technology,United States,companiesmarketcap.com ranks 1-1000 by market cap (fetched 2026-09-28),,y,Proxy: market-cap top 1500 (Forbes list not available),large,
Axis Bank,Axis Bank,India,companiesmarketcap.com ranks 1-1000 by market cap (fetched 2026-09-28),,y,Proxy: market-cap top 1500 (Forbes list not available),large,
Chipotle Mexican Grill,Chipotle Mexican Grill,United States,companiesmarketcap.com ranks 1-1000 by market cap (fetched 2026-09-28),,y,Proxy: market-cap top 1500 (Forbes list not available),large,
Maruti Suzuki India,Maruti Suzuki India,India,companiesmarketcap.com ranks 1-1000 by market cap (fetched 2026-09-28),,y,Proxy: market-cap top 1500 (Forbes list not available),large,
D. R. Horton,D. R. Horton,United States,companiesmarketcap.com ranks 1-1000 by market cap (fetched 2026-09-28),,y,Proxy: market-cap top 1500 (Forbes list not available),large,
Sun Hung Kai Properties,Sun Hung Kai Properties,Hong Kong,companiesmarketcap.com ranks 1-1000 by market cap (fetched 2026-09-28),,y,Proxy: market-cap top 1500 (Forbes list not available),large,
NetApp,=NetApp,United States,companiesmarketcap.com ranks 1-1000 by market cap (fetched 2026-09-28),,y,Proxy: market-cap top 1500 (Forbes list not available),large,
Z.AI,=Z.AI,China,companiesmarketcap.com ranks 1-1000 by market cap (fetched 2026-09-28),,y,Proxy: market-cap top 1500 (Forbes list not available),large,
SSE,=SSE,United Kingdom,companiesmarketcap.com ranks 1-1000 by market cap (fetched 2026-09-28),,y,Proxy: market-cap top 1500 (Forbes list not available),large,
Waste Connections,Waste Connections,United States,companiesmarketcap.com ranks 1-1000 by market cap (fetched 2026-09-28),,y,Proxy: market-cap top 1500 (Forbes list not available),large,
Archer Daniels Midland,Archer Daniels Midland;=ADM,United States,companiesmarketcap.com ranks 1-1000 by market cap (fetched 2026-09-28),,y,Proxy: market-cap top 1500 (Forbes list not available),large,
Tesco,=Tesco,United Kingdom,companiesmarketcap.com ranks 1-1000 by market cap (fetched 2026-09-28),,y,Proxy: market-cap top 1500 (Forbes list not available),large,
Samsung Life Insurance,Samsung Life Insurance,South Korea,companiesmarketcap.com ranks 1-1000 by market cap (fetched 2026-09-28),,y,Proxy: market-cap top 1500 (Forbes list not available),large,
CBRE Group,=CBRE,United States,companiesmarketcap.com ranks 1-1000 by market cap (fetched 2026-09-28),,y,Proxy: market-cap top 1500 (Forbes list not available),large,
Compagnie de Saint-Gobain,Compagnie de Saint-Gobain;Saint-Gobain,France,companiesmarketcap.com ranks 1-1000 by market cap (fetched 2026-09-28),,y,Proxy: market-cap top 1500 (Forbes list not available),large,
Sompo Holdings,Sompo,Japan,companiesmarketcap.com ranks 1-1000 by market cap (fetched 2026-09-28),,y,Proxy: market-cap top 1500 (Forbes list not available),large,
American International Group,AIG Asia;AIG Singapore;American International Group,United States,companiesmarketcap.com ranks 1-1000 by market cap (fetched 2026-09-28),,y,Proxy: market-cap top 1500 (Forbes list not available),large,
Hanwha Aerospace,Hanwha Aerospace,South Korea,companiesmarketcap.com ranks 1-1000 by market cap (fetched 2026-09-28),,y,Proxy: market-cap top 1500 (Forbes list not available),large,
Doosan Enerbility,Doosan Enerbility,South Korea,companiesmarketcap.com ranks 1-1000 by market cap (fetched 2026-09-28),,y,Proxy: market-cap top 1500 (Forbes list not available),large,
Vodafone,Vodafone,United Kingdom,companiesmarketcap.com ranks 1-1000 by market cap (fetched 2026-09-28),,y,Proxy: market-cap top 1500 (Forbes list not available),large,
Givaudan,=Givaudan,Switzerland,companiesmarketcap.com ranks 1-1000 by market cap (fetched 2026-09-28),,y,Proxy: market-cap top 1500 (Forbes list not available),large,
Cameco,=Cameco,Canada,companiesmarketcap.com ranks 1-1000 by market cap (fetched 2026-09-28),,y,Proxy: market-cap top 1500 (Forbes list not available),large,
Consolidated Edison,Consolidated Edison,United States,companiesmarketcap.com ranks 1-1000 by market cap (fetched 2026-09-28),,y,Proxy: market-cap top 1500 (Forbes list not available),large,
Shinhan Financial Group,=Shinhan,South Korea,companiesmarketcap.com ranks 1-1000 by market cap (fetched 2026-09-28),,y,Proxy: market-cap top 1500 (Forbes list not available),large,
Goodman Group,=Goodman,Australia,companiesmarketcap.com ranks 1-1000 by market cap (fetched 2026-09-28),,y,Proxy: market-cap top 1500 (Forbes list not available),large,
JBS N.V.,JBS N.V,Brazil,companiesmarketcap.com ranks 1-1000 by market cap (fetched 2026-09-28),,y,Proxy: market-cap top 1500 (Forbes list not available),large,
Mahindra & Mahindra,Mahindra & Mahindra,India,companiesmarketcap.com ranks 1-1000 by market cap (fetched 2026-09-28),,y,Proxy: market-cap top 1500 (Forbes list not available),large,
Poste Italiane,Poste Italiane,Italy,companiesmarketcap.com ranks 1-1000 by market cap (fetched 2026-09-28),,y,Proxy: market-cap top 1500 (Forbes list not available),large,
BMW,=BMW,Germany,companiesmarketcap.com ranks 1-1000 by market cap (fetched 2026-09-28),,y,Proxy: market-cap top 1500 (Forbes list not available),large,
Novatek,=Novatek,Russia,companiesmarketcap.com ranks 1-1000 by market cap (fetched 2026-09-28),,y,Proxy: market-cap top 1500 (Forbes list not available),large,
Yum! Brands,Yum! Brands,United States,companiesmarketcap.com ranks 1-1000 by market cap (fetched 2026-09-28),,y,Proxy: market-cap top 1500 (Forbes list not available),large,
SABIC,=SABIC,Saudi Arabia,companiesmarketcap.com ranks 1-1000 by market cap (fetched 2026-09-28),,y,Proxy: market-cap top 1500 (Forbes list not available),large,
Take-Two Interactive,Take-Two Interactive,United States,companiesmarketcap.com ranks 1-1000 by market cap (fetched 2026-09-28),,y,Proxy: market-cap top 1500 (Forbes list not available),large,
Yageo,=Yageo,Taiwan,companiesmarketcap.com ranks 1-1000 by market cap (fetched 2026-09-28),,y,Proxy: market-cap top 1500 (Forbes list not available),large,
Sysco,Sysco,United States,companiesmarketcap.com ranks 1-1000 by market cap (fetched 2026-09-28),,y,Proxy: market-cap top 1500 (Forbes list not available),large,
Telstra,Telstra,Australia,companiesmarketcap.com ranks 1-1000 by market cap (fetched 2026-09-28),,y,Proxy: market-cap top 1500 (Forbes list not available),large,
Disco Corp.,Disco Hi-Tec;Disco Corporation,Japan,companiesmarketcap.com ranks 1-1000 by market cap (fetched 2026-09-28),,y,Proxy: market-cap top 1500 (Forbes list not available),large,
Repsol,=Repsol,Spain,companiesmarketcap.com ranks 1-1000 by market cap (fetched 2026-09-28),,y,Proxy: market-cap top 1500 (Forbes list not available),large,
Otsuka Holdings,=Otsuka,Japan,companiesmarketcap.com ranks 1-1000 by market cap (fetched 2026-09-28),,y,Proxy: market-cap top 1500 (Forbes list not available),large,
Sandoz Group,=Sandoz,Switzerland,companiesmarketcap.com ranks 1-1000 by market cap (fetched 2026-09-28),,y,Proxy: market-cap top 1500 (Forbes list not available),large,
Wiwynn,=Wiwynn,Taiwan,companiesmarketcap.com ranks 1-1000 by market cap (fetched 2026-09-28),,y,Proxy: market-cap top 1500 (Forbes list not available),large,
PG&E Corporation,=PG&E,United States,companiesmarketcap.com ranks 1-1000 by market cap (fetched 2026-09-28),,y,Proxy: market-cap top 1500 (Forbes list not available),large,
United Airlines Holdings,United Airlines,United States,companiesmarketcap.com ranks 1-1000 by market cap (fetched 2026-09-28),,y,Proxy: market-cap top 1500 (Forbes list not available),large,
COSCO Shipping,COSCO Shipping,China,companiesmarketcap.com ranks 1-1000 by market cap (fetched 2026-09-28),,y,Proxy: market-cap top 1500 (Forbes list not available),large,
Daikin,=Daikin,Japan,companiesmarketcap.com ranks 1-1000 by market cap (fetched 2026-09-28),,y,Proxy: market-cap top 1500 (Forbes list not available),large,
Dubai Electricity and Water Authority,Dubai Electricity and Water Authority;=DEWA,UAE,companiesmarketcap.com ranks 1-1000 by market cap (fetched 2026-09-28),,y,Proxy: market-cap top 1500 (Forbes list not available),large,
Daimler Truck,Daimler Truck,Germany,companiesmarketcap.com ranks 1-1000 by market cap (fetched 2026-09-28),,y,Proxy: market-cap top 1500 (Forbes list not available),large,
Chaozhou Three-Circle,Chaozhou Three-Circle,China,companiesmarketcap.com ranks 1-1000 by market cap (fetched 2026-09-28),,y,Proxy: market-cap top 1500 (Forbes list not available),large,
Bank Leumi,Bank Leumi,Israel,companiesmarketcap.com ranks 1-1000 by market cap (fetched 2026-09-28),,y,Proxy: market-cap top 1500 (Forbes list not available),large,
PTT PCL,=PTT,Thailand,companiesmarketcap.com ranks 1-1000 by market cap (fetched 2026-09-28),,y,Proxy: market-cap top 1500 (Forbes list not available),large,
OTP Bank,OTP Bank,Hungary,companiesmarketcap.com ranks 1-1000 by market cap (fetched 2026-09-28),,y,Proxy: market-cap top 1500 (Forbes list not available),large,
Resona Holdings,=Resona,Japan,companiesmarketcap.com ranks 1-1000 by market cap (fetched 2026-09-28),,y,Proxy: market-cap top 1500 (Forbes list not available),large,
Banco Bradesco,Banco Bradesco,Brazil,companiesmarketcap.com ranks 1-1000 by market cap (fetched 2026-09-28),,y,Proxy: market-cap top 1500 (Forbes list not available),large,
Paychex,=Paychex,United States,companiesmarketcap.com ranks 1-1000 by market cap (fetched 2026-09-28),,y,Proxy: market-cap top 1500 (Forbes list not available),large,
Global Unichip Corp.,Global Unichip,Taiwan,companiesmarketcap.com ranks 1-1000 by market cap (fetched 2026-09-28),,y,Proxy: market-cap top 1500 (Forbes list not available),large,
Gold Fields,Gold Fields,South Africa,companiesmarketcap.com ranks 1-1000 by market cap (fetched 2026-09-28),,y,Proxy: market-cap top 1500 (Forbes list not available),large,
TDK,=TDK,Japan,companiesmarketcap.com ranks 1-1000 by market cap (fetched 2026-09-28),,y,Proxy: market-cap top 1500 (Forbes list not available),large,
Abu Dhabi Commercial Bank,Abu Dhabi Commercial Bank;=ADCB,UAE,companiesmarketcap.com ranks 1-1000 by market cap (fetched 2026-09-28),,y,Proxy: market-cap top 1500 (Forbes list not available),large,
Old Dominion Freight Line,Old Dominion Freight Line,United States,companiesmarketcap.com ranks 1-1000 by market cap (fetched 2026-09-28),,y,Proxy: market-cap top 1500 (Forbes list not available),large,
3i Group,=3i,United Kingdom,companiesmarketcap.com ranks 1-1000 by market cap (fetched 2026-09-28),,y,Proxy: market-cap top 1500 (Forbes list not available),large,
Viking Holdings,Viking Cruises,Bermuda,companiesmarketcap.com ranks 1-1000 by market cap (fetched 2026-09-28),,y,Proxy: market-cap top 1500 (Forbes list not available),large,
EQT,=EQT,Sweden,companiesmarketcap.com ranks 1-1000 by market cap (fetched 2026-09-28),,y,Proxy: market-cap top 1500 (Forbes list not available),large,
JD.com,JD.com;JD Logistics,China,companiesmarketcap.com ranks 1-1000 by market cap (fetched 2026-09-28),,y,Proxy: market-cap top 1500 (Forbes list not available),large,
Chunghwa Telecom,Chunghwa Telecom,Taiwan,companiesmarketcap.com ranks 1-1000 by market cap (fetched 2026-09-28),,y,Proxy: market-cap top 1500 (Forbes list not available),large,
Talanx,=Talanx,Germany,companiesmarketcap.com ranks 1-1000 by market cap (fetched 2026-09-28),,y,Proxy: market-cap top 1500 (Forbes list not available),large,
HCL Technologies,HCL Technologies;HCL,India,companiesmarketcap.com ranks 1-1000 by market cap (fetched 2026-09-28),,y,Proxy: market-cap top 1500 (Forbes list not available),large,
Roper Technologies,Roper Technologies,United States,companiesmarketcap.com ranks 1-1000 by market cap (fetched 2026-09-28),,y,Proxy: market-cap top 1500 (Forbes list not available),large,
Sika,=Sika,Switzerland,companiesmarketcap.com ranks 1-1000 by market cap (fetched 2026-09-28),,y,Proxy: market-cap top 1500 (Forbes list not available),large,
Fortescue,=Fortescue,Australia,companiesmarketcap.com ranks 1-1000 by market cap (fetched 2026-09-28),,y,Proxy: market-cap top 1500 (Forbes list not available),large,
Hannover Rück,Hannover Ruck;Hannover Re;Hannover Rueck,Germany,companiesmarketcap.com ranks 1-1000 by market cap (fetched 2026-09-28),,y,Proxy: market-cap top 1500 (Forbes list not available),large,
Fanuc,=Fanuc,Japan,companiesmarketcap.com ranks 1-1000 by market cap (fetched 2026-09-28),,y,Proxy: market-cap top 1500 (Forbes list not available),large,
ITC,=ITC,India,companiesmarketcap.com ranks 1-1000 by market cap (fetched 2026-09-28),,y,Proxy: market-cap top 1500 (Forbes list not available),large,
Axon Enterprise,Axon Enterprise,United States,companiesmarketcap.com ranks 1-1000 by market cap (fetched 2026-09-28),,y,Proxy: market-cap top 1500 (Forbes list not available),large,
ACWA POWER Company,ACWA POWER,Saudi Arabia,companiesmarketcap.com ranks 1-1000 by market cap (fetched 2026-09-28),,y,Proxy: market-cap top 1500 (Forbes list not available),large,
Muyuan Foods,Muyuan Foods,China,companiesmarketcap.com ranks 1-1000 by market cap (fetched 2026-09-28),,y,Proxy: market-cap top 1500 (Forbes list not available),large,
Dollarama,=Dollarama,Canada,companiesmarketcap.com ranks 1-1000 by market cap (fetched 2026-09-28),,y,Proxy: market-cap top 1500 (Forbes list not available),large,
Kroger,=Kroger,United States,companiesmarketcap.com ranks 1-1000 by market cap (fetched 2026-09-28),,y,Proxy: market-cap top 1500 (Forbes list not available),large,
Aselsan,=Aselsan,Turkey,companiesmarketcap.com ranks 1-1000 by market cap (fetched 2026-09-28),,y,Proxy: market-cap top 1500 (Forbes list not available),large,
TKO Group Holdings,=TKO,United States,companiesmarketcap.com ranks 1-1000 by market cap (fetched 2026-09-28),,y,Proxy: market-cap top 1500 (Forbes list not available),large,
Nutrien,=Nutrien,Canada,companiesmarketcap.com ranks 1-1000 by market cap (fetched 2026-09-28),,y,Proxy: market-cap top 1500 (Forbes list not available),large,
Rocket Companies,Rocket Mortgage,United States,companiesmarketcap.com ranks 1-1000 by market cap (fetched 2026-09-28),,y,Proxy: market-cap top 1500 (Forbes list not available),large,
Elbit Systems,Elbit Systems,Israel,companiesmarketcap.com ranks 1-1000 by market cap (fetched 2026-09-28),,y,Proxy: market-cap top 1500 (Forbes list not available),large,
Martin Marietta Materials,Martin Marietta Materials,United States,companiesmarketcap.com ranks 1-1000 by market cap (fetched 2026-09-28),,y,Proxy: market-cap top 1500 (Forbes list not available),large,
Bank of Ningbo,Bank of Ningbo,China,companiesmarketcap.com ranks 1-1000 by market cap (fetched 2026-09-28),,y,Proxy: market-cap top 1500 (Forbes list not available),large,
BPER Banca,BPER Banca,Italy,companiesmarketcap.com ranks 1-1000 by market cap (fetched 2026-09-28),,y,Proxy: market-cap top 1500 (Forbes list not available),large,
UltraTech Cement,UltraTech Cement,India,companiesmarketcap.com ranks 1-1000 by market cap (fetched 2026-09-28),,y,Proxy: market-cap top 1500 (Forbes list not available),large,
Alnylam Pharmaceuticals,Alnylam Pharmaceuticals,United States,companiesmarketcap.com ranks 1-1000 by market cap (fetched 2026-09-28),,y,Proxy: market-cap top 1500 (Forbes list not available),large,
Kenvue,Kenvue,United States,companiesmarketcap.com ranks 1-1000 by market cap (fetched 2026-09-28),,y,Proxy: market-cap top 1500 (Forbes list not available),large,
Estee Lauder,Estee Lauder,United States,companiesmarketcap.com ranks 1-1000 by market cap (fetched 2026-09-28),,y,Proxy: market-cap top 1500 (Forbes list not available),large,
Maybank,=Maybank,Malaysia,companiesmarketcap.com ranks 1-1000 by market cap (fetched 2026-09-28),,y,Proxy: market-cap top 1500 (Forbes list not available),large,
Hochtief,=Hochtief,Germany,companiesmarketcap.com ranks 1-1000 by market cap (fetched 2026-09-28),,y,Proxy: market-cap top 1500 (Forbes list not available),large,
HD Hyundai Heavy Industries,Hyundai Heavy Industries;HD Hyundai,South Korea,companiesmarketcap.com ranks 1-1000 by market cap (fetched 2026-09-28),,y,Proxy: market-cap top 1500 (Forbes list not available),large,
Okta,Okta,United States,companiesmarketcap.com ranks 1-1000 by market cap (fetched 2026-09-28),,y,Proxy: market-cap top 1500 (Forbes list not available),large,
Ecopetrol,=Ecopetrol,Colombia,companiesmarketcap.com ranks 1-1000 by market cap (fetched 2026-09-28),,y,Proxy: market-cap top 1500 (Forbes list not available),large,
Victory Giant Technology,Victory Giant Technology,China,companiesmarketcap.com ranks 1-1000 by market cap (fetched 2026-09-28),,y,Proxy: market-cap top 1500 (Forbes list not available),large,
Henkel,=Henkel,Germany,companiesmarketcap.com ranks 1-1000 by market cap (fetched 2026-09-28),,y,Proxy: market-cap top 1500 (Forbes list not available),large,
Ubiquiti,=Ubiquiti,United States,companiesmarketcap.com ranks 1-1000 by market cap (fetched 2026-09-28),,y,Proxy: market-cap top 1500 (Forbes list not available),large,
Daiichi Sankyo,Daiichi Sankyo,Japan,companiesmarketcap.com ranks 1-1000 by market cap (fetched 2026-09-28),,y,Proxy: market-cap top 1500 (Forbes list not available),large,
CEZ Group,=CEZ,Czech Republic,companiesmarketcap.com ranks 1-1000 by market cap (fetched 2026-09-28),,y,Proxy: market-cap top 1500 (Forbes list not available),large,
SAAB AB,=SAAB,Sweden,companiesmarketcap.com ranks 1-1000 by market cap (fetched 2026-09-28),,y,Proxy: market-cap top 1500 (Forbes list not available),large,
Taishin Financial Holdings,=Taishin,Taiwan,companiesmarketcap.com ranks 1-1000 by market cap (fetched 2026-09-28),,y,Proxy: market-cap top 1500 (Forbes list not available),large,
The Hartford,Hartford Financial,United States,companiesmarketcap.com ranks 1-1000 by market cap (fetched 2026-09-28),,y,Proxy: market-cap top 1500 (Forbes list not available),large,
Royalty Pharma,Royalty Pharma,United Kingdom,companiesmarketcap.com ranks 1-1000 by market cap (fetched 2026-09-28),,y,Proxy: market-cap top 1500 (Forbes list not available),large,
Biogen,=Biogen,United States,companiesmarketcap.com ranks 1-1000 by market cap (fetched 2026-09-28),,y,Proxy: market-cap top 1500 (Forbes list not available),large,
Emcor,=Emcor,United States,companiesmarketcap.com ranks 1-1000 by market cap (fetched 2026-09-28),,y,Proxy: market-cap top 1500 (Forbes list not available),large,
Schindler Group,=Schindler,Switzerland,companiesmarketcap.com ranks 1-1000 by market cap (fetched 2026-09-28),,y,Proxy: market-cap top 1500 (Forbes list not available),large,
Bank of Jiangsu,Bank of Jiangsu,China,companiesmarketcap.com ranks 1-1000 by market cap (fetched 2026-09-28),,y,Proxy: market-cap top 1500 (Forbes list not available),large,
Hindustan Aeronautics,Hindustan Aeronautics,India,companiesmarketcap.com ranks 1-1000 by market cap (fetched 2026-09-28),,y,Proxy: market-cap top 1500 (Forbes list not available),large,
Bank Hapoalim,Bank Hapoalim,Israel,companiesmarketcap.com ranks 1-1000 by market cap (fetched 2026-09-28),,y,Proxy: market-cap top 1500 (Forbes list not available),large,
Steel Dynamics,Steel Dynamics,United States,companiesmarketcap.com ranks 1-1000 by market cap (fetched 2026-09-28),,y,Proxy: market-cap top 1500 (Forbes list not available),large,
The Hershey Company,=Hershey,United States,companiesmarketcap.com ranks 1-1000 by market cap (fetched 2026-09-28),,y,Proxy: market-cap top 1500 (Forbes list not available),large,
PSEG,=PSEG,United States,companiesmarketcap.com ranks 1-1000 by market cap (fetched 2026-09-28),,y,Proxy: market-cap top 1500 (Forbes list not available),large,
Accton Technology,Accton Technology,Taiwan,companiesmarketcap.com ranks 1-1000 by market cap (fetched 2026-09-28),,y,Proxy: market-cap top 1500 (Forbes list not available),large,
Jabil,=Jabil,United States,companiesmarketcap.com ranks 1-1000 by market cap (fetched 2026-09-28),,y,Proxy: market-cap top 1500 (Forbes list not available),large,
CK Hutchison Holdings,CK Hutchison,Hong Kong,companiesmarketcap.com ranks 1-1000 by market cap (fetched 2026-09-28),,y,Proxy: market-cap top 1500 (Forbes list not available),large,
Roblox,=Roblox,United States,companiesmarketcap.com ranks 1-1000 by market cap (fetched 2026-09-28),,y,Proxy: market-cap top 1500 (Forbes list not available),large,
Iron Mountain,Iron Mountain,United States,companiesmarketcap.com ranks 1-1000 by market cap (fetched 2026-09-28),,y,Proxy: market-cap top 1500 (Forbes list not available),large,
Kia,=Kia,South Korea,companiesmarketcap.com ranks 1-1000 by market cap (fetched 2026-09-28),,y,Proxy: market-cap top 1500 (Forbes list not available),large,
MongoDB,MongoDB,United States,companiesmarketcap.com ranks 1-1000 by market cap (fetched 2026-09-28),,y,Proxy: market-cap top 1500 (Forbes list not available),large,
WEC Energy Group,WEC Energy,United States,companiesmarketcap.com ranks 1-1000 by market cap (fetched 2026-09-28),,y,Proxy: market-cap top 1500 (Forbes list not available),large,
NTPC Limited,=NTPC,India,companiesmarketcap.com ranks 1-1000 by market cap (fetched 2026-09-28),,y,Proxy: market-cap top 1500 (Forbes list not available),large,
Woolworths Group,=Woolworths,Australia,companiesmarketcap.com ranks 1-1000 by market cap (fetched 2026-09-28),,y,Proxy: market-cap top 1500 (Forbes list not available),large,
Naspers,=Naspers,South Africa,companiesmarketcap.com ranks 1-1000 by market cap (fetched 2026-09-28),,y,Proxy: market-cap top 1500 (Forbes list not available),large,
Hua Hong Semiconductor Limited,Hua Hong Semiconductor,China,companiesmarketcap.com ranks 1-1000 by market cap (fetched 2026-09-28),,y,Proxy: market-cap top 1500 (Forbes list not available),large,
Restaurant Brands International,Restaurant Brands,Canada,companiesmarketcap.com ranks 1-1000 by market cap (fetched 2026-09-28),,y,Proxy: market-cap top 1500 (Forbes list not available),large,
Fairfax Financial,=Fairfax,Canada,companiesmarketcap.com ranks 1-1000 by market cap (fetched 2026-09-28),,y,Proxy: market-cap top 1500 (Forbes list not available),large,
DexCom,=DexCom,United States,companiesmarketcap.com ranks 1-1000 by market cap (fetched 2026-09-28),,y,Proxy: market-cap top 1500 (Forbes list not available),large,
Kimberly-Clark,Kimberly-Clark,United States,companiesmarketcap.com ranks 1-1000 by market cap (fetched 2026-09-28),,y,Proxy: market-cap top 1500 (Forbes list not available),large,
Ping An Bank,Ping An Bank,China,companiesmarketcap.com ranks 1-1000 by market cap (fetched 2026-09-28),,y,Proxy: market-cap top 1500 (Forbes list not available),large,
JSW Steel,JSW Steel,India,companiesmarketcap.com ranks 1-1000 by market cap (fetched 2026-09-28),,y,Proxy: market-cap top 1500 (Forbes list not available),large,
Kühne + Nagel,Kuhne + Nagel;Kuehne + Nagel;Kuehne Nagel,Switzerland,companiesmarketcap.com ranks 1-1000 by market cap (fetched 2026-09-28),,y,Proxy: market-cap top 1500 (Forbes list not available),large,
Teck Resources,Teck Resources,Canada,companiesmarketcap.com ranks 1-1000 by market cap (fetched 2026-09-28),,y,Proxy: market-cap top 1500 (Forbes list not available),large,
Wanhua Chemical,Wanhua Chemical,China,companiesmarketcap.com ranks 1-1000 by market cap (fetched 2026-09-28),,y,Proxy: market-cap top 1500 (Forbes list not available),large,
Bajaj Auto,Bajaj Auto,India,companiesmarketcap.com ranks 1-1000 by market cap (fetched 2026-09-28),,y,Proxy: market-cap top 1500 (Forbes list not available),large,
BOE Technology,BOE Technology,China,companiesmarketcap.com ranks 1-1000 by market cap (fetched 2026-09-28),,y,Proxy: market-cap top 1500 (Forbes list not available),large,
Arch Capital,Arch Capital,Bermuda,companiesmarketcap.com ranks 1-1000 by market cap (fetched 2026-09-28),,y,Proxy: market-cap top 1500 (Forbes list not available),large,
Leonardo,=Leonardo,Italy,companiesmarketcap.com ranks 1-1000 by market cap (fetched 2026-09-28),,y,Proxy: market-cap top 1500 (Forbes list not available),large,
Eternal,Zomato;Blinkit,India,companiesmarketcap.com ranks 1-1000 by market cap (fetched 2026-09-28),,y,Proxy: market-cap top 1500 (Forbes list not available),large,
Northern Trust,Northern Trust,United States,companiesmarketcap.com ranks 1-1000 by market cap (fetched 2026-09-28),,y,Proxy: market-cap top 1500 (Forbes list not available),large,
Gree Electric Appliances,Gree Electric Appliances,China,companiesmarketcap.com ranks 1-1000 by market cap (fetched 2026-09-28),,y,Proxy: market-cap top 1500 (Forbes list not available),large,
M&T Bank,M&T Bank,United States,companiesmarketcap.com ranks 1-1000 by market cap (fetched 2026-09-28),,y,Proxy: market-cap top 1500 (Forbes list not available),large,
ResMed,=ResMed,United States,companiesmarketcap.com ranks 1-1000 by market cap (fetched 2026-09-28),,y,Proxy: market-cap top 1500 (Forbes list not available),large,
Capitec Bank,Capitec Bank,South Africa,companiesmarketcap.com ranks 1-1000 by market cap (fetched 2026-09-28),,y,Proxy: market-cap top 1500 (Forbes list not available),large,
EQT Corporation,=EQT,United States,companiesmarketcap.com ranks 1-1000 by market cap (fetched 2026-09-28),,y,Proxy: market-cap top 1500 (Forbes list not available),large,
Epiroc,=Epiroc,Sweden,companiesmarketcap.com ranks 1-1000 by market cap (fetched 2026-09-28),,y,Proxy: market-cap top 1500 (Forbes list not available),large,
Vulcan Materials,Vulcan Materials,United States,companiesmarketcap.com ranks 1-1000 by market cap (fetched 2026-09-28),,y,Proxy: market-cap top 1500 (Forbes list not available),large,
Expedia Group,Expedia,United States,companiesmarketcap.com ranks 1-1000 by market cap (fetched 2026-09-28),,y,Proxy: market-cap top 1500 (Forbes list not available),large,
Ahold Delhaize,Ahold Delhaize,Netherlands,companiesmarketcap.com ranks 1-1000 by market cap (fetched 2026-09-28),,y,Proxy: market-cap top 1500 (Forbes list not available),large,
Huntington Bancshares,Huntington Bancshares,United States,companiesmarketcap.com ranks 1-1000 by market cap (fetched 2026-09-28),,y,Proxy: market-cap top 1500 (Forbes list not available),large,
Venture Global,Venture Global,United States,companiesmarketcap.com ranks 1-1000 by market cap (fetched 2026-09-28),,y,Proxy: market-cap top 1500 (Forbes list not available),large,
Sumitomo Mitsui Trust Holdings,Sumitomo Mitsui Trust,Japan,companiesmarketcap.com ranks 1-1000 by market cap (fetched 2026-09-28),,y,Proxy: market-cap top 1500 (Forbes list not available),large,
Dassault Systèmes,Dassault Systemes,France,companiesmarketcap.com ranks 1-1000 by market cap (fetched 2026-09-28),,y,Proxy: market-cap top 1500 (Forbes list not available),large,
Svenska Handelsbanken,Svenska Handelsbanken,Sweden,companiesmarketcap.com ranks 1-1000 by market cap (fetched 2026-09-28),,y,Proxy: market-cap top 1500 (Forbes list not available),large,
China General Nuclear Power Group,China General Nuclear Power;=CGN,China,companiesmarketcap.com ranks 1-1000 by market cap (fetched 2026-09-28),,y,Proxy: market-cap top 1500 (Forbes list not available),large,
Adyen,Adyen,Netherlands,companiesmarketcap.com ranks 1-1000 by market cap (fetched 2026-09-28),,y,Proxy: market-cap top 1500 (Forbes list not available),large,
Zscaler,=Zscaler,United States,companiesmarketcap.com ranks 1-1000 by market cap (fetched 2026-09-28),,y,Proxy: market-cap top 1500 (Forbes list not available),large,
FirstRand,=FirstRand,South Africa,companiesmarketcap.com ranks 1-1000 by market cap (fetched 2026-09-28),,y,Proxy: market-cap top 1500 (Forbes list not available),large,
Intact Financial,Intact Financial,Canada,companiesmarketcap.com ranks 1-1000 by market cap (fetched 2026-09-28),,y,Proxy: market-cap top 1500 (Forbes list not available),large,
Kering,Kering;Gucci,France,companiesmarketcap.com ranks 1-1000 by market cap (fetched 2026-09-28),,y,Proxy: market-cap top 1500 (Forbes list not available),large,
Prudential plc,Prudential Assurance;Eastspring;Prudential Singapore,United Kingdom,companiesmarketcap.com ranks 1-1000 by market cap (fetched 2026-09-28),,y,Proxy: market-cap top 1500 (Forbes list not available),large,
Ericsson,=Ericsson,Sweden,companiesmarketcap.com ranks 1-1000 by market cap (fetched 2026-09-28),,y,Proxy: market-cap top 1500 (Forbes list not available),large,
Experian,Experian,Ireland,companiesmarketcap.com ranks 1-1000 by market cap (fetched 2026-09-28),,y,Proxy: market-cap top 1500 (Forbes list not available),large,
Swiss Life,Swiss Life,Switzerland,companiesmarketcap.com ranks 1-1000 by market cap (fetched 2026-09-28),,y,Proxy: market-cap top 1500 (Forbes list not available),large,
Advanced Info Service,Advanced Info Service;=AIS,Thailand,companiesmarketcap.com ranks 1-1000 by market cap (fetched 2026-09-28),,y,Proxy: market-cap top 1500 (Forbes list not available),large,
Banorte,=Banorte,Mexico,companiesmarketcap.com ranks 1-1000 by market cap (fetched 2026-09-28),,y,Proxy: market-cap top 1500 (Forbes list not available),large,
Sunbelt Rentals,Sunbelt Rentals,United States,companiesmarketcap.com ranks 1-1000 by market cap (fetched 2026-09-28),,y,Proxy: market-cap top 1500 (Forbes list not available),large,
Raymond James Financial,Raymond James,United States,companiesmarketcap.com ranks 1-1000 by market cap (fetched 2026-09-28),,y,Proxy: market-cap top 1500 (Forbes list not available),large,
Naturgy,=Naturgy,Spain,companiesmarketcap.com ranks 1-1000 by market cap (fetched 2026-09-28),,y,Proxy: market-cap top 1500 (Forbes list not available),large,
Cheniere Energy Partners,Cheniere Energy Partners,United States,companiesmarketcap.com ranks 1-1000 by market cap (fetched 2026-09-28),,y,Proxy: market-cap top 1500 (Forbes list not available),large,
Itaúsa,=Itausa,Brazil,companiesmarketcap.com ranks 1-1000 by market cap (fetched 2026-09-28),,y,Proxy: market-cap top 1500 (Forbes list not available),large,
Credicorp,=Credicorp,Bermuda,companiesmarketcap.com ranks 1-1000 by market cap (fetched 2026-09-28),,y,Proxy: market-cap top 1500 (Forbes list not available),large,
Chroma ATE Inc.,Chroma ATE,Taiwan,companiesmarketcap.com ranks 1-1000 by market cap (fetched 2026-09-28),,y,Proxy: market-cap top 1500 (Forbes list not available),large,
Weichai Power,Weichai Power,China,companiesmarketcap.com ranks 1-1000 by market cap (fetched 2026-09-28),,y,Proxy: market-cap top 1500 (Forbes list not available),large,
Centene,=Centene,United States,companiesmarketcap.com ranks 1-1000 by market cap (fetched 2026-09-28),,y,Proxy: market-cap top 1500 (Forbes list not available),large,
KONE,=KONE,Finland,companiesmarketcap.com ranks 1-1000 by market cap (fetched 2026-09-28),,y,Proxy: market-cap top 1500 (Forbes list not available),large,
Denso,=Denso,Japan,companiesmarketcap.com ranks 1-1000 by market cap (fetched 2026-09-28),,y,Proxy: market-cap top 1500 (Forbes list not available),large,
Carnival Corporation,Carnival Corporation;Carnival Cruise;Princess Cruises,United States,companiesmarketcap.com ranks 1-1000 by market cap (fetched 2026-09-28),,y,Proxy: market-cap top 1500 (Forbes list not available),large,
Novonesis,=Novonesis,Denmark,companiesmarketcap.com ranks 1-1000 by market cap (fetched 2026-09-28),,y,Proxy: market-cap top 1500 (Forbes list not available),large,
Ajinomoto,=Ajinomoto,Japan,companiesmarketcap.com ranks 1-1000 by market cap (fetched 2026-09-28),,y,Proxy: market-cap top 1500 (Forbes list not available),large,
Oil & Natural Gas,Oil & Natural Gas;=ONGC,India,companiesmarketcap.com ranks 1-1000 by market cap (fetched 2026-09-28),,y,Proxy: market-cap top 1500 (Forbes list not available),large,
Yuanta Financial Holding,=Yuanta,Taiwan,companiesmarketcap.com ranks 1-1000 by market cap (fetched 2026-09-28),,y,Proxy: market-cap top 1500 (Forbes list not available),large,
Oriental Land,Oriental Land,Japan,companiesmarketcap.com ranks 1-1000 by market cap (fetched 2026-09-28),,y,Proxy: market-cap top 1500 (Forbes list not available),large,
GE HealthCare Technologies,GE HealthCare,United States,companiesmarketcap.com ranks 1-1000 by market cap (fetched 2026-09-28),,y,Proxy: market-cap top 1500 (Forbes list not available),large,
ON Semiconductor,ON Semiconductor;=onsemi,United States,companiesmarketcap.com ranks 1-1000 by market cap (fetched 2026-09-28),,y,Proxy: market-cap top 1500 (Forbes list not available),large,
Celltrion,=Celltrion,South Korea,companiesmarketcap.com ranks 1-1000 by market cap (fetched 2026-09-28),,y,Proxy: market-cap top 1500 (Forbes list not available),large,
Kyocera,=Kyocera,Japan,companiesmarketcap.com ranks 1-1000 by market cap (fetched 2026-09-28),,y,Proxy: market-cap top 1500 (Forbes list not available),large,
Bridgestone,=Bridgestone,Japan,companiesmarketcap.com ranks 1-1000 by market cap (fetched 2026-09-28),,y,Proxy: market-cap top 1500 (Forbes list not available),large,
Neste,=Neste,Finland,companiesmarketcap.com ranks 1-1000 by market cap (fetched 2026-09-28),,y,Proxy: market-cap top 1500 (Forbes list not available),large,
Universal Music Group,Universal Music,Netherlands,companiesmarketcap.com ranks 1-1000 by market cap (fetched 2026-09-28),,y,Proxy: market-cap top 1500 (Forbes list not available),large,
Standard Bank Group,Standard Bank,South Africa,companiesmarketcap.com ranks 1-1000 by market cap (fetched 2026-09-28),,y,Proxy: market-cap top 1500 (Forbes list not available),large,
Baidu,Baidu,China,companiesmarketcap.com ranks 1-1000 by market cap (fetched 2026-09-28),,y,Proxy: market-cap top 1500 (Forbes list not available),large,
Kinross Gold,Kinross Gold,Canada,companiesmarketcap.com ranks 1-1000 by market cap (fetched 2026-09-28),,y,Proxy: market-cap top 1500 (Forbes list not available),large,
Crown Castle,Crown Castle,United States,companiesmarketcap.com ranks 1-1000 by market cap (fetched 2026-09-28),,y,Proxy: market-cap top 1500 (Forbes list not available),large,
Fresenius,=Fresenius,Germany,companiesmarketcap.com ranks 1-1000 by market cap (fetched 2026-09-28),,y,Proxy: market-cap top 1500 (Forbes list not available),large,
Ingersoll Rand,Ingersoll Rand,Ireland,companiesmarketcap.com ranks 1-1000 by market cap (fetched 2026-09-28),,y,Proxy: market-cap top 1500 (Forbes list not available),large,
Vestas Wind Systems,Vestas Wind Systems,Denmark,companiesmarketcap.com ranks 1-1000 by market cap (fetched 2026-09-28),,y,Proxy: market-cap top 1500 (Forbes list not available),large,
Extra Space Storage,Extra Space Storage,United States,companiesmarketcap.com ranks 1-1000 by market cap (fetched 2026-09-28),,y,Proxy: market-cap top 1500 (Forbes list not available),large,
Techtronic Industries,Techtronic Industries,Hong Kong,companiesmarketcap.com ranks 1-1000 by market cap (fetched 2026-09-28),,y,Proxy: market-cap top 1500 (Forbes list not available),large,
Nomura Holdings,=Nomura,Japan,companiesmarketcap.com ranks 1-1000 by market cap (fetched 2026-09-28),,y,Proxy: market-cap top 1500 (Forbes list not available),large,
Yankuang Energy,Yankuang Energy,China,companiesmarketcap.com ranks 1-1000 by market cap (fetched 2026-09-28),,y,Proxy: market-cap top 1500 (Forbes list not available),large,
Bharat Electronics,Bharat Electronics,India,companiesmarketcap.com ranks 1-1000 by market cap (fetched 2026-09-28),,y,Proxy: market-cap top 1500 (Forbes list not available),large,
Zoetis,=Zoetis,United States,companiesmarketcap.com ranks 1-1000 by market cap (fetched 2026-09-28),,y,Proxy: market-cap top 1500 (Forbes list not available),large,
Adidas,Adidas,Germany,companiesmarketcap.com ranks 1-1000 by market cap (fetched 2026-09-28),,y,Proxy: market-cap top 1500 (Forbes list not available),large,
Bajaj Finserv,Bajaj Finserv,India,companiesmarketcap.com ranks 1-1000 by market cap (fetched 2026-09-28),,y,Proxy: market-cap top 1500 (Forbes list not available),large,
Heidelberg Materials,Heidelberg Materials,Germany,companiesmarketcap.com ranks 1-1000 by market cap (fetched 2026-09-28),,y,Proxy: market-cap top 1500 (Forbes list not available),large,
Kongsberg Gruppen,Kongsberg Gruppen,Norway,companiesmarketcap.com ranks 1-1000 by market cap (fetched 2026-09-28),,y,Proxy: market-cap top 1500 (Forbes list not available),large,
Samsung Electro-Mechanics,Samsung Electro-Mechanics,South Korea,companiesmarketcap.com ranks 1-1000 by market cap (fetched 2026-09-28),,y,Proxy: market-cap top 1500 (Forbes list not available),large,
Reddit,=Reddit,United States,companiesmarketcap.com ranks 1-1000 by market cap (fetched 2026-09-28),,y,Proxy: market-cap top 1500 (Forbes list not available),large,
Seven & i Holdings,Seven & i;7-Eleven Inc,Japan,companiesmarketcap.com ranks 1-1000 by market cap (fetched 2026-09-28),,y,Proxy: market-cap top 1500 (Forbes list not available),large,
Foshan Haitian Flavouring and Food,Foshan Haitian Flavouring and Food,China,companiesmarketcap.com ranks 1-1000 by market cap (fetched 2026-09-28),,y,Proxy: market-cap top 1500 (Forbes list not available),large,
Ryanair,=Ryanair,Ireland,companiesmarketcap.com ranks 1-1000 by market cap (fetched 2026-09-28),,y,Proxy: market-cap top 1500 (Forbes list not available),large,
Moore Threads,Moore Threads,China,companiesmarketcap.com ranks 1-1000 by market cap (fetched 2026-09-28),,y,Proxy: market-cap top 1500 (Forbes list not available),large,
Mindray,=Mindray,China,companiesmarketcap.com ranks 1-1000 by market cap (fetched 2026-09-28),,y,Proxy: market-cap top 1500 (Forbes list not available),large,
Teledyne Technologies,Teledyne Technologies,United States,companiesmarketcap.com ranks 1-1000 by market cap (fetched 2026-09-28),,y,Proxy: market-cap top 1500 (Forbes list not available),large,
Transurban,=Transurban,Australia,companiesmarketcap.com ranks 1-1000 by market cap (fetched 2026-09-28),,y,Proxy: market-cap top 1500 (Forbes list not available),large,
Supermicro,=Supermicro,United States,companiesmarketcap.com ranks 1-1000 by market cap (fetched 2026-09-28),,y,Proxy: market-cap top 1500 (Forbes list not available),large,
LG Electronics,LG Electronics,South Korea,companiesmarketcap.com ranks 1-1000 by market cap (fetched 2026-09-28),,y,Proxy: market-cap top 1500 (Forbes list not available),large,
HP,HP Inc;HP PPS;Hewlett-Packard,United States,companiesmarketcap.com ranks 1-1000 by market cap (fetched 2026-09-28),,y,Proxy: market-cap top 1500 (Forbes list not available),large,
Banco BPM,Banco BPM,Italy,companiesmarketcap.com ranks 1-1000 by market cap (fetched 2026-09-28),,y,Proxy: market-cap top 1500 (Forbes list not available),large,
WuXi Biologics,WuXi Biologics,China,companiesmarketcap.com ranks 1-1000 by market cap (fetched 2026-09-28),,y,Proxy: market-cap top 1500 (Forbes list not available),large,
Emaar Properties,Emaar Properties,UAE,companiesmarketcap.com ranks 1-1000 by market cap (fetched 2026-09-28),,y,Proxy: market-cap top 1500 (Forbes list not available),large,
Kraft Heinz,Kraft Heinz;Heinz,United States,companiesmarketcap.com ranks 1-1000 by market cap (fetched 2026-09-28),,y,Proxy: market-cap top 1500 (Forbes list not available),large,
China Coal Energy Company Limited,China Coal Energy,China,companiesmarketcap.com ranks 1-1000 by market cap (fetched 2026-09-28),,y,Proxy: market-cap top 1500 (Forbes list not available),large,
Tenaris,=Tenaris,Luxembourg,companiesmarketcap.com ranks 1-1000 by market cap (fetched 2026-09-28),,y,Proxy: market-cap top 1500 (Forbes list not available),large,
Inpex,=Inpex,Japan,companiesmarketcap.com ranks 1-1000 by market cap (fetched 2026-09-28),,y,Proxy: market-cap top 1500 (Forbes list not available),large,
Haier Smart Home,Haier Smart Home,China,companiesmarketcap.com ranks 1-1000 by market cap (fetched 2026-09-28),,y,Proxy: market-cap top 1500 (Forbes list not available),large,
TechnipFMC,=TechnipFMC,United Kingdom,companiesmarketcap.com ranks 1-1000 by market cap (fetched 2026-09-28),,y,Proxy: market-cap top 1500 (Forbes list not available),large,
Publicis Groupe,Publicis Groupe;Publicis,France,companiesmarketcap.com ranks 1-1000 by market cap (fetched 2026-09-28),,y,Proxy: market-cap top 1500 (Forbes list not available),large,
Aviva,=Aviva,United Kingdom,companiesmarketcap.com ranks 1-1000 by market cap (fetched 2026-09-28),,y,Proxy: market-cap top 1500 (Forbes list not available),large,
Gazprom,=Gazprom,Russia,companiesmarketcap.com ranks 1-1000 by market cap (fetched 2026-09-28),,y,Proxy: market-cap top 1500 (Forbes list not available),large,
Fresnillo,=Fresnillo,Mexico,companiesmarketcap.com ranks 1-1000 by market cap (fetched 2026-09-28),,y,Proxy: market-cap top 1500 (Forbes list not available),large,
AIB Group,=AIB,Ireland,companiesmarketcap.com ranks 1-1000 by market cap (fetched 2026-09-28),,y,Proxy: market-cap top 1500 (Forbes list not available),large,
SMC corp,=SMC,Japan,companiesmarketcap.com ranks 1-1000 by market cap (fetched 2026-09-28),,y,Proxy: market-cap top 1500 (Forbes list not available),large,
Citizens Financial Group,Citizens Financial,United States,companiesmarketcap.com ranks 1-1000 by market cap (fetched 2026-09-28),,y,Proxy: market-cap top 1500 (Forbes list not available),large,
China National Nuclear Power,China National Nuclear Power,China,companiesmarketcap.com ranks 1-1000 by market cap (fetched 2026-09-28),,y,Proxy: market-cap top 1500 (Forbes list not available),large,
Mitsubishi Estate,Mitsubishi Estate,Japan,companiesmarketcap.com ranks 1-1000 by market cap (fetched 2026-09-28),,y,Proxy: market-cap top 1500 (Forbes list not available),large,
Dollar General,Dollar General,United States,companiesmarketcap.com ranks 1-1000 by market cap (fetched 2026-09-28),,y,Proxy: market-cap top 1500 (Forbes list not available),large,
Brookfield Infrastructure Partners,Brookfield Infrastructure Partners,Bermuda,companiesmarketcap.com ranks 1-1000 by market cap (fetched 2026-09-28),,y,Proxy: market-cap top 1500 (Forbes list not available),large,
Ameren,=Ameren,United States,companiesmarketcap.com ranks 1-1000 by market cap (fetched 2026-09-28),,y,Proxy: market-cap top 1500 (Forbes list not available),large,
International Container Terminal Services,International Container Terminal,Philippines,companiesmarketcap.com ranks 1-1000 by market cap (fetched 2026-09-28),,y,Proxy: market-cap top 1500 (Forbes list not available),large,
Grupo ACS,Grupo ACS,Spain,companiesmarketcap.com ranks 1-1000 by market cap (fetched 2026-09-28),,y,Proxy: market-cap top 1500 (Forbes list not available),large,
DSM-Firmenich,=DSM-Firmenich,Switzerland,companiesmarketcap.com ranks 1-1000 by market cap (fetched 2026-09-28),,y,Proxy: market-cap top 1500 (Forbes list not available),large,
GlobalFoundries,=GlobalFoundries,United States,companiesmarketcap.com ranks 1-1000 by market cap (fetched 2026-09-28),,y,Proxy: market-cap top 1500 (Forbes list not available),large,
Williams-Sonoma,=Williams-Sonoma,United States,companiesmarketcap.com ranks 1-1000 by market cap (fetched 2026-09-28),,y,Proxy: market-cap top 1500 (Forbes list not available),large,
Willis Towers Watson,Willis Towers Watson;Towers Watson;=Willis,United Kingdom,companiesmarketcap.com ranks 1-1000 by market cap (fetched 2026-09-28),,y,Proxy: market-cap top 1500 (Forbes list not available),large,
Halliburton,=Halliburton,United States,companiesmarketcap.com ranks 1-1000 by market cap (fetched 2026-09-28),,y,Proxy: market-cap top 1500 (Forbes list not available),large,
Coal India,Coal India,India,companiesmarketcap.com ranks 1-1000 by market cap (fetched 2026-09-28),,y,Proxy: market-cap top 1500 (Forbes list not available),large,
Fortis,=Fortis,Canada,companiesmarketcap.com ranks 1-1000 by market cap (fetched 2026-09-28),,y,Proxy: market-cap top 1500 (Forbes list not available),large,
Nestlé India,Nestle India,India,companiesmarketcap.com ranks 1-1000 by market cap (fetched 2026-09-28),,y,Proxy: market-cap top 1500 (Forbes list not available),large,
Ørsted,=rsted;Orsted,Denmark,companiesmarketcap.com ranks 1-1000 by market cap (fetched 2026-09-28),,y,Proxy: market-cap top 1500 (Forbes list not available),large,
Hapag-Lloyd,=Hapag-Lloyd,Germany,companiesmarketcap.com ranks 1-1000 by market cap (fetched 2026-09-28),,y,Proxy: market-cap top 1500 (Forbes list not available),large,
George Weston,George Weston,Canada,companiesmarketcap.com ranks 1-1000 by market cap (fetched 2026-09-28),,y,Proxy: market-cap top 1500 (Forbes list not available),large,
Exor,=Exor,Netherlands,companiesmarketcap.com ranks 1-1000 by market cap (fetched 2026-09-28),,y,Proxy: market-cap top 1500 (Forbes list not available),large,
Cboe Global Markets,Cboe Global Markets,United States,companiesmarketcap.com ranks 1-1000 by market cap (fetched 2026-09-28),,y,Proxy: market-cap top 1500 (Forbes list not available),large,
Gulf Development Public Company,Gulf Development Public,Thailand,companiesmarketcap.com ranks 1-1000 by market cap (fetched 2026-09-28),,y,Proxy: market-cap top 1500 (Forbes list not available),large,
First Quantum Minerals,First Quantum Minerals,Canada,companiesmarketcap.com ranks 1-1000 by market cap (fetched 2026-09-28),,y,Proxy: market-cap top 1500 (Forbes list not available),large,
China Resources Land,China Resources Land,Hong Kong,companiesmarketcap.com ranks 1-1000 by market cap (fetched 2026-09-28),,y,Proxy: market-cap top 1500 (Forbes list not available),large,
New China Life Insurance,New China Life Insurance,China,companiesmarketcap.com ranks 1-1000 by market cap (fetched 2026-09-28),,y,Proxy: market-cap top 1500 (Forbes list not available),large,
Mediobanca,=Mediobanca,Italy,companiesmarketcap.com ranks 1-1000 by market cap (fetched 2026-09-28),,y,Proxy: market-cap top 1500 (Forbes list not available),large,
Airports of Thailand,Airports of Thailand,Thailand,companiesmarketcap.com ranks 1-1000 by market cap (fetched 2026-09-28),,y,Proxy: market-cap top 1500 (Forbes list not available),large,
OMV,=OMV,Austria,companiesmarketcap.com ranks 1-1000 by market cap (fetched 2026-09-28),,y,Proxy: market-cap top 1500 (Forbes list not available),large,
Divis Laboratories,Divis Laboratories,India,companiesmarketcap.com ranks 1-1000 by market cap (fetched 2026-09-28),,y,Proxy: market-cap top 1500 (Forbes list not available),large,
Hexagon AB,Hexagon AB;Hexagon Metrology;Hexagon Geosystems;Leica Geosystems,Sweden,companiesmarketcap.com ranks 1-1000 by market cap (fetched 2026-09-28),,y,Proxy: market-cap top 1500 (Forbes list not available),large,
nVent Electric,nVent Electric,United Kingdom,companiesmarketcap.com ranks 1-1000 by market cap (fetched 2026-09-28),,y,Proxy: market-cap top 1500 (Forbes list not available),large,
Copart,=Copart,United States,companiesmarketcap.com ranks 1-1000 by market cap (fetched 2026-09-28),,y,Proxy: market-cap top 1500 (Forbes list not available),large,
Atmos Energy,Atmos Energy,United States,companiesmarketcap.com ranks 1-1000 by market cap (fetched 2026-09-28),,y,Proxy: market-cap top 1500 (Forbes list not available),large,
ST Engineering,Singapore Technologies Engineering;ST Engineering,Singapore,companiesmarketcap.com ranks 1-1000 by market cap (fetched 2026-09-28),Singapore-HQ group with operations outside Singapore (curated; verify),y,Proxy: market-cap top 1500 (Forbes list not available),large,
Veolia,=Veolia,France,companiesmarketcap.com ranks 1-1000 by market cap (fetched 2026-09-28),,y,Proxy: market-cap top 1500 (Forbes list not available),large,
Sampo,=Sampo,Finland,companiesmarketcap.com ranks 1-1000 by market cap (fetched 2026-09-28),,y,Proxy: market-cap top 1500 (Forbes list not available),large,
Bank Rakyat Indonesia,Bank Rakyat Indonesia,Indonesia,companiesmarketcap.com ranks 1-1000 by market cap (fetched 2026-09-28),,y,Proxy: market-cap top 1500 (Forbes list not available),large,
China Everbright Bank,China Everbright Bank,China,companiesmarketcap.com ranks 1-1000 by market cap (fetched 2026-09-28),,y,Proxy: market-cap top 1500 (Forbes list not available),large,
Michelin,=Michelin,France,companiesmarketcap.com ranks 1-1000 by market cap (fetched 2026-09-28),,y,Proxy: market-cap top 1500 (Forbes list not available),large,
PT DCI Indonesia Tbk,PT DCI Indonesia,Indonesia,companiesmarketcap.com ranks 1-1000 by market cap (fetched 2026-09-28),,y,Proxy: market-cap top 1500 (Forbes list not available),large,
Symbotic,=Symbotic,United States,companiesmarketcap.com ranks 1-1000 by market cap (fetched 2026-09-28),,y,Proxy: market-cap top 1500 (Forbes list not available),large,
Fujifilm,Fujifilm;Fuji Xerox,Japan,companiesmarketcap.com ranks 1-1000 by market cap (fetched 2026-09-28),,y,Proxy: market-cap top 1500 (Forbes list not available),large,
China State Construction Engineering,China State Construction Engineering,China,companiesmarketcap.com ranks 1-1000 by market cap (fetched 2026-09-28),,y,Proxy: market-cap top 1500 (Forbes list not available),large,
Hana Financial Group,Hana Bank;KEB Hana,South Korea,companiesmarketcap.com ranks 1-1000 by market cap (fetched 2026-09-28),,y,Proxy: market-cap top 1500 (Forbes list not available),large,
EchoStar,=EchoStar,United States,companiesmarketcap.com ranks 1-1000 by market cap (fetched 2026-09-28),,y,Proxy: market-cap top 1500 (Forbes list not available),large,
Formosa Petrochemical,Formosa Petrochemical,Taiwan,companiesmarketcap.com ranks 1-1000 by market cap (fetched 2026-09-28),,y,Proxy: market-cap top 1500 (Forbes list not available),large,
Zoom,=Zoom;Zoom Video,United States,companiesmarketcap.com ranks 1-1000 by market cap (fetched 2026-09-28),,y,Proxy: market-cap top 1500 (Forbes list not available),large,
Powergrid Corporation of India,Powergrid Corporation of India,India,companiesmarketcap.com ranks 1-1000 by market cap (fetched 2026-09-28),,y,Proxy: market-cap top 1500 (Forbes list not available),large,
Corpay,=Corpay,United States,companiesmarketcap.com ranks 1-1000 by market cap (fetched 2026-09-28),,y,Proxy: market-cap top 1500 (Forbes list not available),large,
DMart,=DMart,India,companiesmarketcap.com ranks 1-1000 by market cap (fetched 2026-09-28),,y,Proxy: market-cap top 1500 (Forbes list not available),large,
Qnity Electronics,Qnity Electronics,United States,companiesmarketcap.com ranks 1-1000 by market cap (fetched 2026-09-28),,y,Proxy: market-cap top 1500 (Forbes list not available),large,
Quest Diagnostics,Quest Diagnostics,United States,companiesmarketcap.com ranks 1-1000 by market cap (fetched 2026-09-28),,y,Proxy: market-cap top 1500 (Forbes list not available),large,
West Pharmaceutical Services,West Pharmaceutical,United States,companiesmarketcap.com ranks 1-1000 by market cap (fetched 2026-09-28),,y,Proxy: market-cap top 1500 (Forbes list not available),large,
Tower Semiconductor,Tower Semiconductor,Israel,companiesmarketcap.com ranks 1-1000 by market cap (fetched 2026-09-28),,y,Proxy: market-cap top 1500 (Forbes list not available),large,
H&M,H&M;Hennes & Mauritz,Sweden,companiesmarketcap.com ranks 1-1000 by market cap (fetched 2026-09-28),,y,Proxy: market-cap top 1500 (Forbes list not available),large,
American Water,American Water,United States,companiesmarketcap.com ranks 1-1000 by market cap (fetched 2026-09-28),,y,Proxy: market-cap top 1500 (Forbes list not available),large,
Sungrow Power Supply,Sungrow Power Supply,China,companiesmarketcap.com ranks 1-1000 by market cap (fetched 2026-09-28),,y,Proxy: market-cap top 1500 (Forbes list not available),large,
Hindustan Zinc,Hindustan Zinc,India,companiesmarketcap.com ranks 1-1000 by market cap (fetched 2026-09-28),,y,Proxy: market-cap top 1500 (Forbes list not available),large,
Pembina Pipeline,Pembina Pipeline,Canada,companiesmarketcap.com ranks 1-1000 by market cap (fetched 2026-09-28),,y,Proxy: market-cap top 1500 (Forbes list not available),large,
VeriSign,=VeriSign,United States,companiesmarketcap.com ranks 1-1000 by market cap (fetched 2026-09-28),,y,Proxy: market-cap top 1500 (Forbes list not available),large,
National Bank of Kuwait,National Bank of Kuwait,Kuwait,companiesmarketcap.com ranks 1-1000 by market cap (fetched 2026-09-28),,y,Proxy: market-cap top 1500 (Forbes list not available),large,
Hansoh Pharma,Hansoh Pharma,China,companiesmarketcap.com ranks 1-1000 by market cap (fetched 2026-09-28),,y,Proxy: market-cap top 1500 (Forbes list not available),large,
VICI Properties,VICI Properties,United States,companiesmarketcap.com ranks 1-1000 by market cap (fetched 2026-09-28),,y,Proxy: market-cap top 1500 (Forbes list not available),large,
Lens Technology,Lens Technology,China,companiesmarketcap.com ranks 1-1000 by market cap (fetched 2026-09-28),,y,Proxy: market-cap top 1500 (Forbes list not available),large,
Dover Corporation,Dover Corporation,United States,companiesmarketcap.com ranks 1-1000 by market cap (fetched 2026-09-28),,y,Proxy: market-cap top 1500 (Forbes list not available),large,
Mitsui Fudosan,Mitsui Fudosan,Japan,companiesmarketcap.com ranks 1-1000 by market cap (fetched 2026-09-28),,y,Proxy: market-cap top 1500 (Forbes list not available),large,
MTR Corporation,=MTR,Hong Kong,companiesmarketcap.com ranks 1-1000 by market cap (fetched 2026-09-28),,y,Proxy: market-cap top 1500 (Forbes list not available),large,
Largan Precision,Largan Precision,Taiwan,companiesmarketcap.com ranks 1-1000 by market cap (fetched 2026-09-28),,y,Proxy: market-cap top 1500 (Forbes list not available),large,
Insmed,=Insmed,United States,companiesmarketcap.com ranks 1-1000 by market cap (fetched 2026-09-28),,y,Proxy: market-cap top 1500 (Forbes list not available),large,
Dassault Aviation,Dassault Aviation,France,companiesmarketcap.com ranks 1-1000 by market cap (fetched 2026-09-28),,y,Proxy: market-cap top 1500 (Forbes list not available),large,
China Jushi,China Jushi,China,companiesmarketcap.com ranks 1-1000 by market cap (fetched 2026-09-28),,y,Proxy: market-cap top 1500 (Forbes list not available),large,
BT Group,BT Singapore;British Telecommunications;BT Global,United Kingdom,companiesmarketcap.com ranks 1-1000 by market cap (fetched 2026-09-28),,y,Proxy: market-cap top 1500 (Forbes list not available),large,
Pop Mart International Group,Pop Mart,China,companiesmarketcap.com ranks 1-1000 by market cap (fetched 2026-09-28),,y,Proxy: market-cap top 1500 (Forbes list not available),large,
Amadeus IT Group,Amadeus IT,Spain,companiesmarketcap.com ranks 1-1000 by market cap (fetched 2026-09-28),,y,Proxy: market-cap top 1500 (Forbes list not available),large,
Helvetia Baloise Holding AG,Helvetia Baloise,Switzerland,companiesmarketcap.com ranks 1-1000 by market cap (fetched 2026-09-28),,y,Proxy: market-cap top 1500 (Forbes list not available),large,
Yili Group,=Yili,China,companiesmarketcap.com ranks 1-1000 by market cap (fetched 2026-09-28),,y,Proxy: market-cap top 1500 (Forbes list not available),large,
DTE Energy,DTE Energy,United States,companiesmarketcap.com ranks 1-1000 by market cap (fetched 2026-09-28),,y,Proxy: market-cap top 1500 (Forbes list not available),large,
Nan Ya PCB,Nan Ya PCB,Taiwan,companiesmarketcap.com ranks 1-1000 by market cap (fetched 2026-09-28),,y,Proxy: market-cap top 1500 (Forbes list not available),large,
ATI Inc.,=ATI,United States,companiesmarketcap.com ranks 1-1000 by market cap (fetched 2026-09-28),,y,Proxy: market-cap top 1500 (Forbes list not available),large,
Las Vegas Sands,Las Vegas Sands,United States,companiesmarketcap.com ranks 1-1000 by market cap (fetched 2026-09-28),,y,Proxy: market-cap top 1500 (Forbes list not available),large,
Anta Sports,Anta Sports,China,companiesmarketcap.com ranks 1-1000 by market cap (fetched 2026-09-28),,y,Proxy: market-cap top 1500 (Forbes list not available),large,
EnBW Energie,EnBW Energie,Germany,companiesmarketcap.com ranks 1-1000 by market cap (fetched 2026-09-28),,y,Proxy: market-cap top 1500 (Forbes list not available),large,
Incyte,=Incyte,United States,companiesmarketcap.com ranks 1-1000 by market cap (fetched 2026-09-28),,y,Proxy: market-cap top 1500 (Forbes list not available),large,
LabCorp,=LabCorp,United States,companiesmarketcap.com ranks 1-1000 by market cap (fetched 2026-09-28),,y,Proxy: market-cap top 1500 (Forbes list not available),large,
Otis Worldwide,Otis Worldwide,United States,companiesmarketcap.com ranks 1-1000 by market cap (fetched 2026-09-28),,y,Proxy: market-cap top 1500 (Forbes list not available),large,
F5,=F5,United States,companiesmarketcap.com ranks 1-1000 by market cap (fetched 2026-09-28),,y,Proxy: market-cap top 1500 (Forbes list not available),large,
FirstEnergy,=FirstEnergy,United States,companiesmarketcap.com ranks 1-1000 by market cap (fetched 2026-09-28),,y,Proxy: market-cap top 1500 (Forbes list not available),large,
SharkNinja,=SharkNinja,United States,companiesmarketcap.com ranks 1-1000 by market cap (fetched 2026-09-28),,y,Proxy: market-cap top 1500 (Forbes list not available),large,
ADNOC Drilling Company,ADNOC Drilling,UAE,companiesmarketcap.com ranks 1-1000 by market cap (fetched 2026-09-28),,y,Proxy: market-cap top 1500 (Forbes list not available),large,
Cincinnati Financial,=Cincinnati,United States,companiesmarketcap.com ranks 1-1000 by market cap (fetched 2026-09-28),,y,Proxy: market-cap top 1500 (Forbes list not available),large,
Coupang,Coupang,United States,companiesmarketcap.com ranks 1-1000 by market cap (fetched 2026-09-28),,y,Proxy: market-cap top 1500 (Forbes list not available),large,
East Japan Railway,East Japan Railway,Japan,companiesmarketcap.com ranks 1-1000 by market cap (fetched 2026-09-28),,y,Proxy: market-cap top 1500 (Forbes list not available),large,
Trip.com,Trip.com;Ctrip,China,companiesmarketcap.com ranks 1-1000 by market cap (fetched 2026-09-28),,y,Proxy: market-cap top 1500 (Forbes list not available),large,
Klabin,=Klabin,Brazil,companiesmarketcap.com ranks 1-1000 by market cap (fetched 2026-09-28),,y,Proxy: market-cap top 1500 (Forbes list not available),large,
W. R. Berkley,W. R. Berkley,United States,companiesmarketcap.com ranks 1-1000 by market cap (fetched 2026-09-28),,y,Proxy: market-cap top 1500 (Forbes list not available),large,
Verbund AG,=Verbund,Austria,companiesmarketcap.com ranks 1-1000 by market cap (fetched 2026-09-28),,y,Proxy: market-cap top 1500 (Forbes list not available),large,
HENGTONG Optic-Electric,HENGTONG Optic-Electric,China,companiesmarketcap.com ranks 1-1000 by market cap (fetched 2026-09-28),,y,Proxy: market-cap top 1500 (Forbes list not available),large,
LPL Financial,=LPL,United States,companiesmarketcap.com ranks 1-1000 by market cap (fetched 2026-09-28),,y,Proxy: market-cap top 1500 (Forbes list not available),large,
BioNTech,=BioNTech,Germany,companiesmarketcap.com ranks 1-1000 by market cap (fetched 2026-09-28),,y,Proxy: market-cap top 1500 (Forbes list not available),large,
Fiserv,=Fiserv,United States,companiesmarketcap.com ranks 1-1000 by market cap (fetched 2026-09-28),,y,Proxy: market-cap top 1500 (Forbes list not available),large,
International Consolidated Airlines,International Consolidated Airlines,Spain,companiesmarketcap.com ranks 1-1000 by market cap (fetched 2026-09-28),,y,Proxy: market-cap top 1500 (Forbes list not available),large,
Hubbell,=Hubbell,United States,companiesmarketcap.com ranks 1-1000 by market cap (fetched 2026-09-28),,y,Proxy: market-cap top 1500 (Forbes list not available),large,
CLP Group,=CLP,Hong Kong,companiesmarketcap.com ranks 1-1000 by market cap (fetched 2026-09-28),,y,Proxy: market-cap top 1500 (Forbes list not available),large,
SK Group,SK Innovation;SK Energy;SK Telecom;SK Holdings,South Korea,companiesmarketcap.com ranks 1-1000 by market cap (fetched 2026-09-28),,y,Proxy: market-cap top 1500 (Forbes list not available),large,
Principal Financial Group,Principal Global Investors;Principal Asset Management,United States,companiesmarketcap.com ranks 1-1000 by market cap (fetched 2026-09-28),,y,Proxy: market-cap top 1500 (Forbes list not available),large,
Canon,=Canon,Japan,companiesmarketcap.com ranks 1-1000 by market cap (fetched 2026-09-28),,y,Proxy: market-cap top 1500 (Forbes list not available),large,
Tata Steel,Tata Steel,India,companiesmarketcap.com ranks 1-1000 by market cap (fetched 2026-09-28),,y,Proxy: market-cap top 1500 (Forbes list not available),large,
Asian Paints,Asian Paints,India,companiesmarketcap.com ranks 1-1000 by market cap (fetched 2026-09-28),,y,Proxy: market-cap top 1500 (Forbes list not available),large,
Huatai Securities,Huatai Securities,China,companiesmarketcap.com ranks 1-1000 by market cap (fetched 2026-09-28),,y,Proxy: market-cap top 1500 (Forbes list not available),large,
Shriram Finance,Shriram Finance,India,companiesmarketcap.com ranks 1-1000 by market cap (fetched 2026-09-28),,y,Proxy: market-cap top 1500 (Forbes list not available),large,
Suzuki Motor,Suzuki Motor,Japan,companiesmarketcap.com ranks 1-1000 by market cap (fetched 2026-09-28),,y,Proxy: market-cap top 1500 (Forbes list not available),large,
Philips,Philips,Netherlands,companiesmarketcap.com ranks 1-1000 by market cap (fetched 2026-09-28),,y,Proxy: market-cap top 1500 (Forbes list not available),large,
Aristocrat,=Aristocrat,Australia,companiesmarketcap.com ranks 1-1000 by market cap (fetched 2026-09-28),,y,Proxy: market-cap top 1500 (Forbes list not available),large,
Raiffeisen Bank International,Raiffeisen Bank,Austria,companiesmarketcap.com ranks 1-1000 by market cap (fetched 2026-09-28),,y,Proxy: market-cap top 1500 (Forbes list not available),large,
Expeditors International,=Expeditors,United States,companiesmarketcap.com ranks 1-1000 by market cap (fetched 2026-09-28),,y,Proxy: market-cap top 1500 (Forbes list not available),large,
Imperial Brands,Imperial Brands,United Kingdom,companiesmarketcap.com ranks 1-1000 by market cap (fetched 2026-09-28),,y,Proxy: market-cap top 1500 (Forbes list not available),large,
Smurfit Westrock,Smurfit Westrock,Ireland,companiesmarketcap.com ranks 1-1000 by market cap (fetched 2026-09-28),,y,Proxy: market-cap top 1500 (Forbes list not available),large,
CenterPoint Energy,CenterPoint Energy,United States,companiesmarketcap.com ranks 1-1000 by market cap (fetched 2026-09-28),,y,Proxy: market-cap top 1500 (Forbes list not available),large,
Circle Internet Group,Circle Internet,United States,companiesmarketcap.com ranks 1-1000 by market cap (fetched 2026-09-28),,y,Proxy: market-cap top 1500 (Forbes list not available),large,
ENEOS Holdings,=ENEOS,Japan,companiesmarketcap.com ranks 1-1000 by market cap (fetched 2026-09-28),,y,Proxy: market-cap top 1500 (Forbes list not available),large,
PPL,=PPL,United States,companiesmarketcap.com ranks 1001-1500 by market cap (fetched 2026-09-28),,y,Proxy: market-cap top 1500 (Forbes list not available),large,
QBE Insurance,QBE Insurance,Australia,companiesmarketcap.com ranks 1001-1500 by market cap (fetched 2026-09-28),,y,Proxy: market-cap top 1500 (Forbes list not available),large,
Eversource Energy,Eversource Energy,United States,companiesmarketcap.com ranks 1001-1500 by market cap (fetched 2026-09-28),,y,Proxy: market-cap top 1500 (Forbes list not available),large,
Xylem,=Xylem,United States,companiesmarketcap.com ranks 1001-1500 by market cap (fetched 2026-09-28),,y,Proxy: market-cap top 1500 (Forbes list not available),large,
Hyundai Mobis,Hyundai Mobis,South Korea,companiesmarketcap.com ranks 1001-1500 by market cap (fetched 2026-09-28),,y,Proxy: market-cap top 1500 (Forbes list not available),large,
Industrivarden,=Industrivarden,Sweden,companiesmarketcap.com ranks 1001-1500 by market cap (fetched 2026-09-28),,y,Proxy: market-cap top 1500 (Forbes list not available),large,
Formula One Group,Formula One,United States,companiesmarketcap.com ranks 1001-1500 by market cap (fetched 2026-09-28),,y,Proxy: market-cap top 1500 (Forbes list not available),large,
VAT Group,=VAT,Switzerland,companiesmarketcap.com ranks 1001-1500 by market cap (fetched 2026-09-28),,y,Proxy: market-cap top 1500 (Forbes list not available),large,
Lindt & Sprungli,Lindt & Sprungli,Switzerland,companiesmarketcap.com ranks 1001-1500 by market cap (fetched 2026-09-28),,y,Proxy: market-cap top 1500 (Forbes list not available),large,
NN Group,=NN,Netherlands,companiesmarketcap.com ranks 1001-1500 by market cap (fetched 2026-09-28),,y,Proxy: market-cap top 1500 (Forbes list not available),large,
AST SpaceMobile,AST SpaceMobile,United States,companiesmarketcap.com ranks 1001-1500 by market cap (fetched 2026-09-28),,y,Proxy: market-cap top 1500 (Forbes list not available),large,
GF Securities,GF Securities,China,companiesmarketcap.com ranks 1001-1500 by market cap (fetched 2026-09-28),,y,Proxy: market-cap top 1500 (Forbes list not available),large,
Aluminum Corporation of China,Aluminum Corporation of China;=Chalco,China,companiesmarketcap.com ranks 1001-1500 by market cap (fetched 2026-09-28),,y,Proxy: market-cap top 1500 (Forbes list not available),large,
Banco do Brasil,Banco do Brasil,Brazil,companiesmarketcap.com ranks 1001-1500 by market cap (fetched 2026-09-28),,y,Proxy: market-cap top 1500 (Forbes list not available),large,
Guardant Health,Guardant Health,United States,companiesmarketcap.com ranks 1001-1500 by market cap (fetched 2026-09-28),,y,Proxy: market-cap top 1500 (Forbes list not available),large,
PPG Industries,PPG Industries,United States,companiesmarketcap.com ranks 1001-1500 by market cap (fetched 2026-09-28),,y,Proxy: market-cap top 1500 (Forbes list not available),large,
Alfa Laval,Alfa Laval,Sweden,"companiesmarketcap.com ranks 1001-1500 by market cap (fetched 2026-09-28) + Supplement: curated private/smaller multinationals (Claude, 2026-09-28; review)",,y,Proxy: market-cap top 1500 (Forbes list not available),large,
Sany Heavy Industry,Sany Heavy Industry,China,companiesmarketcap.com ranks 1001-1500 by market cap (fetched 2026-09-28),,y,Proxy: market-cap top 1500 (Forbes list not available),large,
Darden Restaurants,Darden Restaurants,United States,companiesmarketcap.com ranks 1001-1500 by market cap (fetched 2026-09-28),,y,Proxy: market-cap top 1500 (Forbes list not available),large,
ULTA Beauty,ULTA Beauty,United States,companiesmarketcap.com ranks 1001-1500 by market cap (fetched 2026-09-28),,y,Proxy: market-cap top 1500 (Forbes list not available),large,
Veralto,=Veralto,United States,companiesmarketcap.com ranks 1001-1500 by market cap (fetched 2026-09-28),,y,Proxy: market-cap top 1500 (Forbes list not available),large,
Rubrik,=Rubrik,United States,companiesmarketcap.com ranks 1001-1500 by market cap (fetched 2026-09-28),,y,Proxy: market-cap top 1500 (Forbes list not available),large,
Texas Pacific Land Corporation,Texas Pacific Land,United States,companiesmarketcap.com ranks 1001-1500 by market cap (fetched 2026-09-28),,y,Proxy: market-cap top 1500 (Forbes list not available),large,
Synchrony Financial,=Synchrony,United States,companiesmarketcap.com ranks 1001-1500 by market cap (fetched 2026-09-28),,y,Proxy: market-cap top 1500 (Forbes list not available),large,
Abu Dhabi Islamic Bank,Abu Dhabi Islamic Bank,UAE,companiesmarketcap.com ranks 1001-1500 by market cap (fetched 2026-09-28),,y,Proxy: market-cap top 1500 (Forbes list not available),large,
E.SUN Bank,E.SUN Bank,Taiwan,companiesmarketcap.com ranks 1001-1500 by market cap (fetched 2026-09-28),,y,Proxy: market-cap top 1500 (Forbes list not available),large,
First Citizens BancShares,First Citizens BancShares,United States,companiesmarketcap.com ranks 1001-1500 by market cap (fetched 2026-09-28),,y,Proxy: market-cap top 1500 (Forbes list not available),large,
S.F. Express,S.F. Express,China,companiesmarketcap.com ranks 1001-1500 by market cap (fetched 2026-09-28),,y,Proxy: market-cap top 1500 (Forbes list not available),large,
Regions Financial,=Regions,United States,companiesmarketcap.com ranks 1001-1500 by market cap (fetched 2026-09-28),,y,Proxy: market-cap top 1500 (Forbes list not available),large,
Lasertec,=Lasertec,Japan,companiesmarketcap.com ranks 1001-1500 by market cap (fetched 2026-09-28),,y,Proxy: market-cap top 1500 (Forbes list not available),large,
MFHC,=MFHC,Taiwan,companiesmarketcap.com ranks 1001-1500 by market cap (fetched 2026-09-28),,y,Proxy: market-cap top 1500 (Forbes list not available),large,
Aker BP,Aker BP,Norway,companiesmarketcap.com ranks 1001-1500 by market cap (fetched 2026-09-28),,y,Proxy: market-cap top 1500 (Forbes list not available),large,
Ems-Chemie,=Ems-Chemie,Switzerland,companiesmarketcap.com ranks 1001-1500 by market cap (fetched 2026-09-28),,y,Proxy: market-cap top 1500 (Forbes list not available),large,
Samsara,=Samsara,United States,companiesmarketcap.com ranks 1001-1500 by market cap (fetched 2026-09-28),,y,Proxy: market-cap top 1500 (Forbes list not available),large,
Coca-Cola FEMSA,Coca-Cola FEMSA,Mexico,companiesmarketcap.com ranks 1001-1500 by market cap (fetched 2026-09-28),,y,Proxy: market-cap top 1500 (Forbes list not available),large,
AerCap,=AerCap,Ireland,companiesmarketcap.com ranks 1001-1500 by market cap (fetched 2026-09-28),,y,Proxy: market-cap top 1500 (Forbes list not available),large,
Public Bank Bhd,Public Bank Bhd,Malaysia,companiesmarketcap.com ranks 1001-1500 by market cap (fetched 2026-09-28),,y,Proxy: market-cap top 1500 (Forbes list not available),large,
Roku,=Roku,United States,companiesmarketcap.com ranks 1001-1500 by market cap (fetched 2026-09-28),,y,Proxy: market-cap top 1500 (Forbes list not available),large,
ZTE,=ZTE,China,companiesmarketcap.com ranks 1001-1500 by market cap (fetched 2026-09-28),,y,Proxy: market-cap top 1500 (Forbes list not available),large,
Aeon,=Aeon,Japan,companiesmarketcap.com ranks 1001-1500 by market cap (fetched 2026-09-28),,y,Proxy: market-cap top 1500 (Forbes list not available),large,
Central Japan Railway,Central Japan Railway,Japan,companiesmarketcap.com ranks 1001-1500 by market cap (fetched 2026-09-28),,y,Proxy: market-cap top 1500 (Forbes list not available),large,
China Securities,China Securities;CSC Financial,China,companiesmarketcap.com ranks 1001-1500 by market cap (fetched 2026-09-28),,y,Proxy: market-cap top 1500 (Forbes list not available),large,
Nippon Steel,Nippon Steel,Japan,companiesmarketcap.com ranks 1001-1500 by market cap (fetched 2026-09-28),,y,Proxy: market-cap top 1500 (Forbes list not available),large,
Entegris,=Entegris,United States,companiesmarketcap.com ranks 1001-1500 by market cap (fetched 2026-09-28),,y,Proxy: market-cap top 1500 (Forbes list not available),large,
Hindalco Industries,Hindalco Industries,India,companiesmarketcap.com ranks 1001-1500 by market cap (fetched 2026-09-28),,y,Proxy: market-cap top 1500 (Forbes list not available),large,
MTU Aero Engines,MTU Aero Engines,Germany,companiesmarketcap.com ranks 1001-1500 by market cap (fetched 2026-09-28),,y,Proxy: market-cap top 1500 (Forbes list not available),large,
SGS,=SGS,Switzerland,companiesmarketcap.com ranks 1001-1500 by market cap (fetched 2026-09-28),,y,Proxy: market-cap top 1500 (Forbes list not available),large,
Zhejiang Sanhua Intelligent Controls,Zhejiang Sanhua Intelligent Controls,China,companiesmarketcap.com ranks 1001-1500 by market cap (fetched 2026-09-28),,y,Proxy: market-cap top 1500 (Forbes list not available),large,
Church & Dwight,Church & Dwight,United States,companiesmarketcap.com ranks 1001-1500 by market cap (fetched 2026-09-28),,y,Proxy: market-cap top 1500 (Forbes list not available),large,
China Merchants Securities,China Merchants Securities,China,companiesmarketcap.com ranks 1001-1500 by market cap (fetched 2026-09-28),,y,Proxy: market-cap top 1500 (Forbes list not available),large,
EDP Group,=EDP,Portugal,companiesmarketcap.com ranks 1001-1500 by market cap (fetched 2026-09-28),,y,Proxy: market-cap top 1500 (Forbes list not available),large,
Global Payments,Global Payments,United States,companiesmarketcap.com ranks 1001-1500 by market cap (fetched 2026-09-28),,y,Proxy: market-cap top 1500 (Forbes list not available),large,
China Minsheng Bank,China Minsheng Bank,China,companiesmarketcap.com ranks 1001-1500 by market cap (fetched 2026-09-28),,y,Proxy: market-cap top 1500 (Forbes list not available),large,
Grasim Industries,Grasim Industries,India,companiesmarketcap.com ranks 1001-1500 by market cap (fetched 2026-09-28),,y,Proxy: market-cap top 1500 (Forbes list not available),large,
PulteGroup,=PulteGroup,United States,companiesmarketcap.com ranks 1001-1500 by market cap (fetched 2026-09-28),,y,Proxy: market-cap top 1500 (Forbes list not available),large,
Bayan Resources,Bayan Resources,Indonesia,companiesmarketcap.com ranks 1001-1500 by market cap (fetched 2026-09-28),,y,Proxy: market-cap top 1500 (Forbes list not available),large,
Bandai Namco,Bandai Namco,Japan,companiesmarketcap.com ranks 1001-1500 by market cap (fetched 2026-09-28),,y,Proxy: market-cap top 1500 (Forbes list not available),large,
LS ELECTRIC,LS ELECTRIC,South Korea,companiesmarketcap.com ranks 1001-1500 by market cap (fetched 2026-09-28),,y,Proxy: market-cap top 1500 (Forbes list not available),large,
Constellation Oil Services Holding,Constellation Oil,Luxembourg,companiesmarketcap.com ranks 1001-1500 by market cap (fetched 2026-09-28),,y,Proxy: market-cap top 1500 (Forbes list not available),large,
Tapestry,=Tapestry,United States,companiesmarketcap.com ranks 1001-1500 by market cap (fetched 2026-09-28),,y,Proxy: market-cap top 1500 (Forbes list not available),large,
China International Capital Corporation,China International Capital,China,companiesmarketcap.com ranks 1001-1500 by market cap (fetched 2026-09-28),,y,Proxy: market-cap top 1500 (Forbes list not available),large,
ASUS,=ASUS,Taiwan,companiesmarketcap.com ranks 1001-1500 by market cap (fetched 2026-09-28),,y,Proxy: market-cap top 1500 (Forbes list not available),large,
Unipol Assicurazioni,Unipol Assicurazioni,Italy,companiesmarketcap.com ranks 1001-1500 by market cap (fetched 2026-09-28),,y,Proxy: market-cap top 1500 (Forbes list not available),large,
Grupo Cibest,Grupo Cibest;=Bancolombia,Colombia,companiesmarketcap.com ranks 1001-1500 by market cap (fetched 2026-09-28),,y,Proxy: market-cap top 1500 (Forbes list not available),large,
T. Rowe Price,T. Rowe Price,United States,companiesmarketcap.com ranks 1001-1500 by market cap (fetched 2026-09-28),,y,Proxy: market-cap top 1500 (Forbes list not available),large,
Technoprobe,=Technoprobe,Italy,companiesmarketcap.com ranks 1001-1500 by market cap (fetched 2026-09-28),,y,Proxy: market-cap top 1500 (Forbes list not available),large,
Adani Green Energy,Adani Green Energy,India,companiesmarketcap.com ranks 1001-1500 by market cap (fetched 2026-09-28),,y,Proxy: market-cap top 1500 (Forbes list not available),large,
LY Corporation,=LY,Japan,companiesmarketcap.com ranks 1001-1500 by market cap (fetched 2026-09-28),,y,Proxy: market-cap top 1500 (Forbes list not available),large,
InterContinental Hotels Group,InterContinental Hotels,United Kingdom,companiesmarketcap.com ranks 1001-1500 by market cap (fetched 2026-09-28),,y,Proxy: market-cap top 1500 (Forbes list not available),large,
Innovent Biologics,Innovent Biologics,China,companiesmarketcap.com ranks 1001-1500 by market cap (fetched 2026-09-28),,y,Proxy: market-cap top 1500 (Forbes list not available),large,
Rivian,=Rivian,United States,companiesmarketcap.com ranks 1001-1500 by market cap (fetched 2026-09-28),,y,Proxy: market-cap top 1500 (Forbes list not available),large,
Casey's General Stores,Casey's General Stores,United States,companiesmarketcap.com ranks 1001-1500 by market cap (fetched 2026-09-28),,y,Proxy: market-cap top 1500 (Forbes list not available),large,
Next plc,=Next,United Kingdom,companiesmarketcap.com ranks 1001-1500 by market cap (fetched 2026-09-28),,y,Proxy: market-cap top 1500 (Forbes list not available),large,
Northern Star,Northern Star,Australia,companiesmarketcap.com ranks 1001-1500 by market cap (fetched 2026-09-28),,y,Proxy: market-cap top 1500 (Forbes list not available),large,
Arxis,=Arxis,United States,companiesmarketcap.com ranks 1001-1500 by market cap (fetched 2026-09-28),,y,Proxy: market-cap top 1500 (Forbes list not available),large,
Verisk Analytics,Verisk Analytics,United States,companiesmarketcap.com ranks 1001-1500 by market cap (fetched 2026-09-28),,y,Proxy: market-cap top 1500 (Forbes list not available),large,
Tradeweb,=Tradeweb,United States,companiesmarketcap.com ranks 1001-1500 by market cap (fetched 2026-09-28),,y,Proxy: market-cap top 1500 (Forbes list not available),large,
Bank of Nanjing,Bank of Nanjing,China,companiesmarketcap.com ranks 1001-1500 by market cap (fetched 2026-09-28),,y,Proxy: market-cap top 1500 (Forbes list not available),large,
International Flavors & Fragrances,International Flavors & Fragrances,United States,companiesmarketcap.com ranks 1001-1500 by market cap (fetched 2026-09-28),,y,Proxy: market-cap top 1500 (Forbes list not available),large,
Uniper,=Uniper,Germany,companiesmarketcap.com ranks 1001-1500 by market cap (fetched 2026-09-28),,y,Proxy: market-cap top 1500 (Forbes list not available),large,
Coles Group,=Coles,Australia,companiesmarketcap.com ranks 1001-1500 by market cap (fetched 2026-09-28),,y,Proxy: market-cap top 1500 (Forbes list not available),large,
China Unicom,China Unicom,Hong Kong,companiesmarketcap.com ranks 1001-1500 by market cap (fetched 2026-09-28),,y,Proxy: market-cap top 1500 (Forbes list not available),large,
MACOM Technology Solutions,MACOM Technology Solutions,United States,companiesmarketcap.com ranks 1001-1500 by market cap (fetched 2026-09-28),,y,Proxy: market-cap top 1500 (Forbes list not available),large,
Telefonica,=Telefonica,Spain,companiesmarketcap.com ranks 1001-1500 by market cap (fetched 2026-09-28),,y,Proxy: market-cap top 1500 (Forbes list not available),large,
SoFi,=SoFi,United States,companiesmarketcap.com ranks 1001-1500 by market cap (fetched 2026-09-28),,y,Proxy: market-cap top 1500 (Forbes list not available),large,
MTN Group,=MTN,South Africa,companiesmarketcap.com ranks 1001-1500 by market cap (fetched 2026-09-28),,y,Proxy: market-cap top 1500 (Forbes list not available),large,
KeyCorp,=KeyCorp;=KeyBank,United States,companiesmarketcap.com ranks 1001-1500 by market cap (fetched 2026-09-28),,y,Proxy: market-cap top 1500 (Forbes list not available),large,
Hydro One,Hydro One,Canada,companiesmarketcap.com ranks 1001-1500 by market cap (fetched 2026-09-28),,y,Proxy: market-cap top 1500 (Forbes list not available),large,
Bank of Ireland Group,Bank of Ireland,Ireland,companiesmarketcap.com ranks 1001-1500 by market cap (fetched 2026-09-28),,y,Proxy: market-cap top 1500 (Forbes list not available),large,
Snam,=Snam,Italy,companiesmarketcap.com ranks 1001-1500 by market cap (fetched 2026-09-28),,y,Proxy: market-cap top 1500 (Forbes list not available),large,
J. B. Hunt,J. B. Hunt,United States,companiesmarketcap.com ranks 1001-1500 by market cap (fetched 2026-09-28),,y,Proxy: market-cap top 1500 (Forbes list not available),large,
Markel Group,=Markel,United States,companiesmarketcap.com ranks 1001-1500 by market cap (fetched 2026-09-28),,y,Proxy: market-cap top 1500 (Forbes list not available),large,
Loews Corporation,=Loews,United States,companiesmarketcap.com ranks 1001-1500 by market cap (fetched 2026-09-28),,y,Proxy: market-cap top 1500 (Forbes list not available),large,
Naver,=Naver,South Korea,companiesmarketcap.com ranks 1001-1500 by market cap (fetched 2026-09-28),,y,Proxy: market-cap top 1500 (Forbes list not available),large,
Geely,=Geely,China,companiesmarketcap.com ranks 1001-1500 by market cap (fetched 2026-09-28),,y,Proxy: market-cap top 1500 (Forbes list not available),large,
Genmab,=Genmab,Denmark,companiesmarketcap.com ranks 1001-1500 by market cap (fetched 2026-09-28),,y,Proxy: market-cap top 1500 (Forbes list not available),large,
Dollar Tree,Dollar Tree,United States,companiesmarketcap.com ranks 1001-1500 by market cap (fetched 2026-09-28),,y,Proxy: market-cap top 1500 (Forbes list not available),large,
Royal Gold,Royal Gold,United States,companiesmarketcap.com ranks 1001-1500 by market cap (fetched 2026-09-28),,y,Proxy: market-cap top 1500 (Forbes list not available),large,
Geberit,=Geberit,Switzerland,companiesmarketcap.com ranks 1001-1500 by market cap (fetched 2026-09-28),,y,Proxy: market-cap top 1500 (Forbes list not available),large,
Ralph Lauren,Ralph Lauren,United States,companiesmarketcap.com ranks 1001-1500 by market cap (fetched 2026-09-28),,y,Proxy: market-cap top 1500 (Forbes list not available),large,
Riyad Bank,Riyad Bank,Saudi Arabia,companiesmarketcap.com ranks 1001-1500 by market cap (fetched 2026-09-28),,y,Proxy: market-cap top 1500 (Forbes list not available),large,
Multiply Group,=Multiply,UAE,companiesmarketcap.com ranks 1001-1500 by market cap (fetched 2026-09-28),,y,Proxy: market-cap top 1500 (Forbes list not available),large,
Bank Mandiri,Bank Mandiri,Indonesia,companiesmarketcap.com ranks 1001-1500 by market cap (fetched 2026-09-28),,y,Proxy: market-cap top 1500 (Forbes list not available),large,
Legal & General,Legal & General,United Kingdom,companiesmarketcap.com ranks 1001-1500 by market cap (fetched 2026-09-28),,y,Proxy: market-cap top 1500 (Forbes list not available),large,
Banco de Chile,Banco de Chile,Chile,companiesmarketcap.com ranks 1001-1500 by market cap (fetched 2026-09-28),,y,Proxy: market-cap top 1500 (Forbes list not available),large,
Packaging Corporation of America,Packaging Corporation of America,United States,companiesmarketcap.com ranks 1001-1500 by market cap (fetched 2026-09-28),,y,Proxy: market-cap top 1500 (Forbes list not available),large,
Bending Spoons,Bending Spoons,Italy,companiesmarketcap.com ranks 1001-1500 by market cap (fetched 2026-09-28),,y,Proxy: market-cap top 1500 (Forbes list not available),large,
Samsung Fire & Marine Insurance,Samsung Fire & Marine Insurance,South Korea,companiesmarketcap.com ranks 1001-1500 by market cap (fetched 2026-09-28),,y,Proxy: market-cap top 1500 (Forbes list not available),large,
Coca-Cola HBC,Coca-Cola HBC,Switzerland,companiesmarketcap.com ranks 1001-1500 by market cap (fetched 2026-09-28),,y,Proxy: market-cap top 1500 (Forbes list not available),large,
NRG Energy,NRG Energy,United States,companiesmarketcap.com ranks 1001-1500 by market cap (fetched 2026-09-28),,y,Proxy: market-cap top 1500 (Forbes list not available),large,
Eicher Motors,Eicher Motors,India,companiesmarketcap.com ranks 1001-1500 by market cap (fetched 2026-09-28),,y,Proxy: market-cap top 1500 (Forbes list not available),large,
CNH Industrial,CNH Industrial,United Kingdom,companiesmarketcap.com ranks 1001-1500 by market cap (fetched 2026-09-28),,y,Proxy: market-cap top 1500 (Forbes list not available),large,
Sinopac Financial Holdings,=Sinopac,Taiwan,companiesmarketcap.com ranks 1001-1500 by market cap (fetched 2026-09-28),,y,Proxy: market-cap top 1500 (Forbes list not available),large,
Lundin Mining,Lundin Mining,Canada,companiesmarketcap.com ranks 1001-1500 by market cap (fetched 2026-09-28),,y,Proxy: market-cap top 1500 (Forbes list not available),large,
Dr. Sulaiman Al Habib Medical Services Group,Dr. Sulaiman Al Habib Medical,Saudi Arabia,companiesmarketcap.com ranks 1001-1500 by market cap (fetched 2026-09-28),,y,Proxy: market-cap top 1500 (Forbes list not available),large,
CK Infrastructure,CK Infrastructure,Hong Kong,companiesmarketcap.com ranks 1001-1500 by market cap (fetched 2026-09-28),,y,Proxy: market-cap top 1500 (Forbes list not available),large,
Terna,=Terna,Italy,companiesmarketcap.com ranks 1001-1500 by market cap (fetched 2026-09-28),,y,Proxy: market-cap top 1500 (Forbes list not available),large,
CIMB Group,=CIMB,Malaysia,companiesmarketcap.com ranks 1001-1500 by market cap (fetched 2026-09-28),,y,Proxy: market-cap top 1500 (Forbes list not available),large,
Shenzhen Inovance,Shenzhen Inovance,China,companiesmarketcap.com ranks 1001-1500 by market cap (fetched 2026-09-28),,y,Proxy: market-cap top 1500 (Forbes list not available),large,
Bunge Global,Bunge Global,United States,companiesmarketcap.com ranks 1001-1500 by market cap (fetched 2026-09-28),,y,Proxy: market-cap top 1500 (Forbes list not available),large,
Amundi,=Amundi,France,companiesmarketcap.com ranks 1001-1500 by market cap (fetched 2026-09-28),,y,Proxy: market-cap top 1500 (Forbes list not available),large,
Tenet Healthcare,Tenet Healthcare,United States,companiesmarketcap.com ranks 1001-1500 by market cap (fetched 2026-09-28),,y,Proxy: market-cap top 1500 (Forbes list not available),large,
Amrize,=Amrize,Switzerland,companiesmarketcap.com ranks 1001-1500 by market cap (fetched 2026-09-28),,y,Proxy: market-cap top 1500 (Forbes list not available),large,
Southwest Airlines,Southwest Airlines,United States,companiesmarketcap.com ranks 1001-1500 by market cap (fetched 2026-09-28),,y,Proxy: market-cap top 1500 (Forbes list not available),large,
KGI Financial Holding,=KGI,Taiwan,companiesmarketcap.com ranks 1001-1500 by market cap (fetched 2026-09-28),,y,Proxy: market-cap top 1500 (Forbes list not available),large,
Alpha Dhabi,Alpha Dhabi,UAE,companiesmarketcap.com ranks 1001-1500 by market cap (fetched 2026-09-28),,y,Proxy: market-cap top 1500 (Forbes list not available),large,
TD Synnex,TD Synnex,United States,companiesmarketcap.com ranks 1001-1500 by market cap (fetched 2026-09-28),,y,Proxy: market-cap top 1500 (Forbes list not available),large,
Expand Energy,Expand Energy,United States,companiesmarketcap.com ranks 1001-1500 by market cap (fetched 2026-09-28),,y,Proxy: market-cap top 1500 (Forbes list not available),large,
Nidec,=Nidec,Japan,companiesmarketcap.com ranks 1001-1500 by market cap (fetched 2026-09-28),,y,Proxy: market-cap top 1500 (Forbes list not available),large,
TVS Motor,TVS Motor,India,companiesmarketcap.com ranks 1001-1500 by market cap (fetched 2026-09-28),,y,Proxy: market-cap top 1500 (Forbes list not available),large,
Lite-On Technology,Lite-On Technology,Taiwan,companiesmarketcap.com ranks 1001-1500 by market cap (fetched 2026-09-28),,y,Proxy: market-cap top 1500 (Forbes list not available),large,
CK Asset Holdings,CK Asset,Hong Kong,companiesmarketcap.com ranks 1001-1500 by market cap (fetched 2026-09-28),,y,Proxy: market-cap top 1500 (Forbes list not available),large,
Viatris,=Viatris,United States,companiesmarketcap.com ranks 1001-1500 by market cap (fetched 2026-09-28),,y,Proxy: market-cap top 1500 (Forbes list not available),large,
Galp Energia,Galp Energia,Portugal,companiesmarketcap.com ranks 1001-1500 by market cap (fetched 2026-09-28),,y,Proxy: market-cap top 1500 (Forbes list not available),large,
YPF,=YPF,Argentina,companiesmarketcap.com ranks 1001-1500 by market cap (fetched 2026-09-28),,y,Proxy: market-cap top 1500 (Forbes list not available),large,
Fuyao Glass Industry Group,Fuyao Glass Industry,China,companiesmarketcap.com ranks 1001-1500 by market cap (fetched 2026-09-28),,y,Proxy: market-cap top 1500 (Forbes list not available),large,
United Therapeutics,United Therapeutics,United States,companiesmarketcap.com ranks 1001-1500 by market cap (fetched 2026-09-28),,y,Proxy: market-cap top 1500 (Forbes list not available),large,
Steris,=Steris,Ireland,companiesmarketcap.com ranks 1001-1500 by market cap (fetched 2026-09-28),,y,Proxy: market-cap top 1500 (Forbes list not available),large,
Brown & Brown,Brown & Brown,United States,companiesmarketcap.com ranks 1001-1500 by market cap (fetched 2026-09-28),,y,Proxy: market-cap top 1500 (Forbes list not available),large,
XPO Logistics,XPO Logistics,United States,companiesmarketcap.com ranks 1001-1500 by market cap (fetched 2026-09-28),,y,Proxy: market-cap top 1500 (Forbes list not available),large,
Edison International,=Edison,United States,companiesmarketcap.com ranks 1001-1500 by market cap (fetched 2026-09-28),,y,Proxy: market-cap top 1500 (Forbes list not available),large,
Dow,=Dow,United States,companiesmarketcap.com ranks 1001-1500 by market cap (fetched 2026-09-28),,y,Proxy: market-cap top 1500 (Forbes list not available),large,
Kao,=Kao,Japan,"companiesmarketcap.com ranks 1001-1500 by market cap (fetched 2026-09-28) + Supplement: curated private/smaller multinationals (Claude, 2026-09-28; review)",,y,Proxy: market-cap top 1500 (Forbes list not available),large,
Industrias Penoles,Industrias Penoles,Mexico,companiesmarketcap.com ranks 1001-1500 by market cap (fetched 2026-09-28),,y,Proxy: market-cap top 1500 (Forbes list not available),large,
JX Advanced Metals,JX Advanced Metals,Japan,companiesmarketcap.com ranks 1001-1500 by market cap (fetched 2026-09-28),,y,Proxy: market-cap top 1500 (Forbes list not available),large,
Banco Sabadell,Banco Sabadell,Spain,companiesmarketcap.com ranks 1001-1500 by market cap (fetched 2026-09-28),,y,Proxy: market-cap top 1500 (Forbes list not available),large,
US Foods,US Foods,United States,companiesmarketcap.com ranks 1001-1500 by market cap (fetched 2026-09-28),,y,Proxy: market-cap top 1500 (Forbes list not available),large,
Banco Comercial Portugues,Banco Comercial Portugues;Millennium bcp,Portugal,companiesmarketcap.com ranks 1001-1500 by market cap (fetched 2026-09-28),,y,Proxy: market-cap top 1500 (Forbes list not available),large,
Bank of Shanghai,Bank of Shanghai,China,companiesmarketcap.com ranks 1001-1500 by market cap (fetched 2026-09-28),,y,Proxy: market-cap top 1500 (Forbes list not available),large,
Mizrahi-Tefahot,=Mizrahi-Tefahot,Israel,companiesmarketcap.com ranks 1001-1500 by market cap (fetched 2026-09-28),,y,Proxy: market-cap top 1500 (Forbes list not available),large,
Hua Nan Financial Holdings,Hua Nan,Taiwan,companiesmarketcap.com ranks 1001-1500 by market cap (fetched 2026-09-28),,y,Proxy: market-cap top 1500 (Forbes list not available),large,
Traton,=Traton,Germany,companiesmarketcap.com ranks 1001-1500 by market cap (fetched 2026-09-28),,y,Proxy: market-cap top 1500 (Forbes list not available),large,
Indian Oil,Indian Oil,India,companiesmarketcap.com ranks 1001-1500 by market cap (fetched 2026-09-28),,y,Proxy: market-cap top 1500 (Forbes list not available),large,
Shandong Gold Mining,Shandong Gold Mining,China,companiesmarketcap.com ranks 1001-1500 by market cap (fetched 2026-09-28),,y,Proxy: market-cap top 1500 (Forbes list not available),large,
China Northern Rare Earth,China Northern Rare Earth,China,companiesmarketcap.com ranks 1001-1500 by market cap (fetched 2026-09-28),,y,Proxy: market-cap top 1500 (Forbes list not available),large,
InterGlobe Aviation,InterGlobe Aviation;=IndiGo,India,companiesmarketcap.com ranks 1001-1500 by market cap (fetched 2026-09-28),,y,Proxy: market-cap top 1500 (Forbes list not available),large,
Curtiss-Wright,=Curtiss-Wright,United States,companiesmarketcap.com ranks 1001-1500 by market cap (fetched 2026-09-28),,y,Proxy: market-cap top 1500 (Forbes list not available),large,
Kubota,=Kubota,Japan,companiesmarketcap.com ranks 1001-1500 by market cap (fetched 2026-09-28),,y,Proxy: market-cap top 1500 (Forbes list not available),large,
Pan American Silver,Pan American Silver,Canada,companiesmarketcap.com ranks 1001-1500 by market cap (fetched 2026-09-28),,y,Proxy: market-cap top 1500 (Forbes list not available),large,
SiTime,=SiTime,United States,companiesmarketcap.com ranks 1001-1500 by market cap (fetched 2026-09-28),,y,Proxy: market-cap top 1500 (Forbes list not available),large,
Kingspan Group,=Kingspan,Ireland,companiesmarketcap.com ranks 1001-1500 by market cap (fetched 2026-09-28),,y,Proxy: market-cap top 1500 (Forbes list not available),large,
Hyosung Heavy Industries,Hyosung Heavy Industries,South Korea,companiesmarketcap.com ranks 1001-1500 by market cap (fetched 2026-09-28),,y,Proxy: market-cap top 1500 (Forbes list not available),large,
Torrent Pharmaceuticals,Torrent Pharmaceuticals,India,companiesmarketcap.com ranks 1001-1500 by market cap (fetched 2026-09-28),,y,Proxy: market-cap top 1500 (Forbes list not available),large,
Lennar,=Lennar,United States,companiesmarketcap.com ranks 1001-1500 by market cap (fetched 2026-09-28),,y,Proxy: market-cap top 1500 (Forbes list not available),large,
Knorr-Bremse,=Knorr-Bremse,Germany,companiesmarketcap.com ranks 1001-1500 by market cap (fetched 2026-09-28),,y,Proxy: market-cap top 1500 (Forbes list not available),large,
Advantech,=Advantech,Taiwan,companiesmarketcap.com ranks 1001-1500 by market cap (fetched 2026-09-28),,y,Proxy: market-cap top 1500 (Forbes list not available),large,
China Tower,China Tower,China,companiesmarketcap.com ranks 1001-1500 by market cap (fetched 2026-09-28),,y,Proxy: market-cap top 1500 (Forbes list not available),large,
Reliance Inc,=Reliance,United States,companiesmarketcap.com ranks 1001-1500 by market cap (fetched 2026-09-28),,y,Proxy: market-cap top 1500 (Forbes list not available),large,
Capgemini,=Capgemini,France,companiesmarketcap.com ranks 1001-1500 by market cap (fetched 2026-09-28),,y,Proxy: market-cap top 1500 (Forbes list not available),large,
Coeur Mining,Coeur Mining,United States,companiesmarketcap.com ranks 1001-1500 by market cap (fetched 2026-09-28),,y,Proxy: market-cap top 1500 (Forbes list not available),large,
Evolution Mining,Evolution Mining,Australia,companiesmarketcap.com ranks 1001-1500 by market cap (fetched 2026-09-28),,y,Proxy: market-cap top 1500 (Forbes list not available),large,
Carpenter Technology,Carpenter Technology,United States,companiesmarketcap.com ranks 1001-1500 by market cap (fetched 2026-09-28),,y,Proxy: market-cap top 1500 (Forbes list not available),large,
Amcor,=Amcor,Switzerland,companiesmarketcap.com ranks 1001-1500 by market cap (fetched 2026-09-28),,y,Proxy: market-cap top 1500 (Forbes list not available),large,
Banca Mediolanum,Banca Mediolanum,Italy,companiesmarketcap.com ranks 1001-1500 by market cap (fetched 2026-09-28),,y,Proxy: market-cap top 1500 (Forbes list not available),large,
Alinma Bank,Alinma Bank,Saudi Arabia,companiesmarketcap.com ranks 1001-1500 by market cap (fetched 2026-09-28),,y,Proxy: market-cap top 1500 (Forbes list not available),large,
Wartsila,=Wartsila,Finland,companiesmarketcap.com ranks 1001-1500 by market cap (fetched 2026-09-28),,y,Proxy: market-cap top 1500 (Forbes list not available),large,
Beiersdorf,=Beiersdorf,Germany,"companiesmarketcap.com ranks 1001-1500 by market cap (fetched 2026-09-28) + Supplement: curated private/smaller multinationals (Claude, 2026-09-28; review)",,y,Proxy: market-cap top 1500 (Forbes list not available),large,
BCE Inc.,=BCE,Canada,companiesmarketcap.com ranks 1001-1500 by market cap (fetched 2026-09-28),,y,Proxy: market-cap top 1500 (Forbes list not available),large,
KEPCO,=KEPCO,Japan,companiesmarketcap.com ranks 1001-1500 by market cap (fetched 2026-09-28),,y,Proxy: market-cap top 1500 (Forbes list not available),large,
Santos,=Santos,Australia,companiesmarketcap.com ranks 1001-1500 by market cap (fetched 2026-09-28),,y,Proxy: market-cap top 1500 (Forbes list not available),large,
Rongsheng Petrochemical,Rongsheng Petrochemical,China,companiesmarketcap.com ranks 1001-1500 by market cap (fetched 2026-09-28),,y,Proxy: market-cap top 1500 (Forbes list not available),large,
Woodward,=Woodward,United States,companiesmarketcap.com ranks 1001-1500 by market cap (fetched 2026-09-28),,y,Proxy: market-cap top 1500 (Forbes list not available),large,
Borouge,=Borouge,UAE,companiesmarketcap.com ranks 1001-1500 by market cap (fetched 2026-09-28),,y,Proxy: market-cap top 1500 (Forbes list not available),large,
CMS Energy,CMS Energy,United States,companiesmarketcap.com ranks 1001-1500 by market cap (fetched 2026-09-28),,y,Proxy: market-cap top 1500 (Forbes list not available),large,
Constellation Brands,Constellation Brands,United States,companiesmarketcap.com ranks 1001-1500 by market cap (fetched 2026-09-28),,y,Proxy: market-cap top 1500 (Forbes list not available),large,
China Galaxy Securities,China Galaxy Securities,China,companiesmarketcap.com ranks 1001-1500 by market cap (fetched 2026-09-28),,y,Proxy: market-cap top 1500 (Forbes list not available),large,
Eurobank Ergasias,Eurobank Ergasias,Greece,companiesmarketcap.com ranks 1001-1500 by market cap (fetched 2026-09-28),,y,Proxy: market-cap top 1500 (Forbes list not available),large,
Bank Pekao,Bank Pekao,Poland,companiesmarketcap.com ranks 1001-1500 by market cap (fetched 2026-09-28),,y,Proxy: market-cap top 1500 (Forbes list not available),large,
Arca Continental,Arca Continental,Mexico,companiesmarketcap.com ranks 1001-1500 by market cap (fetched 2026-09-28),,y,Proxy: market-cap top 1500 (Forbes list not available),large,
Sociedad Quimica y Minera,Sociedad Quimica y Minera;=SQM,Chile,companiesmarketcap.com ranks 1001-1500 by market cap (fetched 2026-09-28),,y,Proxy: market-cap top 1500 (Forbes list not available),large,
First Solar,First Solar,United States,companiesmarketcap.com ranks 1001-1500 by market cap (fetched 2026-09-28),,y,Proxy: market-cap top 1500 (Forbes list not available),large,
Snap-on,=Snap-on,United States,companiesmarketcap.com ranks 1001-1500 by market cap (fetched 2026-09-28),,y,Proxy: market-cap top 1500 (Forbes list not available),large,
PT Amman Mineral Internasional,PT Amman Mineral Internasional,Indonesia,companiesmarketcap.com ranks 1001-1500 by market cap (fetched 2026-09-28),,y,Proxy: market-cap top 1500 (Forbes list not available),large,
Doosan,=Doosan,South Korea,companiesmarketcap.com ranks 1001-1500 by market cap (fetched 2026-09-28),,y,Proxy: market-cap top 1500 (Forbes list not available),large,
HF Sinclair,HF Sinclair,United States,companiesmarketcap.com ranks 1001-1500 by market cap (fetched 2026-09-28),,y,Proxy: market-cap top 1500 (Forbes list not available),large,
Best Buy,Best Buy,United States,companiesmarketcap.com ranks 1001-1500 by market cap (fetched 2026-09-28),,y,Proxy: market-cap top 1500 (Forbes list not available),large,
Baosteel,=Baosteel,China,companiesmarketcap.com ranks 1001-1500 by market cap (fetched 2026-09-28),,y,Proxy: market-cap top 1500 (Forbes list not available),large,
Broadridge Financial Solutions,Broadridge Financial Solutions,United States,companiesmarketcap.com ranks 1001-1500 by market cap (fetched 2026-09-28),,y,Proxy: market-cap top 1500 (Forbes list not available),large,
Woori Financial Group,=Woori,South Korea,companiesmarketcap.com ranks 1001-1500 by market cap (fetched 2026-09-28),,y,Proxy: market-cap top 1500 (Forbes list not available),large,
SHEIN Global Holdings,SHEIN Global,China,companiesmarketcap.com ranks 1001-1500 by market cap (fetched 2026-09-28),,y,Proxy: market-cap top 1500 (Forbes list not available),large,
China National Uranium,China National Uranium,China,companiesmarketcap.com ranks 1001-1500 by market cap (fetched 2026-09-28),,y,Proxy: market-cap top 1500 (Forbes list not available),large,
NiSource,=NiSource,United States,companiesmarketcap.com ranks 1001-1500 by market cap (fetched 2026-09-28),,y,Proxy: market-cap top 1500 (Forbes list not available),large,
Nippon Yusen,Nippon Yusen;NYK Line,Japan,companiesmarketcap.com ranks 1001-1500 by market cap (fetched 2026-09-28),,y,Proxy: market-cap top 1500 (Forbes list not available),large,
CRRC,=CRRC,China,companiesmarketcap.com ranks 1001-1500 by market cap (fetched 2026-09-28),,y,Proxy: market-cap top 1500 (Forbes list not available),large,
IHI Corporation,=IHI,Japan,companiesmarketcap.com ranks 1001-1500 by market cap (fetched 2026-09-28),,y,Proxy: market-cap top 1500 (Forbes list not available),large,
Western Midstream,Western Midstream,United States,companiesmarketcap.com ranks 1001-1500 by market cap (fetched 2026-09-28),,y,Proxy: market-cap top 1500 (Forbes list not available),large,
Sumitomo Realty & Development,Sumitomo Realty & Development,Japan,companiesmarketcap.com ranks 1001-1500 by market cap (fetched 2026-09-28),,y,Proxy: market-cap top 1500 (Forbes list not available),large,
HD Hyundai Electric,HD Hyundai Electric,South Korea,companiesmarketcap.com ranks 1001-1500 by market cap (fetched 2026-09-28),,y,Proxy: market-cap top 1500 (Forbes list not available),large,
Bouygues,=Bouygues,France,companiesmarketcap.com ranks 1001-1500 by market cap (fetched 2026-09-28),,y,Proxy: market-cap top 1500 (Forbes list not available),large,
LyondellBasell,=LyondellBasell,United States,companiesmarketcap.com ranks 1001-1500 by market cap (fetched 2026-09-28),,y,Proxy: market-cap top 1500 (Forbes list not available),large,
Singapore Exchange,Singapore Exchange,Singapore,"companiesmarketcap.com ranks 1001-1500 by market cap (fetched 2026-09-28) + Supplement: curated private/smaller multinationals (Claude, 2026-09-28; review)",Singapore-HQ group with operations outside Singapore (curated; verify),y,Proxy: market-cap top 1500 (Forbes list not available),large,
Straumann,=Straumann,Switzerland,companiesmarketcap.com ranks 1001-1500 by market cap (fetched 2026-09-28),,y,Proxy: market-cap top 1500 (Forbes list not available),large,
Essex Property Trust,Essex Property Trust,United States,companiesmarketcap.com ranks 1001-1500 by market cap (fetched 2026-09-28),,y,Proxy: market-cap top 1500 (Forbes list not available),large,
Partners Group,=Partners,Switzerland,companiesmarketcap.com ranks 1001-1500 by market cap (fetched 2026-09-28),,y,Proxy: market-cap top 1500 (Forbes list not available),large,
ASICS Corporation,=ASICS,Japan,companiesmarketcap.com ranks 1001-1500 by market cap (fetched 2026-09-28),,y,Proxy: market-cap top 1500 (Forbes list not available),large,
Solar Industries India,Solar Industries India,India,companiesmarketcap.com ranks 1001-1500 by market cap (fetched 2026-09-28),,y,Proxy: market-cap top 1500 (Forbes list not available),large,
QNB Finansbank,QNB Finansbank,Turkey,companiesmarketcap.com ranks 1001-1500 by market cap (fetched 2026-09-28),,y,Proxy: market-cap top 1500 (Forbes list not available),large,
Fair Isaac,Fair Isaac;=FICO,United States,companiesmarketcap.com ranks 1001-1500 by market cap (fetched 2026-09-28),,y,Proxy: market-cap top 1500 (Forbes list not available),large,
Bank of Hangzhou,Bank of Hangzhou,China,companiesmarketcap.com ranks 1001-1500 by market cap (fetched 2026-09-28),,y,Proxy: market-cap top 1500 (Forbes list not available),large,
Shanghai International Port Group,Shanghai International Port,China,companiesmarketcap.com ranks 1001-1500 by market cap (fetched 2026-09-28),,y,Proxy: market-cap top 1500 (Forbes list not available),large,
Krung Thai Bank,Krung Thai Bank,Thailand,companiesmarketcap.com ranks 1001-1500 by market cap (fetched 2026-09-28),,y,Proxy: market-cap top 1500 (Forbes list not available),large,
International Paper,International Paper,United States,companiesmarketcap.com ranks 1001-1500 by market cap (fetched 2026-09-28),,y,Proxy: market-cap top 1500 (Forbes list not available),large,
Telefonica Brasil,Telefonica Brasil,Brazil,companiesmarketcap.com ranks 1001-1500 by market cap (fetched 2026-09-28),,y,Proxy: market-cap top 1500 (Forbes list not available),large,
ITT,=ITT,United States,companiesmarketcap.com ranks 1001-1500 by market cap (fetched 2026-09-28),,y,Proxy: market-cap top 1500 (Forbes list not available),large,
SK Innovation,SK Innovation,South Korea,companiesmarketcap.com ranks 1001-1500 by market cap (fetched 2026-09-28),,y,Proxy: market-cap top 1500 (Forbes list not available),large,
Wistron Corporation,=Wistron,Taiwan,companiesmarketcap.com ranks 1001-1500 by market cap (fetched 2026-09-28),,y,Proxy: market-cap top 1500 (Forbes list not available),large,
SS&C Technologies,SS&C Technologies,United States,companiesmarketcap.com ranks 1001-1500 by market cap (fetched 2026-09-28),,y,Proxy: market-cap top 1500 (Forbes list not available),large,
IonQ,=IonQ,United States,companiesmarketcap.com ranks 1001-1500 by market cap (fetched 2026-09-28),,y,Proxy: market-cap top 1500 (Forbes list not available),large,
Nutanix,=Nutanix,United States,companiesmarketcap.com ranks 1001-1500 by market cap (fetched 2026-09-28),,y,Proxy: market-cap top 1500 (Forbes list not available),large,
Kaspi.kz,=Kaspi.kz,Kazakhstan,companiesmarketcap.com ranks 1001-1500 by market cap (fetched 2026-09-28),,y,Proxy: market-cap top 1500 (Forbes list not available),large,
Tenaga Nasional,Tenaga Nasional,Malaysia,companiesmarketcap.com ranks 1001-1500 by market cap (fetched 2026-09-28),,y,Proxy: market-cap top 1500 (Forbes list not available),large,
Chery Automobile,Chery Automobile,China,companiesmarketcap.com ranks 1001-1500 by market cap (fetched 2026-09-28),,y,Proxy: market-cap top 1500 (Forbes list not available),large,
Telenor,=Telenor,Norway,companiesmarketcap.com ranks 1001-1500 by market cap (fetched 2026-09-28),,y,Proxy: market-cap top 1500 (Forbes list not available),large,
SAIC Motor,SAIC Motor,China,companiesmarketcap.com ranks 1001-1500 by market cap (fetched 2026-09-28),,y,Proxy: market-cap top 1500 (Forbes list not available),large,
Konami Holdings,=Konami,Japan,companiesmarketcap.com ranks 1001-1500 by market cap (fetched 2026-09-28),,y,Proxy: market-cap top 1500 (Forbes list not available),large,
Fidelity National Information Services,Fidelity National Information;=FIS,United States,companiesmarketcap.com ranks 1001-1500 by market cap (fetched 2026-09-28),,y,Proxy: market-cap top 1500 (Forbes list not available),large,
Unity Software,Unity Software,United States,companiesmarketcap.com ranks 1001-1500 by market cap (fetched 2026-09-28),,y,Proxy: market-cap top 1500 (Forbes list not available),large,
Hwatsing Technology,Hwatsing Technology,China,companiesmarketcap.com ranks 1001-1500 by market cap (fetched 2026-09-28),,y,Proxy: market-cap top 1500 (Forbes list not available),large,
The Saudi British Bank,Saudi British Bank,Saudi Arabia,companiesmarketcap.com ranks 1001-1500 by market cap (fetched 2026-09-28),,y,Proxy: market-cap top 1500 (Forbes list not available),large,
Hongkong Land,Hongkong Land,Hong Kong,companiesmarketcap.com ranks 1001-1500 by market cap (fetched 2026-09-28),,y,Proxy: market-cap top 1500 (Forbes list not available),large,
SBI Life Insurance,SBI Life Insurance,India,companiesmarketcap.com ranks 1001-1500 by market cap (fetched 2026-09-28),,y,Proxy: market-cap top 1500 (Forbes list not available),large,
Samvardhana Motherson,Samvardhana Motherson,India,companiesmarketcap.com ranks 1001-1500 by market cap (fetched 2026-09-28),,y,Proxy: market-cap top 1500 (Forbes list not available),large,
Sabesp,=Sabesp,Brazil,companiesmarketcap.com ranks 1001-1500 by market cap (fetched 2026-09-28),,y,Proxy: market-cap top 1500 (Forbes list not available),large,
AVIC Shenyang Aircraft,AVIC Shenyang Aircraft,China,companiesmarketcap.com ranks 1001-1500 by market cap (fetched 2026-09-28),,y,Proxy: market-cap top 1500 (Forbes list not available),large,
Nordson,=Nordson,United States,companiesmarketcap.com ranks 1001-1500 by market cap (fetched 2026-09-28),,y,Proxy: market-cap top 1500 (Forbes list not available),large,
Lattice Semiconductor,Lattice Semiconductor,United States,companiesmarketcap.com ranks 1001-1500 by market cap (fetched 2026-09-28),,y,Proxy: market-cap top 1500 (Forbes list not available),large,
Euronext,=Euronext,Netherlands,companiesmarketcap.com ranks 1001-1500 by market cap (fetched 2026-09-28),,y,Proxy: market-cap top 1500 (Forbes list not available),large,
Nomura Research Institute,Nomura Research Institute,Japan,companiesmarketcap.com ranks 1001-1500 by market cap (fetched 2026-09-28),,y,Proxy: market-cap top 1500 (Forbes list not available),large,
Telia Company,=Telia,Sweden,companiesmarketcap.com ranks 1001-1500 by market cap (fetched 2026-09-28),,y,Proxy: market-cap top 1500 (Forbes list not available),large,
Cellnex Telecom,Cellnex Telecom,Spain,companiesmarketcap.com ranks 1001-1500 by market cap (fetched 2026-09-28),,y,Proxy: market-cap top 1500 (Forbes list not available),large,
Resonac Holdings Corporation,=Resonac,Japan,companiesmarketcap.com ranks 1001-1500 by market cap (fetched 2026-09-28),,y,Proxy: market-cap top 1500 (Forbes list not available),large,
Evergy,=Evergy,United States,companiesmarketcap.com ranks 1001-1500 by market cap (fetched 2026-09-28),,y,Proxy: market-cap top 1500 (Forbes list not available),large,
Xi'an Eswin Material Technology,Xi'an Eswin Material Technology,China,companiesmarketcap.com ranks 1001-1500 by market cap (fetched 2026-09-28),,y,Proxy: market-cap top 1500 (Forbes list not available),large,
General Mills,General Mills,United States,companiesmarketcap.com ranks 1001-1500 by market cap (fetched 2026-09-28),,y,Proxy: market-cap top 1500 (Forbes list not available),large,
Wilmar International,=Wilmar,Singapore,"companiesmarketcap.com ranks 1001-1500 by market cap (fetched 2026-09-28) + Supplement: curated private/smaller multinationals (Claude, 2026-09-28; review)",Singapore-HQ group with operations outside Singapore (curated; verify),y,Proxy: market-cap top 1500 (Forbes list not available),large,
Hanwha Ocean,Hanwha Ocean,South Korea,companiesmarketcap.com ranks 1001-1500 by market cap (fetched 2026-09-28),,y,Proxy: market-cap top 1500 (Forbes list not available),large,
FTAI Aviation,FTAI Aviation,United States,companiesmarketcap.com ranks 1001-1500 by market cap (fetched 2026-09-28),,y,Proxy: market-cap top 1500 (Forbes list not available),large,
KE Holdings,=KE,China,companiesmarketcap.com ranks 1001-1500 by market cap (fetched 2026-09-28),,y,Proxy: market-cap top 1500 (Forbes list not available),large,
China Steel,China Steel,Taiwan,companiesmarketcap.com ranks 1001-1500 by market cap (fetched 2026-09-28),,y,Proxy: market-cap top 1500 (Forbes list not available),large,
Hyundai Motor India,Hyundai Motor India,India,companiesmarketcap.com ranks 1001-1500 by market cap (fetched 2026-09-28),,y,Proxy: market-cap top 1500 (Forbes list not available),large,
Daiwa House,Daiwa House,Japan,companiesmarketcap.com ranks 1001-1500 by market cap (fetched 2026-09-28),,y,Proxy: market-cap top 1500 (Forbes list not available),large,
IHH Healthcare,IHH Healthcare,Malaysia,companiesmarketcap.com ranks 1001-1500 by market cap (fetched 2026-09-28),,y,Proxy: market-cap top 1500 (Forbes list not available),large,
Mashreqbank,=Mashreqbank,UAE,companiesmarketcap.com ranks 1001-1500 by market cap (fetched 2026-09-28),,y,Proxy: market-cap top 1500 (Forbes list not available),large,
Kasikornbank,=Kasikornbank,Thailand,companiesmarketcap.com ranks 1001-1500 by market cap (fetched 2026-09-28),,y,Proxy: market-cap top 1500 (Forbes list not available),large,
Tyson Foods,Tyson Foods,United States,companiesmarketcap.com ranks 1001-1500 by market cap (fetched 2026-09-28),,y,Proxy: market-cap top 1500 (Forbes list not available),large,
First Financial Holding,=First,Taiwan,companiesmarketcap.com ranks 1001-1500 by market cap (fetched 2026-09-28),,y,Proxy: market-cap top 1500 (Forbes list not available),large,
WESCO International,=WESCO,United States,companiesmarketcap.com ranks 1001-1500 by market cap (fetched 2026-09-28),,y,Proxy: market-cap top 1500 (Forbes list not available),large,
Permian Resources,Permian Resources,United States,companiesmarketcap.com ranks 1001-1500 by market cap (fetched 2026-09-28),,y,Proxy: market-cap top 1500 (Forbes list not available),large,
Grupo Carso,Grupo Carso,Mexico,companiesmarketcap.com ranks 1001-1500 by market cap (fetched 2026-09-28),,y,Proxy: market-cap top 1500 (Forbes list not available),large,
Vodacom,=Vodacom,South Africa,companiesmarketcap.com ranks 1001-1500 by market cap (fetched 2026-09-28),,y,Proxy: market-cap top 1500 (Forbes list not available),large,
Genuine Parts Company,Genuine Parts,United States,companiesmarketcap.com ranks 1001-1500 by market cap (fetched 2026-09-28),,y,Proxy: market-cap top 1500 (Forbes list not available),large,
Swire Properties,Swire Properties,Hong Kong,companiesmarketcap.com ranks 1001-1500 by market cap (fetched 2026-09-28),,y,Proxy: market-cap top 1500 (Forbes list not available),large,
National Bank of Greece,National Bank of Greece,Greece,companiesmarketcap.com ranks 1001-1500 by market cap (fetched 2026-09-28),,y,Proxy: market-cap top 1500 (Forbes list not available),large,
DuPont de Nemours,DuPont de Nemours,United States,companiesmarketcap.com ranks 1001-1500 by market cap (fetched 2026-09-28),,y,Proxy: market-cap top 1500 (Forbes list not available),large,
ageas,=ageas,Belgium,companiesmarketcap.com ranks 1001-1500 by market cap (fetched 2026-09-28),,y,Proxy: market-cap top 1500 (Forbes list not available),large,
Air China,Air China,China,companiesmarketcap.com ranks 1001-1500 by market cap (fetched 2026-09-28),,y,Proxy: market-cap top 1500 (Forbes list not available),large,
Great Wall Motors,Great Wall Motors,China,companiesmarketcap.com ranks 1001-1500 by market cap (fetched 2026-09-28),,y,Proxy: market-cap top 1500 (Forbes list not available),large,
SDIC Power Holdings,SDIC Power,China,companiesmarketcap.com ranks 1001-1500 by market cap (fetched 2026-09-28),,y,Proxy: market-cap top 1500 (Forbes list not available),large,
Galaxy Entertainment,Galaxy Entertainment,Hong Kong,companiesmarketcap.com ranks 1001-1500 by market cap (fetched 2026-09-28),,y,Proxy: market-cap top 1500 (Forbes list not available),large,
PTT Exploration and Production,PTT Exploration and Production,Thailand,companiesmarketcap.com ranks 1001-1500 by market cap (fetched 2026-09-28),,y,Proxy: market-cap top 1500 (Forbes list not available),large,
Toast,=Toast,United States,companiesmarketcap.com ranks 1001-1500 by market cap (fetched 2026-09-28),,y,Proxy: market-cap top 1500 (Forbes list not available),large,
Julius Baer,Julius Baer,Switzerland,"companiesmarketcap.com ranks 1001-1500 by market cap (fetched 2026-09-28) + Supplement: curated private/smaller multinationals (Claude, 2026-09-28; review)",,y,Proxy: market-cap top 1500 (Forbes list not available),large,
DLF,=DLF,India,companiesmarketcap.com ranks 1001-1500 by market cap (fetched 2026-09-28),,y,Proxy: market-cap top 1500 (Forbes list not available),large,
Essity,=Essity,Sweden,companiesmarketcap.com ranks 1001-1500 by market cap (fetched 2026-09-28),,y,Proxy: market-cap top 1500 (Forbes list not available),large,
MKS Instruments,MKS Instruments,United States,companiesmarketcap.com ranks 1001-1500 by market cap (fetched 2026-09-28),,y,Proxy: market-cap top 1500 (Forbes list not available),large,
SBA Communications,SBA Communications,United States,companiesmarketcap.com ranks 1001-1500 by market cap (fetched 2026-09-28),,y,Proxy: market-cap top 1500 (Forbes list not available),large,
Zebra Technologies,Zebra Technologies,United States,companiesmarketcap.com ranks 1001-1500 by market cap (fetched 2026-09-28),,y,Proxy: market-cap top 1500 (Forbes list not available),large,
Hidroelectrica,=Hidroelectrica,Romania,companiesmarketcap.com ranks 1001-1500 by market cap (fetched 2026-09-28),,y,Proxy: market-cap top 1500 (Forbes list not available),large,
Telecom Italia,Telecom Italia,Italy,companiesmarketcap.com ranks 1001-1500 by market cap (fetched 2026-09-28),,y,Proxy: market-cap top 1500 (Forbes list not available),large,
Onto Innovation,Onto Innovation,United States,companiesmarketcap.com ranks 1001-1500 by market cap (fetched 2026-09-28),,y,Proxy: market-cap top 1500 (Forbes list not available),large,
Aldar Properties,Aldar Properties,UAE,companiesmarketcap.com ranks 1001-1500 by market cap (fetched 2026-09-28),,y,Proxy: market-cap top 1500 (Forbes list not available),large,
KGHM Polska Miedz,KGHM Polska Miedz,Poland,companiesmarketcap.com ranks 1001-1500 by market cap (fetched 2026-09-28),,y,Proxy: market-cap top 1500 (Forbes list not available),large,
CDW Corporation,=CDW,United States,companiesmarketcap.com ranks 1001-1500 by market cap (fetched 2026-09-28),,y,Proxy: market-cap top 1500 (Forbes list not available),large,
Wolters Kluwer,Wolters Kluwer,Netherlands,companiesmarketcap.com ranks 1001-1500 by market cap (fetched 2026-09-28),,y,Proxy: market-cap top 1500 (Forbes list not available),large,
Rogers Communications,Rogers Communications,Canada,companiesmarketcap.com ranks 1001-1500 by market cap (fetched 2026-09-28),,y,Proxy: market-cap top 1500 (Forbes list not available),large,
Plains All American Pipeline,Plains All American Pipeline,United States,companiesmarketcap.com ranks 1001-1500 by market cap (fetched 2026-09-28),,y,Proxy: market-cap top 1500 (Forbes list not available),large,
Saudi Electricity,Saudi Electricity,Saudi Arabia,companiesmarketcap.com ranks 1001-1500 by market cap (fetched 2026-09-28),,y,Proxy: market-cap top 1500 (Forbes list not available),large,
Medpace,=Medpace,United States,companiesmarketcap.com ranks 1001-1500 by market cap (fetched 2026-09-28),,y,Proxy: market-cap top 1500 (Forbes list not available),large,
Bank of Beijing,Bank of Beijing,China,companiesmarketcap.com ranks 1001-1500 by market cap (fetched 2026-09-28),,y,Proxy: market-cap top 1500 (Forbes list not available),large,
Brambles,=Brambles,Australia,companiesmarketcap.com ranks 1001-1500 by market cap (fetched 2026-09-28),,y,Proxy: market-cap top 1500 (Forbes list not available),large,
HD Korea Shipbuilding & Offshore Engineering,HD Korea Shipbuilding & Offshore Engineering,South Korea,companiesmarketcap.com ranks 1001-1500 by market cap (fetched 2026-09-28),,y,Proxy: market-cap top 1500 (Forbes list not available),large,
China Overseas Land & Investment,China Overseas Land & Investment,Hong Kong,companiesmarketcap.com ranks 1001-1500 by market cap (fetched 2026-09-28),,y,Proxy: market-cap top 1500 (Forbes list not available),large,
East West Bancorp,East West Bancorp,United States,companiesmarketcap.com ranks 1001-1500 by market cap (fetched 2026-09-28),,y,Proxy: market-cap top 1500 (Forbes list not available),large,
Nippon Paint,Nippon Paint,Japan,companiesmarketcap.com ranks 1001-1500 by market cap (fetched 2026-09-28),,y,Proxy: market-cap top 1500 (Forbes list not available),large,
Sonova,=Sonova,Switzerland,companiesmarketcap.com ranks 1001-1500 by market cap (fetched 2026-09-28),,y,Proxy: market-cap top 1500 (Forbes list not available),large,
WSP Global,WSP Global,Canada,companiesmarketcap.com ranks 1001-1500 by market cap (fetched 2026-09-28),,y,Proxy: market-cap top 1500 (Forbes list not available),large,
Norsk Hydro,Norsk Hydro,Norway,companiesmarketcap.com ranks 1001-1500 by market cap (fetched 2026-09-28),,y,Proxy: market-cap top 1500 (Forbes list not available),large,
B3,=B3,Brazil,companiesmarketcap.com ranks 1001-1500 by market cap (fetched 2026-09-28),,y,Proxy: market-cap top 1500 (Forbes list not available),large,
CSG N.V.,CSG N.V;Czechoslovak Group,Czech Republic,companiesmarketcap.com ranks 1001-1500 by market cap (fetched 2026-09-28),,y,Proxy: market-cap top 1500 (Forbes list not available),large,
Zimmer Biomet,Zimmer Biomet,United States,"companiesmarketcap.com ranks 1001-1500 by market cap (fetched 2026-09-28) + Supplement: curated private/smaller multinationals (Claude, 2026-09-28; review)",,y,Proxy: market-cap top 1500 (Forbes list not available),large,
C. H. Robinson,C. H. Robinson,United States,companiesmarketcap.com ranks 1001-1500 by market cap (fetched 2026-09-28),,y,Proxy: market-cap top 1500 (Forbes list not available),large,
Pernod Ricard,Pernod Ricard,France,"companiesmarketcap.com ranks 1001-1500 by market cap (fetched 2026-09-28) + Supplement: curated private/smaller multinationals (Claude, 2026-09-28; review)",,y,Proxy: market-cap top 1500 (Forbes list not available),large,
TPG Inc.,=TPG,United States,companiesmarketcap.com ranks 1001-1500 by market cap (fetched 2026-09-28),,y,Proxy: market-cap top 1500 (Forbes list not available),large,
News Corp,=News,United States,companiesmarketcap.com ranks 1001-1500 by market cap (fetched 2026-09-28),,y,Proxy: market-cap top 1500 (Forbes list not available),large,
MasTec,=MasTec,United States,companiesmarketcap.com ranks 1001-1500 by market cap (fetched 2026-09-28),,y,Proxy: market-cap top 1500 (Forbes list not available),large,
FedEx Freight,FedEx Freight,United States,companiesmarketcap.com ranks 1001-1500 by market cap (fetched 2026-09-28),,y,Proxy: market-cap top 1500 (Forbes list not available),large,
Associated British Foods,Associated British Foods,United Kingdom,companiesmarketcap.com ranks 1001-1500 by market cap (fetched 2026-09-28),,y,Proxy: market-cap top 1500 (Forbes list not available),large,
Falabella,=Falabella,Chile,companiesmarketcap.com ranks 1001-1500 by market cap (fetched 2026-09-28),,y,Proxy: market-cap top 1500 (Forbes list not available),large,
KPN,=KPN,Netherlands,companiesmarketcap.com ranks 1001-1500 by market cap (fetched 2026-09-28),,y,Proxy: market-cap top 1500 (Forbes list not available),large,
Adani Energy Solutions,Adani Energy Solutions,India,companiesmarketcap.com ranks 1001-1500 by market cap (fetched 2026-09-28),,y,Proxy: market-cap top 1500 (Forbes list not available),large,
SEGRO,=SEGRO,United Kingdom,companiesmarketcap.com ranks 1001-1500 by market cap (fetched 2026-09-28),,y,Proxy: market-cap top 1500 (Forbes list not available),large,
Furukawa Electric,Furukawa Electric,Japan,companiesmarketcap.com ranks 1001-1500 by market cap (fetched 2026-09-28),,y,Proxy: market-cap top 1500 (Forbes list not available),large,
Dynatrace,=Dynatrace,United States,companiesmarketcap.com ranks 1001-1500 by market cap (fetched 2026-09-28),,y,Proxy: market-cap top 1500 (Forbes list not available),large,
Hengli Petrochemical,Hengli Petrochemical,China,companiesmarketcap.com ranks 1001-1500 by market cap (fetched 2026-09-28),,y,Proxy: market-cap top 1500 (Forbes list not available),large,
POSCO,=POSCO,South Korea,companiesmarketcap.com ranks 1001-1500 by market cap (fetched 2026-09-28),,y,Proxy: market-cap top 1500 (Forbes list not available),large,
HANMI Semiconductor,HANMI Semiconductor,South Korea,companiesmarketcap.com ranks 1001-1500 by market cap (fetched 2026-09-28),,y,Proxy: market-cap top 1500 (Forbes list not available),large,
Bitmine Immersion Technologies,Bitmine Immersion Technologies,United States,companiesmarketcap.com ranks 1001-1500 by market cap (fetched 2026-09-28),,y,Proxy: market-cap top 1500 (Forbes list not available),large,
Fortive,=Fortive,United States,companiesmarketcap.com ranks 1001-1500 by market cap (fetched 2026-09-28),,y,Proxy: market-cap top 1500 (Forbes list not available),large,
Tourmaline Oil,Tourmaline Oil,Canada,companiesmarketcap.com ranks 1001-1500 by market cap (fetched 2026-09-28),,y,Proxy: market-cap top 1500 (Forbes list not available),large,
BE Semiconductor,BE Semiconductor,Netherlands,companiesmarketcap.com ranks 1001-1500 by market cap (fetched 2026-09-28),,y,Proxy: market-cap top 1500 (Forbes list not available),large,
Bankinter,=Bankinter,Spain,companiesmarketcap.com ranks 1001-1500 by market cap (fetched 2026-09-28),,y,Proxy: market-cap top 1500 (Forbes list not available),large,
IDEX,=IDEX,United States,companiesmarketcap.com ranks 1001-1500 by market cap (fetched 2026-09-28),,y,Proxy: market-cap top 1500 (Forbes list not available),large,
Revvity,=Revvity,United States,companiesmarketcap.com ranks 1001-1500 by market cap (fetched 2026-09-28),,y,Proxy: market-cap top 1500 (Forbes list not available),large,
Hong Kong and China Gas,Hong Kong and China Gas,Hong Kong,companiesmarketcap.com ranks 1001-1500 by market cap (fetched 2026-09-28),,y,Proxy: market-cap top 1500 (Forbes list not available),large,
Ovintiv,=Ovintiv,United States,companiesmarketcap.com ranks 1001-1500 by market cap (fetched 2026-09-28),,y,Proxy: market-cap top 1500 (Forbes list not available),large,
Zangge Mining,Zangge Mining,China,companiesmarketcap.com ranks 1001-1500 by market cap (fetched 2026-09-28),,y,Proxy: market-cap top 1500 (Forbes list not available),large,
SITC International,=SITC,Hong Kong,companiesmarketcap.com ranks 1001-1500 by market cap (fetched 2026-09-28),,y,Proxy: market-cap top 1500 (Forbes list not available),large,
Clean Harbors,Clean Harbors,United States,companiesmarketcap.com ranks 1001-1500 by market cap (fetched 2026-09-28),,y,Proxy: market-cap top 1500 (Forbes list not available),large,
ASR Nederland,ASR Nederland,Netherlands,companiesmarketcap.com ranks 1001-1500 by market cap (fetched 2026-09-28),,y,Proxy: market-cap top 1500 (Forbes list not available),large,
Korea Zinc,Korea Zinc,South Korea,companiesmarketcap.com ranks 1001-1500 by market cap (fetched 2026-09-28),,y,Proxy: market-cap top 1500 (Forbes list not available),large,
Magna International,=Magna,Canada,companiesmarketcap.com ranks 1001-1500 by market cap (fetched 2026-09-28),,y,Proxy: market-cap top 1500 (Forbes list not available),large,
Tata Motors,Tata Motors,India,companiesmarketcap.com ranks 1001-1500 by market cap (fetched 2026-09-28),,y,Proxy: market-cap top 1500 (Forbes list not available),large,
mBank,=mBank,Poland,companiesmarketcap.com ranks 1001-1500 by market cap (fetched 2026-09-28),,y,Proxy: market-cap top 1500 (Forbes list not available),large,
NVR,=NVR,United States,companiesmarketcap.com ranks 1001-1500 by market cap (fetched 2026-09-28),,y,Proxy: market-cap top 1500 (Forbes list not available),large,
Evergreen Marine,Evergreen Marine,Taiwan,"companiesmarketcap.com ranks 1001-1500 by market cap (fetched 2026-09-28) + Supplement: curated private/smaller multinationals (Claude, 2026-09-28; review)",,y,Proxy: market-cap top 1500 (Forbes list not available),large,
DigitalOcean,=DigitalOcean,United States,companiesmarketcap.com ranks 1001-1500 by market cap (fetched 2026-09-28),,y,Proxy: market-cap top 1500 (Forbes list not available),large,
Franklin Resources,Franklin Resources,United States,companiesmarketcap.com ranks 1001-1500 by market cap (fetched 2026-09-28),,y,Proxy: market-cap top 1500 (Forbes list not available),large,
Computershare,=Computershare,Australia,companiesmarketcap.com ranks 1001-1500 by market cap (fetched 2026-09-28),,y,Proxy: market-cap top 1500 (Forbes list not available),large,
Vonovia,=Vonovia,Germany,companiesmarketcap.com ranks 1001-1500 by market cap (fetched 2026-09-28),,y,Proxy: market-cap top 1500 (Forbes list not available),large,
PZU,=PZU,Poland,companiesmarketcap.com ranks 1001-1500 by market cap (fetched 2026-09-28),,y,Proxy: market-cap top 1500 (Forbes list not available),large,
Sartorius,=Sartorius,Germany,companiesmarketcap.com ranks 1001-1500 by market cap (fetched 2026-09-28),,y,Proxy: market-cap top 1500 (Forbes list not available),large,
SCREEN Holdings,=SCREEN,Japan,companiesmarketcap.com ranks 1001-1500 by market cap (fetched 2026-09-28),,y,Proxy: market-cap top 1500 (Forbes list not available),large,
Alliant Energy,Alliant Energy,United States,companiesmarketcap.com ranks 1001-1500 by market cap (fetched 2026-09-28),,y,Proxy: market-cap top 1500 (Forbes list not available),large,
Singapore Airlines,Singapore Airlines,Singapore,"companiesmarketcap.com ranks 1001-1500 by market cap (fetched 2026-09-28) + Supplement: curated private/smaller multinationals (Claude, 2026-09-28; review)",Singapore-HQ group with operations outside Singapore (curated; verify),y,Proxy: market-cap top 1500 (Forbes list not available),large,
Tatneft,=Tatneft,Russia,companiesmarketcap.com ranks 1001-1500 by market cap (fetched 2026-09-28),,y,Proxy: market-cap top 1500 (Forbes list not available),large,
Tractor Supply,Tractor Supply,United States,companiesmarketcap.com ranks 1001-1500 by market cap (fetched 2026-09-28),,y,Proxy: market-cap top 1500 (Forbes list not available),large,
Kuaishou Technology,Kuaishou Technology,China,companiesmarketcap.com ranks 1001-1500 by market cap (fetched 2026-09-28),,y,Proxy: market-cap top 1500 (Forbes list not available),large,
APi Group,=APi,United States,companiesmarketcap.com ranks 1001-1500 by market cap (fetched 2026-09-28),,y,Proxy: market-cap top 1500 (Forbes list not available),large,
DiDi,=DiDi,China,companiesmarketcap.com ranks 1001-1500 by market cap (fetched 2026-09-28),,y,Proxy: market-cap top 1500 (Forbes list not available),large,
Semtech,=Semtech,United States,companiesmarketcap.com ranks 1001-1500 by market cap (fetched 2026-09-28),,y,Proxy: market-cap top 1500 (Forbes list not available),large,
VeriSilicon Microelectronics,VeriSilicon Microelectronics,China,companiesmarketcap.com ranks 1001-1500 by market cap (fetched 2026-09-28),,y,Proxy: market-cap top 1500 (Forbes list not available),large,
DWS Group,=DWS,Germany,companiesmarketcap.com ranks 1001-1500 by market cap (fetched 2026-09-28),,y,Proxy: market-cap top 1500 (Forbes list not available),large,
Sumitomo Metal Mining,Sumitomo Metal Mining,Japan,companiesmarketcap.com ranks 1001-1500 by market cap (fetched 2026-09-28),,y,Proxy: market-cap top 1500 (Forbes list not available),large,
Industries Qatar,Industries Qatar,Qatar,companiesmarketcap.com ranks 1001-1500 by market cap (fetched 2026-09-28),,y,Proxy: market-cap top 1500 (Forbes list not available),large,
Wipro,=Wipro,India,companiesmarketcap.com ranks 1001-1500 by market cap (fetched 2026-09-28),,y,Proxy: market-cap top 1500 (Forbes list not available),large,
Tupras,=Tupras,Turkey,companiesmarketcap.com ranks 1001-1500 by market cap (fetched 2026-09-28),,y,Proxy: market-cap top 1500 (Forbes list not available),large,
Polyus,=Polyus,Russia,companiesmarketcap.com ranks 1001-1500 by market cap (fetched 2026-09-28),,y,Proxy: market-cap top 1500 (Forbes list not available),large,
Vodafone Idea,Vodafone Idea,India,companiesmarketcap.com ranks 1001-1500 by market cap (fetched 2026-09-28),,y,Proxy: market-cap top 1500 (Forbes list not available),large,
Daiwa Securities Group,Daiwa Securities,Japan,companiesmarketcap.com ranks 1001-1500 by market cap (fetched 2026-09-28),,y,Proxy: market-cap top 1500 (Forbes list not available),large,
Henderson Land Development,Henderson Land Development,Hong Kong,companiesmarketcap.com ranks 1001-1500 by market cap (fetched 2026-09-28),,y,Proxy: market-cap top 1500 (Forbes list not available),large,
ING Bank Slaski,ING Bank Slaski,Poland,companiesmarketcap.com ranks 1001-1500 by market cap (fetched 2026-09-28),,y,Proxy: market-cap top 1500 (Forbes list not available),large,
Yangzijiang Shipbuilding,Yangzijiang Shipbuilding,China,companiesmarketcap.com ranks 1001-1500 by market cap (fetched 2026-09-28),,y,Proxy: market-cap top 1500 (Forbes list not available),large,
Secom,=Secom,Japan,companiesmarketcap.com ranks 1001-1500 by market cap (fetched 2026-09-28),,y,Proxy: market-cap top 1500 (Forbes list not available),large,
Power Assets,Power Assets,Hong Kong,companiesmarketcap.com ranks 1001-1500 by market cap (fetched 2026-09-28),,y,Proxy: market-cap top 1500 (Forbes list not available),large,
Pidilite,=Pidilite,India,companiesmarketcap.com ranks 1001-1500 by market cap (fetched 2026-09-28),,y,Proxy: market-cap top 1500 (Forbes list not available),large,
Reinsurance Group of America,Reinsurance Group of America,United States,companiesmarketcap.com ranks 1001-1500 by market cap (fetched 2026-09-28),,y,Proxy: market-cap top 1500 (Forbes list not available),large,
Burlington Stores,Burlington Stores,United States,companiesmarketcap.com ranks 1001-1500 by market cap (fetched 2026-09-28),,y,Proxy: market-cap top 1500 (Forbes list not available),large,
Zhongjin Gold,Zhongjin Gold,China,companiesmarketcap.com ranks 1001-1500 by market cap (fetched 2026-09-28),,y,Proxy: market-cap top 1500 (Forbes list not available),large,
Jacobs Engineering,Jacobs Engineering,United States,companiesmarketcap.com ranks 1001-1500 by market cap (fetched 2026-09-28),,y,Proxy: market-cap top 1500 (Forbes list not available),large,
RBC Bearings,RBC Bearings,United States,companiesmarketcap.com ranks 1001-1500 by market cap (fetched 2026-09-28),,y,Proxy: market-cap top 1500 (Forbes list not available),large,
China Tourism Group Duty Free,China Tourism Group Duty Free,China,companiesmarketcap.com ranks 1001-1500 by market cap (fetched 2026-09-28),,y,Proxy: market-cap top 1500 (Forbes list not available),large,
TCL Technology,TCL Technology,China,companiesmarketcap.com ranks 1001-1500 by market cap (fetched 2026-09-28),,y,Proxy: market-cap top 1500 (Forbes list not available),large,
Whitecap Resources,Whitecap Resources,Canada,companiesmarketcap.com ranks 1001-1500 by market cap (fetched 2026-09-28),,y,Proxy: market-cap top 1500 (Forbes list not available),large,
Banco Santander-Chile,Banco Santander-Chile,Chile,companiesmarketcap.com ranks 1001-1500 by market cap (fetched 2026-09-28),,y,Proxy: market-cap top 1500 (Forbes list not available),large,
Shionogi,=Shionogi,Japan,companiesmarketcap.com ranks 1001-1500 by market cap (fetched 2026-09-28),,y,Proxy: market-cap top 1500 (Forbes list not available),large,
Huaneng Power International,Huaneng Power,China,companiesmarketcap.com ranks 1001-1500 by market cap (fetched 2026-09-28),,y,Proxy: market-cap top 1500 (Forbes list not available),large,
Keppel,=Keppel,Singapore,"companiesmarketcap.com ranks 1001-1500 by market cap (fetched 2026-09-28) + Supplement: curated private/smaller multinationals (Claude, 2026-09-28; review)",Singapore-HQ group with operations outside Singapore (curated; verify),y,Proxy: market-cap top 1500 (Forbes list not available),large,
EVE Energy,EVE Energy,China,companiesmarketcap.com ranks 1001-1500 by market cap (fetched 2026-09-28),,y,Proxy: market-cap top 1500 (Forbes list not available),large,
SCB,=SCB;Siam Commercial Bank,Thailand,companiesmarketcap.com ranks 1001-1500 by market cap (fetched 2026-09-28),,y,Proxy: market-cap top 1500 (Forbes list not available),large,
Continental,=Continental,Germany,"companiesmarketcap.com ranks 1001-1500 by market cap (fetched 2026-09-28) + Supplement: curated private/smaller multinationals (Claude, 2026-09-28; review)",,y,Proxy: market-cap top 1500 (Forbes list not available),large,
Invitation Homes,Invitation Homes,United States,companiesmarketcap.com ranks 1001-1500 by market cap (fetched 2026-09-28),,y,Proxy: market-cap top 1500 (Forbes list not available),large,
EDP Renovaveis,EDP Renovaveis,Spain,companiesmarketcap.com ranks 1001-1500 by market cap (fetched 2026-09-28),,y,Proxy: market-cap top 1500 (Forbes list not available),large,
Futu Holdings,=Futu,Hong Kong,companiesmarketcap.com ranks 1001-1500 by market cap (fetched 2026-09-28),,y,Proxy: market-cap top 1500 (Forbes list not available),large,
Saudi Arabian Fertilizer Company,Saudi Arabian Fertilizer,Saudi Arabia,companiesmarketcap.com ranks 1001-1500 by market cap (fetched 2026-09-28),,y,Proxy: market-cap top 1500 (Forbes list not available),large,
Sterling Infrastructure,Sterling Infrastructure,United States,companiesmarketcap.com ranks 1001-1500 by market cap (fetched 2026-09-28),,y,Proxy: market-cap top 1500 (Forbes list not available),large,
Lundin Gold,Lundin Gold,Canada,companiesmarketcap.com ranks 1001-1500 by market cap (fetched 2026-09-28),,y,Proxy: market-cap top 1500 (Forbes list not available),large,
Jio Financial Services,=Jio,India,companiesmarketcap.com ranks 1001-1500 by market cap (fetched 2026-09-28),,y,Proxy: market-cap top 1500 (Forbes list not available),large,
Rede D'Or Sao Luiz,Rede D'Or Sao Luiz,Brazil,companiesmarketcap.com ranks 1001-1500 by market cap (fetched 2026-09-28),,y,Proxy: market-cap top 1500 (Forbes list not available),large,
Zhejiang Century Huatong,Zhejiang Century Huatong,China,companiesmarketcap.com ranks 1001-1500 by market cap (fetched 2026-09-28),,y,Proxy: market-cap top 1500 (Forbes list not available),large,
South32,=South32,Australia,companiesmarketcap.com ranks 1001-1500 by market cap (fetched 2026-09-28),,y,Proxy: market-cap top 1500 (Forbes list not available),large,
ABB India,ABB India,India,companiesmarketcap.com ranks 1001-1500 by market cap (fetched 2026-09-28),,y,Proxy: market-cap top 1500 (Forbes list not available),large,
Host Hotels & Resorts,Host Hotels & Resorts,United States,companiesmarketcap.com ranks 1001-1500 by market cap (fetched 2026-09-28),,y,Proxy: market-cap top 1500 (Forbes list not available),large,
Leidos,=Leidos,United States,companiesmarketcap.com ranks 1001-1500 by market cap (fetched 2026-09-28),,y,Proxy: market-cap top 1500 (Forbes list not available),large,
Corebridge Financial,=Corebridge,United States,companiesmarketcap.com ranks 1001-1500 by market cap (fetched 2026-09-28),,y,Proxy: market-cap top 1500 (Forbes list not available),large,
Millicom,=Millicom,Luxembourg,companiesmarketcap.com ranks 1001-1500 by market cap (fetched 2026-09-28),,y,Proxy: market-cap top 1500 (Forbes list not available),large,
Annaly Capital Management,Annaly Capital Management,United States,companiesmarketcap.com ranks 1001-1500 by market cap (fetched 2026-09-28),,y,Proxy: market-cap top 1500 (Forbes list not available),large,
Mitsui O.S.K. Lines,Mitsui O.S.K. Lines,Japan,companiesmarketcap.com ranks 1001-1500 by market cap (fetched 2026-09-28),,y,Proxy: market-cap top 1500 (Forbes list not available),large,
Nippon Sanso,Nippon Sanso,Japan,companiesmarketcap.com ranks 1001-1500 by market cap (fetched 2026-09-28),,y,Proxy: market-cap top 1500 (Forbes list not available),large,
Kerry Group,=Kerry,Ireland,companiesmarketcap.com ranks 1001-1500 by market cap (fetched 2026-09-28),,y,Proxy: market-cap top 1500 (Forbes list not available),large,
Luzhou Laojiao,Luzhou Laojiao,China,companiesmarketcap.com ranks 1001-1500 by market cap (fetched 2026-09-28),,y,Proxy: market-cap top 1500 (Forbes list not available),large,
Jazz Pharmaceuticals,Jazz Pharmaceuticals,Ireland,companiesmarketcap.com ranks 1001-1500 by market cap (fetched 2026-09-28),,y,Proxy: market-cap top 1500 (Forbes list not available),large,
Nexon,=Nexon,Japan,companiesmarketcap.com ranks 1001-1500 by market cap (fetched 2026-09-28),,y,Proxy: market-cap top 1500 (Forbes list not available),large,
Huagong Tech,Huagong Tech,China,companiesmarketcap.com ranks 1001-1500 by market cap (fetched 2026-09-28),,y,Proxy: market-cap top 1500 (Forbes list not available),large,
China Three Gorges Renewables,China Three Gorges Renewables,China,companiesmarketcap.com ranks 1001-1500 by market cap (fetched 2026-09-28),,y,Proxy: market-cap top 1500 (Forbes list not available),large,
RB Global,RB Global,Canada,companiesmarketcap.com ranks 1001-1500 by market cap (fetched 2026-09-28),,y,Proxy: market-cap top 1500 (Forbes list not available),large,
Public Power Corporation,Public Power,Greece,companiesmarketcap.com ranks 1001-1500 by market cap (fetched 2026-09-28),,y,Proxy: market-cap top 1500 (Forbes list not available),large,
CVC Capital Partners,CVC Capital Partners,Jersey,companiesmarketcap.com ranks 1001-1500 by market cap (fetched 2026-09-28),,y,Proxy: market-cap top 1500 (Forbes list not available),large,
LATAM Airlines,LATAM Airlines,Chile,companiesmarketcap.com ranks 1001-1500 by market cap (fetched 2026-09-28),,y,Proxy: market-cap top 1500 (Forbes list not available),large,
Varun Beverages,Varun Beverages,India,companiesmarketcap.com ranks 1001-1500 by market cap (fetched 2026-09-28),,y,Proxy: market-cap top 1500 (Forbes list not available),large,
Swedish Orphan Biovitrum,Swedish Orphan Biovitrum;=Sobi,Sweden,companiesmarketcap.com ranks 1001-1500 by market cap (fetched 2026-09-28),,y,Proxy: market-cap top 1500 (Forbes list not available),large,
Tempus AI,Tempus AI,United States,companiesmarketcap.com ranks 1001-1500 by market cap (fetched 2026-09-28),,y,Proxy: market-cap top 1500 (Forbes list not available),large,
Inspur,=Inspur,China,companiesmarketcap.com ranks 1001-1500 by market cap (fetched 2026-09-28),,y,Proxy: market-cap top 1500 (Forbes list not available),large,
GFL Environmental,GFL Environmental,Canada,companiesmarketcap.com ranks 1001-1500 by market cap (fetched 2026-09-28),,y,Proxy: market-cap top 1500 (Forbes list not available),large,
The Phoenix Holdings,=Phoenix,Israel,companiesmarketcap.com ranks 1001-1500 by market cap (fetched 2026-09-28),,y,Proxy: market-cap top 1500 (Forbes list not available),large,
FinecoBank,=FinecoBank,Italy,companiesmarketcap.com ranks 1001-1500 by market cap (fetched 2026-09-28),,y,Proxy: market-cap top 1500 (Forbes list not available),large,
Solventum,=Solventum,United States,companiesmarketcap.com ranks 1001-1500 by market cap (fetched 2026-09-28),,y,Proxy: market-cap top 1500 (Forbes list not available),large,
Bharat Heavy Electricals,Bharat Heavy Electricals,India,companiesmarketcap.com ranks 1001-1500 by market cap (fetched 2026-09-28),,y,Proxy: market-cap top 1500 (Forbes list not available),large,
UPM-Kymmene,=UPM-Kymmene,Finland,companiesmarketcap.com ranks 1001-1500 by market cap (fetched 2026-09-28),,y,Proxy: market-cap top 1500 (Forbes list not available),large,
Mapfre,=Mapfre,Spain,companiesmarketcap.com ranks 1001-1500 by market cap (fetched 2026-09-28),,y,Proxy: market-cap top 1500 (Forbes list not available),large,
Shanghai Electric Group,Shanghai Electric,China,companiesmarketcap.com ranks 1001-1500 by market cap (fetched 2026-09-28),,y,Proxy: market-cap top 1500 (Forbes list not available),large,
Japan Exchange Group,Japan Exchange,Japan,companiesmarketcap.com ranks 1001-1500 by market cap (fetched 2026-09-28),,y,Proxy: market-cap top 1500 (Forbes list not available),large,
Azrieli Group,=Azrieli,Israel,companiesmarketcap.com ranks 1001-1500 by market cap (fetched 2026-09-28),,y,Proxy: market-cap top 1500 (Forbes list not available),large,
James Hardie Industries,James Hardie Industries,Ireland,companiesmarketcap.com ranks 1001-1500 by market cap (fetched 2026-09-28),,y,Proxy: market-cap top 1500 (Forbes list not available),large,
Ball Corporation,=Ball,United States,companiesmarketcap.com ranks 1001-1500 by market cap (fetched 2026-09-28),,y,Proxy: market-cap top 1500 (Forbes list not available),large,
Unibail-Rodamco-Westfield,=Unibail-Rodamco-Westfield,France,companiesmarketcap.com ranks 1001-1500 by market cap (fetched 2026-09-28),,y,Proxy: market-cap top 1500 (Forbes list not available),large,
Press Metal Aluminium,Press Metal Aluminium,Malaysia,companiesmarketcap.com ranks 1001-1500 by market cap (fetched 2026-09-28),,y,Proxy: market-cap top 1500 (Forbes list not available),large,
Eurofins Scientific,Eurofins Scientific,Luxembourg,companiesmarketcap.com ranks 1001-1500 by market cap (fetched 2026-09-28),,y,Proxy: market-cap top 1500 (Forbes list not available),large,
Evolution Gaming,Evolution Gaming,Sweden,companiesmarketcap.com ranks 1001-1500 by market cap (fetched 2026-09-28),,y,Proxy: market-cap top 1500 (Forbes list not available),large,
T&D Holdings,=T&D,Japan,companiesmarketcap.com ranks 1001-1500 by market cap (fetched 2026-09-28),,y,Proxy: market-cap top 1500 (Forbes list not available),large,
W. P. Carey,W. P. Carey,United States,companiesmarketcap.com ranks 1001-1500 by market cap (fetched 2026-09-28),,y,Proxy: market-cap top 1500 (Forbes list not available),large,
Kimco Realty,Kimco Realty,United States,companiesmarketcap.com ranks 1001-1500 by market cap (fetched 2026-09-28),,y,Proxy: market-cap top 1500 (Forbes list not available),large,
PharmaEssentia,=PharmaEssentia,Taiwan,companiesmarketcap.com ranks 1001-1500 by market cap (fetched 2026-09-28),,y,Proxy: market-cap top 1500 (Forbes list not available),large,
Guosen Securities,Guosen Securities,China,companiesmarketcap.com ranks 1001-1500 by market cap (fetched 2026-09-28),,y,Proxy: market-cap top 1500 (Forbes list not available),large,
Asahi Group,=Asahi,Japan,"companiesmarketcap.com ranks 1001-1500 by market cap (fetched 2026-09-28) + Supplement: curated private/smaller multinationals (Claude, 2026-09-28; review)",,y,Proxy: market-cap top 1500 (Forbes list not available),large,
PTC,=PTC,United States,companiesmarketcap.com ranks 1001-1500 by market cap (fetched 2026-09-28),,y,Proxy: market-cap top 1500 (Forbes list not available),large,
APA Corporation,=APA,United States,companiesmarketcap.com ranks 1001-1500 by market cap (fetched 2026-09-28),,y,Proxy: market-cap top 1500 (Forbes list not available),large,
Fisher & Paykel Healthcare,Fisher & Paykel Healthcare,New Zealand,companiesmarketcap.com ranks 1001-1500 by market cap (fetched 2026-09-28),,y,Proxy: market-cap top 1500 (Forbes list not available),large,
Fabrinet,=Fabrinet,Cayman Islands,companiesmarketcap.com ranks 1001-1500 by market cap (fetched 2026-09-28),,y,Proxy: market-cap top 1500 (Forbes list not available),large,
Hyatt Hotels,Hyatt Hotels,United States,companiesmarketcap.com ranks 1001-1500 by market cap (fetched 2026-09-28),,y,Proxy: market-cap top 1500 (Forbes list not available),large,
Nitto Denko,Nitto Denko,Japan,companiesmarketcap.com ranks 1001-1500 by market cap (fetched 2026-09-28),,y,Proxy: market-cap top 1500 (Forbes list not available),large,
Boliden,=Boliden,Sweden,companiesmarketcap.com ranks 1001-1500 by market cap (fetched 2026-09-28),,y,Proxy: market-cap top 1500 (Forbes list not available),large,
Meritz Financial Group,=Meritz,South Korea,companiesmarketcap.com ranks 1001-1500 by market cap (fetched 2026-09-28),,y,Proxy: market-cap top 1500 (Forbes list not available),large,
Trent Limited,=Trent,India,companiesmarketcap.com ranks 1001-1500 by market cap (fetched 2026-09-28),,y,Proxy: market-cap top 1500 (Forbes list not available),large,
BOSCH India,BOSCH India,India,companiesmarketcap.com ranks 1001-1500 by market cap (fetched 2026-09-28),,y,Proxy: market-cap top 1500 (Forbes list not available),large,
Ascendis Pharma,Ascendis Pharma,Denmark,companiesmarketcap.com ranks 1001-1500 by market cap (fetched 2026-09-28),,y,Proxy: market-cap top 1500 (Forbes list not available),large,
China Satellite Communications,China Satellite Communications,China,companiesmarketcap.com ranks 1001-1500 by market cap (fetched 2026-09-28),,y,Proxy: market-cap top 1500 (Forbes list not available),large,
Cholamandalam Investment and Finance,Cholamandalam Investment and Finance,India,companiesmarketcap.com ranks 1001-1500 by market cap (fetched 2026-09-28),,y,Proxy: market-cap top 1500 (Forbes list not available),large,
Jones Lang LaSalle,Jones Lang LaSalle,United States,companiesmarketcap.com ranks 1001-1500 by market cap (fetched 2026-09-28),,y,Proxy: market-cap top 1500 (Forbes list not available),large,
Lincoln Electric,Lincoln Electric,United States,companiesmarketcap.com ranks 1001-1500 by market cap (fetched 2026-09-28),,y,Proxy: market-cap top 1500 (Forbes list not available),large,
Lundbergforetagen,=Lundbergforetagen,Sweden,companiesmarketcap.com ranks 1001-1500 by market cap (fetched 2026-09-28),,y,Proxy: market-cap top 1500 (Forbes list not available),large,
Lingyi iTECH,Lingyi iTECH,China,companiesmarketcap.com ranks 1001-1500 by market cap (fetched 2026-09-28),,y,Proxy: market-cap top 1500 (Forbes list not available),large,
Datang International Power Generation,Datang International Power Generation,China,companiesmarketcap.com ranks 1001-1500 by market cap (fetched 2026-09-28),,y,Proxy: market-cap top 1500 (Forbes list not available),large,
Hua Xia Bank,Hua Xia Bank,China,companiesmarketcap.com ranks 1001-1500 by market cap (fetched 2026-09-28),,y,Proxy: market-cap top 1500 (Forbes list not available),large,
Banco de Credito e Inversiones,Banco de Credito e Inversiones,Chile,companiesmarketcap.com ranks 1001-1500 by market cap (fetched 2026-09-28),,y,Proxy: market-cap top 1500 (Forbes list not available),large,
Emirates Integrated Telecommunications,Emirates Integrated Telecommunications,UAE,companiesmarketcap.com ranks 1001-1500 by market cap (fetched 2026-09-28),,y,Proxy: market-cap top 1500 (Forbes list not available),large,
Sichuan Biokin Pharmaceutical,Sichuan Biokin Pharmaceutical,China,companiesmarketcap.com ranks 1001-1500 by market cap (fetched 2026-09-28),,y,Proxy: market-cap top 1500 (Forbes list not available),large,
Elia Group,=Elia,Belgium,companiesmarketcap.com ranks 1001-1500 by market cap (fetched 2026-09-28),,y,Proxy: market-cap top 1500 (Forbes list not available),large,
Viper Energy,Viper Energy,United States,companiesmarketcap.com ranks 1001-1500 by market cap (fetched 2026-09-28),,y,Proxy: market-cap top 1500 (Forbes list not available),large,
Equitable Holdings,=Equitable,United States,companiesmarketcap.com ranks 1001-1500 by market cap (fetched 2026-09-28),,y,Proxy: market-cap top 1500 (Forbes list not available),large,
Charter Communications,Charter Communications,United States,companiesmarketcap.com ranks 1001-1500 by market cap (fetched 2026-09-28),,y,Proxy: market-cap top 1500 (Forbes list not available),large,
ZTO Express,ZTO Express,China,companiesmarketcap.com ranks 1001-1500 by market cap (fetched 2026-09-28),,y,Proxy: market-cap top 1500 (Forbes list not available),large,
Emera,=Emera,Canada,companiesmarketcap.com ranks 1001-1500 by market cap (fetched 2026-09-28),,y,Proxy: market-cap top 1500 (Forbes list not available),large,
Lamar Advertising,Lamar Advertising,United States,companiesmarketcap.com ranks 1001-1500 by market cap (fetched 2026-09-28),,y,Proxy: market-cap top 1500 (Forbes list not available),large,
Blue Owl Capital,Blue Owl Capital,United States,companiesmarketcap.com ranks 1001-1500 by market cap (fetched 2026-09-28),,y,Proxy: market-cap top 1500 (Forbes list not available),large,
Sieyuan Electric,Sieyuan Electric,China,companiesmarketcap.com ranks 1001-1500 by market cap (fetched 2026-09-28),,y,Proxy: market-cap top 1500 (Forbes list not available),large,
Omega Healthcare Investors,Omega Healthcare Investors,United States,companiesmarketcap.com ranks 1001-1500 by market cap (fetched 2026-09-28),,y,Proxy: market-cap top 1500 (Forbes list not available),large,
Talen Energy,Talen Energy,United States,companiesmarketcap.com ranks 1001-1500 by market cap (fetched 2026-09-28),,y,Proxy: market-cap top 1500 (Forbes list not available),large,
Unum,=Unum,United States,companiesmarketcap.com ranks 1001-1500 by market cap (fetched 2026-09-28),,y,Proxy: market-cap top 1500 (Forbes list not available),large,
LG Chem,LG Chem,South Korea,companiesmarketcap.com ranks 1001-1500 by market cap (fetched 2026-09-28),,y,Proxy: market-cap top 1500 (Forbes list not available),large,
CG Power and Industrial Solutions,CG Power and Industrial Solutions,India,companiesmarketcap.com ranks 1001-1500 by market cap (fetched 2026-09-28),,y,Proxy: market-cap top 1500 (Forbes list not available),large,
Deloitte,Deloitte,United Kingdom,"Supplement: curated private/smaller multinationals (Claude, 2026-09-28; review)",,n,Proxy: market-cap top 1500 (Forbes list not available),large,
PwC,PricewaterhouseCoopers;PwC,United Kingdom,"Supplement: curated private/smaller multinationals (Claude, 2026-09-28; review)",,n,Proxy: market-cap top 1500 (Forbes list not available),large,
EY,Ernst & Young;EY,United Kingdom,"Supplement: curated private/smaller multinationals (Claude, 2026-09-28; review)",,n,Proxy: market-cap top 1500 (Forbes list not available),large,
KPMG,KPMG,Netherlands,"Supplement: curated private/smaller multinationals (Claude, 2026-09-28; review)",,n,Proxy: market-cap top 1500 (Forbes list not available),large,
McKinsey & Company,McKinsey,United States,"Supplement: curated private/smaller multinationals (Claude, 2026-09-28; review)",,n,Proxy: market-cap top 1500 (Forbes list not available),large,
Boston Consulting Group,Boston Consulting Group,United States,"Supplement: curated private/smaller multinationals (Claude, 2026-09-28; review)",,n,Proxy: market-cap top 1500 (Forbes list not available),large,
Bain & Company,Bain & Company,United States,"Supplement: curated private/smaller multinationals (Claude, 2026-09-28; review)",,n,Proxy: market-cap top 1500 (Forbes list not available),large,
Baker McKenzie,Baker McKenzie,United States,"Supplement: curated private/smaller multinationals (Claude, 2026-09-28; review)",,n,Proxy: market-cap top 1500 (Forbes list not available),large,
Clifford Chance,Clifford Chance,United Kingdom,"Supplement: curated private/smaller multinationals (Claude, 2026-09-28; review)",,n,Proxy: market-cap top 1500 (Forbes list not available),large,
Linklaters,Linklaters,United Kingdom,"Supplement: curated private/smaller multinationals (Claude, 2026-09-28; review)",,n,Proxy: market-cap top 1500 (Forbes list not available),large,
A&O Shearman,Allen & Overy;A&O Shearman,United Kingdom,"Supplement: curated private/smaller multinationals (Claude, 2026-09-28; review)",,n,Proxy: market-cap top 1500 (Forbes list not available),large,
Herbert Smith Freehills Kramer,Herbert Smith Freehills,United Kingdom,"Supplement: curated private/smaller multinationals (Claude, 2026-09-28; review)",,n,Proxy: market-cap top 1500 (Forbes list not available),large,
Dentons,Dentons,United States,"Supplement: curated private/smaller multinationals (Claude, 2026-09-28; review)",,n,Proxy: market-cap top 1500 (Forbes list not available),large,
Cargill,Cargill,United States,"Supplement: curated private/smaller multinationals (Claude, 2026-09-28; review)",,n,Proxy: market-cap top 1500 (Forbes list not available),large,
Mars,Mars Foods;Mars Wrigley;Wrigley;Royal Canin,United States,"Supplement: curated private/smaller multinationals (Claude, 2026-09-28; review)",,n,Proxy: market-cap top 1500 (Forbes list not available),large,
Ingka Group,IKEA;Ingka,Netherlands,"Supplement: curated private/smaller multinationals (Claude, 2026-09-28; review)",,n,Proxy: market-cap top 1500 (Forbes list not available),large,
Bosch,Robert Bosch;Bosch,Germany,"Supplement: curated private/smaller multinationals (Claude, 2026-09-28; review)",,n,Proxy: market-cap top 1500 (Forbes list not available),large,
ZF Friedrichshafen,ZF Asia Pacific;ZF Friedrichshafen,Germany,"Supplement: curated private/smaller multinationals (Claude, 2026-09-28; review)",,n,Proxy: market-cap top 1500 (Forbes list not available),large,
Dyson,Dyson,Singapore,"Supplement: curated private/smaller multinationals (Claude, 2026-09-28; review)",Singapore-HQ group with operations outside Singapore (curated; verify),n,Proxy: market-cap top 1500 (Forbes list not available),large,
ByteDance,ByteDance;TikTok;Lark Technologies,China,"Supplement: curated private/smaller multinationals (Claude, 2026-09-28; review)",,n,Proxy: market-cap top 1500 (Forbes list not available),large,
Grab Holdings,=Grab;GrabTaxi;GrabPay,Singapore,"Supplement: curated private/smaller multinationals (Claude, 2026-09-28; review)",Singapore-HQ group with operations outside Singapore (curated; verify),n,Proxy: market-cap top 1500 (Forbes list not available),large,
Canva,Canva,Australia,"Supplement: curated private/smaller multinationals (Claude, 2026-09-28; review)",,n,Proxy: market-cap top 1500 (Forbes list not available),large,
Stripe,Stripe Payments,United States,"Supplement: curated private/smaller multinationals (Claude, 2026-09-28; review)",,n,Proxy: market-cap top 1500 (Forbes list not available),large,
Airwallex,Airwallex,Australia,"Supplement: curated private/smaller multinationals (Claude, 2026-09-28; review)",,n,Proxy: market-cap top 1500 (Forbes list not available),mid,
Xero,=Xero,New Zealand,"Supplement: curated private/smaller multinationals (Claude, 2026-09-28; review)",,n,Proxy: market-cap top 1500 (Forbes list not available),large,
HubSpot,HubSpot,United States,"Supplement: curated private/smaller multinationals (Claude, 2026-09-28; review)",,n,Proxy: market-cap top 1500 (Forbes list not available),large,
Zendesk,Zendesk,United States,"Supplement: curated private/smaller multinationals (Claude, 2026-09-28; review)",,n,Proxy: market-cap top 1500 (Forbes list not available),large,
DocuSign,DocuSign,United States,"Supplement: curated private/smaller multinationals (Claude, 2026-09-28; review)",,n,Proxy: market-cap top 1500 (Forbes list not available),large,
Dropbox,Dropbox,United States,"Supplement: curated private/smaller multinationals (Claude, 2026-09-28; review)",,n,Proxy: market-cap top 1500 (Forbes list not available),large,
Qualtrics,Qualtrics,United States,"Supplement: curated private/smaller multinationals (Claude, 2026-09-28; review)",,n,Proxy: market-cap top 1500 (Forbes list not available),large,
Genesys,=Genesys,United States,"Supplement: curated private/smaller multinationals (Claude, 2026-09-28; review)",,n,Proxy: market-cap top 1500 (Forbes list not available),large,
Freshworks,Freshworks,United States,"Supplement: curated private/smaller multinationals (Claude, 2026-09-28; review)",,n,Proxy: market-cap top 1500 (Forbes list not available),mid,
Zoho,Zoho,India,"Supplement: curated private/smaller multinationals (Claude, 2026-09-28; review)",,n,Proxy: market-cap top 1500 (Forbes list not available),large,
Sprinklr,Sprinklr,United States,"Supplement: curated private/smaller multinationals (Claude, 2026-09-28; review)",,n,Proxy: market-cap top 1500 (Forbes list not available),mid,
Braze,=Braze,United States,"Supplement: curated private/smaller multinationals (Claude, 2026-09-28; review)",,n,Proxy: market-cap top 1500 (Forbes list not available),mid,
Wise,Wise Asia-Pacific;Wise Payments;TransferWise,United Kingdom,"Supplement: curated private/smaller multinationals (Claude, 2026-09-28; review)",,n,Proxy: market-cap top 1500 (Forbes list not available),large,
Revolut,Revolut,United Kingdom,"Supplement: curated private/smaller multinationals (Claude, 2026-09-28; review)",,n,Proxy: market-cap top 1500 (Forbes list not available),large,
Ant Group,Ant International;Alipay;Ant Group,China,"Supplement: curated private/smaller multinationals (Claude, 2026-09-28; review)",,n,Proxy: market-cap top 1500 (Forbes list not available),large,
Shein,Shein;Roadget,Singapore,"Supplement: curated private/smaller multinationals (Claude, 2026-09-28; review)",Singapore-HQ group with operations outside Singapore (curated; verify),n,Proxy: market-cap top 1500 (Forbes list not available),large,
Razer,Razer,Singapore,"Supplement: curated private/smaller multinationals (Claude, 2026-09-28; review)",Singapore-HQ group with operations outside Singapore (curated; verify),n,Proxy: market-cap top 1500 (Forbes list not available),mid,
Rakuten,Rakuten,Japan,"Supplement: curated private/smaller multinationals (Claude, 2026-09-28; review)",,n,Proxy: market-cap top 1500 (Forbes list not available),large,
Klook,Klook,Hong Kong,"Supplement: curated private/smaller multinationals (Claude, 2026-09-28; review)",,n,Proxy: market-cap top 1500 (Forbes list not available),mid,
Nium,=Nium,Singapore,"Supplement: curated private/smaller multinationals (Claude, 2026-09-28; review)",Singapore-HQ group with operations outside Singapore (curated; verify),n,Proxy: market-cap top 1500 (Forbes list not available),mid,
Thunes,Thunes,Singapore,"Supplement: curated private/smaller multinationals (Claude, 2026-09-28; review)",Singapore-HQ group with operations outside Singapore (curated; verify),n,Proxy: market-cap top 1500 (Forbes list not available),mid,
Xendit,Xendit,Indonesia,"Supplement: curated private/smaller multinationals (Claude, 2026-09-28; review)",,n,Proxy: market-cap top 1500 (Forbes list not available),mid,
Ninja Van,Ninja Logistics;Ninja Van,Singapore,"Supplement: curated private/smaller multinationals (Claude, 2026-09-28; review)",Singapore-HQ group with operations outside Singapore (curated; verify),n,Proxy: market-cap top 1500 (Forbes list not available),mid,
Randstad,Randstad,Netherlands,"Supplement: curated private/smaller multinationals (Claude, 2026-09-28; review)",,n,Proxy: market-cap top 1500 (Forbes list not available),large,
Adecco,Adecco,Switzerland,"Supplement: curated private/smaller multinationals (Claude, 2026-09-28; review)",,n,Proxy: market-cap top 1500 (Forbes list not available),large,
ManpowerGroup,=Manpower;ManpowerGroup,United States,"Supplement: curated private/smaller multinationals (Claude, 2026-09-28; review)",,n,Proxy: market-cap top 1500 (Forbes list not available),large,
Hays,Hays Specialist Recruitment,United Kingdom,"Supplement: curated private/smaller multinationals (Claude, 2026-09-28; review)",,n,Proxy: market-cap top 1500 (Forbes list not available),large,
PageGroup,Michael Page;Page Personnel,United Kingdom,"Supplement: curated private/smaller multinationals (Claude, 2026-09-28; review)",,n,Proxy: market-cap top 1500 (Forbes list not available),large,
Robert Walters,Robert Walters,United Kingdom,"Supplement: curated private/smaller multinationals (Claude, 2026-09-28; review)",,n,Proxy: market-cap top 1500 (Forbes list not available),large,
JLL,Jones Lang LaSalle;JLL,United States,"Supplement: curated private/smaller multinationals (Claude, 2026-09-28; review)",,n,Proxy: market-cap top 1500 (Forbes list not available),large,
Cushman & Wakefield,Cushman & Wakefield,United States,"Supplement: curated private/smaller multinationals (Claude, 2026-09-28; review)",,n,Proxy: market-cap top 1500 (Forbes list not available),large,
Colliers,Colliers International,Canada,"Supplement: curated private/smaller multinationals (Claude, 2026-09-28; review)",,n,Proxy: market-cap top 1500 (Forbes list not available),large,
Knight Frank,Knight Frank,United Kingdom,"Supplement: curated private/smaller multinationals (Claude, 2026-09-28; review)",,n,Proxy: market-cap top 1500 (Forbes list not available),large,
Savills,Savills,United Kingdom,"Supplement: curated private/smaller multinationals (Claude, 2026-09-28; review)",,n,Proxy: market-cap top 1500 (Forbes list not available),large,
Gartner,Gartner,United States,"Supplement: curated private/smaller multinationals (Claude, 2026-09-28; review)",,n,Proxy: market-cap top 1500 (Forbes list not available),large,
Dun & Bradstreet,Dun & Bradstreet,United States,"Supplement: curated private/smaller multinationals (Claude, 2026-09-28; review)",,n,Proxy: market-cap top 1500 (Forbes list not available),large,
Bloomberg,Bloomberg,United States,"Supplement: curated private/smaller multinationals (Claude, 2026-09-28; review)",,n,Proxy: market-cap top 1500 (Forbes list not available),large,
Fitch Group,Fitch Ratings;Fitch Solutions,United States,"Supplement: curated private/smaller multinationals (Claude, 2026-09-28; review)",,n,Proxy: market-cap top 1500 (Forbes list not available),large,
Pictet,Pictet,Switzerland,"Supplement: curated private/smaller multinationals (Claude, 2026-09-28; review)",,n,Proxy: market-cap top 1500 (Forbes list not available),large,
LGT,LGT Bank;LGT Investment,Liechtenstein,"Supplement: curated private/smaller multinationals (Claude, 2026-09-28; review)",,n,Proxy: market-cap top 1500 (Forbes list not available),large,
Lombard Odier,Lombard Odier,Switzerland,"Supplement: curated private/smaller multinationals (Claude, 2026-09-28; review)",,n,Proxy: market-cap top 1500 (Forbes list not available),large,
Schroders,Schroder Investment;Schroders,United Kingdom,"Supplement: curated private/smaller multinationals (Claude, 2026-09-28; review)",,n,Proxy: market-cap top 1500 (Forbes list not available),large,
Fidelity International,FIL Investment;Fidelity International,Bermuda,"Supplement: curated private/smaller multinationals (Claude, 2026-09-28; review)",,n,Proxy: market-cap top 1500 (Forbes list not available),large,
Invesco,Invesco,United States,"Supplement: curated private/smaller multinationals (Claude, 2026-09-28; review)",,n,Proxy: market-cap top 1500 (Forbes list not available),large,
Franklin Templeton,Franklin Templeton;Templeton Asset,United States,"Supplement: curated private/smaller multinationals (Claude, 2026-09-28; review)",,n,Proxy: market-cap top 1500 (Forbes list not available),large,
AllianceBernstein,AllianceBernstein,United States,"Supplement: curated private/smaller multinationals (Claude, 2026-09-28; review)",,n,Proxy: market-cap top 1500 (Forbes list not available),large,
FWD Group,FWD Singapore;FWD Insurance,Hong Kong,"Supplement: curated private/smaller multinationals (Claude, 2026-09-28; review)",,n,Proxy: market-cap top 1500 (Forbes list not available),large,
Shiseido,Shiseido,Japan,"Supplement: curated private/smaller multinationals (Claude, 2026-09-28; review)",,n,Proxy: market-cap top 1500 (Forbes list not available),large,
Puma,Puma Sports,Germany,"Supplement: curated private/smaller multinationals (Claude, 2026-09-28; review)",,n,Proxy: market-cap top 1500 (Forbes list not available),large,
Lululemon,Lululemon,Canada,"Supplement: curated private/smaller multinationals (Claude, 2026-09-28; review)",,n,Proxy: market-cap top 1500 (Forbes list not available),large,
Coty,Coty,United States,"Supplement: curated private/smaller multinationals (Claude, 2026-09-28; review)",,n,Proxy: market-cap top 1500 (Forbes list not available),large,
Carlsberg,Carlsberg,Denmark,"Supplement: curated private/smaller multinationals (Claude, 2026-09-28; review)",,n,Proxy: market-cap top 1500 (Forbes list not available),large,
Kirin Holdings,Kirin Holdings;Kirin Brewery,Japan,"Supplement: curated private/smaller multinationals (Claude, 2026-09-28; review)",,n,Proxy: market-cap top 1500 (Forbes list not available),large,
Suntory,Suntory,Japan,"Supplement: curated private/smaller multinationals (Claude, 2026-09-28; review)",,n,Proxy: market-cap top 1500 (Forbes list not available),large,
Red Bull,Red Bull,Austria,"Supplement: curated private/smaller multinationals (Claude, 2026-09-28; review)",,n,Proxy: market-cap top 1500 (Forbes list not available),large,
Ferrero,Ferrero,Luxembourg,"Supplement: curated private/smaller multinationals (Claude, 2026-09-28; review)",,n,Proxy: market-cap top 1500 (Forbes list not available),large,
FrieslandCampina,FrieslandCampina,Netherlands,"Supplement: curated private/smaller multinationals (Claude, 2026-09-28; review)",,n,Proxy: market-cap top 1500 (Forbes list not available),large,
Fonterra,Fonterra,New Zealand,"Supplement: curated private/smaller multinationals (Claude, 2026-09-28; review)",,n,Proxy: market-cap top 1500 (Forbes list not available),large,
Kellanova,Kellanova;Kellogg,United States,"Supplement: curated private/smaller multinationals (Claude, 2026-09-28; review)",,n,Proxy: market-cap top 1500 (Forbes list not available),large,
Olam Group,Olam,Singapore,"Supplement: curated private/smaller multinationals (Claude, 2026-09-28; review)",Singapore-HQ group with operations outside Singapore (curated; verify),n,Proxy: market-cap top 1500 (Forbes list not available),large,
Louis Dreyfus Company,Louis Dreyfus,Netherlands,"Supplement: curated private/smaller multinationals (Claude, 2026-09-28; review)",,n,Proxy: market-cap top 1500 (Forbes list not available),large,
Trafigura,Trafigura,Singapore,"Supplement: curated private/smaller multinationals (Claude, 2026-09-28; review)",Singapore-HQ group with operations outside Singapore (curated; verify),n,Proxy: market-cap top 1500 (Forbes list not available),large,
Vitol,Vitol,Switzerland,"Supplement: curated private/smaller multinationals (Claude, 2026-09-28; review)",,n,Proxy: market-cap top 1500 (Forbes list not available),large,
Yokogawa Electric,Yokogawa,Japan,"Supplement: curated private/smaller multinationals (Claude, 2026-09-28; review)",,n,Proxy: market-cap top 1500 (Forbes list not available),large,
Omron,Omron,Japan,"Supplement: curated private/smaller multinationals (Claude, 2026-09-28; review)",,n,Proxy: market-cap top 1500 (Forbes list not available),large,
Hilti,Hilti,Liechtenstein,"Supplement: curated private/smaller multinationals (Claude, 2026-09-28; review)",,n,Proxy: market-cap top 1500 (Forbes list not available),large,
Endress+Hauser,Endress Hauser,Switzerland,"Supplement: curated private/smaller multinationals (Claude, 2026-09-28; review)",,n,Proxy: market-cap top 1500 (Forbes list not available),large,
Tetra Pak,Tetra Pak,Switzerland,"Supplement: curated private/smaller multinationals (Claude, 2026-09-28; review)",,n,Proxy: market-cap top 1500 (Forbes list not available),large,
SKF,SKF,Sweden,"Supplement: curated private/smaller multinationals (Claude, 2026-09-28; review)",,n,Proxy: market-cap top 1500 (Forbes list not available),large,
Siemens Healthineers,Siemens Healthineers;Siemens Healthcare,Germany,"Supplement: curated private/smaller multinationals (Claude, 2026-09-28; review)",,n,Proxy: market-cap top 1500 (Forbes list not available),large,
Baxter,Baxter Healthcare,United States,"Supplement: curated private/smaller multinationals (Claude, 2026-09-28; review)",,n,Proxy: market-cap top 1500 (Forbes list not available),large,
Olympus,=Olympus,Japan,"Supplement: curated private/smaller multinationals (Claude, 2026-09-28; review)",,n,Proxy: market-cap top 1500 (Forbes list not available),large,
Terumo,Terumo,Japan,"Supplement: curated private/smaller multinationals (Claude, 2026-09-28; review)",,n,Proxy: market-cap top 1500 (Forbes list not available),large,
Sysmex,Sysmex,Japan,"Supplement: curated private/smaller multinationals (Claude, 2026-09-28; review)",,n,Proxy: market-cap top 1500 (Forbes list not available),large,
Bio-Rad,Bio-Rad,United States,"Supplement: curated private/smaller multinationals (Claude, 2026-09-28; review)",,n,Proxy: market-cap top 1500 (Forbes list not available),large,
CMA CGM,CMA CGM;CEVA Logistics,France,"Supplement: curated private/smaller multinationals (Claude, 2026-09-28; review)",,n,Proxy: market-cap top 1500 (Forbes list not available),large,
MSC,Mediterranean Shipping,Switzerland,"Supplement: curated private/smaller multinationals (Claude, 2026-09-28; review)",,n,Proxy: market-cap top 1500 (Forbes list not available),large,
Ocean Network Express,Ocean Network Express,Singapore,"Supplement: curated private/smaller multinationals (Claude, 2026-09-28; review)",Singapore-HQ group with operations outside Singapore (curated; verify),n,Proxy: market-cap top 1500 (Forbes list not available),large,
CapitaLand,CapitaLand,Singapore,"Supplement: curated private/smaller multinationals (Claude, 2026-09-28; review)",Singapore-HQ group with operations outside Singapore (curated; verify),n,Proxy: market-cap top 1500 (Forbes list not available),large,
Sembcorp,Sembcorp,Singapore,"Supplement: curated private/smaller multinationals (Claude, 2026-09-28; review)",Singapore-HQ group with operations outside Singapore (curated; verify),n,Proxy: market-cap top 1500 (Forbes list not available),large,
City Developments,City Developments;Millennium Hotels,Singapore,"Supplement: curated private/smaller multinationals (Claude, 2026-09-28; review)",Singapore-HQ group with operations outside Singapore (curated; verify),n,Proxy: market-cap top 1500 (Forbes list not available),large,
Frasers Property,Frasers Property;Frasers Hospitality,Singapore,"Supplement: curated private/smaller multinationals (Claude, 2026-09-28; review)",Singapore-HQ group with operations outside Singapore (curated; verify),n,Proxy: market-cap top 1500 (Forbes list not available),large,
SATS,SATS;Worldwide Flight Services,Singapore,"Supplement: curated private/smaller multinationals (Claude, 2026-09-28; review)",Singapore-HQ group with operations outside Singapore (curated; verify),n,Proxy: market-cap top 1500 (Forbes list not available),large,
ComfortDelGro,ComfortDelGro,Singapore,"Supplement: curated private/smaller multinationals (Claude, 2026-09-28; review)",Singapore-HQ group with operations outside Singapore (curated; verify),n,Proxy: market-cap top 1500 (Forbes list not available),large,
Mapletree,Mapletree,Singapore,"Supplement: curated private/smaller multinationals (Claude, 2026-09-28; review)",Singapore-HQ group with operations outside Singapore (curated; verify),n,Proxy: market-cap top 1500 (Forbes list not available),large,
GLP,GLP;Global Logistic Properties,Singapore,"Supplement: curated private/smaller multinationals (Claude, 2026-09-28; review)",Singapore-HQ group with operations outside Singapore (curated; verify),n,Proxy: market-cap top 1500 (Forbes list not available),large,
Great Eastern,Great Eastern Life;Great Eastern General,Singapore,"Supplement: curated private/smaller multinationals (Claude, 2026-09-28; review)",Singapore-HQ group with operations outside Singapore (curated; verify),n,Proxy: market-cap top 1500 (Forbes list not available),large,
PSA International,PSA International;PSA Corporation,Singapore,"Supplement: curated private/smaller multinationals (Claude, 2026-09-28; review)",Singapore-HQ group with operations outside Singapore (curated; verify),n,Proxy: market-cap top 1500 (Forbes list not available),large,
Jardine Cycle & Carriage,Jardine Cycle;Cycle & Carriage,Singapore,"Supplement: curated private/smaller multinationals (Claude, 2026-09-28; review)",Singapore-HQ group with operations outside Singapore (curated; verify),n,Proxy: market-cap top 1500 (Forbes list not available),large,
Pacific International Lines,Pacific International Lines,Singapore,"Supplement: curated private/smaller multinationals (Claude, 2026-09-28; review)",Singapore-HQ group with operations outside Singapore (curated; verify),n,Proxy: market-cap top 1500 (Forbes list not available),large,
Carousell,Carousell,Singapore,"Supplement: curated private/smaller multinationals (Claude, 2026-09-28; review)",Singapore-HQ group with operations outside Singapore (curated; verify),n,Proxy: market-cap top 1500 (Forbes list not available),mid,
PropertyGuru,PropertyGuru,Singapore,"Supplement: curated private/smaller multinationals (Claude, 2026-09-28; review)",Singapore-HQ group with operations outside Singapore (curated; verify),n,Proxy: market-cap top 1500 (Forbes list not available),mid,
BOC Aviation,BOC Aviation,Singapore,"Singapore-HQ listed, market cap US$0.3-10B, companiesmarketcap.com Singapore list (fetched 2026-09-28)","Pending: Singapore-HQ, overseas operations not yet checked - confirm at stage 6 (c1)",n,Proxy: market-cap top 1500 (Forbes list not available),mid,y
Genting Singapore,Genting Singapore,Singapore,"Singapore-HQ listed, market cap US$0.3-10B, companiesmarketcap.com Singapore list (fetched 2026-09-28)","Pending: Singapore-HQ, overseas operations not yet checked - confirm at stage 6 (c1)",n,Proxy: market-cap top 1500 (Forbes list not available),mid,y
UOL Group,=UOL,Singapore,"Singapore-HQ listed, market cap US$0.3-10B, companiesmarketcap.com Singapore list (fetched 2026-09-28)","Pending: Singapore-HQ, overseas operations not yet checked - confirm at stage 6 (c1)",n,Proxy: market-cap top 1500 (Forbes list not available),mid,y
Seatrium,Seatrium,Singapore,"Singapore-HQ listed, market cap US$0.3-10B, companiesmarketcap.com Singapore list (fetched 2026-09-28)","Pending: Singapore-HQ, overseas operations not yet checked - confirm at stage 6 (c1)",n,Proxy: market-cap top 1500 (Forbes list not available),mid,y
Kulicke and Soffa Industries,Kulicke & Soffa,Singapore,"Singapore-HQ listed, market cap US$0.3-10B, companiesmarketcap.com Singapore list (fetched 2026-09-28)","Pending: Singapore-HQ, overseas operations not yet checked - confirm at stage 6 (c1)",n,Proxy: market-cap top 1500 (Forbes list not available),mid,y
Sheng Siong Group,Sheng Siong,Singapore,"Singapore-HQ listed, market cap US$0.3-10B, companiesmarketcap.com Singapore list (fetched 2026-09-28)","Pending: Singapore-HQ, overseas operations not yet checked - confirm at stage 6 (c1)",n,Proxy: market-cap top 1500 (Forbes list not available),mid,y
Venture Corporation,Venture Corporation,Singapore,"Singapore-HQ listed, market cap US$0.3-10B, companiesmarketcap.com Singapore list (fetched 2026-09-28)","Pending: Singapore-HQ, overseas operations not yet checked - confirm at stage 6 (c1)",n,Proxy: market-cap top 1500 (Forbes list not available),mid,y
TechCreate Group,TechCreate,Singapore,"Singapore-HQ listed, market cap US$0.3-10B, companiesmarketcap.com Singapore list (fetched 2026-09-28)","Pending: Singapore-HQ, overseas operations not yet checked - confirm at stage 6 (c1)",n,Proxy: market-cap top 1500 (Forbes list not available),mid,y
Singapore Land,Singapore Land,Singapore,"Singapore-HQ listed, market cap US$0.3-10B, companiesmarketcap.com Singapore list (fetched 2026-09-28)","Pending: Singapore-HQ, overseas operations not yet checked - confirm at stage 6 (c1)",n,Proxy: market-cap top 1500 (Forbes list not available),mid,y
Kenon Holdings,Kenon,Singapore,"Singapore-HQ listed, market cap US$0.3-10B, companiesmarketcap.com Singapore list (fetched 2026-09-28)","Pending: Singapore-HQ, overseas operations not yet checked - confirm at stage 6 (c1)",n,Proxy: market-cap top 1500 (Forbes list not available),mid,y
Golden Agri-Resources,Golden Agri,Singapore,"Singapore-HQ listed, market cap US$0.3-10B, companiesmarketcap.com Singapore list (fetched 2026-09-28)","Pending: Singapore-HQ, overseas operations not yet checked - confirm at stage 6 (c1)",n,Proxy: market-cap top 1500 (Forbes list not available),mid,y
Bitdeer Technologies Group,Bitdeer,Singapore,"Singapore-HQ listed, market cap US$0.3-10B, companiesmarketcap.com Singapore list (fetched 2026-09-28)","Pending: Singapore-HQ, overseas operations not yet checked - confirm at stage 6 (c1)",n,Proxy: market-cap top 1500 (Forbes list not available),mid,y
SIA Engineering Company,SIA Engineering,Singapore,"Singapore-HQ listed, market cap US$0.3-10B, companiesmarketcap.com Singapore list (fetched 2026-09-28)","Pending: Singapore-HQ, overseas operations not yet checked - confirm at stage 6 (c1)",n,Proxy: market-cap top 1500 (Forbes list not available),mid,y
Haw Par,Haw Par,Singapore,"Singapore-HQ listed, market cap US$0.3-10B, companiesmarketcap.com Singapore list (fetched 2026-09-28)","Pending: Singapore-HQ, overseas operations not yet checked - confirm at stage 6 (c1)",n,Proxy: market-cap top 1500 (Forbes list not available),mid,y
iFAST Corporation,iFAST,Singapore,"Singapore-HQ listed, market cap US$0.3-10B, companiesmarketcap.com Singapore list (fetched 2026-09-28)","Pending: Singapore-HQ, overseas operations not yet checked - confirm at stage 6 (c1)",n,Proxy: market-cap top 1500 (Forbes list not available),mid,y
Hotel Properties Limited,Hotel Properties,Singapore,"Singapore-HQ listed, market cap US$0.3-10B, companiesmarketcap.com Singapore list (fetched 2026-09-28)","Pending: Singapore-HQ, overseas operations not yet checked - confirm at stage 6 (c1)",n,Proxy: market-cap top 1500 (Forbes list not available),mid,y
Karooooo,Karooooo;Cartrack,Singapore,"Singapore-HQ listed, market cap US$0.3-10B, companiesmarketcap.com Singapore list (fetched 2026-09-28)","Pending: Singapore-HQ, overseas operations not yet checked - confirm at stage 6 (c1)",n,Proxy: market-cap top 1500 (Forbes list not available),mid,y
Sinarmas Land,Sinarmas Land,Singapore,"Singapore-HQ listed, market cap US$0.3-10B, companiesmarketcap.com Singapore list (fetched 2026-09-28)","Pending: Singapore-HQ, overseas operations not yet checked - confirm at stage 6 (c1)",n,Proxy: market-cap top 1500 (Forbes list not available),mid,y
Pacific Century Regional Developments,Pacific Century Regional,Singapore,"Singapore-HQ listed, market cap US$0.3-10B, companiesmarketcap.com Singapore list (fetched 2026-09-28)","Pending: Singapore-HQ, overseas operations not yet checked - confirm at stage 6 (c1)",n,Proxy: market-cap top 1500 (Forbes list not available),mid,y
Riverstone Holdings,=Riverstone,Singapore,"Singapore-HQ listed, market cap US$0.3-10B, companiesmarketcap.com Singapore list (fetched 2026-09-28)","Pending: Singapore-HQ, overseas operations not yet checked - confirm at stage 6 (c1)",n,Proxy: market-cap top 1500 (Forbes list not available),mid,y
Yanlord,Yanlord,Singapore,"Singapore-HQ listed, market cap US$0.3-10B, companiesmarketcap.com Singapore list (fetched 2026-09-28)","Pending: Singapore-HQ, overseas operations not yet checked - confirm at stage 6 (c1)",n,Proxy: market-cap top 1500 (Forbes list not available),mid,y
Wave Life Sciences,Wave Life Sciences,Singapore,"Singapore-HQ listed, market cap US$0.3-10B, companiesmarketcap.com Singapore list (fetched 2026-09-28)","Pending: Singapore-HQ, overseas operations not yet checked - confirm at stage 6 (c1)",n,Proxy: market-cap top 1500 (Forbes list not available),mid,y
Super Hi International,Super Hi,Singapore,"Singapore-HQ listed, market cap US$0.3-10B, companiesmarketcap.com Singapore list (fetched 2026-09-28)","Pending: Singapore-HQ, overseas operations not yet checked - confirm at stage 6 (c1)",n,Proxy: market-cap top 1500 (Forbes list not available),mid,y
Singapore Post,Singapore Post,Singapore,"Singapore-HQ listed, market cap US$0.3-10B, companiesmarketcap.com Singapore list (fetched 2026-09-28)","Pending: Singapore-HQ, overseas operations not yet checked - confirm at stage 6 (c1)",n,Proxy: market-cap top 1500 (Forbes list not available),mid,y
IGG Inc,=IGG,Singapore,"Singapore-HQ listed, market cap US$0.3-10B, companiesmarketcap.com Singapore list (fetched 2026-09-28)","Pending: Singapore-HQ, overseas operations not yet checked - confirm at stage 6 (c1)",n,Proxy: market-cap top 1500 (Forbes list not available),mid,y
Penguin International,Penguin International,Singapore,"Singapore-HQ listed, market cap US$0.3-10B, companiesmarketcap.com Singapore list (fetched 2026-09-28)","Pending: Singapore-HQ, overseas operations not yet checked - confirm at stage 6 (c1)",n,Proxy: market-cap top 1500 (Forbes list not available),mid,y
Aspire,=Aspire;Aspire FT,Singapore,FT/Statista High-Growth Companies Asia-Pacific 2026 (PARTIAL: names from public articles only),"Pending: Singapore-HQ, overseas operations not yet checked - confirm at stage 6 (c1)",n,Proxy: market-cap top 1500 (Forbes list not available),mid,y
Storepay,Storepay,Singapore,FT/Statista High-Growth Companies Asia-Pacific 2026 (PARTIAL: names from public articles only),"Pending: Singapore-HQ, overseas operations not yet checked - confirm at stage 6 (c1)",n,Proxy: market-cap top 1500 (Forbes list not available),mid,y
Syfe,Syfe,Singapore,FT/Statista High-Growth Companies Asia-Pacific 2026 (PARTIAL: names from public articles only),"Pending: Singapore-HQ, overseas operations not yet checked - confirm at stage 6 (c1)",n,Proxy: market-cap top 1500 (Forbes list not available),mid,y
CoverGo,CoverGo,Singapore,FT/Statista High-Growth Companies Asia-Pacific 2026 (PARTIAL: names from public articles only),"Pending: Singapore-HQ, overseas operations not yet checked - confirm at stage 6 (c1)",n,Proxy: market-cap top 1500 (Forbes list not available),mid,y
Spark Systems,Spark Systems,Singapore,FT/Statista High-Growth Companies Asia-Pacific 2026 (PARTIAL: names from public articles only),"Pending: Singapore-HQ, overseas operations not yet checked - confirm at stage 6 (c1)",n,Proxy: market-cap top 1500 (Forbes list not available),mid,y
Lighthouse Canton,Lighthouse Canton,Singapore,FT/Statista High-Growth Companies Asia-Pacific 2026 (PARTIAL: names from public articles only),"Pending: Singapore-HQ, overseas operations not yet checked - confirm at stage 6 (c1)",n,Proxy: market-cap top 1500 (Forbes list not available),mid,y
Funding Societies,Funding Societies;FS Capital,Singapore,FT/Statista High-Growth Companies Asia-Pacific 2026 (PARTIAL: names from public articles only),"Pending: Singapore-HQ, overseas operations not yet checked - confirm at stage 6 (c1)",n,Proxy: market-cap top 1500 (Forbes list not available),mid,y
Una Financial,Una Financial,Singapore,FT/Statista High-Growth Companies Asia-Pacific 2026 (PARTIAL: names from public articles only),"Pending: Singapore-HQ, overseas operations not yet checked - confirm at stage 6 (c1)",n,Proxy: market-cap top 1500 (Forbes list not available),mid,y
M-DAQ Global,M-DAQ,Singapore,FT/Statista High-Growth Companies Asia-Pacific 2026 (PARTIAL: names from public articles only),"Pending: Singapore-HQ, overseas operations not yet checked - confirm at stage 6 (c1)",n,Proxy: market-cap top 1500 (Forbes list not available),mid,y
Choco Up,Choco Up,Singapore,FT/Statista High-Growth Companies Asia-Pacific 2026 (PARTIAL: names from public articles only),"Pending: Singapore-HQ, overseas operations not yet checked - confirm at stage 6 (c1)",n,Proxy: market-cap top 1500 (Forbes list not available),mid,y
Paragon Capital Management,Paragon Capital Management,Singapore,FT/Statista High-Growth Companies Asia-Pacific 2026 (PARTIAL: names from public articles only),"Pending: Singapore-HQ, overseas operations not yet checked - confirm at stage 6 (c1)",n,Proxy: market-cap top 1500 (Forbes list not available),mid,y
Credgenics,Credgenics,India,FT/Statista High-Growth Companies Asia-Pacific 2026 (PARTIAL: names from public articles only),,n,Proxy: market-cap top 1500 (Forbes list not available),mid,y
Juspay,Juspay,India,FT/Statista High-Growth Companies Asia-Pacific 2026 (PARTIAL: names from public articles only),,n,Proxy: market-cap top 1500 (Forbes list not available),mid,y
Vyapar,Vyapar,India,FT/Statista High-Growth Companies Asia-Pacific 2026 (PARTIAL: names from public articles only),,n,Proxy: market-cap top 1500 (Forbes list not available),mid,y
Scripbox,Scripbox,India,FT/Statista High-Growth Companies Asia-Pacific 2026 (PARTIAL: names from public articles only),,n,Proxy: market-cap top 1500 (Forbes list not available),mid,y
Angel One,Angel One,India,FT/Statista High-Growth Companies Asia-Pacific 2026 (PARTIAL: names from public articles only),,n,Proxy: market-cap top 1500 (Forbes list not available),mid,y
Vayana,Vayana,India,FT/Statista High-Growth Companies Asia-Pacific 2026 (PARTIAL: names from public articles only),,n,Proxy: market-cap top 1500 (Forbes list not available),mid,y
Bowtie Life Insurance,Bowtie Life Insurance,Hong Kong,FT/Statista High-Growth Companies Asia-Pacific 2026 (PARTIAL: names from public articles only),,n,Proxy: market-cap top 1500 (Forbes list not available),mid,y
Statrys,Statrys,Hong Kong,FT/Statista High-Growth Companies Asia-Pacific 2026 (PARTIAL: names from public articles only),,n,Proxy: market-cap top 1500 (Forbes list not available),mid,y
HashKey Group,HashKey,Hong Kong,FT/Statista High-Growth Companies Asia-Pacific 2026 (PARTIAL: names from public articles only),,n,Proxy: market-cap top 1500 (Forbes list not available),mid,y
WeLab,WeLab,Hong Kong,FT/Statista High-Growth Companies Asia-Pacific 2026 (PARTIAL: names from public articles only),,n,Proxy: market-cap top 1500 (Forbes list not available),mid,y
Toss,Viva Republica;=Toss,South Korea,FT/Statista High-Growth Companies Asia-Pacific 2026 (PARTIAL: names from public articles only),,n,Proxy: market-cap top 1500 (Forbes list not available),mid,y
Wadiz,Wadiz,South Korea,FT/Statista High-Growth Companies Asia-Pacific 2026 (PARTIAL: names from public articles only),,n,Proxy: market-cap top 1500 (Forbes list not available),mid,y
Beforepay Group,Beforepay,Australia,FT/Statista High-Growth Companies Asia-Pacific 2026 (PARTIAL: names from public articles only),,n,Proxy: market-cap top 1500 (Forbes list not available),mid,y
iPartners,iPartners,Australia,FT/Statista High-Growth Companies Asia-Pacific 2026 (PARTIAL: names from public articles only),,n,Proxy: market-cap top 1500 (Forbes list not available),mid,y
PolicyStreet,PolicyStreet,Malaysia,FT/Statista High-Growth Companies Asia-Pacific 2026 (PARTIAL: names from public articles only),,n,Proxy: market-cap top 1500 (Forbes list not available),mid,y
CapBay,CapBay,Malaysia,FT/Statista High-Growth Companies Asia-Pacific 2026 (PARTIAL: names from public articles only),,n,Proxy: market-cap top 1500 (Forbes list not available),mid,y
Obook Holdings,Obook,Taiwan,FT/Statista High-Growth Companies Asia-Pacific 2026 (PARTIAL: names from public articles only),,n,Proxy: market-cap top 1500 (Forbes list not available),mid,y
Paynamics,Paynamics,Philippines,FT/Statista High-Growth Companies Asia-Pacific 2026 (PARTIAL: names from public articles only),,n,Proxy: market-cap top 1500 (Forbes list not available),mid,y
DurianPay,Durianpay,Indonesia,FT/Statista High-Growth Companies Asia-Pacific 2026 (PARTIAL: names from public articles only),,n,Proxy: market-cap top 1500 (Forbes list not available),mid,y
LexxPluss,LexxPluss,Japan,FT/Statista High-Growth Companies Asia-Pacific 2026 (PARTIAL: names from public articles only),,n,Proxy: market-cap top 1500 (Forbes list not available),mid,y
